#VRML V2.0 utf8
# 3D model generated by easyeda2kicad.py (https://github.com/uPesy/easyeda2kicad.py)

Shape{
    appearance Appearance {
        material  Material 	{
            diffuseColor 0.6470588235294118 0.6196078431372549 0.5882352941176471
            specularColor 0.45098039215686275 0.43529411764705883 0.4117647058823529
            ambientIntensity 0.6242
            transparency 0.0
            shininess 0.5
        }
    }
    geometry IndexedFaceSet {
        ccw TRUE
        solid FALSE
        coord DEF co Coordinate {
            point [
                1.6142 0.9444 3.8484, 1.6142 0.9449 3.7808, 1.6142 0.8268 3.8583, 1.6142 0.7874 3.8189, 1.6142 0.7874 3.8583, 1.6142 1.2205 3.1496, 1.6142 1.2071 3.2515, 1.6142 1.5354 3.1496, 1.6142 1.1677 3.3465, 1.6142 1.1052 3.428, 1.6142 1.1489 3.7808, 1.6142 1.2787 3.6954, 1.6142 1.3869 3.5838, 1.6142 1.4681 3.4512, 1.6142 1.5184 3.3041, 1.6142 1.0236 3.4906, 1.6142 -1.5354 4.8819, 1.6142 -1.2205 4.8819, 1.6142 -1.5354 4.252, 1.6142 -1.2205 4.252, 1.6142 -1.5113 4.0686, 1.6142 -1.2105 4.1639, 1.6142 -1.4405 3.8976, 1.6142 -1.1811 4.0804, 1.6142 -1.3279 3.7509, 1.6142 -1.1811 3.8189, 1.6142 -1.1811 3.6383, 1.6142 -1.0102 3.5675, 1.6142 0.9287 3.5299, 1.6142 0.8268 3.5433, 1.6142 -0.8268 3.5433, 1.6142 0.1575 -1.5748, 1.6142 -0.1575 -1.5748, 1.6142 0.1575 0.1969, 1.6142 -0.1575 0.1969, 1.6142 0.1709 0.2988, 1.6142 -0.1333 0.3803, 1.6142 0.2102 0.3937, 1.6142 -0.0625 0.5512, 1.6142 0.2728 0.4752, 1.6142 0.0501 0.698, 1.6142 0.3543 0.5378, 1.6142 0.1969 0.8106, 1.6142 0.4493 0.5771, 1.6142 0.3678 0.8814, 1.6142 0.5512 0.5906, 1.6142 0.5512 0.9055, 1.6142 0.8268 0.5906, 1.6142 0.8268 0.9055, 1.6142 1.0102 0.6147, 1.6142 0.9287 0.9189, 1.6142 1.1811 0.6855, 1.6142 1.0236 0.9583, 1.6142 1.3279 0.7981, 1.6142 1.1052 1.0208, 1.6142 1.4405 0.9449, 1.6142 1.1677 1.1024, 1.6142 1.5113 1.1158, 1.6142 1.2071 1.1973, 1.6142 1.5354 1.2992, 1.6142 1.2205 1.2992, 1.6142 1.5354 2.4029, 1.6142 1.5354 2.5591, 2.126 0.9287 3.5299, 2.126 1.0236 3.4906, 2.126 0.7874 3.8189, 2.126 0.9449 3.7808, 2.126 0.9444 3.8484, 2.126 0.8268 3.8583, 2.126 0.7874 3.8583, 2.126 1.1052 3.428, 2.126 1.1677 3.3465, 2.126 1.5354 3.1496, 2.126 1.4681 3.4512, 2.126 1.3869 3.5838, 2.126 1.2787 3.6954, 2.126 1.1489 3.7808, 2.126 1.5184 3.3041, 2.126 -1.2205 4.8819, 2.126 -1.5354 4.8819, 2.126 -1.2205 4.252, 2.126 -1.5354 4.252, 2.126 -1.2105 4.1639, 2.126 -1.5113 4.0686, 2.126 -1.1811 4.0804, 2.126 -1.4405 3.8976, 2.126 -1.1811 3.8189, 2.126 -1.3279 3.7509, 2.126 -1.1811 3.6383, 2.126 -1.0102 3.5675, 2.126 -0.8268 3.5433, 2.126 0.8268 3.5433, 2.126 1.2071 3.2515, 2.126 1.2205 3.1496, 2.126 1.5354 2.5591, 2.126 -0.1575 -1.5748, 2.126 0.1575 -1.5748, 2.126 -0.1575 0.1969, 2.126 0.1575 0.1969, 2.126 -0.1333 0.3803, 2.126 0.1709 0.2988, 2.126 -0.0625 0.5512, 2.126 0.2102 0.3937, 2.126 0.0501 0.698, 2.126 0.2728 0.4752, 2.126 0.1969 0.8106, 2.126 0.3543 0.5378, 2.126 0.3678 0.8814, 2.126 0.4493 0.5771, 2.126 0.5512 0.9055, 2.126 0.5512 0.5906, 2.126 0.8268 0.9055, 2.126 0.8268 0.5906, 2.126 0.9287 0.9189, 2.126 1.0102 0.6147, 2.126 1.0236 0.9583, 2.126 1.1811 0.6855, 2.126 1.1052 1.0208, 2.126 1.3279 0.7981, 2.126 1.1677 1.1024, 2.126 1.4405 0.9449, 2.126 1.2071 1.1973, 2.126 1.5113 1.1158, 2.126 1.2205 1.2992, 2.126 1.5354 1.2992, 2.126 1.5354 2.4029
            ]
        }
        coordIndex [
            0,1,2,-1,2,1,3,-1,2,3,4,-1,5,6,7,-1,7,6,8,-1,7,8,9,-1,10,11,1,-1,1,11,12,-1,1,12,13,-1,13,14,1,-1,1,14,7,-1,1,7,3,-1,3,7,9,-1,3,9,15,-1,16,17,18,-1,18,17,19,-1,18,19,20,-1,20,19,21,-1,20,21,22,-1,22,21,23,-1,22,23,24,-1,24,23,25,-1,24,25,26,-1,26,25,27,-1,15,28,3,-1,3,28,29,-1,3,29,25,-1,25,29,30,-1,25,30,27,-1,31,32,33,-1,33,32,34,-1,33,34,35,-1,35,34,36,-1,35,36,37,-1,37,36,38,-1,37,38,39,-1,39,38,40,-1,39,40,41,-1,41,40,42,-1,41,42,43,-1,43,42,44,-1,43,44,45,-1,45,44,46,-1,45,46,47,-1,47,46,48,-1,47,48,49,-1,49,48,50,-1,49,50,51,-1,51,50,52,-1,51,52,53,-1,53,52,54,-1,53,54,55,-1,55,54,56,-1,55,56,57,-1,57,56,58,-1,57,58,59,-1,59,58,60,-1,59,60,61,-1,61,60,5,-1,61,5,62,-1,62,5,7,-1,63,64,65,-1,66,67,65,-1,65,67,68,-1,65,68,69,-1,70,71,72,-1,73,74,66,-1,66,74,75,-1,66,75,76,-1,64,70,65,-1,65,70,72,-1,65,72,66,-1,66,72,77,-1,66,77,73,-1,78,79,80,-1,80,79,81,-1,80,81,82,-1,82,81,83,-1,82,83,84,-1,84,83,85,-1,84,85,86,-1,86,85,87,-1,86,87,88,-1,88,89,86,-1,86,89,90,-1,86,90,65,-1,65,90,91,-1,65,91,63,-1,71,92,72,-1,72,92,93,-1,72,93,94,-1,95,96,97,-1,97,96,98,-1,97,98,99,-1,99,98,100,-1,99,100,101,-1,101,100,102,-1,101,102,103,-1,103,102,104,-1,103,104,105,-1,105,104,106,-1,105,106,107,-1,107,106,108,-1,107,108,109,-1,109,108,110,-1,109,110,111,-1,111,110,112,-1,111,112,113,-1,113,112,114,-1,113,114,115,-1,115,114,116,-1,115,116,117,-1,117,116,118,-1,117,118,119,-1,119,118,120,-1,119,120,121,-1,121,120,122,-1,121,122,123,-1,123,122,124,-1,123,124,93,-1,93,124,125,-1,93,125,94,-1,19,80,21,-1,21,80,82,-1,21,82,23,-1,23,82,84,-1,68,2,69,-1,69,2,4,-1,
        ]
    }
}
Shape{
    appearance Appearance {
        material  Material 	{
            diffuseColor 0.24705882352941178 0.49411764705882355 0.27450980392156865
            specularColor 0.01568627450980392 0.03529411764705882 0.0196078431372549
            ambientIntensity 0.5646
            transparency 0.0
            shininess 0.5
        }
    }
    geometry IndexedFaceSet {
        ccw TRUE
        solid FALSE
        coord DEF co Coordinate {
            point [
                2.126 1.5354 2.5591, 2.126 1.5354 2.4029, 2.2638 1.5354 2.5591, 3.5433 1.5354 2.4029, 2.2638 1.5354 3.7808, 3.5433 1.5354 3.7808, 2.7559 -2.0079 1.9291, 3.4449 -2.0079 1.9291, 2.7559 -2.0079 3.7402, 3.4449 -2.0079 3.7402, 0.9843 -2.0079 3.7402, 0.2953 -2.0079 3.7402, 0.9843 -2.0079 1.9291, 0.2953 -2.0079 1.9291, -3.7402 -2.7953 4.7244, -3.7402 -2.7953 -0.0394, -3.5433 -2.7953 0.3556, -3.5433 -2.7953 -0.0394, -0.2953 -2.7953 4.3701, 3.7402 -2.7953 4.7244, -0.1969 -2.7953 0.3556, -0.2953 -2.7953 1.1417, -3.4449 -2.7953 1.1417, -3.4449 -2.7953 4.3701, 3.4449 -2.7953 1.1417, 3.7402 -2.7953 -0.0394, 3.5433 -2.7953 -0.0394, 3.5433 -2.7953 0.3556, 0.1969 -2.7953 0.3556, 0.2953 -2.7953 1.1417, -0.1969 -2.7953 -0.0394, 0.1969 -2.7953 -0.0394, 0.2953 -2.7953 4.3701, 3.4449 -2.7953 4.3701, 3.1149 -0.689 8.4646, 3.7402 -0.689 8.4646, 3.7402 0.2953 8.4646, 2.8208 0.0973 8.4646, 2.8543 -0.1575 8.4646, 3.1149 0.2953 8.4646, -2.8208 -0.4122 8.4646, -3.1149 0.2953 8.4646, -3.1149 -0.689 8.4646, -3.7402 0.2953 8.4646, -3.7402 -0.689 8.4646, 1.1741 -0.8535 8.4646, 1.0177 -0.6496 8.4646, -0.8858 -0.1575 8.4646, 0.9194 -0.4122 8.4646, 0.8858 -0.1575 8.4646, -2.7225 -0.6496 8.4646, -2.9797 -0.9456 8.4646, -2.566 -0.8535 8.4646, -2.7923 -1.1671 8.4646, -2.3622 -1.0099 8.4646, -2.5616 -1.343 8.4646, -2.1248 -1.1082 8.4646, 1.6153 -1.1082 8.4646, 1.725 -1.5276 8.4646, 1.8701 -1.1417 8.4646, 2.0151 -1.5276 8.4646, 2.1248 -1.1082 8.4646, 2.2984 -1.465 8.4646, 2.3622 -1.0099 8.4646, 2.5616 -1.343 8.4646, 2.5661 -0.8535 8.4646, 2.7923 -1.1671 8.4646, 2.7225 -0.6496 8.4646, 2.9797 -0.9456 8.4646, 2.8208 -0.4122 8.4646, 1.378 -1.0099 8.4646, 0.6252 -0.689 8.4646, 0.7605 -0.9456 8.4646, -0.9194 0.0973 8.4646, -0.6252 0.2953 8.4646, 0.6252 0.2953 8.4646, 0.9194 0.0973 8.4646, 0.7605 0.5519 8.4646, 1.0177 0.3346 8.4646, 0.9479 0.7734 8.4646, 1.1741 0.5385 8.4646, 1.1786 0.9493 8.4646, 1.378 0.6949 8.4646, 1.4417 1.0713 8.4646, 1.6153 0.7932 8.4646, 1.725 1.1339 8.4646, 1.8701 0.8268 8.4646, 2.7225 0.3346 8.4646, 2.9797 0.5519 8.4646, 2.5661 0.5385 8.4646, 2.7923 0.7734 8.4646, 2.3622 0.6949 8.4646, 2.5616 0.9493 8.4646, 2.1248 0.7932 8.4646, 2.2984 1.0713 8.4646, 2.0151 1.1339 8.4646, 0.9479 -1.1671 8.4646, 1.1786 -1.343 8.4646, 1.4417 -1.465 8.4646, -2.8543 -0.1575 8.4646, -2.8208 0.0973 8.4646, -2.9797 0.5519 8.4646, -2.7225 0.3346 8.4646, -2.7923 0.7734 8.4646, -2.566 0.5385 8.4646, -2.5616 0.9493 8.4646, -2.3622 0.6949 8.4646, -2.2984 1.0713 8.4646, -2.1248 0.7932 8.4646, -2.0151 1.1339 8.4646, -1.8701 0.8268 8.4646, -1.0177 0.3346 8.4646, -0.7605 0.5519 8.4646, -1.1741 0.5385 8.4646, -0.9479 0.7734 8.4646, -1.378 0.6949 8.4646, -1.1786 0.9493 8.4646, -1.6153 0.7932 8.4646, -1.4417 1.0713 8.4646, -1.725 1.1339 8.4646, -2.2984 -1.465 8.4646, -2.0151 -1.5276 8.4646, -1.8701 -1.1417 8.4646, -1.725 -1.5276 8.4646, -1.6153 -1.1082 8.4646, -1.4417 -1.465 8.4646, -1.378 -1.0099 8.4646, -1.1786 -1.343 8.4646, -1.1741 -0.8535 8.4646, -0.9479 -1.1671 8.4646, -1.0177 -0.6496 8.4646, -0.7605 -0.9456 8.4646, -0.9194 -0.4122 8.4646, -0.6252 -0.689 8.4646, 3.7402 -2.5984 4.7244, 3.7402 -2.0079 5.0787, 3.7402 -1.5354 6.6929, 3.7402 -2.2047 5.0787, 3.7402 -2.2047 -0.0394, 3.7402 1.8504 -0.0394, 3.7402 2.1654 -0.0394, 3.7402 1.8504 3.8976, 3.7402 2.1654 4.3307, 3.7402 1.6535 3.8976, 3.7402 1.378 4.3307, 3.7402 1.1417 6.6929, 3.7402 0.2953 6.6929, 3.7402 -2.0079 -0.0394, 3.7402 1.6535 -0.0394, 3.7402 -0.689 6.6929, -0.1969 2.1654 -0.0394, 0.1969 2.1654 -0.0394, 2.2638 2.1654 4.3307, 3.5433 2.1654 0.3556, 3.5433 2.1654 -0.0394, 1.4764 2.1654 4.3307, 1.4764 2.1654 2.5591, -1.4764 2.1654 4.3307, -1.4764 2.1654 2.5591, -2.2638 2.1654 2.5591, 0.1969 2.1654 0.3556, 2.2638 2.1654 2.5591, -3.5433 2.1654 -0.0394, -3.7402 2.1654 -0.0394, -3.5433 2.1654 0.3556, -3.7402 2.1654 4.3307, -2.2638 2.1654 4.3307, -0.1969 2.1654 0.3556, 3.5827 1.8504 -0.0394, 3.5827 1.6535 -0.0394, 3.5827 -2.2047 -0.0394, 3.5827 -2.0079 -0.0394, -3.7402 -2.5984 4.7244, 1.8701 -1.5354 6.6929, -1.8701 -1.5354 6.6929, -3.7402 -1.5354 6.6929, -3.7402 1.378 4.3307, -3.7402 1.1417 6.6929, -1.8701 1.1417 6.6929, 1.8701 1.1417 6.6929, 2.2638 1.5354 4.3307, 1.4764 1.5354 4.3307, -2.2638 1.5354 4.3307, -1.4764 1.5354 4.3307, 3.5433 1.811 0.3556, 0.1969 1.811 0.3556, 3.5433 1.811 2.1273, 0.1969 1.811 2.1273, 1.6142 1.5354 2.4029, 0.1969 1.5354 2.4029, 1.6142 1.5354 2.5591, 1.4764 1.5354 2.5591, 1.4764 1.5354 3.7808, 0.1969 1.5354 3.7808, 1.6142 1.1489 3.7808, 1.6142 0.9449 3.7808, 0.1969 0.9449 3.7808, 2.126 1.1489 3.7808, 3.5433 0.9449 3.7808, 2.126 0.9449 3.7808, 2.126 0.9444 3.8484, 3.5433 0.927 6.3005, 1.6142 0.9444 3.8484, 0.1969 0.927 6.3005, 1.2402 -0.1575 6.3005, 0.1969 -1.317 6.3005, 1.2616 -0.3205 6.3005, 1.5551 0.388 6.3005, 1.4247 0.2879 6.3005, 1.3246 -0.4724 6.3005, 1.4247 -0.6029 6.3005, 1.5551 -0.703 6.3005, 2.185 -0.703 6.3005, 2.3155 -0.6029 6.3005, 3.5433 -1.317 6.3005, 1.3246 0.1575 6.3005, 1.2616 0.0056 6.3005, 2.4156 -0.4724 6.3005, 2.4785 -0.3205 6.3005, 2.5 -0.1575 6.3005, 2.4785 0.0056 6.3005, 1.707 -0.7659 6.3005, 1.8701 -0.7874 6.3005, 2.0331 -0.7659 6.3005, 2.4156 0.1575 6.3005, 2.3155 0.2879 6.3005, 2.185 0.388 6.3005, 2.0331 0.451 6.3005, 1.8701 0.4724 6.3005, 1.707 0.451 6.3005, 3.5433 -1.7717 5.5131, 0.1969 -1.7717 5.5131, 1.1811 -1.7717 3.7402, 2.5591 -1.7717 3.7402, 2.5591 -1.7717 1.9291, 3.5433 -1.7717 1.6549, 1.1811 -1.7717 1.9291, 0.1969 -1.7717 1.6549, 3.5433 -2.4803 0.9462, 0.1969 -2.4803 0.9462, 3.5433 -2.4803 0.3556, 0.1969 -2.4803 0.3556, 0.6252 0.2953 6.6929, 0.7605 0.5519 6.6929, 0.9479 0.7734 6.6929, 1.1786 0.9493 6.6929, 1.4417 1.0713 6.6929, 1.725 1.1339 6.6929, 2.0151 1.1339 6.6929, 2.2984 1.0713 6.6929, 2.5616 0.9493 6.6929, 2.7923 0.7734 6.6929, 2.9797 0.5519 6.6929, 3.1149 0.2953 6.6929, -0.6252 0.2953 6.6929, -0.7605 0.5519 6.6929, -1.725 1.1339 6.6929, -1.4417 1.0713 6.6929, -1.1786 0.9493 6.6929, -0.9479 0.7734 6.6929, 3.1149 -0.689 6.6929, 2.9797 -0.9456 6.6929, 2.7923 -1.1671 6.6929, 2.5616 -1.343 6.6929, 2.2984 -1.465 6.6929, 2.0151 -1.5276 6.6929, 1.725 -1.5276 6.6929, 1.4417 -1.465 6.6929, 1.1786 -1.343 6.6929, 0.9479 -1.1671 6.6929, 0.7605 -0.9456 6.6929, 0.6252 -0.689 6.6929, -0.6252 -0.689 6.6929, -1.725 -1.5276 6.6929, -0.7605 -0.9456 6.6929, -0.9479 -1.1671 6.6929, -1.1786 -1.343 6.6929, -1.4417 -1.465 6.6929, 1.8701 -1.1417 6.6626, 2.1248 -1.1082 6.6626, 2.3622 -1.0099 6.6626, 2.5661 -0.8535 6.6626, 2.7225 -0.6496 6.6626, 2.8208 -0.4122 6.6626, 2.8543 -0.1575 6.6626, 2.8208 0.0973 6.6626, 2.7225 0.3346 6.6626, 2.5661 0.5385 6.6626, 2.3622 0.6949 6.6626, 2.1248 0.7932 6.6626, 1.8701 0.8268 6.6626, 1.6153 0.7932 6.6626, 1.378 0.6949 6.6626, 1.1741 0.5385 6.6626, 1.0177 0.3346 6.6626, 0.9194 0.0973 6.6626, 0.8858 -0.1575 6.6626, 0.9194 -0.4122 6.6626, 1.0177 -0.6496 6.6626, 1.1741 -0.8535 6.6626, 1.378 -1.0099 6.6626, 1.6153 -1.1082 6.6626, 2.0331 -0.7659 6.458, 2.185 -0.703 6.458, 2.3155 -0.6029 6.458, 2.4156 -0.4724 6.458, 2.4785 -0.3205 6.458, 2.5 -0.1575 6.458, 2.4785 0.0056 6.458, 2.4156 0.1575 6.458, 2.3155 0.2879 6.458, 2.185 0.388 6.458, 2.0331 0.451 6.458, 1.8701 0.4724 6.458, 1.707 0.451 6.458, 1.5551 0.388 6.458, 1.4247 0.2879 6.458, 1.3246 0.1575 6.458, 1.2616 0.0056 6.458, 1.2402 -0.1575 6.458, 1.2616 -0.3205 6.458, 1.3246 -0.4724 6.458, 1.4247 -0.6029 6.458, 1.5551 -0.703 6.458, 1.707 -0.7659 6.458, 1.8701 -0.7874 6.458, 0.2953 -2.1654 4.3701, 3.4449 -2.1654 4.3701, 2.5591 -1.811 3.7402, 2.5591 -1.811 1.9291, 1.1811 -1.811 1.9291, 1.1811 -1.811 3.7402
            ]
        }
        coordIndex [
            0,1,2,-1,2,1,3,-1,2,3,4,-1,4,3,5,-1,6,7,8,-1,8,7,9,-1,10,11,12,-1,12,11,13,-1,14,15,16,-1,16,15,17,-1,18,19,14,-1,20,21,16,-1,16,21,22,-1,16,22,14,-1,14,22,23,-1,14,23,18,-1,24,25,19,-1,26,25,27,-1,27,25,24,-1,27,24,28,-1,28,24,29,-1,30,31,20,-1,20,31,28,-1,20,28,21,-1,21,28,29,-1,21,29,18,-1,18,29,32,-1,18,32,19,-1,19,32,33,-1,19,33,24,-1,34,35,36,-1,37,38,39,-1,40,41,42,-1,42,41,43,-1,42,43,44,-1,45,46,47,-1,47,46,48,-1,47,48,49,-1,40,42,50,-1,50,42,51,-1,50,51,52,-1,52,51,53,-1,52,53,54,-1,54,53,55,-1,54,55,56,-1,57,58,59,-1,59,58,60,-1,59,60,61,-1,61,60,62,-1,61,62,63,-1,63,62,64,-1,63,64,65,-1,65,64,66,-1,65,66,67,-1,67,66,68,-1,67,68,69,-1,69,68,34,-1,69,34,38,-1,38,34,36,-1,38,36,39,-1,70,71,72,-1,73,47,74,-1,74,47,49,-1,74,49,75,-1,75,49,76,-1,75,76,77,-1,77,76,78,-1,77,78,79,-1,79,78,80,-1,79,80,81,-1,81,80,82,-1,81,82,83,-1,83,82,84,-1,83,84,85,-1,85,84,86,-1,37,39,87,-1,87,39,88,-1,87,88,89,-1,89,88,90,-1,89,90,91,-1,91,90,92,-1,91,92,93,-1,93,92,94,-1,93,94,86,-1,86,94,95,-1,86,95,85,-1,72,96,70,-1,70,96,97,-1,70,97,57,-1,57,97,98,-1,57,98,58,-1,40,99,41,-1,41,99,100,-1,41,100,101,-1,101,100,102,-1,101,102,103,-1,103,102,104,-1,103,104,105,-1,105,104,106,-1,105,106,107,-1,107,106,108,-1,107,108,109,-1,109,108,110,-1,73,74,111,-1,111,74,112,-1,111,112,113,-1,113,112,114,-1,113,114,115,-1,115,114,116,-1,115,116,117,-1,117,116,118,-1,117,118,110,-1,110,118,119,-1,110,119,109,-1,55,120,56,-1,56,120,121,-1,56,121,122,-1,122,121,123,-1,122,123,124,-1,124,123,125,-1,124,125,126,-1,126,125,127,-1,126,127,128,-1,128,127,129,-1,128,129,130,-1,130,129,131,-1,130,131,132,-1,132,131,133,-1,132,133,47,-1,47,133,71,-1,47,71,45,-1,45,71,70,-1,134,19,25,-1,135,136,137,-1,137,136,134,-1,137,134,138,-1,138,134,25,-1,139,140,141,-1,141,140,142,-1,141,142,143,-1,143,142,144,-1,144,145,146,-1,147,148,135,-1,135,148,143,-1,135,143,136,-1,136,143,144,-1,136,144,149,-1,149,144,146,-1,149,146,35,-1,35,146,36,-1,150,151,30,-1,30,151,31,-1,152,142,153,-1,153,142,140,-1,153,140,154,-1,155,156,157,-1,157,156,158,-1,159,158,160,-1,160,158,156,-1,160,156,153,-1,153,156,161,-1,153,161,152,-1,162,163,164,-1,164,163,165,-1,165,166,164,-1,164,166,159,-1,164,159,167,-1,167,159,160,-1,167,160,150,-1,150,160,151,-1,154,140,139,-1,139,168,154,-1,154,168,169,-1,154,169,26,-1,138,25,170,-1,170,25,26,-1,170,26,171,-1,171,26,169,-1,171,169,147,-1,147,169,148,-1,172,14,134,-1,134,14,19,-1,134,136,173,-1,134,173,172,-1,172,173,174,-1,172,174,175,-1,176,177,178,-1,176,178,144,-1,144,178,179,-1,144,179,145,-1,144,142,152,-1,152,180,144,-1,144,180,181,-1,144,181,176,-1,166,165,182,-1,182,165,176,-1,182,176,183,-1,183,176,181,-1,183,181,157,-1,157,181,155,-1,153,184,160,-1,160,184,185,-1,184,186,185,-1,185,186,187,-1,3,1,186,-1,186,1,188,-1,186,188,187,-1,187,188,189,-1,188,190,191,-1,192,193,191,-1,191,193,189,-1,191,189,188,-1,194,195,196,-1,196,193,194,-1,194,193,192,-1,194,192,197,-1,197,192,4,-1,4,5,197,-1,197,5,198,-1,197,198,199,-1,199,198,200,-1,200,198,201,-1,200,201,202,-1,202,201,203,-1,202,203,195,-1,195,203,196,-1,203,204,205,-1,205,204,206,-1,207,208,203,-1,206,209,205,-1,205,209,210,-1,205,210,211,-1,212,213,214,-1,208,215,203,-1,203,215,216,-1,203,216,204,-1,213,217,214,-1,214,217,218,-1,214,218,201,-1,201,218,219,-1,201,219,220,-1,211,221,205,-1,205,221,222,-1,205,222,214,-1,214,222,223,-1,214,223,212,-1,220,224,201,-1,201,224,225,-1,201,225,226,-1,226,227,201,-1,201,227,228,-1,201,228,203,-1,203,228,229,-1,203,229,207,-1,214,230,205,-1,205,230,231,-1,232,231,233,-1,233,231,230,-1,233,230,234,-1,234,230,235,-1,234,235,236,-1,236,235,237,-1,236,237,232,-1,232,237,231,-1,235,238,237,-1,237,238,239,-1,238,240,239,-1,239,240,241,-1,240,27,241,-1,241,27,28,-1,26,27,240,-1,26,240,154,-1,154,240,184,-1,154,184,153,-1,186,184,3,-1,3,184,240,-1,3,240,5,-1,5,240,198,-1,214,201,230,-1,230,201,198,-1,230,198,235,-1,235,198,240,-1,235,240,238,-1,151,160,185,-1,151,185,31,-1,31,185,241,-1,31,241,28,-1,193,196,189,-1,189,196,241,-1,189,241,187,-1,187,241,185,-1,196,203,205,-1,239,241,237,-1,237,241,196,-1,237,196,231,-1,231,196,205,-1,242,75,77,-1,242,77,243,-1,243,77,79,-1,243,79,244,-1,244,79,81,-1,244,81,245,-1,245,81,83,-1,245,83,246,-1,246,83,85,-1,246,85,247,-1,247,85,179,-1,179,85,95,-1,179,95,248,-1,248,95,94,-1,248,94,249,-1,249,94,92,-1,249,92,250,-1,250,92,90,-1,250,90,251,-1,251,90,88,-1,251,88,252,-1,252,88,39,-1,252,39,253,-1,242,254,75,-1,75,254,74,-1,254,242,255,-1,255,242,243,-1,178,256,179,-1,179,256,257,-1,179,257,247,-1,257,258,247,-1,247,258,259,-1,247,259,246,-1,246,259,255,-1,243,244,255,-1,255,244,245,-1,255,245,246,-1,260,34,68,-1,260,68,261,-1,261,68,66,-1,261,66,262,-1,262,66,64,-1,262,64,263,-1,263,64,62,-1,263,62,264,-1,264,62,60,-1,264,60,265,-1,265,60,173,-1,173,60,58,-1,173,58,266,-1,266,58,98,-1,266,98,267,-1,267,98,97,-1,267,97,268,-1,268,97,96,-1,268,96,269,-1,269,96,72,-1,269,72,270,-1,270,72,71,-1,270,71,271,-1,272,271,133,-1,133,271,71,-1,173,266,174,-1,174,266,267,-1,174,267,273,-1,271,272,270,-1,270,272,274,-1,270,274,269,-1,269,274,275,-1,269,275,276,-1,267,268,273,-1,273,268,269,-1,273,269,277,-1,277,269,276,-1,146,253,36,-1,36,253,39,-1,179,248,145,-1,145,248,249,-1,145,249,250,-1,253,146,252,-1,252,146,145,-1,252,145,251,-1,251,145,250,-1,260,149,34,-1,34,149,35,-1,136,149,260,-1,260,261,136,-1,136,261,262,-1,136,262,263,-1,263,264,136,-1,136,264,265,-1,136,265,173,-1,278,59,279,-1,279,59,61,-1,279,61,280,-1,280,61,63,-1,280,63,281,-1,281,63,65,-1,281,65,282,-1,282,65,67,-1,282,67,283,-1,283,67,69,-1,283,69,284,-1,284,69,38,-1,284,38,285,-1,285,38,37,-1,285,37,286,-1,286,37,87,-1,286,87,287,-1,287,87,89,-1,287,89,288,-1,288,89,91,-1,288,91,289,-1,289,91,93,-1,289,93,290,-1,290,93,86,-1,290,86,291,-1,291,86,84,-1,291,84,292,-1,292,84,82,-1,292,82,293,-1,293,82,80,-1,293,80,294,-1,294,80,78,-1,294,78,295,-1,295,78,76,-1,295,76,296,-1,296,76,49,-1,296,49,297,-1,297,49,48,-1,297,48,298,-1,298,48,46,-1,298,46,299,-1,299,46,45,-1,299,45,300,-1,300,45,70,-1,300,70,301,-1,301,70,57,-1,301,57,278,-1,278,57,59,-1,302,279,303,-1,303,279,280,-1,303,280,304,-1,304,280,281,-1,304,281,305,-1,305,281,282,-1,305,282,306,-1,306,282,283,-1,306,283,307,-1,307,283,284,-1,307,284,308,-1,308,284,285,-1,308,285,309,-1,309,285,286,-1,309,286,310,-1,310,286,287,-1,310,287,311,-1,311,287,288,-1,311,288,312,-1,312,288,289,-1,312,289,313,-1,313,289,290,-1,313,290,314,-1,314,290,291,-1,314,291,315,-1,315,291,292,-1,315,292,316,-1,316,292,293,-1,316,293,317,-1,317,293,294,-1,317,294,318,-1,318,294,295,-1,318,295,319,-1,319,295,296,-1,319,296,320,-1,320,296,297,-1,320,297,321,-1,321,297,298,-1,321,298,322,-1,322,298,299,-1,322,299,323,-1,323,299,300,-1,323,300,324,-1,324,300,301,-1,324,301,325,-1,325,301,278,-1,325,278,302,-1,302,278,279,-1,222,325,223,-1,223,325,302,-1,223,302,212,-1,212,302,303,-1,212,303,213,-1,213,303,304,-1,213,304,217,-1,217,304,305,-1,217,305,218,-1,218,305,306,-1,218,306,219,-1,219,306,307,-1,219,307,220,-1,220,307,308,-1,220,308,224,-1,224,308,309,-1,224,309,225,-1,225,309,310,-1,225,310,226,-1,226,310,311,-1,226,311,227,-1,227,311,312,-1,227,312,228,-1,228,312,313,-1,228,313,229,-1,229,313,314,-1,229,314,207,-1,207,314,315,-1,207,315,208,-1,208,315,316,-1,208,316,215,-1,215,316,317,-1,215,317,216,-1,216,317,318,-1,216,318,204,-1,204,318,319,-1,204,319,206,-1,206,319,320,-1,206,320,209,-1,209,320,321,-1,209,321,210,-1,210,321,322,-1,210,322,211,-1,211,322,323,-1,211,323,221,-1,221,323,324,-1,221,324,222,-1,222,324,325,-1,326,11,10,-1,326,10,327,-1,327,10,8,-1,327,8,9,-1,327,33,326,-1,326,33,32,-1,24,7,6,-1,24,6,29,-1,29,6,12,-1,29,12,13,-1,7,24,9,-1,9,24,33,-1,9,33,327,-1,29,13,32,-1,32,13,11,-1,32,11,326,-1,328,233,329,-1,329,233,234,-1,12,6,329,-1,234,236,329,-1,329,236,330,-1,329,330,12,-1,330,236,331,-1,331,236,232,-1,232,233,331,-1,331,233,328,-1,331,328,10,-1,10,328,8,-1,12,330,10,-1,10,330,331,-1,8,328,6,-1,6,328,329,-1,180,4,181,-1,181,4,192,-1,0,2,161,-1,0,161,190,-1,190,161,156,-1,190,156,191,-1,161,2,152,-1,152,2,4,-1,152,4,180,-1,191,156,192,-1,192,156,155,-1,192,155,181,-1,
        ]
    }
}
Shape{
    appearance Appearance {
        material  Material 	{
            diffuseColor 0.6470588235294118 0.6196078431372549 0.5882352941176471
            specularColor 0.45098039215686275 0.43529411764705883 0.4117647058823529
            ambientIntensity 0.6242
            transparency 0.0
            shininess 0.5
        }
    }
    geometry IndexedFaceSet {
        ccw TRUE
        solid FALSE
        coord DEF co Coordinate {
            point [
                1.6142 1.1489 3.7808, 2.126 1.1489 3.7808, 2.126 1.2787 3.6954, 1.6142 1.2787 3.6954, 2.126 1.3869 3.5838, 1.6142 1.3869 3.5838, 2.126 1.4681 3.4512, 1.6142 1.4681 3.4512, 2.126 1.5184 3.3041, 1.6142 1.5184 3.3041, 2.126 1.5354 3.1496, 1.6142 1.5354 3.1496, 2.126 0.8268 3.8583, 2.126 0.9444 3.8484, 1.6142 0.8268 3.8583, 1.6142 0.9444 3.8484, 2.126 1.5354 2.4029, 2.126 1.5354 1.2992, 1.6142 1.5354 2.4029, 1.6142 1.5354 1.2992, 1.6142 1.5354 2.5591, 2.126 1.5354 2.5591, 1.6142 0.1575 0.1969, 2.126 0.1575 0.1969, 1.6142 0.1575 -1.5748, 2.126 0.1575 -1.5748, 1.7323 0.1575 -1.9685, 2.0079 0.1575 -1.9685, 1.7323 -0.1575 -1.9685, 2.0079 -0.1575 -1.9685, 1.6142 -0.1575 -1.5748, 2.126 -0.1575 -1.5748, 1.6142 -0.1575 0.1969, 2.126 -0.1575 0.1969, 2.126 -0.1333 0.3803, 1.6142 -0.1333 0.3803, 2.126 -0.0625 0.5512, 1.6142 -0.0625 0.5512, 2.126 0.0501 0.698, 1.6142 0.0501 0.698, 2.126 0.1969 0.8106, 1.6142 0.1969 0.8106, 2.126 0.3678 0.8814, 1.6142 0.3678 0.8814, 2.126 0.5512 0.9055, 1.6142 0.5512 0.9055, 1.6142 0.8268 0.9055, 2.126 0.8268 0.9055, 1.6142 0.9287 0.9189, 2.126 0.9287 0.9189, 1.6142 1.0236 0.9583, 2.126 1.0236 0.9583, 1.6142 1.1052 1.0208, 2.126 1.1052 1.0208, 1.6142 1.1677 1.1024, 2.126 1.1677 1.1024, 1.6142 1.2071 1.1973, 2.126 1.2071 1.1973, 1.6142 1.2205 1.2992, 2.126 1.2205 1.2992, 1.6142 1.2205 3.1496, 2.126 1.2205 3.1496, 1.6142 1.2071 3.2515, 2.126 1.2071 3.2515, 1.6142 1.1677 3.3465, 2.126 1.1677 3.3465, 1.6142 1.1052 3.428, 2.126 1.1052 3.428, 1.6142 1.0236 3.4906, 2.126 1.0236 3.4906, 1.6142 0.9287 3.5299, 2.126 0.9287 3.5299, 1.6142 0.8268 3.5433, 2.126 0.8268 3.5433, 1.6142 -0.8268 3.5433, 2.126 -0.8268 3.5433, 2.126 -1.0102 3.5675, 1.6142 -1.0102 3.5675, 2.126 -1.1811 3.6383, 1.6142 -1.1811 3.6383, 2.126 -1.3279 3.7509, 1.6142 -1.3279 3.7509, 2.126 -1.4405 3.8976, 1.6142 -1.4405 3.8976, 2.126 -1.5113 4.0686, 1.6142 -1.5113 4.0686, 2.126 -1.5354 4.252, 1.6142 -1.5354 4.252, 1.6142 -1.5354 4.8819, 2.126 -1.5354 4.8819, 1.6142 -1.2205 4.8819, 2.126 -1.2205 4.8819, 1.6142 -1.2205 4.252, 2.126 -1.2205 4.252, 2.126 1.5113 1.1158, 1.6142 1.5113 1.1158, 2.126 1.4405 0.9449, 1.6142 1.4405 0.9449, 2.126 1.3279 0.7981, 1.6142 1.3279 0.7981, 2.126 1.1811 0.6855, 1.6142 1.1811 0.6855, 2.126 1.0102 0.6147, 1.6142 1.0102 0.6147, 2.126 0.8268 0.5906, 1.6142 0.8268 0.5906, 1.6142 0.5512 0.5906, 2.126 0.5512 0.5906, 1.6142 0.4493 0.5771, 2.126 0.4493 0.5771, 1.6142 0.3543 0.5378, 2.126 0.3543 0.5378, 1.6142 0.2728 0.4752, 2.126 0.2728 0.4752, 1.6142 0.2102 0.3937, 2.126 0.2102 0.3937, 1.6142 0.1709 0.2988, 2.126 0.1709 0.2988, 2.126 0.7874 3.8189, 2.3622 0.7874 3.8189, 2.126 -1.1811 3.8189, 2.3622 -1.1811 3.8189, 0.2953 0.7874 4.6063, 1.378 0.7874 3.8189, 0.2953 0.7874 1.2598, 1.378 0.7874 2.0472, 1.6142 0.7874 3.8189, 1.6142 0.7874 3.8583, 2.126 0.7874 3.8583, 3.4449 0.7874 4.6063, 2.3622 0.7874 2.0472, 3.4449 0.7874 1.2598, 1.0581 0.7874 1.2598, 2.126 -1.1811 4.0804, 1.378 -1.1811 2.0472, 1.378 -1.1811 3.8189, 0.2953 -1.1811 4.6063, 1.6142 -1.1811 3.8189, 1.6142 -1.1811 4.0804, 3.4449 -1.1811 4.6063, 3.4449 -1.1811 1.2598, 2.3622 -1.1811 2.0472, 1.0581 -1.1811 1.2598, 0.2953 -1.1811 1.2598, 1.8701 -0.748 6.7717, 2.0229 -0.7279 4.6063, 2.0229 -0.7279 6.7717, 2.1654 -0.6689 4.6063, 2.1654 -0.6689 6.7717, 2.2877 -0.5751 4.6063, 2.2877 -0.5751 6.7717, 2.3815 -0.4528 4.6063, 2.3815 -0.4528 6.7717, 2.4405 -0.3103 4.6063, 2.4405 -0.3103 6.7717, 2.4606 -0.1575 4.6063, 2.4606 -0.1575 6.7717, 2.4405 -0.0046 4.6063, 2.4405 -0.0046 6.7717, 2.3815 0.1378 4.6063, 2.3815 0.1378 6.7717, 2.2877 0.2601 4.6063, 2.2877 0.2601 6.7717, 2.1654 0.354 4.6063, 2.1654 0.354 6.7717, 2.0229 0.4129 4.6063, 2.0229 0.4129 6.7717, 1.8701 0.4331 4.6063, 1.8701 0.4331 6.7717, 1.7172 0.4129 4.6063, 1.7172 0.4129 6.7717, 1.5748 0.354 4.6063, 1.5748 0.354 6.7717, 1.4525 0.2601 4.6063, 1.4525 0.2601 6.7717, 1.3586 0.1378 4.6063, 1.3586 0.1378 6.7717, 1.2997 -0.0046 4.6063, 1.2997 -0.0046 6.7717, 1.2795 -0.1575 4.6063, 1.2795 -0.1575 6.7717, 1.2997 -0.3103 4.6063, 1.2997 -0.3103 6.7717, 1.3586 -0.4528 4.6063, 1.3586 -0.4528 6.7717, 1.4525 -0.5751 4.6063, 1.4525 -0.5751 6.7717, 1.5748 -0.6689 4.6063, 1.5748 -0.6689 6.7717, 1.7172 -0.7279 4.6063, 1.7172 -0.7279 6.7717, 1.8701 -0.748 4.6063, 2.5753 -0.4069 7.4803, 2.6013 -0.315 7.4803, 1.1649 -0.4069 7.4803, 1.1388 -0.315 7.4803, 2.5157 -0.5352 7.4803, 1.2244 -0.5352 7.4803, 1.3071 -0.65 7.4803, 1.4098 -0.7472 7.4803, 1.529 -0.8232 7.4803, 1.6605 -0.8755 7.4803, 1.7994 -0.9022 7.4803, 1.9408 -0.9022 7.4803, 2.0797 -0.8755 7.4803, 2.2111 -0.8232 7.4803, 2.3303 -0.7472 7.4803, 2.4331 -0.65 7.4803, 1.0522 -0.6297 7.2835, 1.0545 -0.6346 7.2835, 1.0603 -0.6312 7.3344, 1.2046 -0.8228 7.2835, 1.2887 -0.9023 7.2835, 1.2928 -0.897 7.3344, 1.6259 -1.0684 7.2835, 1.7808 -1.0981 7.2835, 1.7814 -1.0915 7.3344, 2.1143 -1.0684 7.2835, 2.1349 -1.0645 7.2835, 2.133 -1.0581 7.3344, 2.3407 -0.973 7.2835, 2.4515 -0.9023 7.2835, 2.4473 -0.897 7.3344, 1.0121 -0.315 7.4362, 0.9979 -0.315 7.4217, 1.0336 -0.4533 7.4227, 2.6059 -0.315 7.4803, 2.6233 -0.4239 7.4736, 2.6534 -0.315 7.4736, 2.6537 -0.315 7.4735, 2.6681 -0.4397 7.4539, 2.674 -0.315 7.467, 2.7424 -0.315 7.4219, 2.733 -0.315 7.432, 2.7065 -0.4533 7.4227, 2.7161 -0.315 7.445, 2.7011 -0.315 7.4528, 2.7647 -0.315 7.3977, 2.736 -0.4638 7.3819, 2.776 -0.315 7.3801, 2.794 -0.315 7.3377, 2.7546 -0.4703 7.3344, 2.7948 -0.315 7.3344, 2.6879 -0.6297 7.2835, 2.7609 -0.4726 7.2835, 2.7794 -0.4012 7.2835, 2.8017 -0.315 7.2835, 2.7987 -0.315 7.3179, 0.9793 -0.4726 7.2835, 0.9856 -0.4703 7.3344, 0.9608 -0.4012 7.2835, 0.9397 -0.315 7.3058, 0.9384 -0.315 7.2835, 0.9679 -0.315 7.3865, 0.9657 -0.315 7.3817, 1.0041 -0.4638 7.3819, 0.9483 -0.315 7.3445, 0.946 -0.315 7.3343, 0.9792 -0.315 7.4027, 1.0277 -0.315 7.4474, 1.0721 -0.4397 7.4539, 1.0389 -0.315 7.453, 1.0704 -0.315 7.4686, 1.1168 -0.4239 7.4736, 1.0868 -0.315 7.4735, 1.0886 -0.315 7.4741, 2.4715 -0.6835 7.4736, 2.3617 -0.7873 7.4736, 2.5072 -0.7148 7.4539, 2.3909 -0.8247 7.4539, 2.5379 -0.7416 7.4227, 2.416 -0.8569 7.4227, 2.5614 -0.7622 7.3819, 2.4352 -0.8815 7.3819, 2.5762 -0.7752 7.3344, 1.9456 -0.9529 7.4736, 1.7945 -0.9529 7.4736, 1.9501 -1.0001 7.4539, 1.7901 -1.0001 7.4539, 1.954 -1.0407 7.4227, 1.7862 -1.0407 7.4227, 1.9569 -1.0719 7.3819, 1.7832 -1.0719 7.3819, 1.9588 -1.0915 7.3344, 1.5058 -0.8686 7.4736, 1.3785 -0.7873 7.4736, 1.4842 -0.9108 7.4539, 1.3493 -0.8247 7.4539, 1.4656 -0.9471 7.4227, 1.3242 -0.8569 7.4227, 1.4513 -0.975 7.3819, 1.3049 -0.8815 7.3819, 1.4424 -0.9925 7.3344, 2.6857 -0.6346 7.2835, 2.6799 -0.6312 7.3344, 2.6629 -0.6213 7.3819, 2.6359 -0.6055 7.4227, 2.6007 -0.5849 7.4539, 2.5597 -0.5609 7.4736, 2.5813 -0.7796 7.2835, 2.5356 -0.8228 7.2835, 2.3009 -0.9984 7.2835, 2.2978 -0.9925 7.3344, 2.2888 -0.975 7.3819, 2.2746 -0.9471 7.4227, 2.256 -0.9108 7.4539, 2.2343 -0.8686 7.4736, 2.094 -0.9244 7.4736, 2.1073 -0.97 7.4539, 2.1187 -1.0092 7.4227, 2.1275 -1.0392 7.3819, 1.9594 -1.0981 7.2835, 1.8701 -1.0981 7.2835, 1.6053 -1.0645 7.2835, 1.6072 -1.0581 7.3344, 1.6127 -1.0392 7.3819, 1.6214 -1.0092 7.4227, 1.6329 -0.97 7.4539, 1.6462 -0.9244 7.4736, 1.4393 -0.9984 7.2835, 1.3994 -0.973 7.2835, 1.1589 -0.7796 7.2835, 1.1639 -0.7752 7.3344, 1.1787 -0.7622 7.3819, 1.2023 -0.7416 7.4227, 1.233 -0.7148 7.4539, 1.2687 -0.6835 7.4736, 1.1804 -0.5609 7.4736, 1.1395 -0.5849 7.4539, 1.1043 -0.6055 7.4227, 1.0773 -0.6213 7.3819, 2.5157 0.2202 7.4803, 1.1649 0.092 7.4803, 2.5753 0.092 7.4803, 1.1388 0.0 7.4803, 2.6013 0.0 7.4803, 2.2111 0.5083 7.4803, 2.3303 0.4322 7.4803, 2.4331 0.335 7.4803, 2.0797 0.5606 7.4803, 1.9408 0.5872 7.4803, 1.7994 0.5872 7.4803, 1.6605 0.5606 7.4803, 1.529 0.5083 7.4803, 1.4098 0.4322 7.4803, 1.3071 0.335 7.4803, 1.2244 0.2202 7.4803, 2.8017 -0.315 7.1654, 2.7828 -0.402 6.7717, 2.815 -0.1575 7.1654, 2.815 -0.1575 6.7717, 2.8017 0.0 7.1654, 2.7828 0.0871 6.7717, 0.9384 0.0 7.1654, 0.9574 0.0871 6.7717, 0.9252 -0.1575 7.1654, 0.9252 -0.1575 6.7717, 0.9384 -0.315 7.1654, 0.9574 -0.402 6.7717, 1.6255 -1.0702 6.7717, 1.8701 -1.1024 6.7717, 1.3976 -0.9758 6.7717, 1.2019 -0.8256 6.7717, 1.0518 -0.6299 6.7717, 1.0522 0.3148 7.2835, 1.0518 0.315 6.7717, 0.9793 0.1576 7.2835, 0.9608 0.0862 7.2835, 0.9384 0.0 7.2835, 1.0545 0.3196 7.2835, 1.1589 0.4646 7.2835, 1.2019 0.5107 6.7717, 1.3994 0.658 7.2835, 1.3976 0.6608 6.7717, 1.2887 0.5874 7.2835, 1.2046 0.5078 7.2835, 1.4393 0.6835 7.2835, 1.6053 0.7495 7.2835, 1.6255 0.7552 6.7717, 1.6259 0.7535 7.2835, 1.7808 0.7832 7.2835, 1.8701 0.7874 6.7717, 2.1143 0.7535 7.2835, 2.1146 0.7552 6.7717, 1.9594 0.7832 7.2835, 1.8701 0.7832 7.2835, 2.1349 0.7495 7.2835, 2.3009 0.6835 7.2835, 2.3425 0.6608 6.7717, 2.5356 0.5078 7.2835, 2.5382 0.5107 6.7717, 2.4515 0.5874 7.2835, 2.3407 0.658 7.2835, 2.5813 0.4646 7.2835, 2.6857 0.3196 7.2835, 2.6884 0.315 6.7717, 2.8017 0.0 7.2835, 2.7794 0.0862 7.2835, 2.7609 0.1576 7.2835, 2.6879 0.3148 7.2835, 2.6884 -0.6299 6.7717, 2.5382 -0.8256 6.7717, 2.3425 -0.9758 6.7717, 2.1146 -1.0702 6.7717, 2.6799 0.3163 7.3344, 2.4473 0.5821 7.3344, 1.9588 0.7765 7.3344, 1.7814 0.7765 7.3344, 1.6072 0.7431 7.3344, 1.2928 0.5821 7.3344, 2.7546 0.1554 7.3344, 2.7963 0.0 7.3289, 2.7948 0.0 7.3344, 2.7929 0.0 7.3414, 2.736 0.1488 7.3819, 2.774 0.0 7.3836, 2.7633 0.0 7.3996, 2.7065 0.1384 7.4227, 2.7423 0.0 7.4218, 2.6737 0.0 7.4671, 2.7011 0.0 7.4528, 2.6681 0.1248 7.4539, 2.716 0.0 7.4451, 2.7311 0.0 7.4336, 2.6557 0.0 7.473, 2.6233 0.1089 7.4736, 2.6533 0.0 7.4734, 2.608 0.0 7.4802, 1.1372 0.0 7.4803, 1.1168 0.1089 7.4736, 1.0893 0.0 7.4742, 1.0721 0.1248 7.4539, 1.0689 0.0 7.468, 1.0868 0.0 7.4735, 0.9979 0.0 7.4218, 1.0093 0.0 7.4339, 1.0336 0.1384 7.4227, 1.0265 0.0 7.4466, 1.039 0.0 7.4529, 0.9772 0.0 7.4, 1.0041 0.1488 7.3819, 0.9656 0.0 7.3826, 0.9483 0.0 7.3445, 0.9856 0.1554 7.3344, 0.9462 0.0 7.3342, 0.9391 0.0 7.2996, 1.2687 0.3686 7.4736, 1.3785 0.4724 7.4736, 1.233 0.3998 7.4539, 1.3493 0.5098 7.4539, 1.2023 0.4267 7.4227, 1.3242 0.5419 7.4227, 1.1787 0.4473 7.3819, 1.3049 0.5666 7.3819, 1.1639 0.4602 7.3344, 2.2343 0.5536 7.4736, 2.3617 0.4724 7.4736, 2.256 0.5959 7.4539, 2.3909 0.5098 7.4539, 2.2746 0.6322 7.4227, 2.416 0.5419 7.4227, 2.2888 0.66 7.3819, 2.4352 0.5666 7.3819, 2.2978 0.6775 7.3344, 1.0603 0.3163 7.3344, 1.0773 0.3063 7.3819, 1.1043 0.2905 7.4227, 1.1395 0.2699 7.4539, 1.1804 0.246 7.4736, 1.4424 0.6775 7.3344, 1.4513 0.66 7.3819, 1.4656 0.6322 7.4227, 1.4842 0.5959 7.4539, 1.5058 0.5536 7.4736, 1.6462 0.6095 7.4736, 1.6329 0.6551 7.4539, 1.6214 0.6942 7.4227, 1.6127 0.7242 7.3819, 1.7832 0.7569 7.3819, 1.7862 0.7258 7.4227, 1.7901 0.6852 7.4539, 1.7945 0.6379 7.4736, 1.9569 0.7569 7.3819, 1.954 0.7258 7.4227, 1.9501 0.6852 7.4539, 1.9456 0.6379 7.4736, 2.133 0.7431 7.3344, 2.1275 0.7242 7.3819, 2.1187 0.6942 7.4227, 2.1073 0.6551 7.4539, 2.094 0.6095 7.4736, 2.5762 0.4602 7.3344, 2.5614 0.4473 7.3819, 2.5379 0.4267 7.4227, 2.5072 0.3998 7.4539, 2.4715 0.3686 7.4736, 2.5597 0.246 7.4736, 2.6007 0.2699 7.4539, 2.6359 0.2905 7.4227, 2.6629 0.3063 7.3819, 0.7122 -1.0034 1.2598, 0.7204 -0.9931 1.2598, 1.0581 -0.9931 1.2598, 1.0817 -0.9703 1.2598, 1.0817 -0.9716 1.2598, 1.0822 -0.9728 1.2598, 1.0824 -0.973 1.2598, 1.0827 -0.9732 1.2598, 1.0835 -0.9734 1.2598, 1.2317 -0.6444 1.2598, 1.2299 -0.6443 1.2598, 1.2214 -0.6438 1.2598, 1.0818 -0.9721 1.2598, 1.082 -0.9726 1.2598, 1.1121 -0.8239 1.2598, 1.1597 -0.8301 1.2598, 1.1121 -0.9484 1.2598, 1.1793 -0.834 1.2598, 1.2027 -0.8448 1.2598, 1.2192 -0.9649 1.2598, 1.2101 -0.9637 1.2598, 1.2198 -0.8197 1.2598, 1.2188 -0.8192 1.2598, 1.2174 -0.671 1.2598, 1.1968 -0.9619 1.2598, 1.1834 -0.9603 1.2598, 1.1976 -0.842 1.2598, 1.1919 -0.8385 1.2598, 1.3053 -0.6213 1.2598, 1.3048 -0.6212 1.2598, 1.3033 -0.6213 1.2598, 1.2206 -0.8205 1.2598, 1.2203 -0.8268 1.2598, 1.2211 -0.8256 1.2598, 1.2205 -0.965 1.2598, 1.2215 -0.8244 1.2598, 1.2216 -0.9653 1.2598, 1.2217 -0.8235 1.2598, 1.2226 -0.9659 1.2598, 1.3869 -0.9819 1.2598, 1.3997 -0.9788 1.2598, 1.5627 -0.9931 1.2598, 1.1786 -0.6386 1.2598, 1.1359 -0.6319 1.2598, 1.1099 -0.6274 1.2598, 1.096 -0.682 1.2598, 1.0904 -0.6341 1.2598, 1.0957 -0.6749 1.2598, 1.0906 -0.6353 1.2598, 1.0957 -0.6642 1.2598, 1.0942 -0.6495 1.2598, 1.085 -0.9735 1.2598, 1.0866 -0.9733 1.2598, 1.0974 -0.9717 1.2598, 1.3693 -0.983 1.2598, 1.4101 -0.9734 1.2598, 1.4194 -0.9651 1.2598, 1.4285 -0.952 1.2598, 1.3022 -0.6217 1.2598, 1.2985 -0.6244 1.2598, 1.2904 -0.6319 1.2598, 1.0963 -0.6891 1.2598, 1.0957 -0.9484 1.2598, 1.0903 -0.6309 1.2598, 1.0893 -0.956 1.2598, 1.0855 -0.9607 1.2598, 1.107 -0.9705 1.2598, 1.1167 -0.9705 1.2598, 1.1183 -0.9705 1.2598, 1.1121 -0.8041 1.2598, 1.1121 -0.6506 1.2598, 1.1965 -0.6624 1.2598, 1.2192 -0.8284 1.2598, 1.4924 -0.6088 1.2598, 1.492 -0.6092 1.2598, 1.399 -0.6419 1.2598, 1.4917 -0.6097 1.2598, 1.4099 -0.65 1.2598, 1.2783 -0.65 1.2598, 1.2785 -0.6503 1.2598, 1.2769 -0.9671 1.2598, 1.2808 -0.6508 1.2598, 1.2997 -0.9473 1.2598, 1.2794 -0.6507 1.2598, 1.2788 -0.6505 1.2598, 1.0832 -0.964 1.2598, 1.0823 -0.9659 1.2598, 1.0818 -0.9687 1.2598, 1.1625 -0.9762 1.2598, 1.1821 -0.9801 1.2598, 1.2241 -0.9697 1.2598, 1.2242 -0.9689 1.2598, 1.2773 -0.9699 1.2598, 1.2239 -0.9673 1.2598, 1.2234 -0.9666 1.2598, 1.2769 -0.9685 1.2598, 1.2177 -0.8189 1.2598, 1.2163 -0.8187 1.2598, 1.2124 -0.6681 1.2598, 1.2047 -0.6646 1.2598, 1.4932 -0.6084 1.2598, 1.4927 -0.6085 1.2598, 1.278 -0.6496 1.2598, 1.2797 -0.9618 1.2598, 1.2822 -0.9598 1.2598, 1.2923 -0.9513 1.2598, 1.2781 -0.9637 1.2598, 1.2772 -0.9658 1.2598, 1.2828 -0.6506 1.2598, 1.2906 -0.6506 1.2598, 1.2997 -0.6506 1.2598, 1.1294 -0.9708 1.2598, 1.1404 -0.9723 1.2598, 1.1974 -0.9857 1.2598, 1.2005 -0.9875 1.2598, 1.2056 -0.9909 1.2598, 1.2778 -0.9708 1.2598, 1.2219 -0.9739 1.2598, 1.2216 -0.8226 1.2598, 1.2213 -0.8217 1.2598, 1.6513 -0.6711 1.2598, 1.652 -0.6702 1.2598, 3.4449 -0.9931 1.2598, 1.2796 -0.6436 1.2598, 1.2786 -0.6448 1.2598, 1.278 -0.6457 1.2598, 1.2776 -0.6464 1.2598, 1.2774 -0.647 1.2598, 1.2774 -0.6477 1.2598, 1.2775 -0.6484 1.2598, 1.2959 -0.9491 1.2598, 1.0952 -0.6242 1.2598, 1.0939 -0.6248 1.2598, 1.2241 -0.9681 1.2598, 1.6449 -0.6092 1.2598, 1.4975 -0.6138 1.2598, 1.4968 -0.6118 1.2598, 1.4198 -0.6617 1.2598, 1.486 -0.6599 1.2598, 1.4316 -0.6827 1.2598, 1.4862 -0.6651 1.2598, 1.4873 -0.6682 1.2598, 1.3884 -0.6377 1.2598, 1.3473 -0.6313 1.2598, 1.3224 -0.6285 1.2598, 1.3062 -0.9714 1.2598, 1.311 -0.9723 1.2598, 1.2878 -0.6348 1.2598, 1.281 -0.6421 1.2598, 1.1036 -0.6251 1.2598, 1.0996 -0.6241 1.2598, 1.0967 -0.6239 1.2598, 1.0924 -0.6259 1.2598, 1.0913 -0.6273 1.2598, 1.0907 -0.6286 1.2598, 1.6473 -0.6118 1.2598, 1.6471 -0.6109 1.2598, 1.4913 -0.6112 1.2598, 1.4903 -0.6183 1.2598, 1.3131 -0.626 1.2598, 1.3072 -0.6224 1.2598, 1.3229 -0.9733 1.2598, 1.3444 -0.9796 1.2598, 1.3568 -0.982 1.2598, 1.4373 -0.9289 1.2598, 1.4455 -0.8655 1.2598, 1.5049 -0.7254 1.2598, 1.4481 -0.787 1.2598, 1.4987 -0.7003 1.2598, 1.4424 -0.7202 1.2598, 1.4913 -0.6755 1.2598, 1.4885 -0.6704 1.2598, 1.223 -0.9721 1.2598, 1.2237 -0.9707 1.2598, 1.6328 -0.7242 1.2598, 1.626 -0.7525 1.2598, 1.5716 -0.9931 1.2598, 1.6523 -0.6696 1.2598, 1.6524 -0.669 1.2598, 1.6524 -0.6669 1.2598, 1.6428 -0.6107 1.2598, 1.5276 -0.7548 1.2598, 1.6433 -0.61 1.2598, 1.5094 -0.6704 1.2598, 1.4895 -0.6251 1.2598, 1.4868 -0.6489 1.2598, 1.6516 -0.6536 1.2598, 1.6515 -0.6534 1.2598, 1.6493 -0.628 1.2598, 1.6481 -0.6183 1.2598, 1.6479 -0.6153 1.2598, 1.6476 -0.6132 1.2598, 1.5009 -0.6274 1.2598, 1.6443 -0.6093 1.2598, 1.6437 -0.6096 1.2598, 1.6423 -0.6117 1.2598, 1.6419 -0.6132 1.2598, 1.6046 -0.7734 1.2598, 1.638 -0.6359 1.2598, 1.2786 -0.9717 1.2598, 1.2793 -0.9723 1.2598, 1.2896 -0.9705 1.2598, 1.3014 -0.9705 1.2598, 1.2333 -0.6448 1.2598, 1.2332 -0.6447 1.2598, 1.6358 -0.7108 1.2598, 1.6396 -0.6976 1.2598, 1.6436 -0.6869 1.2598, 1.6472 -0.6768 1.2598, 1.6496 -0.6732 1.2598, 1.4945 -0.6086 1.2598, 1.494 -0.6084 1.2598, 1.4936 -0.6083 1.2598, 1.4961 -0.6105 1.2598, 1.4955 -0.6096 1.2598, 1.495 -0.609 1.2598, 1.2347 -0.6459 1.2598, 1.2343 -0.6454 1.2598, 1.2339 -0.645 1.2598, 1.2333 -0.6534 1.2598, 1.235 -0.651 1.2598, 1.2355 -0.6497 1.2598, 1.2356 -0.6487 1.2598, 1.2356 -0.6479 1.2598, 1.2353 -0.647 1.2598, 1.6468 -0.6103 1.2598, 1.6465 -0.6098 1.2598, 1.6461 -0.6095 1.2598, 1.6457 -0.6093 1.2598, 1.6453 -0.6092 1.2598, 1.5632 -0.9954 1.2598, 1.5711 -0.9954 1.2598, 0.2953 -0.9931 1.2598, 0.7094 -0.9931 1.2598, 0.7083 -0.9988 1.2598, 0.8111 -0.6639 1.2598, 0.813 -0.6647 1.2598, 0.8815 -0.8658 1.2598, 1.0174 -0.9824 1.2598, 1.0259 -0.9824 1.2598, 1.0259 -0.8312 1.2598, 0.9774 -0.9843 1.2598, 0.9905 -0.9771 1.2598, 0.9072 -0.9542 1.2598, 0.9187 -0.9692 1.2598, 0.7371 -0.9723 1.2598, 0.8817 -0.7517 1.2598, 0.8324 -0.6473 1.2598, 0.8345 -0.645 1.2598, 0.8879 -0.7133 1.2598, 0.9542 -0.6228 1.2598, 0.9392 -0.6274 1.2598, 0.8362 -0.6393 1.2598, 0.9261 -0.6351 1.2598, 0.9167 -0.6447 1.2598, 1.0018 -0.9669 1.2598, 1.0083 -0.9581 1.2598, 1.0134 -0.949 1.2598, 0.9608 -0.9886 1.2598, 0.9528 -0.9885 1.2598, 0.9363 -0.9828 1.2598, 0.9447 -0.9869 1.2598, 0.8945 -0.778 1.2598, 1.0224 -0.7322 1.2598, 0.8966 -0.868 1.2598, 1.0253 -0.7621 1.2598, 0.9017 -0.8976 1.2598, 0.7287 -0.6478 1.2598, 0.7723 -0.6514 1.2598, 0.793 -0.6546 1.2598, 0.8 -0.6562 1.2598, 1.0301 -0.694 1.2598, 1.0236 -0.6687 1.2598, 0.9608 -0.641 1.2598, 0.9085 -0.6971 1.2598, 0.8041 -0.6582 1.2598, 0.8093 -0.6627 1.2598, 0.9037 -0.6659 1.2598, 0.8355 -0.6433 1.2598, 0.836 -0.6413 1.2598, 1.0344 -0.7616 1.2598, 1.0139 -0.649 1.2598, 1.0065 -0.6396 1.2598, 0.9957 -0.6309 1.2598, 0.7287 -0.9365 1.2598, 0.8952 -0.9271 1.2598, 0.7288 -0.9438 1.2598, 0.9961 -0.6537 1.2598, 1.0045 -0.6633 1.2598, 0.9739 -0.9681 1.2598, 0.9338 -0.9599 1.2598, 0.9247 -0.951 1.2598, 0.8262 -0.6531 1.2598, 1.0104 -0.911 1.2598, 1.0151 -0.8312 1.2598, 0.982 -0.6245 1.2598, 0.9687 -0.6223 1.2598, 0.7125 -0.6467 1.2598, 0.7128 -0.65 1.2598, 0.711 -0.6328 1.2598, 0.7139 -0.6834 1.2598, 0.7139 -0.9383 1.2598, 0.7313 -0.9598 1.2598, 0.9735 -0.6419 1.2598, 0.986 -0.6466 1.2598, 1.0119 -0.678 1.2598, 1.02 -0.7154 1.2598, 0.9653 -0.97 1.2598, 0.9535 -0.9693 1.2598, 0.9434 -0.9659 1.2598, 0.8356 -0.638 1.2598, 0.8351 -0.6375 1.2598, 0.9382 -0.6483 1.2598, 0.93 -0.6558 1.2598, 0.9171 -0.674 1.2598, 0.9454 -0.644 1.2598, 0.9529 -0.6417 1.2598, 1.0034 -0.9367 1.2598, 0.9963 -0.9506 1.2598, 0.9894 -0.9588 1.2598, 0.713 -0.6257 1.2598, 0.7122 -0.6265 1.2598, 0.7113 -0.6282 1.2598, 0.7109 -0.6297 1.2598, 0.7136 -0.9659 1.2598, 0.9149 -0.9357 1.2598, 0.9819 -0.9646 1.2598, 0.7156 -0.6247 1.2598, 0.7145 -0.6249 1.2598, 0.7136 -0.6252 1.2598, 0.8343 -0.637 1.2598, 0.8329 -0.6365 1.2598, 0.8308 -0.6362 1.2598, 0.8209 -0.636 1.2598, 0.8065 -0.6339 1.2598, 0.7692 -0.6301 1.2598, 0.7569 -0.6291 1.2598, 0.7332 -0.6268 1.2598, 0.7201 -0.6257 1.2598, 0.7172 -0.6248 1.2598
            ]
        }
        coordIndex [
            0,1,2,-1,0,2,3,-1,3,2,4,-1,3,4,5,-1,5,4,6,-1,5,6,7,-1,7,6,8,-1,7,8,9,-1,9,8,10,-1,9,10,11,-1,12,13,14,-1,14,13,15,-1,16,17,18,-1,18,17,19,-1,20,11,21,-1,21,11,10,-1,22,23,24,-1,24,23,25,-1,24,25,26,-1,26,25,27,-1,26,27,28,-1,28,27,29,-1,28,29,30,-1,30,29,31,-1,30,31,32,-1,32,31,33,-1,32,33,34,-1,32,34,35,-1,35,34,36,-1,35,36,37,-1,37,36,38,-1,37,38,39,-1,39,38,40,-1,39,40,41,-1,41,40,42,-1,41,42,43,-1,43,42,44,-1,43,44,45,-1,46,45,47,-1,47,45,44,-1,46,47,48,-1,48,47,49,-1,48,49,50,-1,50,49,51,-1,50,51,52,-1,52,51,53,-1,52,53,54,-1,54,53,55,-1,54,55,56,-1,56,55,57,-1,56,57,58,-1,58,57,59,-1,60,58,61,-1,61,58,59,-1,60,61,62,-1,62,61,63,-1,62,63,64,-1,64,63,65,-1,64,65,66,-1,66,65,67,-1,66,67,68,-1,68,67,69,-1,68,69,70,-1,70,69,71,-1,70,71,72,-1,72,71,73,-1,74,72,75,-1,75,72,73,-1,74,75,76,-1,74,76,77,-1,77,76,78,-1,77,78,79,-1,79,78,80,-1,79,80,81,-1,81,80,82,-1,81,82,83,-1,83,82,84,-1,83,84,85,-1,85,84,86,-1,85,86,87,-1,88,87,89,-1,89,87,86,-1,90,88,91,-1,91,88,89,-1,92,90,93,-1,93,90,91,-1,19,17,94,-1,19,94,95,-1,95,94,96,-1,95,96,97,-1,97,96,98,-1,97,98,99,-1,99,98,100,-1,99,100,101,-1,101,100,102,-1,101,102,103,-1,103,102,104,-1,103,104,105,-1,106,105,107,-1,107,105,104,-1,106,107,108,-1,108,107,109,-1,108,109,110,-1,110,109,111,-1,110,111,112,-1,112,111,113,-1,112,113,114,-1,114,113,115,-1,114,115,116,-1,116,115,117,-1,116,117,22,-1,22,117,23,-1,118,119,120,-1,120,119,121,-1,122,123,124,-1,124,123,125,-1,126,123,127,-1,127,123,122,-1,127,122,128,-1,128,122,129,-1,128,129,118,-1,118,129,119,-1,119,129,130,-1,130,129,131,-1,130,131,125,-1,125,131,132,-1,125,132,124,-1,133,120,121,-1,134,135,136,-1,135,137,136,-1,136,137,138,-1,136,138,139,-1,138,133,139,-1,139,133,121,-1,139,121,140,-1,140,121,141,-1,140,141,142,-1,142,141,134,-1,142,134,143,-1,143,134,136,-1,144,145,146,-1,146,145,147,-1,146,147,148,-1,148,147,149,-1,148,149,150,-1,150,149,151,-1,150,151,152,-1,152,151,153,-1,152,153,154,-1,154,153,155,-1,154,155,156,-1,156,155,157,-1,156,157,158,-1,158,157,159,-1,158,159,160,-1,160,159,161,-1,160,161,162,-1,162,161,163,-1,162,163,164,-1,164,163,165,-1,164,165,166,-1,166,165,167,-1,166,167,168,-1,168,167,169,-1,168,169,170,-1,170,169,171,-1,170,171,172,-1,172,171,173,-1,172,173,174,-1,174,173,175,-1,174,175,176,-1,176,175,177,-1,176,177,178,-1,178,177,179,-1,178,179,180,-1,180,179,181,-1,180,181,182,-1,182,181,183,-1,182,183,184,-1,184,183,185,-1,184,185,186,-1,186,185,187,-1,186,187,188,-1,188,187,189,-1,188,189,190,-1,190,189,191,-1,190,191,144,-1,144,191,145,-1,192,193,194,-1,194,193,195,-1,192,194,196,-1,196,194,197,-1,196,197,198,-1,198,199,196,-1,196,199,200,-1,196,200,201,-1,201,202,196,-1,196,202,203,-1,196,203,204,-1,204,205,196,-1,196,205,206,-1,196,206,207,-1,208,209,210,-1,211,212,213,-1,214,215,216,-1,217,218,219,-1,220,221,222,-1,223,224,225,-1,193,192,226,-1,226,192,227,-1,226,227,228,-1,228,227,229,-1,229,227,230,-1,229,230,231,-1,232,233,234,-1,234,233,235,-1,234,235,230,-1,230,235,236,-1,230,236,231,-1,232,234,237,-1,237,234,238,-1,237,238,239,-1,239,238,240,-1,240,238,241,-1,240,241,242,-1,243,244,241,-1,241,244,245,-1,245,246,241,-1,241,246,247,-1,241,247,242,-1,248,249,250,-1,250,249,251,-1,250,251,252,-1,253,254,255,-1,255,254,256,-1,255,256,249,-1,249,256,257,-1,249,257,251,-1,225,224,255,-1,255,224,258,-1,255,258,253,-1,223,225,259,-1,259,225,260,-1,259,260,261,-1,261,260,262,-1,262,260,263,-1,262,263,264,-1,264,263,265,-1,265,263,194,-1,265,194,195,-1,207,206,266,-1,266,206,267,-1,266,267,268,-1,268,267,269,-1,268,269,270,-1,270,269,271,-1,270,271,272,-1,272,271,273,-1,272,273,274,-1,274,273,222,-1,203,202,275,-1,275,202,276,-1,275,276,277,-1,277,276,278,-1,277,278,279,-1,279,278,280,-1,279,280,281,-1,281,280,282,-1,281,282,283,-1,283,282,216,-1,200,199,284,-1,284,199,285,-1,284,285,286,-1,286,285,287,-1,286,287,288,-1,288,287,289,-1,288,289,290,-1,290,289,291,-1,290,291,292,-1,292,291,213,-1,293,243,294,-1,294,243,241,-1,294,241,295,-1,295,241,238,-1,295,238,296,-1,296,238,234,-1,296,234,297,-1,297,234,230,-1,297,230,298,-1,298,230,227,-1,298,227,196,-1,196,227,192,-1,196,207,298,-1,298,207,266,-1,298,266,297,-1,297,266,268,-1,297,268,296,-1,296,268,270,-1,296,270,295,-1,295,270,272,-1,295,272,294,-1,294,272,274,-1,294,274,293,-1,293,274,299,-1,222,221,274,-1,274,221,300,-1,274,300,299,-1,301,220,302,-1,302,220,222,-1,302,222,303,-1,303,222,273,-1,303,273,304,-1,304,273,271,-1,304,271,305,-1,305,271,269,-1,305,269,306,-1,306,269,267,-1,306,267,205,-1,205,267,206,-1,205,204,306,-1,306,204,307,-1,306,307,305,-1,305,307,308,-1,305,308,304,-1,304,308,309,-1,304,309,303,-1,303,309,310,-1,303,310,302,-1,302,310,219,-1,302,219,301,-1,301,219,218,-1,311,217,283,-1,283,217,219,-1,283,219,281,-1,281,219,310,-1,281,310,279,-1,279,310,309,-1,279,309,277,-1,277,309,308,-1,277,308,275,-1,275,308,307,-1,275,307,203,-1,203,307,204,-1,216,215,283,-1,283,215,312,-1,283,312,311,-1,313,214,314,-1,314,214,216,-1,314,216,315,-1,315,216,282,-1,315,282,316,-1,316,282,280,-1,316,280,317,-1,317,280,278,-1,317,278,318,-1,318,278,276,-1,318,276,201,-1,201,276,202,-1,201,200,318,-1,318,200,284,-1,318,284,317,-1,317,284,286,-1,317,286,316,-1,316,286,288,-1,316,288,315,-1,315,288,290,-1,315,290,314,-1,314,290,292,-1,314,292,313,-1,313,292,319,-1,213,212,292,-1,292,212,320,-1,292,320,319,-1,321,211,322,-1,322,211,213,-1,322,213,323,-1,323,213,291,-1,323,291,324,-1,324,291,289,-1,324,289,325,-1,325,289,287,-1,325,287,326,-1,326,287,285,-1,326,285,198,-1,198,285,199,-1,198,197,326,-1,326,197,327,-1,326,327,325,-1,325,327,328,-1,325,328,324,-1,324,328,329,-1,324,329,323,-1,323,329,330,-1,323,330,322,-1,322,330,210,-1,322,210,321,-1,321,210,209,-1,248,208,249,-1,249,208,210,-1,249,210,255,-1,255,210,330,-1,255,330,225,-1,225,330,329,-1,225,329,260,-1,260,329,328,-1,260,328,263,-1,263,328,327,-1,263,327,194,-1,194,327,197,-1,331,332,333,-1,333,332,334,-1,333,334,335,-1,336,331,337,-1,337,331,338,-1,336,339,331,-1,331,339,340,-1,331,340,341,-1,341,342,331,-1,331,342,343,-1,331,343,344,-1,344,345,331,-1,331,345,346,-1,331,346,332,-1,347,348,349,-1,349,348,350,-1,349,350,351,-1,351,350,352,-1,353,354,355,-1,355,354,356,-1,355,356,357,-1,357,356,358,-1,214,359,215,-1,215,359,360,-1,214,313,359,-1,359,313,319,-1,359,319,361,-1,211,362,212,-1,212,362,361,-1,212,361,320,-1,320,361,319,-1,211,321,362,-1,362,321,209,-1,362,209,363,-1,252,357,250,-1,250,357,358,-1,250,358,248,-1,248,358,363,-1,248,363,208,-1,208,363,209,-1,364,365,366,-1,366,365,354,-1,366,354,367,-1,367,354,353,-1,367,353,368,-1,364,369,365,-1,365,369,370,-1,365,370,371,-1,372,373,374,-1,374,373,371,-1,374,371,375,-1,375,371,370,-1,372,376,373,-1,373,376,377,-1,373,377,378,-1,377,379,378,-1,378,379,380,-1,378,380,381,-1,382,383,384,-1,384,383,381,-1,384,381,385,-1,385,381,380,-1,382,386,383,-1,383,386,387,-1,383,387,388,-1,389,390,391,-1,391,390,388,-1,391,388,392,-1,392,388,387,-1,389,393,390,-1,390,393,394,-1,390,394,395,-1,396,351,397,-1,397,351,352,-1,397,352,398,-1,398,352,395,-1,398,395,399,-1,399,395,394,-1,243,400,244,-1,244,400,348,-1,244,348,245,-1,245,348,347,-1,245,347,246,-1,243,293,400,-1,400,293,299,-1,400,299,401,-1,220,402,221,-1,221,402,401,-1,221,401,300,-1,300,401,299,-1,220,301,402,-1,402,301,218,-1,402,218,403,-1,218,217,403,-1,403,217,311,-1,403,311,360,-1,360,311,312,-1,360,312,215,-1,156,350,154,-1,154,350,348,-1,154,348,152,-1,152,348,400,-1,152,400,150,-1,150,400,401,-1,150,401,148,-1,148,401,402,-1,148,402,146,-1,146,402,403,-1,146,403,144,-1,144,403,360,-1,144,360,190,-1,190,360,359,-1,190,359,188,-1,188,359,361,-1,188,361,186,-1,186,361,362,-1,186,362,184,-1,184,362,363,-1,184,363,182,-1,182,363,358,-1,182,358,180,-1,180,358,356,-1,180,356,178,-1,178,356,354,-1,178,354,176,-1,176,354,365,-1,176,365,174,-1,174,365,371,-1,174,371,172,-1,172,371,373,-1,172,373,170,-1,170,373,378,-1,170,378,168,-1,168,378,381,-1,168,381,166,-1,166,381,383,-1,166,383,164,-1,164,383,388,-1,164,388,162,-1,162,388,390,-1,162,390,160,-1,160,390,395,-1,160,395,158,-1,158,395,352,-1,158,352,156,-1,156,352,350,-1,399,394,404,-1,389,391,405,-1,382,384,406,-1,385,380,407,-1,379,377,408,-1,372,374,409,-1,397,398,410,-1,396,397,411,-1,411,397,410,-1,411,410,412,-1,412,410,413,-1,413,410,414,-1,413,414,415,-1,415,414,416,-1,416,414,417,-1,416,417,418,-1,419,420,421,-1,421,420,422,-1,421,422,417,-1,417,422,423,-1,417,423,418,-1,419,421,424,-1,424,421,425,-1,424,425,426,-1,426,425,427,-1,427,425,333,-1,427,333,335,-1,334,332,428,-1,428,332,429,-1,428,429,430,-1,431,432,429,-1,429,432,433,-1,429,433,430,-1,434,435,436,-1,436,435,437,-1,436,437,431,-1,431,437,438,-1,431,438,432,-1,434,436,439,-1,439,436,440,-1,439,440,441,-1,441,440,442,-1,442,440,443,-1,442,443,444,-1,364,366,443,-1,443,366,367,-1,444,443,445,-1,445,443,367,-1,445,367,368,-1,345,344,446,-1,446,344,447,-1,446,447,448,-1,448,447,449,-1,448,449,450,-1,450,449,451,-1,450,451,452,-1,452,451,453,-1,452,453,454,-1,454,453,409,-1,336,337,455,-1,455,337,456,-1,455,456,457,-1,457,456,458,-1,457,458,459,-1,459,458,460,-1,459,460,461,-1,461,460,462,-1,461,462,463,-1,463,462,405,-1,369,364,464,-1,464,364,443,-1,464,443,465,-1,465,443,440,-1,465,440,466,-1,466,440,436,-1,466,436,467,-1,467,436,431,-1,467,431,468,-1,468,431,429,-1,468,429,346,-1,346,429,332,-1,346,345,468,-1,468,345,446,-1,468,446,467,-1,467,446,448,-1,467,448,466,-1,466,448,450,-1,466,450,465,-1,465,450,452,-1,465,452,464,-1,464,452,454,-1,464,454,369,-1,369,454,370,-1,409,374,454,-1,454,374,375,-1,454,375,370,-1,376,372,469,-1,469,372,409,-1,469,409,470,-1,470,409,453,-1,470,453,471,-1,471,453,451,-1,471,451,472,-1,472,451,449,-1,472,449,473,-1,473,449,447,-1,473,447,343,-1,343,447,344,-1,343,342,473,-1,473,342,474,-1,473,474,472,-1,472,474,475,-1,472,475,471,-1,471,475,476,-1,471,476,470,-1,470,476,477,-1,470,477,469,-1,469,477,408,-1,469,408,376,-1,376,408,377,-1,380,379,407,-1,407,379,408,-1,407,408,478,-1,478,408,477,-1,478,477,479,-1,479,477,476,-1,479,476,480,-1,480,476,475,-1,480,475,481,-1,481,475,474,-1,481,474,341,-1,341,474,342,-1,384,385,406,-1,406,385,407,-1,406,407,482,-1,482,407,478,-1,482,478,483,-1,483,478,479,-1,483,479,484,-1,484,479,480,-1,484,480,485,-1,485,480,481,-1,485,481,340,-1,340,481,341,-1,386,382,486,-1,486,382,406,-1,486,406,487,-1,487,406,482,-1,487,482,488,-1,488,482,483,-1,488,483,489,-1,489,483,484,-1,489,484,490,-1,490,484,485,-1,490,485,339,-1,339,485,340,-1,339,336,490,-1,490,336,455,-1,490,455,489,-1,489,455,457,-1,489,457,488,-1,488,457,459,-1,488,459,487,-1,487,459,461,-1,487,461,486,-1,486,461,463,-1,486,463,386,-1,386,463,387,-1,405,391,463,-1,463,391,392,-1,463,392,387,-1,393,389,491,-1,491,389,405,-1,491,405,492,-1,492,405,462,-1,492,462,493,-1,493,462,460,-1,493,460,494,-1,494,460,458,-1,494,458,495,-1,495,458,456,-1,495,456,338,-1,338,456,337,-1,338,331,495,-1,495,331,496,-1,495,496,494,-1,494,496,497,-1,494,497,493,-1,493,497,498,-1,493,498,492,-1,492,498,499,-1,492,499,491,-1,491,499,404,-1,491,404,393,-1,393,404,394,-1,398,399,410,-1,410,399,404,-1,410,404,414,-1,414,404,499,-1,414,499,417,-1,417,499,498,-1,417,498,421,-1,421,498,497,-1,421,497,425,-1,425,497,496,-1,425,496,333,-1,333,496,331,-1,262,264,347,-1,231,236,242,-1,357,252,347,-1,347,252,251,-1,347,251,257,-1,257,256,347,-1,347,256,254,-1,347,254,253,-1,247,246,228,-1,228,246,347,-1,228,347,226,-1,226,347,193,-1,247,228,242,-1,242,228,229,-1,242,229,231,-1,253,258,347,-1,347,258,224,-1,347,224,223,-1,264,265,347,-1,347,265,195,-1,347,195,193,-1,236,235,242,-1,242,235,233,-1,242,233,232,-1,237,239,232,-1,232,239,240,-1,232,240,242,-1,223,259,347,-1,347,259,261,-1,347,261,262,-1,432,438,353,-1,353,351,396,-1,396,411,353,-1,353,411,412,-1,353,412,413,-1,438,437,353,-1,353,437,435,-1,353,435,434,-1,413,415,353,-1,353,415,416,-1,353,416,418,-1,418,423,353,-1,353,423,422,-1,353,422,420,-1,439,441,434,-1,434,441,442,-1,434,442,444,-1,444,445,434,-1,434,445,368,-1,434,368,353,-1,420,419,353,-1,353,419,424,-1,353,424,426,-1,353,334,428,-1,426,427,353,-1,353,427,335,-1,353,335,334,-1,428,430,353,-1,353,430,433,-1,353,433,432,-1,351,353,349,-1,349,353,355,-1,349,355,347,-1,347,355,357,-1,163,161,129,-1,129,161,159,-1,151,149,139,-1,139,149,147,-1,177,175,122,-1,122,175,173,-1,122,173,171,-1,159,157,129,-1,129,157,155,-1,129,155,139,-1,139,155,153,-1,139,153,151,-1,136,187,185,-1,147,145,139,-1,139,145,191,-1,139,191,136,-1,136,191,189,-1,136,189,187,-1,171,169,122,-1,122,169,167,-1,122,167,129,-1,129,167,165,-1,129,165,163,-1,185,183,136,-1,136,183,181,-1,136,181,122,-1,122,181,179,-1,122,179,177,-1,500,501,502,-1,502,503,504,-1,505,506,502,-1,502,506,507,-1,502,507,508,-1,509,510,511,-1,504,512,502,-1,502,512,513,-1,502,513,505,-1,514,515,516,-1,516,515,517,-1,518,519,520,-1,521,522,523,-1,520,524,518,-1,518,524,525,-1,518,525,526,-1,526,525,516,-1,526,516,527,-1,527,516,517,-1,528,529,132,-1,132,529,530,-1,521,523,531,-1,532,533,534,-1,534,533,535,-1,534,535,536,-1,536,535,537,-1,536,537,538,-1,539,540,541,-1,511,542,509,-1,509,542,543,-1,509,543,544,-1,545,546,547,-1,547,546,548,-1,547,548,549,-1,549,548,550,-1,508,551,502,-1,502,551,552,-1,502,552,553,-1,539,541,554,-1,540,555,541,-1,541,555,556,-1,541,556,557,-1,530,558,132,-1,132,558,559,-1,132,559,560,-1,545,561,546,-1,546,561,562,-1,546,562,563,-1,563,562,564,-1,563,564,565,-1,553,566,502,-1,502,566,567,-1,502,567,568,-1,569,570,571,-1,519,518,534,-1,534,518,572,-1,534,572,532,-1,573,574,575,-1,575,574,576,-1,575,576,577,-1,578,579,580,-1,581,582,583,-1,583,582,584,-1,565,585,563,-1,563,585,586,-1,563,586,502,-1,502,586,587,-1,502,587,503,-1,502,588,589,-1,590,591,592,-1,593,594,595,-1,595,594,538,-1,522,596,523,-1,523,596,597,-1,523,597,598,-1,598,597,569,-1,598,569,599,-1,599,569,571,-1,132,600,601,-1,578,580,602,-1,603,579,604,-1,604,579,605,-1,603,606,579,-1,579,606,607,-1,579,607,580,-1,581,608,582,-1,582,608,609,-1,582,609,610,-1,580,595,523,-1,568,611,502,-1,502,611,612,-1,502,612,588,-1,589,613,502,-1,502,613,614,-1,502,614,615,-1,616,615,592,-1,592,615,617,-1,538,537,595,-1,595,537,618,-1,595,618,523,-1,523,618,619,-1,523,619,531,-1,620,621,622,-1,623,624,132,-1,132,624,625,-1,132,625,626,-1,626,627,132,-1,132,627,628,-1,132,628,580,-1,580,628,629,-1,580,629,602,-1,584,582,579,-1,579,582,630,-1,579,630,605,-1,132,631,632,-1,592,591,595,-1,595,591,633,-1,595,633,593,-1,634,635,636,-1,637,638,639,-1,639,638,640,-1,639,640,641,-1,573,575,601,-1,601,575,642,-1,601,642,132,-1,132,642,643,-1,132,643,644,-1,645,646,615,-1,560,647,132,-1,132,647,648,-1,132,648,623,-1,649,650,132,-1,132,650,651,-1,132,651,631,-1,632,652,132,-1,132,652,653,-1,132,653,654,-1,655,656,131,-1,577,576,637,-1,637,576,657,-1,637,657,658,-1,644,659,132,-1,132,659,660,-1,132,660,528,-1,646,661,615,-1,615,661,662,-1,615,662,663,-1,557,664,541,-1,541,664,665,-1,541,665,666,-1,666,665,667,-1,666,667,668,-1,668,667,669,-1,668,669,670,-1,670,669,639,-1,670,639,671,-1,671,639,641,-1,617,672,592,-1,592,672,673,-1,592,673,590,-1,674,622,675,-1,675,622,676,-1,621,677,622,-1,622,677,678,-1,622,678,679,-1,680,681,682,-1,682,681,683,-1,658,684,637,-1,637,684,685,-1,637,685,638,-1,679,686,622,-1,622,686,687,-1,622,687,688,-1,688,689,622,-1,622,689,690,-1,622,690,131,-1,131,690,691,-1,131,691,655,-1,635,634,692,-1,692,634,693,-1,692,693,683,-1,683,693,694,-1,683,694,682,-1,680,695,681,-1,681,695,696,-1,681,696,697,-1,697,696,698,-1,616,699,615,-1,615,699,700,-1,615,700,645,-1,645,700,701,-1,645,701,702,-1,703,704,132,-1,132,704,509,-1,132,509,649,-1,649,509,544,-1,674,705,622,-1,622,705,706,-1,622,706,707,-1,707,708,622,-1,622,708,709,-1,622,709,620,-1,710,711,132,-1,132,711,712,-1,132,712,600,-1,636,713,634,-1,634,713,714,-1,634,714,715,-1,716,717,132,-1,132,717,718,-1,132,718,703,-1,523,719,580,-1,580,719,720,-1,580,720,721,-1,721,722,580,-1,580,722,723,-1,580,723,132,-1,132,723,724,-1,132,724,716,-1,656,725,131,-1,131,725,726,-1,131,726,132,-1,132,726,727,-1,132,727,728,-1,728,729,132,-1,132,729,634,-1,132,634,710,-1,710,634,715,-1,541,730,142,-1,142,730,731,-1,676,622,731,-1,731,622,140,-1,731,140,142,-1,143,732,733,-1,733,734,143,-1,143,734,500,-1,143,500,142,-1,142,500,502,-1,142,502,541,-1,541,502,615,-1,541,615,554,-1,554,615,663,-1,735,736,737,-1,738,739,502,-1,502,739,740,-1,738,741,742,-1,743,744,745,-1,737,736,746,-1,747,748,749,-1,750,751,752,-1,752,751,753,-1,752,753,754,-1,742,755,738,-1,738,755,756,-1,738,756,757,-1,741,738,758,-1,758,738,502,-1,758,502,759,-1,759,502,501,-1,759,501,745,-1,744,760,745,-1,745,760,761,-1,745,761,759,-1,762,763,764,-1,764,763,765,-1,764,765,766,-1,767,768,737,-1,737,768,769,-1,737,769,770,-1,771,772,132,-1,773,762,774,-1,770,775,737,-1,737,775,776,-1,737,776,735,-1,749,748,777,-1,777,748,778,-1,777,778,754,-1,754,778,779,-1,754,779,752,-1,771,132,780,-1,772,781,132,-1,132,781,782,-1,132,782,783,-1,767,737,784,-1,784,737,785,-1,784,785,786,-1,762,787,788,-1,789,790,791,-1,746,736,749,-1,749,736,792,-1,749,792,747,-1,793,766,794,-1,794,766,765,-1,794,765,740,-1,740,765,780,-1,740,780,502,-1,502,780,132,-1,502,132,563,-1,563,132,654,-1,783,795,132,-1,132,795,796,-1,132,796,750,-1,797,798,799,-1,799,798,800,-1,799,800,801,-1,743,745,785,-1,785,745,802,-1,785,802,786,-1,773,803,762,-1,762,803,804,-1,762,804,787,-1,788,805,762,-1,762,805,806,-1,762,806,763,-1,807,808,789,-1,789,808,809,-1,789,809,790,-1,752,810,750,-1,750,810,811,-1,750,811,132,-1,132,811,124,-1,812,774,813,-1,813,774,814,-1,812,815,774,-1,774,815,816,-1,774,816,773,-1,793,817,766,-1,766,817,818,-1,766,818,819,-1,820,821,124,-1,124,821,822,-1,124,822,732,-1,822,823,732,-1,732,823,799,-1,732,799,733,-1,733,799,801,-1,733,801,824,-1,791,825,789,-1,789,825,766,-1,789,766,826,-1,826,766,819,-1,827,828,124,-1,124,828,829,-1,124,829,820,-1,811,830,124,-1,124,830,831,-1,124,831,832,-1,833,834,832,-1,832,834,835,-1,832,835,124,-1,124,835,836,-1,124,836,837,-1,837,838,124,-1,124,838,839,-1,124,839,827,-1,143,136,732,-1,732,136,122,-1,732,122,124,-1,131,129,622,-1,622,129,139,-1,622,139,140,-1,135,123,137,-1,137,123,126,-1,141,130,134,-1,134,130,125,-1,130,141,119,-1,119,141,121,-1,134,125,135,-1,135,125,123,-1,27,25,29,-1,29,25,31,-1,24,26,30,-1,30,26,28,-1,
        ]
    }
}
Shape{
    appearance Appearance {
        material  Material 	{
            diffuseColor 0.24705882352941178 0.49411764705882355 0.27450980392156865
            specularColor 0.01568627450980392 0.03529411764705882 0.0196078431372549
            ambientIntensity 0.5646
            transparency 0.0
            shininess 0.5
        }
    }
    geometry IndexedFaceSet {
        ccw TRUE
        solid FALSE
        coord DEF co Coordinate {
            point [
                3.5827 -2.2047 -0.0394, 3.5827 -2.2047 5.0787, 3.7402 -2.2047 -0.0394, 3.7402 -2.2047 5.0787, 3.5827 -2.0079 5.0787, 3.7402 -2.0079 5.0787, 3.5827 -2.0079 -0.0394, 3.7402 -2.0079 -0.0394, 3.5827 1.6535 -0.0394, 3.5827 1.6535 3.8976, 3.7402 1.6535 -0.0394, 3.7402 1.6535 3.8976, 3.5827 1.8504 3.8976, 3.7402 1.8504 3.8976, 3.5827 1.8504 -0.0394, 3.7402 1.8504 -0.0394, 1.5094 -0.6704 1.2638, 1.5094 -0.6704 1.2598, 1.5276 -0.7548 1.2638, 1.5276 -0.7548 1.2598, 1.5009 -0.6274 1.2638, 1.5009 -0.6274 1.2598, 1.4975 -0.6138 1.2638, 1.4975 -0.6138 1.2598, 1.4968 -0.6118 1.2638, 1.4968 -0.6118 1.2598, 1.4961 -0.6105 1.2638, 1.4961 -0.6105 1.2598, 1.4955 -0.6096 1.2638, 1.4955 -0.6096 1.2598, 1.495 -0.609 1.2638, 1.495 -0.609 1.2598, 1.4945 -0.6086 1.2638, 1.4945 -0.6086 1.2598, 1.494 -0.6084 1.2638, 1.494 -0.6084 1.2598, 1.4936 -0.6083 1.2638, 1.4936 -0.6083 1.2598, 1.4932 -0.6084 1.2638, 1.4932 -0.6084 1.2598, 1.4927 -0.6085 1.2638, 1.4927 -0.6085 1.2598, 1.4924 -0.6088 1.2638, 1.4924 -0.6088 1.2598, 1.492 -0.6092 1.2638, 1.492 -0.6092 1.2598, 1.4917 -0.6097 1.2638, 1.4917 -0.6097 1.2598, 1.4913 -0.6112 1.2638, 1.4913 -0.6112 1.2598, 1.4903 -0.6183 1.2638, 1.4903 -0.6183 1.2598, 1.4895 -0.6251 1.2638, 1.4895 -0.6251 1.2598, 1.4868 -0.6489 1.2638, 1.4868 -0.6489 1.2598, 1.486 -0.6599 1.2638, 1.486 -0.6599 1.2598, 1.4862 -0.6651 1.2638, 1.4862 -0.6651 1.2598, 1.4873 -0.6682 1.2638, 1.4873 -0.6682 1.2598, 1.4885 -0.6704 1.2638, 1.4885 -0.6704 1.2598, 1.4913 -0.6755 1.2638, 1.4913 -0.6755 1.2598, 1.4987 -0.7003 1.2638, 1.4987 -0.7003 1.2598, 1.5049 -0.7254 1.2638, 1.5049 -0.7254 1.2598, 1.5627 -0.9931 1.2598, 1.5632 -0.9954 1.2638, 1.5632 -0.9954 1.2598, 1.5711 -0.9954 1.2638, 1.5711 -0.9954 1.2598, 1.626 -0.7525 1.2638, 1.626 -0.7525 1.2598, 1.5716 -0.9931 1.2598, 1.6328 -0.7242 1.2638, 1.6328 -0.7242 1.2598, 1.6358 -0.7108 1.2638, 1.6358 -0.7108 1.2598, 1.6396 -0.6976 1.2638, 1.6396 -0.6976 1.2598, 1.6436 -0.6869 1.2638, 1.6436 -0.6869 1.2598, 1.6472 -0.6768 1.2638, 1.6472 -0.6768 1.2598, 1.6496 -0.6732 1.2638, 1.6496 -0.6732 1.2598, 1.6513 -0.6711 1.2638, 1.6513 -0.6711 1.2598, 1.652 -0.6702 1.2638, 1.652 -0.6702 1.2598, 1.6523 -0.6696 1.2638, 1.6523 -0.6696 1.2598, 1.6524 -0.669 1.2638, 1.6524 -0.669 1.2598, 1.6524 -0.6669 1.2638, 1.6524 -0.6669 1.2598, 1.6516 -0.6536 1.2638, 1.6516 -0.6536 1.2598, 1.6515 -0.6534 1.2638, 1.6515 -0.6534 1.2598, 1.6493 -0.628 1.2638, 1.6493 -0.628 1.2598, 1.6481 -0.6183 1.2638, 1.6481 -0.6183 1.2598, 1.6479 -0.6153 1.2638, 1.6479 -0.6153 1.2598, 1.6476 -0.6132 1.2638, 1.6476 -0.6132 1.2598, 1.6473 -0.6118 1.2638, 1.6473 -0.6118 1.2598, 1.6471 -0.6109 1.2638, 1.6471 -0.6109 1.2598, 1.6468 -0.6103 1.2638, 1.6468 -0.6103 1.2598, 1.6465 -0.6098 1.2638, 1.6465 -0.6098 1.2598, 1.6461 -0.6095 1.2638, 1.6461 -0.6095 1.2598, 1.6457 -0.6093 1.2638, 1.6457 -0.6093 1.2598, 1.6453 -0.6092 1.2638, 1.6453 -0.6092 1.2598, 1.6449 -0.6092 1.2638, 1.6449 -0.6092 1.2598, 1.6443 -0.6093 1.2638, 1.6443 -0.6093 1.2598, 1.6437 -0.6096 1.2638, 1.6437 -0.6096 1.2598, 1.6433 -0.61 1.2638, 1.6433 -0.61 1.2598, 1.6428 -0.6107 1.2638, 1.6428 -0.6107 1.2598, 1.6423 -0.6117 1.2638, 1.6423 -0.6117 1.2598, 1.6419 -0.6132 1.2638, 1.6419 -0.6132 1.2598, 1.638 -0.6359 1.2638, 1.638 -0.6359 1.2598, 1.6046 -0.7734 1.2638, 1.6046 -0.7734 1.2598, 1.5671 -0.941 1.2638, 1.5303 -0.7746 1.2638, 1.6034 -0.782 1.2638, 1.5881 -0.7967 1.2638, 1.5739 -0.787 1.2638, 1.5691 -0.7844 1.2638, 1.5526 -0.7793 1.2638, 1.5303 -0.7746 1.2598, 1.5671 -0.941 1.2598, 1.5526 -0.7793 1.2598, 1.5691 -0.7844 1.2598, 1.5739 -0.787 1.2598, 1.5881 -0.7967 1.2598, 1.6034 -0.782 1.2598, 1.2822 -0.9598 1.2638, 1.2822 -0.9598 1.2598, 1.2923 -0.9513 1.2638, 1.2923 -0.9513 1.2598, 1.2797 -0.9618 1.2638, 1.2797 -0.9618 1.2598, 1.2781 -0.9637 1.2638, 1.2781 -0.9637 1.2598, 1.2772 -0.9658 1.2638, 1.2772 -0.9658 1.2598, 1.2769 -0.9671 1.2638, 1.2769 -0.9671 1.2598, 1.2769 -0.9685 1.2638, 1.2769 -0.9685 1.2598, 1.2773 -0.9699 1.2638, 1.2773 -0.9699 1.2598, 1.2778 -0.9708 1.2638, 1.2778 -0.9708 1.2598, 1.2786 -0.9717 1.2638, 1.2786 -0.9717 1.2598, 1.2793 -0.9723 1.2638, 1.2793 -0.9723 1.2598, 1.2896 -0.9705 1.2638, 1.2896 -0.9705 1.2598, 1.3014 -0.9705 1.2638, 1.3014 -0.9705 1.2598, 1.3062 -0.9714 1.2638, 1.3062 -0.9714 1.2598, 1.311 -0.9723 1.2638, 1.311 -0.9723 1.2598, 1.3229 -0.9733 1.2638, 1.3229 -0.9733 1.2598, 1.3444 -0.9796 1.2638, 1.3444 -0.9796 1.2598, 1.3568 -0.982 1.2638, 1.3568 -0.982 1.2598, 1.3693 -0.983 1.2638, 1.3693 -0.983 1.2598, 1.3869 -0.9819 1.2638, 1.3869 -0.9819 1.2598, 1.3997 -0.9788 1.2638, 1.3997 -0.9788 1.2598, 1.4101 -0.9734 1.2638, 1.4101 -0.9734 1.2598, 1.4194 -0.9651 1.2638, 1.4194 -0.9651 1.2598, 1.4285 -0.952 1.2638, 1.4285 -0.952 1.2598, 1.4373 -0.9289 1.2638, 1.4373 -0.9289 1.2598, 1.4455 -0.8655 1.2638, 1.4455 -0.8655 1.2598, 1.4481 -0.787 1.2638, 1.4481 -0.787 1.2598, 1.4424 -0.7202 1.2638, 1.4424 -0.7202 1.2598, 1.4316 -0.6827 1.2638, 1.4316 -0.6827 1.2598, 1.4198 -0.6617 1.2638, 1.4198 -0.6617 1.2598, 1.4099 -0.65 1.2638, 1.4099 -0.65 1.2598, 1.399 -0.6419 1.2638, 1.399 -0.6419 1.2598, 1.3884 -0.6377 1.2638, 1.3884 -0.6377 1.2598, 1.3473 -0.6313 1.2638, 1.3473 -0.6313 1.2598, 1.3224 -0.6285 1.2638, 1.3224 -0.6285 1.2598, 1.3131 -0.626 1.2638, 1.3131 -0.626 1.2598, 1.3072 -0.6224 1.2638, 1.3072 -0.6224 1.2598, 1.3053 -0.6213 1.2638, 1.3053 -0.6213 1.2598, 1.3048 -0.6212 1.2638, 1.3048 -0.6212 1.2598, 1.3033 -0.6213 1.2638, 1.3033 -0.6213 1.2598, 1.3022 -0.6217 1.2638, 1.3022 -0.6217 1.2598, 1.2985 -0.6244 1.2638, 1.2985 -0.6244 1.2598, 1.2904 -0.6319 1.2638, 1.2904 -0.6319 1.2598, 1.2878 -0.6348 1.2638, 1.2878 -0.6348 1.2598, 1.281 -0.6421 1.2638, 1.281 -0.6421 1.2598, 1.2796 -0.6436 1.2638, 1.2796 -0.6436 1.2598, 1.2786 -0.6448 1.2638, 1.2786 -0.6448 1.2598, 1.278 -0.6457 1.2638, 1.278 -0.6457 1.2598, 1.2776 -0.6464 1.2638, 1.2776 -0.6464 1.2598, 1.2774 -0.647 1.2638, 1.2774 -0.647 1.2598, 1.2774 -0.6477 1.2638, 1.2774 -0.6477 1.2598, 1.2775 -0.6484 1.2638, 1.2775 -0.6484 1.2598, 1.278 -0.6496 1.2638, 1.278 -0.6496 1.2598, 1.2783 -0.65 1.2638, 1.2783 -0.65 1.2598, 1.2785 -0.6503 1.2638, 1.2785 -0.6503 1.2598, 1.2788 -0.6505 1.2638, 1.2788 -0.6505 1.2598, 1.2794 -0.6507 1.2638, 1.2794 -0.6507 1.2598, 1.2808 -0.6508 1.2638, 1.2808 -0.6508 1.2598, 1.2828 -0.6506 1.2638, 1.2828 -0.6506 1.2598, 1.2906 -0.6506 1.2638, 1.2906 -0.6506 1.2598, 1.2997 -0.6506 1.2638, 1.2997 -0.6506 1.2598, 1.2997 -0.9473 1.2638, 1.2997 -0.9473 1.2598, 1.2959 -0.9491 1.2638, 1.2959 -0.9491 1.2598, 1.3156 -0.9513 1.2638, 1.3156 -0.6517 1.2638, 1.3881 -0.6601 1.2638, 1.3755 -0.6568 1.2638, 1.358 -0.6546 1.2638, 1.3331 -0.6517 1.2638, 1.3973 -0.6641 1.2638, 1.3243 -0.6514 1.2638, 1.3263 -0.9558 1.2638, 1.3504 -0.9614 1.2638, 1.375 -0.9632 1.2638, 1.39 -0.9603 1.2638, 1.4309 -0.7535 1.2638, 1.4219 -0.7032 1.2638, 1.4107 -0.678 1.2638, 1.4041 -0.6695 1.2638, 1.4009 -0.956 1.2638, 1.4076 -0.9511 1.2638, 1.4144 -0.943 1.2638, 1.4207 -0.9308 1.2638, 1.4256 -0.9138 1.2638, 1.4323 -0.8369 1.2638, 1.358 -0.6546 1.2598, 1.3331 -0.6517 1.2598, 1.3755 -0.6568 1.2598, 1.3881 -0.6601 1.2598, 1.3973 -0.6641 1.2598, 1.4041 -0.6695 1.2598, 1.4107 -0.678 1.2598, 1.4219 -0.7032 1.2598, 1.4309 -0.7535 1.2598, 1.4323 -0.8369 1.2598, 1.4256 -0.9138 1.2598, 1.4207 -0.9308 1.2598, 1.4144 -0.943 1.2598, 1.4076 -0.9511 1.2598, 1.4009 -0.956 1.2598, 1.39 -0.9603 1.2598, 1.375 -0.9632 1.2598, 1.3504 -0.9614 1.2598, 1.3263 -0.9558 1.2598, 1.3156 -0.9513 1.2598, 1.3156 -0.6517 1.2598, 1.3243 -0.6514 1.2598, 1.1597 -0.8301 1.2638, 1.1597 -0.8301 1.2598, 1.1121 -0.8239 1.2638, 1.1121 -0.8239 1.2598, 1.1793 -0.834 1.2638, 1.1793 -0.834 1.2598, 1.1919 -0.8385 1.2638, 1.1919 -0.8385 1.2598, 1.1976 -0.842 1.2638, 1.1976 -0.842 1.2598, 1.2027 -0.8448 1.2638, 1.2027 -0.8448 1.2598, 1.2192 -0.8284 1.2638, 1.2192 -0.8284 1.2598, 1.2203 -0.8268 1.2638, 1.2203 -0.8268 1.2598, 1.2211 -0.8256 1.2638, 1.2211 -0.8256 1.2598, 1.2215 -0.8244 1.2638, 1.2215 -0.8244 1.2598, 1.2217 -0.8235 1.2638, 1.2217 -0.8235 1.2598, 1.2216 -0.8226 1.2638, 1.2216 -0.8226 1.2598, 1.2213 -0.8217 1.2638, 1.2213 -0.8217 1.2598, 1.2206 -0.8205 1.2638, 1.2206 -0.8205 1.2598, 1.2198 -0.8197 1.2638, 1.2198 -0.8197 1.2598, 1.2188 -0.8192 1.2638, 1.2188 -0.8192 1.2598, 1.2177 -0.8189 1.2638, 1.2177 -0.8189 1.2598, 1.2163 -0.8187 1.2638, 1.2163 -0.8187 1.2598, 1.1121 -0.8041 1.2638, 1.1121 -0.8041 1.2598, 1.1121 -0.6506 1.2638, 1.1121 -0.6506 1.2598, 1.1965 -0.6624 1.2638, 1.1965 -0.6624 1.2598, 1.2047 -0.6646 1.2638, 1.2047 -0.6646 1.2598, 1.2124 -0.6681 1.2638, 1.2124 -0.6681 1.2598, 1.2174 -0.671 1.2638, 1.2174 -0.671 1.2598, 1.2333 -0.6534 1.2638, 1.2333 -0.6534 1.2598, 1.235 -0.651 1.2638, 1.235 -0.651 1.2598, 1.2355 -0.6497 1.2638, 1.2355 -0.6497 1.2598, 1.2356 -0.6487 1.2638, 1.2356 -0.6487 1.2598, 1.2356 -0.6479 1.2638, 1.2356 -0.6479 1.2598, 1.2353 -0.647 1.2638, 1.2353 -0.647 1.2598, 1.2347 -0.6459 1.2638, 1.2347 -0.6459 1.2598, 1.2343 -0.6454 1.2638, 1.2343 -0.6454 1.2598, 1.2339 -0.645 1.2638, 1.2339 -0.645 1.2598, 1.2333 -0.6448 1.2638, 1.2333 -0.6448 1.2598, 1.2332 -0.6447 1.2638, 1.2332 -0.6447 1.2598, 1.2317 -0.6444 1.2638, 1.2317 -0.6444 1.2598, 1.2299 -0.6443 1.2638, 1.2299 -0.6443 1.2598, 1.2214 -0.6438 1.2638, 1.2214 -0.6438 1.2598, 1.1786 -0.6386 1.2638, 1.1786 -0.6386 1.2598, 1.1359 -0.6319 1.2638, 1.1359 -0.6319 1.2598, 1.1099 -0.6274 1.2638, 1.1099 -0.6274 1.2598, 1.1036 -0.6251 1.2638, 1.1036 -0.6251 1.2598, 1.0996 -0.6241 1.2638, 1.0996 -0.6241 1.2598, 1.0967 -0.6239 1.2638, 1.0967 -0.6239 1.2598, 1.0952 -0.6242 1.2638, 1.0952 -0.6242 1.2598, 1.0939 -0.6248 1.2638, 1.0939 -0.6248 1.2598, 1.0924 -0.6259 1.2638, 1.0924 -0.6259 1.2598, 1.0913 -0.6273 1.2638, 1.0913 -0.6273 1.2598, 1.0907 -0.6286 1.2638, 1.0907 -0.6286 1.2598, 1.0903 -0.6309 1.2638, 1.0903 -0.6309 1.2598, 1.0904 -0.6341 1.2638, 1.0904 -0.6341 1.2598, 1.0906 -0.6353 1.2638, 1.0906 -0.6353 1.2598, 1.0942 -0.6495 1.2638, 1.0942 -0.6495 1.2598, 1.0957 -0.6642 1.2638, 1.0957 -0.6642 1.2598, 1.0957 -0.6749 1.2638, 1.0957 -0.6749 1.2598, 1.096 -0.682 1.2638, 1.096 -0.682 1.2598, 1.0963 -0.6891 1.2638, 1.0963 -0.6891 1.2598, 1.0957 -0.9484 1.2638, 1.0957 -0.9484 1.2598, 1.0893 -0.956 1.2638, 1.0893 -0.956 1.2598, 1.0855 -0.9607 1.2638, 1.0855 -0.9607 1.2598, 1.0832 -0.964 1.2638, 1.0832 -0.964 1.2598, 1.0823 -0.9659 1.2638, 1.0823 -0.9659 1.2598, 1.0818 -0.9687 1.2638, 1.0818 -0.9687 1.2598, 1.0817 -0.9703 1.2638, 1.0817 -0.9703 1.2598, 1.0817 -0.9716 1.2638, 1.0817 -0.9716 1.2598, 1.0818 -0.9721 1.2638, 1.0818 -0.9721 1.2598, 1.082 -0.9726 1.2638, 1.082 -0.9726 1.2598, 1.0822 -0.9728 1.2638, 1.0822 -0.9728 1.2598, 1.0824 -0.973 1.2638, 1.0824 -0.973 1.2598, 1.0827 -0.9732 1.2638, 1.0827 -0.9732 1.2598, 1.0835 -0.9734 1.2638, 1.0835 -0.9734 1.2598, 1.085 -0.9735 1.2638, 1.085 -0.9735 1.2598, 1.0866 -0.9733 1.2638, 1.0866 -0.9733 1.2598, 1.0974 -0.9717 1.2638, 1.0974 -0.9717 1.2598, 1.107 -0.9705 1.2638, 1.107 -0.9705 1.2598, 1.1167 -0.9705 1.2638, 1.1167 -0.9705 1.2598, 1.1183 -0.9705 1.2638, 1.1183 -0.9705 1.2598, 1.1294 -0.9708 1.2638, 1.1294 -0.9708 1.2598, 1.1404 -0.9723 1.2638, 1.1404 -0.9723 1.2598, 1.1625 -0.9762 1.2638, 1.1625 -0.9762 1.2598, 1.1821 -0.9801 1.2638, 1.1821 -0.9801 1.2598, 1.1974 -0.9857 1.2638, 1.1974 -0.9857 1.2598, 1.2005 -0.9875 1.2638, 1.2005 -0.9875 1.2598, 1.2056 -0.9909 1.2638, 1.2056 -0.9909 1.2598, 1.2219 -0.9739 1.2638, 1.2219 -0.9739 1.2598, 1.223 -0.9721 1.2638, 1.223 -0.9721 1.2598, 1.2237 -0.9707 1.2638, 1.2237 -0.9707 1.2598, 1.2241 -0.9697 1.2638, 1.2241 -0.9697 1.2598, 1.2242 -0.9689 1.2638, 1.2242 -0.9689 1.2598, 1.2241 -0.9681 1.2638, 1.2241 -0.9681 1.2598, 1.2239 -0.9673 1.2638, 1.2239 -0.9673 1.2598, 1.2234 -0.9666 1.2638, 1.2234 -0.9666 1.2598, 1.2226 -0.9659 1.2638, 1.2226 -0.9659 1.2598, 1.2216 -0.9653 1.2638, 1.2216 -0.9653 1.2598, 1.2205 -0.965 1.2638, 1.2205 -0.965 1.2598, 1.2192 -0.9649 1.2638, 1.2192 -0.9649 1.2598, 1.2101 -0.9637 1.2638, 1.2101 -0.9637 1.2598, 1.1968 -0.9619 1.2638, 1.1968 -0.9619 1.2598, 1.1834 -0.9603 1.2638, 1.1834 -0.9603 1.2598, 1.1121 -0.9484 1.2638, 1.1121 -0.9484 1.2598, 1.0259 -0.9824 1.2638, 1.0259 -0.9824 1.2598, 1.0174 -0.9824 1.2638, 1.0174 -0.9824 1.2598, 1.0259 -0.8312 1.2638, 1.0259 -0.8312 1.2598, 1.0151 -0.8312 1.2638, 1.0151 -0.8312 1.2598, 1.0104 -0.911 1.2638, 1.0104 -0.911 1.2598, 1.0034 -0.9367 1.2638, 1.0034 -0.9367 1.2598, 0.9963 -0.9506 1.2638, 0.9963 -0.9506 1.2598, 0.9894 -0.9588 1.2638, 0.9894 -0.9588 1.2598, 0.9819 -0.9646 1.2638, 0.9819 -0.9646 1.2598, 0.9739 -0.9681 1.2638, 0.9739 -0.9681 1.2598, 0.9653 -0.97 1.2638, 0.9653 -0.97 1.2598, 0.9535 -0.9693 1.2638, 0.9535 -0.9693 1.2598, 0.9434 -0.9659 1.2638, 0.9434 -0.9659 1.2598, 0.9338 -0.9599 1.2638, 0.9338 -0.9599 1.2598, 0.9247 -0.951 1.2638, 0.9247 -0.951 1.2598, 0.9149 -0.9357 1.2638, 0.9149 -0.9357 1.2598, 0.9017 -0.8976 1.2638, 0.9017 -0.8976 1.2598, 0.8966 -0.868 1.2638, 0.8966 -0.868 1.2598, 0.8945 -0.778 1.2638, 0.8945 -0.778 1.2598, 0.9085 -0.6971 1.2638, 0.9085 -0.6971 1.2598, 0.9171 -0.674 1.2638, 0.9171 -0.674 1.2598, 0.93 -0.6558 1.2638, 0.93 -0.6558 1.2598, 0.9382 -0.6483 1.2638, 0.9382 -0.6483 1.2598, 0.9454 -0.644 1.2638, 0.9454 -0.644 1.2598, 0.9529 -0.6417 1.2638, 0.9529 -0.6417 1.2598, 0.9608 -0.641 1.2638, 0.9608 -0.641 1.2598, 0.9735 -0.6419 1.2638, 0.9735 -0.6419 1.2598, 0.986 -0.6466 1.2638, 0.986 -0.6466 1.2598, 0.9961 -0.6537 1.2638, 0.9961 -0.6537 1.2598, 1.0045 -0.6633 1.2638, 1.0045 -0.6633 1.2598, 1.0119 -0.678 1.2638, 1.0119 -0.678 1.2598, 1.02 -0.7154 1.2638, 1.02 -0.7154 1.2598, 1.0224 -0.7322 1.2638, 1.0224 -0.7322 1.2598, 1.0253 -0.7621 1.2638, 1.0253 -0.7621 1.2598, 1.0344 -0.7616 1.2638, 1.0344 -0.7616 1.2598, 1.0301 -0.694 1.2638, 1.0301 -0.694 1.2598, 1.0236 -0.6687 1.2638, 1.0236 -0.6687 1.2598, 1.0139 -0.649 1.2638, 1.0139 -0.649 1.2598, 1.0065 -0.6396 1.2638, 1.0065 -0.6396 1.2598, 0.9957 -0.6309 1.2638, 0.9957 -0.6309 1.2598, 0.982 -0.6245 1.2638, 0.982 -0.6245 1.2598, 0.9687 -0.6223 1.2638, 0.9687 -0.6223 1.2598, 0.9542 -0.6228 1.2638, 0.9542 -0.6228 1.2598, 0.9392 -0.6274 1.2638, 0.9392 -0.6274 1.2598, 0.9261 -0.6351 1.2638, 0.9261 -0.6351 1.2598, 0.9167 -0.6447 1.2638, 0.9167 -0.6447 1.2598, 0.9037 -0.6659 1.2638, 0.9037 -0.6659 1.2598, 0.8879 -0.7133 1.2638, 0.8879 -0.7133 1.2598, 0.8817 -0.7517 1.2638, 0.8817 -0.7517 1.2598, 0.8815 -0.8658 1.2638, 0.8815 -0.8658 1.2598, 0.8952 -0.9271 1.2638, 0.8952 -0.9271 1.2598, 0.9072 -0.9542 1.2638, 0.9072 -0.9542 1.2598, 0.9187 -0.9692 1.2638, 0.9187 -0.9692 1.2598, 0.9363 -0.9828 1.2638, 0.9363 -0.9828 1.2598, 0.9447 -0.9869 1.2638, 0.9447 -0.9869 1.2598, 0.9528 -0.9885 1.2638, 0.9528 -0.9885 1.2598, 0.9608 -0.9886 1.2638, 0.9608 -0.9886 1.2598, 0.9774 -0.9843 1.2638, 0.9774 -0.9843 1.2598, 0.9905 -0.9771 1.2638, 0.9905 -0.9771 1.2598, 1.0018 -0.9669 1.2638, 1.0018 -0.9669 1.2598, 1.0083 -0.9581 1.2638, 1.0083 -0.9581 1.2598, 1.0134 -0.949 1.2638, 1.0134 -0.949 1.2598, 0.7122 -1.0034 1.2598, 0.7122 -1.0034 1.2638, 0.7204 -0.9931 1.2598, 0.7371 -0.9723 1.2638, 0.7371 -0.9723 1.2598, 0.7313 -0.9598 1.2638, 0.7313 -0.9598 1.2598, 0.7288 -0.9438 1.2638, 0.7288 -0.9438 1.2598, 0.7287 -0.9365 1.2638, 0.7287 -0.9365 1.2598, 0.7287 -0.6478 1.2638, 0.7287 -0.6478 1.2598, 0.7723 -0.6514 1.2638, 0.7723 -0.6514 1.2598, 0.793 -0.6546 1.2638, 0.793 -0.6546 1.2598, 0.8 -0.6562 1.2638, 0.8 -0.6562 1.2598, 0.8041 -0.6582 1.2638, 0.8041 -0.6582 1.2598, 0.8093 -0.6627 1.2638, 0.8093 -0.6627 1.2598, 0.8111 -0.6639 1.2638, 0.8111 -0.6639 1.2598, 0.813 -0.6647 1.2638, 0.813 -0.6647 1.2598, 0.8262 -0.6531 1.2638, 0.8262 -0.6531 1.2598, 0.8324 -0.6473 1.2638, 0.8324 -0.6473 1.2598, 0.8345 -0.645 1.2638, 0.8345 -0.645 1.2598, 0.8355 -0.6433 1.2638, 0.8355 -0.6433 1.2598, 0.836 -0.6413 1.2638, 0.836 -0.6413 1.2598, 0.8362 -0.6393 1.2638, 0.8362 -0.6393 1.2598, 0.8356 -0.638 1.2638, 0.8356 -0.638 1.2598, 0.8351 -0.6375 1.2638, 0.8351 -0.6375 1.2598, 0.8343 -0.637 1.2638, 0.8343 -0.637 1.2598, 0.8329 -0.6365 1.2638, 0.8329 -0.6365 1.2598, 0.8308 -0.6362 1.2638, 0.8308 -0.6362 1.2598, 0.8209 -0.636 1.2638, 0.8209 -0.636 1.2598, 0.8065 -0.6339 1.2638, 0.8065 -0.6339 1.2598, 0.7692 -0.6301 1.2638, 0.7692 -0.6301 1.2598, 0.7569 -0.6291 1.2638, 0.7569 -0.6291 1.2598, 0.7332 -0.6268 1.2638, 0.7332 -0.6268 1.2598, 0.7201 -0.6257 1.2638, 0.7201 -0.6257 1.2598, 0.7172 -0.6248 1.2638, 0.7172 -0.6248 1.2598, 0.7156 -0.6247 1.2638, 0.7156 -0.6247 1.2598, 0.7145 -0.6249 1.2638, 0.7145 -0.6249 1.2598, 0.7136 -0.6252 1.2638, 0.7136 -0.6252 1.2598, 0.713 -0.6257 1.2638, 0.713 -0.6257 1.2598, 0.7122 -0.6265 1.2638, 0.7122 -0.6265 1.2598, 0.7113 -0.6282 1.2638, 0.7113 -0.6282 1.2598, 0.7109 -0.6297 1.2638, 0.7109 -0.6297 1.2598, 0.711 -0.6328 1.2638, 0.711 -0.6328 1.2598, 0.7125 -0.6467 1.2638, 0.7125 -0.6467 1.2598, 0.7128 -0.65 1.2638, 0.7128 -0.65 1.2598, 0.7139 -0.6834 1.2638, 0.7139 -0.6834 1.2598, 0.7139 -0.9383 1.2638, 0.7139 -0.9383 1.2598, 0.7136 -0.9659 1.2638, 0.7136 -0.9659 1.2598, 0.7094 -0.9931 1.2638, 0.7094 -0.9931 1.2598, 0.7083 -0.9988 1.2638, 0.7083 -0.9988 1.2598
            ]
        }
        coordIndex [
            0,1,2,-1,2,1,3,-1,1,4,3,-1,3,4,5,-1,4,6,5,-1,5,6,7,-1,6,4,0,-1,0,4,1,-1,8,9,10,-1,10,9,11,-1,9,12,11,-1,11,12,13,-1,12,14,13,-1,13,14,15,-1,14,12,8,-1,8,12,9,-1,16,17,18,-1,18,17,19,-1,20,21,16,-1,16,21,17,-1,22,23,20,-1,20,23,21,-1,23,22,24,-1,23,24,25,-1,25,24,26,-1,25,26,27,-1,27,26,28,-1,27,28,29,-1,29,28,30,-1,29,30,31,-1,31,30,32,-1,31,32,33,-1,33,32,34,-1,33,34,35,-1,35,34,36,-1,35,36,37,-1,37,36,38,-1,37,38,39,-1,39,38,40,-1,39,40,41,-1,41,40,42,-1,41,42,43,-1,43,42,44,-1,43,44,45,-1,45,44,46,-1,45,46,47,-1,47,46,48,-1,47,48,49,-1,49,48,50,-1,49,50,51,-1,51,50,52,-1,51,52,53,-1,54,55,52,-1,52,55,53,-1,55,54,56,-1,55,56,57,-1,57,56,58,-1,57,58,59,-1,59,58,60,-1,59,60,61,-1,61,60,62,-1,61,62,63,-1,64,65,62,-1,62,65,63,-1,65,64,66,-1,65,66,67,-1,67,66,68,-1,67,68,69,-1,69,68,70,-1,70,68,71,-1,70,71,72,-1,73,74,71,-1,71,74,72,-1,75,76,73,-1,73,76,77,-1,73,77,74,-1,78,79,75,-1,75,79,76,-1,79,78,80,-1,79,80,81,-1,81,80,82,-1,81,82,83,-1,84,85,82,-1,82,85,83,-1,85,84,86,-1,85,86,87,-1,87,86,88,-1,87,88,89,-1,89,88,90,-1,89,90,91,-1,91,90,92,-1,91,92,93,-1,93,92,94,-1,93,94,95,-1,95,94,96,-1,95,96,97,-1,97,96,98,-1,97,98,99,-1,99,98,100,-1,99,100,101,-1,101,100,102,-1,101,102,103,-1,104,105,102,-1,102,105,103,-1,106,107,104,-1,104,107,105,-1,107,106,108,-1,107,108,109,-1,109,108,110,-1,109,110,111,-1,111,110,112,-1,111,112,113,-1,113,112,114,-1,113,114,115,-1,115,114,116,-1,115,116,117,-1,117,116,118,-1,117,118,119,-1,119,118,120,-1,119,120,121,-1,121,120,122,-1,121,122,123,-1,123,122,124,-1,123,124,125,-1,125,124,126,-1,125,126,127,-1,127,126,128,-1,127,128,129,-1,129,128,130,-1,129,130,131,-1,131,130,132,-1,131,132,133,-1,133,132,134,-1,133,134,135,-1,135,134,136,-1,135,136,137,-1,137,136,138,-1,137,138,139,-1,140,141,138,-1,138,141,139,-1,142,143,140,-1,140,143,141,-1,142,18,143,-1,143,18,19,-1,144,71,145,-1,145,71,68,-1,22,20,50,-1,142,146,147,-1,88,86,140,-1,140,86,84,-1,147,148,142,-1,142,148,149,-1,142,149,18,-1,18,149,150,-1,66,16,68,-1,68,16,18,-1,68,18,145,-1,145,18,150,-1,84,82,140,-1,140,82,80,-1,140,80,142,-1,142,80,78,-1,142,78,146,-1,146,78,75,-1,146,75,144,-1,144,75,73,-1,144,73,71,-1,16,54,20,-1,20,54,52,-1,20,52,50,-1,110,108,138,-1,138,108,106,-1,138,106,140,-1,140,106,104,-1,104,102,140,-1,140,102,100,-1,140,100,88,-1,88,100,98,-1,88,98,90,-1,66,64,16,-1,16,64,62,-1,16,62,60,-1,48,26,50,-1,50,26,24,-1,50,24,22,-1,60,58,16,-1,16,58,56,-1,16,56,54,-1,96,94,98,-1,98,94,92,-1,98,92,90,-1,134,116,136,-1,136,116,114,-1,136,114,138,-1,138,114,112,-1,138,112,110,-1,134,132,116,-1,116,132,130,-1,116,130,118,-1,46,30,48,-1,48,30,28,-1,48,28,26,-1,46,44,30,-1,30,44,42,-1,30,42,40,-1,34,32,36,-1,36,32,30,-1,36,30,38,-1,38,30,40,-1,126,124,128,-1,128,124,122,-1,128,122,130,-1,130,122,120,-1,130,120,118,-1,145,151,144,-1,144,151,152,-1,151,145,150,-1,151,150,153,-1,153,150,149,-1,153,149,154,-1,154,149,148,-1,154,148,155,-1,147,156,148,-1,148,156,155,-1,146,157,147,-1,147,157,156,-1,152,157,144,-1,144,157,146,-1,158,159,160,-1,160,159,161,-1,159,158,162,-1,159,162,163,-1,163,162,164,-1,163,164,165,-1,165,164,166,-1,165,166,167,-1,167,166,168,-1,167,168,169,-1,169,168,170,-1,169,170,171,-1,171,170,172,-1,171,172,173,-1,173,172,174,-1,173,174,175,-1,175,174,176,-1,175,176,177,-1,177,176,178,-1,177,178,179,-1,180,181,178,-1,178,181,179,-1,182,183,180,-1,180,183,181,-1,183,182,184,-1,183,184,185,-1,185,184,186,-1,185,186,187,-1,188,189,186,-1,186,189,187,-1,190,191,188,-1,188,191,189,-1,191,190,192,-1,191,192,193,-1,193,192,194,-1,193,194,195,-1,195,194,196,-1,195,196,197,-1,197,196,198,-1,197,198,199,-1,199,198,200,-1,199,200,201,-1,201,200,202,-1,201,202,203,-1,203,202,204,-1,203,204,205,-1,205,204,206,-1,205,206,207,-1,207,206,208,-1,207,208,209,-1,209,208,210,-1,209,210,211,-1,211,210,212,-1,211,212,213,-1,213,212,214,-1,213,214,215,-1,215,214,216,-1,215,216,217,-1,217,216,218,-1,217,218,219,-1,219,218,220,-1,219,220,221,-1,221,220,222,-1,221,222,223,-1,223,222,224,-1,223,224,225,-1,226,227,224,-1,224,227,225,-1,227,226,228,-1,227,228,229,-1,229,228,230,-1,229,230,231,-1,231,230,232,-1,231,232,233,-1,233,232,234,-1,233,234,235,-1,235,234,236,-1,235,236,237,-1,237,236,238,-1,237,238,239,-1,239,238,240,-1,239,240,241,-1,241,240,242,-1,241,242,243,-1,243,242,244,-1,243,244,245,-1,246,247,244,-1,244,247,245,-1,247,246,248,-1,247,248,249,-1,249,248,250,-1,249,250,251,-1,251,250,252,-1,251,252,253,-1,253,252,254,-1,253,254,255,-1,255,254,256,-1,255,256,257,-1,257,256,258,-1,257,258,259,-1,259,258,260,-1,259,260,261,-1,261,260,262,-1,261,262,263,-1,263,262,264,-1,263,264,265,-1,265,264,266,-1,265,266,267,-1,267,266,268,-1,267,268,269,-1,269,268,270,-1,269,270,271,-1,271,270,272,-1,271,272,273,-1,273,272,274,-1,273,274,275,-1,276,277,274,-1,274,277,275,-1,278,279,276,-1,276,279,277,-1,280,281,278,-1,278,281,279,-1,281,280,282,-1,281,282,283,-1,283,282,160,-1,283,160,161,-1,252,250,274,-1,182,180,284,-1,180,178,158,-1,158,178,176,-1,158,176,162,-1,158,160,180,-1,180,160,282,-1,180,282,284,-1,284,282,280,-1,284,280,285,-1,286,287,242,-1,242,287,288,-1,242,288,289,-1,250,248,274,-1,274,248,246,-1,274,246,276,-1,276,246,244,-1,276,244,278,-1,278,244,242,-1,242,240,286,-1,286,240,228,-1,286,228,290,-1,280,278,285,-1,285,278,242,-1,285,242,291,-1,291,242,289,-1,292,293,190,-1,190,293,192,-1,192,293,294,-1,192,294,194,-1,268,266,264,-1,190,188,292,-1,292,188,186,-1,292,186,284,-1,284,186,184,-1,284,184,182,-1,194,294,196,-1,196,294,295,-1,196,295,198,-1,274,260,258,-1,174,166,176,-1,176,166,164,-1,176,164,162,-1,174,172,166,-1,166,172,170,-1,166,170,168,-1,296,297,214,-1,260,274,262,-1,262,274,272,-1,262,272,264,-1,264,272,270,-1,264,270,268,-1,258,256,274,-1,274,256,254,-1,274,254,252,-1,236,234,238,-1,238,234,232,-1,238,232,240,-1,240,232,230,-1,240,230,228,-1,214,297,216,-1,228,226,290,-1,290,226,224,-1,290,224,222,-1,297,298,216,-1,216,298,299,-1,216,299,218,-1,218,299,290,-1,218,290,220,-1,220,290,222,-1,198,295,200,-1,200,295,300,-1,200,300,202,-1,202,300,301,-1,202,301,204,-1,204,301,302,-1,204,302,206,-1,302,303,206,-1,206,303,304,-1,206,304,208,-1,208,304,305,-1,208,305,210,-1,210,305,296,-1,210,296,212,-1,212,296,214,-1,288,306,289,-1,289,306,307,-1,306,288,287,-1,306,287,308,-1,308,287,286,-1,308,286,309,-1,309,286,290,-1,309,290,310,-1,310,290,299,-1,310,299,311,-1,311,299,298,-1,311,298,312,-1,312,298,297,-1,312,297,313,-1,313,297,296,-1,313,296,314,-1,314,296,305,-1,314,305,315,-1,315,305,304,-1,315,304,316,-1,316,304,303,-1,316,303,317,-1,317,303,302,-1,317,302,318,-1,318,302,301,-1,318,301,319,-1,319,301,300,-1,319,300,320,-1,320,300,295,-1,320,295,321,-1,321,295,294,-1,321,294,322,-1,322,294,293,-1,322,293,323,-1,323,293,292,-1,323,292,324,-1,284,325,292,-1,292,325,324,-1,285,326,284,-1,284,326,325,-1,326,285,291,-1,326,291,327,-1,327,291,289,-1,327,289,307,-1,328,329,330,-1,330,329,331,-1,329,328,332,-1,329,332,333,-1,333,332,334,-1,333,334,335,-1,335,334,336,-1,335,336,337,-1,338,339,336,-1,336,339,337,-1,340,341,338,-1,338,341,339,-1,341,340,342,-1,341,342,343,-1,343,342,344,-1,343,344,345,-1,345,344,346,-1,345,346,347,-1,347,346,348,-1,347,348,349,-1,349,348,350,-1,349,350,351,-1,351,350,352,-1,351,352,353,-1,353,352,354,-1,353,354,355,-1,355,354,356,-1,355,356,357,-1,357,356,358,-1,357,358,359,-1,359,358,360,-1,359,360,361,-1,361,360,362,-1,361,362,363,-1,364,365,362,-1,362,365,363,-1,366,367,364,-1,364,367,365,-1,368,369,366,-1,366,369,367,-1,369,368,370,-1,369,370,371,-1,371,370,372,-1,371,372,373,-1,374,375,372,-1,372,375,373,-1,376,377,374,-1,374,377,375,-1,377,376,378,-1,377,378,379,-1,379,378,380,-1,379,380,381,-1,381,380,382,-1,381,382,383,-1,383,382,384,-1,383,384,385,-1,385,384,386,-1,385,386,387,-1,387,386,388,-1,387,388,389,-1,389,388,390,-1,389,390,391,-1,391,390,392,-1,391,392,393,-1,393,392,394,-1,393,394,395,-1,395,394,396,-1,395,396,397,-1,397,396,398,-1,397,398,399,-1,399,398,400,-1,399,400,401,-1,402,403,400,-1,400,403,401,-1,403,402,404,-1,403,404,405,-1,405,404,406,-1,405,406,407,-1,408,409,406,-1,406,409,407,-1,409,408,410,-1,409,410,411,-1,411,410,412,-1,411,412,413,-1,413,412,414,-1,413,414,415,-1,415,414,416,-1,415,416,417,-1,417,416,418,-1,417,418,419,-1,419,418,420,-1,419,420,421,-1,421,420,422,-1,421,422,423,-1,423,422,424,-1,423,424,425,-1,425,424,426,-1,425,426,427,-1,427,426,428,-1,427,428,429,-1,429,428,430,-1,429,430,431,-1,431,430,432,-1,431,432,433,-1,433,432,434,-1,433,434,435,-1,436,437,434,-1,434,437,435,-1,437,436,438,-1,437,438,439,-1,439,438,440,-1,439,440,441,-1,442,443,440,-1,440,443,441,-1,443,442,444,-1,443,444,445,-1,445,444,446,-1,445,446,447,-1,447,446,448,-1,447,448,449,-1,449,448,450,-1,449,450,451,-1,451,450,452,-1,451,452,453,-1,453,452,454,-1,453,454,455,-1,455,454,456,-1,455,456,457,-1,457,456,458,-1,457,458,459,-1,459,458,460,-1,459,460,461,-1,461,460,462,-1,461,462,463,-1,463,462,464,-1,463,464,465,-1,465,464,466,-1,465,466,467,-1,467,466,468,-1,467,468,469,-1,469,468,470,-1,469,470,471,-1,471,470,472,-1,471,472,473,-1,474,475,472,-1,472,475,473,-1,475,474,476,-1,475,476,477,-1,477,476,478,-1,477,478,479,-1,480,481,478,-1,478,481,479,-1,481,480,482,-1,481,482,483,-1,483,482,484,-1,483,484,485,-1,486,487,484,-1,484,487,485,-1,487,486,488,-1,487,488,489,-1,489,488,490,-1,489,490,491,-1,491,490,492,-1,491,492,493,-1,494,495,492,-1,492,495,493,-1,496,497,494,-1,494,497,495,-1,497,496,498,-1,497,498,499,-1,499,498,500,-1,499,500,501,-1,501,500,502,-1,501,502,503,-1,503,502,504,-1,503,504,505,-1,505,504,506,-1,505,506,507,-1,507,506,508,-1,507,508,509,-1,509,508,510,-1,509,510,511,-1,511,510,512,-1,511,512,513,-1,513,512,514,-1,513,514,515,-1,515,514,516,-1,515,516,517,-1,517,516,518,-1,517,518,519,-1,520,521,518,-1,518,521,519,-1,521,520,522,-1,521,522,523,-1,523,522,524,-1,523,524,525,-1,526,527,524,-1,524,527,525,-1,526,330,527,-1,527,330,331,-1,412,410,366,-1,372,370,402,-1,402,370,368,-1,336,334,362,-1,410,408,366,-1,366,408,406,-1,366,406,368,-1,368,406,404,-1,368,404,402,-1,440,438,366,-1,438,436,366,-1,366,436,434,-1,366,434,432,-1,432,430,366,-1,366,430,428,-1,366,428,426,-1,330,364,328,-1,328,364,362,-1,328,362,332,-1,332,362,334,-1,372,402,374,-1,374,402,400,-1,374,400,376,-1,376,400,398,-1,376,398,396,-1,366,420,418,-1,446,444,526,-1,526,444,442,-1,526,442,330,-1,330,442,440,-1,330,440,364,-1,364,440,366,-1,426,424,366,-1,366,424,422,-1,366,422,420,-1,346,344,360,-1,360,344,362,-1,338,336,340,-1,340,336,362,-1,340,362,342,-1,342,362,344,-1,458,456,526,-1,526,456,454,-1,526,454,452,-1,396,394,376,-1,376,394,392,-1,376,392,390,-1,418,416,366,-1,366,416,414,-1,366,414,412,-1,504,502,516,-1,516,502,500,-1,516,500,518,-1,518,500,498,-1,518,498,496,-1,482,480,526,-1,526,480,478,-1,526,478,476,-1,476,474,526,-1,526,474,472,-1,526,472,470,-1,380,386,382,-1,382,386,384,-1,390,388,376,-1,376,388,386,-1,376,386,378,-1,378,386,380,-1,464,462,526,-1,526,462,460,-1,526,460,458,-1,452,450,526,-1,526,450,448,-1,526,448,446,-1,496,494,518,-1,518,494,492,-1,518,492,520,-1,520,492,490,-1,520,490,522,-1,522,490,488,-1,522,488,524,-1,524,488,486,-1,524,486,526,-1,526,486,484,-1,526,484,482,-1,470,468,526,-1,526,468,466,-1,526,466,464,-1,352,350,360,-1,360,350,348,-1,360,348,346,-1,510,516,512,-1,512,516,514,-1,510,508,516,-1,516,508,506,-1,516,506,504,-1,358,356,360,-1,360,356,354,-1,360,354,352,-1,528,529,530,-1,530,529,531,-1,532,533,528,-1,528,533,529,-1,534,535,532,-1,532,535,533,-1,535,534,536,-1,535,536,537,-1,537,536,538,-1,537,538,539,-1,539,538,540,-1,539,540,541,-1,541,540,542,-1,541,542,543,-1,543,542,544,-1,543,544,545,-1,545,544,546,-1,545,546,547,-1,547,546,548,-1,547,548,549,-1,549,548,550,-1,549,550,551,-1,551,550,552,-1,551,552,553,-1,553,552,554,-1,553,554,555,-1,555,554,556,-1,555,556,557,-1,557,556,558,-1,557,558,559,-1,559,558,560,-1,559,560,561,-1,561,560,562,-1,561,562,563,-1,563,562,564,-1,563,564,565,-1,565,564,566,-1,565,566,567,-1,567,566,568,-1,567,568,569,-1,569,568,570,-1,569,570,571,-1,571,570,572,-1,571,572,573,-1,573,572,574,-1,573,574,575,-1,575,574,576,-1,575,576,577,-1,577,576,578,-1,577,578,579,-1,579,578,580,-1,579,580,581,-1,581,580,582,-1,581,582,583,-1,583,582,584,-1,583,584,585,-1,585,584,586,-1,585,586,587,-1,587,586,588,-1,587,588,589,-1,589,588,590,-1,589,590,591,-1,591,590,592,-1,591,592,593,-1,594,595,592,-1,592,595,593,-1,596,597,594,-1,594,597,595,-1,597,596,598,-1,597,598,599,-1,599,598,600,-1,599,600,601,-1,601,600,602,-1,601,602,603,-1,603,602,604,-1,603,604,605,-1,605,604,606,-1,605,606,607,-1,607,606,608,-1,607,608,609,-1,609,608,610,-1,609,610,611,-1,611,610,612,-1,611,612,613,-1,613,612,614,-1,613,614,615,-1,615,614,616,-1,615,616,617,-1,617,616,618,-1,617,618,619,-1,619,618,620,-1,619,620,621,-1,621,620,622,-1,621,622,623,-1,623,622,624,-1,623,624,625,-1,625,624,626,-1,625,626,627,-1,627,626,628,-1,627,628,629,-1,629,628,630,-1,629,630,631,-1,631,630,632,-1,631,632,633,-1,633,632,634,-1,633,634,635,-1,635,634,636,-1,635,636,637,-1,637,636,638,-1,637,638,639,-1,639,638,640,-1,639,640,641,-1,641,640,642,-1,641,642,643,-1,643,642,644,-1,643,644,645,-1,645,644,646,-1,645,646,647,-1,647,646,648,-1,647,648,649,-1,650,651,648,-1,648,651,649,-1,650,530,651,-1,651,530,531,-1,532,528,650,-1,650,528,530,-1,648,544,650,-1,650,544,542,-1,650,542,540,-1,534,532,536,-1,536,532,650,-1,536,650,538,-1,538,650,540,-1,648,646,544,-1,544,646,644,-1,544,644,546,-1,546,644,642,-1,546,642,548,-1,548,642,640,-1,548,640,550,-1,640,638,550,-1,550,638,636,-1,550,636,552,-1,552,636,634,-1,552,634,554,-1,554,634,632,-1,554,632,556,-1,556,632,630,-1,556,630,558,-1,558,630,560,-1,560,630,628,-1,560,628,562,-1,562,628,626,-1,562,626,564,-1,564,626,624,-1,564,624,566,-1,566,624,622,-1,566,622,568,-1,568,622,620,-1,568,620,570,-1,570,620,618,-1,570,618,572,-1,572,618,616,-1,572,616,574,-1,574,616,614,-1,574,614,576,-1,576,614,612,-1,576,612,578,-1,578,612,610,-1,578,610,580,-1,580,610,608,-1,580,608,582,-1,582,608,606,-1,582,606,584,-1,584,606,604,-1,584,604,586,-1,586,604,602,-1,586,602,588,-1,588,602,600,-1,588,600,590,-1,590,600,598,-1,590,598,592,-1,592,598,596,-1,592,596,594,-1,652,653,654,-1,654,653,655,-1,654,655,656,-1,656,655,657,-1,656,657,658,-1,658,657,659,-1,658,659,660,-1,660,659,661,-1,660,661,662,-1,663,664,661,-1,661,664,662,-1,664,663,665,-1,664,665,666,-1,666,665,667,-1,666,667,668,-1,668,667,669,-1,668,669,670,-1,670,669,671,-1,670,671,672,-1,672,671,673,-1,672,673,674,-1,674,673,675,-1,674,675,676,-1,676,675,677,-1,676,677,678,-1,678,677,679,-1,678,679,680,-1,680,679,681,-1,680,681,682,-1,682,681,683,-1,682,683,684,-1,684,683,685,-1,684,685,686,-1,686,685,687,-1,686,687,688,-1,688,687,689,-1,688,689,690,-1,690,689,691,-1,690,691,692,-1,692,691,693,-1,692,693,694,-1,694,693,695,-1,694,695,696,-1,696,695,697,-1,696,697,698,-1,698,697,699,-1,698,699,700,-1,700,699,701,-1,700,701,702,-1,702,701,703,-1,702,703,704,-1,704,703,705,-1,704,705,706,-1,706,705,707,-1,706,707,708,-1,709,710,707,-1,707,710,708,-1,711,712,709,-1,709,712,710,-1,712,711,713,-1,712,713,714,-1,714,713,715,-1,714,715,716,-1,716,715,717,-1,716,717,718,-1,718,717,719,-1,718,719,720,-1,720,719,721,-1,720,721,722,-1,722,721,723,-1,722,723,724,-1,724,723,725,-1,724,725,726,-1,726,725,727,-1,726,727,728,-1,728,727,729,-1,728,729,730,-1,730,729,731,-1,730,731,732,-1,732,731,733,-1,732,733,734,-1,735,736,733,-1,733,736,734,-1,737,738,735,-1,735,738,736,-1,738,737,739,-1,738,739,740,-1,740,739,741,-1,740,741,742,-1,743,744,741,-1,741,744,742,-1,743,653,744,-1,744,653,652,-1,675,673,701,-1,701,673,671,-1,701,671,703,-1,677,675,679,-1,679,675,701,-1,679,701,681,-1,681,701,699,-1,681,699,683,-1,737,735,663,-1,663,735,733,-1,663,733,731,-1,671,669,703,-1,703,669,667,-1,703,667,705,-1,705,667,665,-1,653,743,655,-1,655,743,741,-1,655,741,657,-1,657,741,739,-1,657,739,659,-1,659,739,737,-1,659,737,661,-1,661,737,663,-1,731,729,663,-1,663,729,727,-1,663,727,725,-1,687,697,695,-1,697,687,699,-1,699,687,685,-1,699,685,683,-1,725,723,663,-1,663,723,721,-1,663,721,719,-1,719,717,663,-1,663,717,715,-1,663,715,713,-1,713,711,663,-1,663,711,709,-1,663,709,665,-1,665,709,707,-1,665,707,705,-1,695,693,687,-1,687,693,691,-1,687,691,689,-1,
        ]
    }
}
Shape{
    appearance Appearance {
        material  Material 	{
            diffuseColor 0.6470588235294118 0.6196078431372549 0.5882352941176471
            specularColor 0.45098039215686275 0.43529411764705883 0.4117647058823529
            ambientIntensity 0.6242
            transparency 0.0
            shininess 0.5
        }
    }
    geometry IndexedFaceSet {
        ccw TRUE
        solid FALSE
        coord DEF co Coordinate {
            point [
                1.5881 -0.7967 1.2598, 1.6034 -0.782 1.2598, 1.5671 -0.941 1.2598, 1.5303 -0.7746 1.2598, 1.5526 -0.7793 1.2598, 1.5691 -0.7844 1.2598, 1.5739 -0.787 1.2598, 1.3156 -0.9513 1.2598, 1.3156 -0.6517 1.2598, 1.3263 -0.9558 1.2598, 1.3243 -0.6514 1.2598, 1.3331 -0.6517 1.2598, 1.358 -0.6546 1.2598, 1.3755 -0.6568 1.2598, 1.375 -0.9632 1.2598, 1.3504 -0.9614 1.2598, 1.4323 -0.8369 1.2598, 1.4309 -0.7535 1.2598, 1.39 -0.9603 1.2598, 1.4256 -0.9138 1.2598, 1.4207 -0.9308 1.2598, 1.3881 -0.6601 1.2598, 1.3973 -0.6641 1.2598, 1.4041 -0.6695 1.2598, 1.4144 -0.943 1.2598, 1.4076 -0.9511 1.2598, 1.4009 -0.956 1.2598, 1.4107 -0.678 1.2598, 1.4219 -0.7032 1.2598
            ]
        }
        coordIndex [
            0,1,2,-1,2,3,4,-1,4,5,2,-1,2,5,6,-1,2,6,0,-1,7,8,9,-1,9,8,10,-1,10,11,9,-1,9,11,12,-1,9,12,13,-1,14,15,16,-1,16,15,9,-1,16,9,17,-1,14,16,18,-1,18,16,19,-1,18,19,20,-1,13,21,9,-1,9,21,22,-1,9,22,23,-1,20,24,18,-1,18,24,25,-1,18,25,26,-1,23,27,9,-1,9,27,28,-1,9,28,17,-1,
        ]
    }
}
Shape{
    appearance Appearance {
        material  Material 	{
            diffuseColor 0.24705882352941178 0.49411764705882355 0.27450980392156865
            specularColor 0.01568627450980392 0.03529411764705882 0.0196078431372549
            ambientIntensity 0.5646
            transparency 0.0
            shininess 0.5
        }
    }
    geometry IndexedFaceSet {
        ccw TRUE
        solid FALSE
        coord DEF co Coordinate {
            point [
                -3.7402 0.2953 6.6929, -3.7402 1.1417 6.6929, -3.7402 1.378 4.3307, -3.7402 -0.689 6.6929, -3.7402 -0.689 8.4646, -3.7402 0.2953 8.4646, -3.7402 -1.5354 6.6929, -3.7402 2.1654 -0.0394, -3.7402 1.8504 -0.0394, -3.7402 2.1654 4.3307, -3.7402 1.8504 3.8976, -3.7402 1.6535 3.8976, -3.7402 1.6535 -0.0394, -3.7402 -2.0079 -0.0394, -3.7402 -2.0079 5.0787, -3.7402 -2.7953 -0.0394, -3.7402 -2.7953 4.7244, -3.7402 -2.2047 -0.0394, -3.7402 -2.5984 4.7244, -3.7402 -2.2047 5.0787
            ]
        }
        coordIndex [
            0,1,2,-1,3,4,5,-1,5,0,3,-1,3,0,2,-1,3,2,6,-1,7,8,9,-1,9,8,10,-1,9,10,2,-1,2,10,11,-1,2,11,6,-1,12,13,14,-1,15,16,17,-1,17,16,18,-1,17,18,19,-1,19,18,6,-1,19,6,14,-1,14,6,11,-1,14,11,12,-1,
        ]
    }
}
Shape{
    appearance Appearance {
        material  Material 	{
            diffuseColor 0.6470588235294118 0.6196078431372549 0.5882352941176471
            specularColor 0.45098039215686275 0.43529411764705883 0.4117647058823529
            ambientIntensity 0.6242
            transparency 0.0
            shininess 0.5
        }
    }
    geometry IndexedFaceSet {
        ccw TRUE
        solid FALSE
        coord DEF co Coordinate {
            point [
                -2.126 1.5184 3.3041, -2.126 1.5354 3.1496, -2.126 0.9449 3.7808, -2.126 1.1052 3.428, -2.126 1.0236 3.4906, -2.126 0.7874 3.8189, -2.126 0.7874 3.8583, -2.126 0.8268 3.8583, -2.126 1.2071 3.2515, -2.126 1.1677 3.3465, -2.126 1.1489 3.7808, -2.126 1.2787 3.6954, -2.126 1.2205 3.1496, -2.126 0.9444 3.8484, -2.126 -1.5354 4.8819, -2.126 -1.2205 4.8819, -2.126 -1.5354 4.252, -2.126 -1.2205 4.252, -2.126 -1.5113 4.0686, -2.126 -1.2105 4.1639, -2.126 -1.4405 3.8976, -2.126 -1.1811 4.0804, -2.126 -1.3279 3.7509, -2.126 -1.1811 3.8189, -2.126 -1.1811 3.6383, -2.126 -1.0102 3.5675, -2.126 1.3869 3.5838, -2.126 1.4681 3.4512, -2.126 0.9287 3.5299, -2.126 0.8268 3.5433, -2.126 -0.8268 3.5433, -2.126 0.1575 -1.5748, -2.126 -0.1575 -1.5748, -2.126 0.1575 0.1969, -2.126 -0.1575 0.1969, -2.126 0.1709 0.2988, -2.126 -0.1333 0.3803, -2.126 0.2102 0.3937, -2.126 -0.0625 0.5512, -2.126 0.2728 0.4752, -2.126 0.0501 0.698, -2.126 0.3543 0.5378, -2.126 0.1969 0.8106, -2.126 0.4493 0.5771, -2.126 0.3678 0.8814, -2.126 0.5512 0.5906, -2.126 0.5512 0.9055, -2.126 0.8268 0.5906, -2.126 0.8268 0.9055, -2.126 1.0102 0.6147, -2.126 0.9287 0.9189, -2.126 1.1811 0.6855, -2.126 1.0236 0.9583, -2.126 1.3279 0.7981, -2.126 1.1052 1.0208, -2.126 1.4405 0.9449, -2.126 1.1677 1.1024, -2.126 1.5113 1.1158, -2.126 1.2071 1.1973, -2.126 1.5354 1.2992, -2.126 1.2205 1.2992, -2.126 1.5354 2.4029, -2.126 1.5354 2.5591, -1.6142 0.9287 3.5299, -1.6142 1.0236 3.4906, -1.6142 0.7874 3.8189, -1.6142 0.9449 3.7808, -1.6142 0.9444 3.8484, -1.6142 0.8268 3.8583, -1.6142 0.7874 3.8583, -1.6142 1.1052 3.428, -1.6142 1.1677 3.3465, -1.6142 1.5354 3.1496, -1.6142 1.5184 3.3041, -1.6142 1.4681 3.4512, -1.6142 1.3869 3.5838, -1.6142 1.2787 3.6954, -1.6142 1.1489 3.7808, -1.6142 -1.2205 4.8819, -1.6142 -1.5354 4.8819, -1.6142 -1.2205 4.252, -1.6142 -1.5354 4.252, -1.6142 -1.2105 4.1639, -1.6142 -1.5113 4.0686, -1.6142 -1.1811 4.0804, -1.6142 -1.4405 3.8976, -1.6142 -1.1811 3.8189, -1.6142 -1.3279 3.7509, -1.6142 -1.1811 3.6383, -1.6142 -1.0102 3.5675, -1.6142 -0.8268 3.5433, -1.6142 0.8268 3.5433, -1.6142 1.2071 3.2515, -1.6142 1.2205 3.1496, -1.6142 1.5354 2.5591, -1.6142 -0.1575 -1.5748, -1.6142 0.1575 -1.5748, -1.6142 -0.1575 0.1969, -1.6142 0.1575 0.1969, -1.6142 -0.1333 0.3803, -1.6142 0.1709 0.2988, -1.6142 -0.0625 0.5512, -1.6142 0.2102 0.3937, -1.6142 0.0501 0.698, -1.6142 0.2728 0.4752, -1.6142 0.1969 0.8106, -1.6142 0.3543 0.5378, -1.6142 0.3678 0.8814, -1.6142 0.4493 0.5771, -1.6142 0.5512 0.9055, -1.6142 0.5512 0.5906, -1.6142 0.8268 0.9055, -1.6142 0.8268 0.5906, -1.6142 0.9287 0.9189, -1.6142 1.0102 0.6147, -1.6142 1.0236 0.9583, -1.6142 1.1811 0.6855, -1.6142 1.1052 1.0208, -1.6142 1.3279 0.7981, -1.6142 1.1677 1.1024, -1.6142 1.4405 0.9449, -1.6142 1.2071 1.1973, -1.6142 1.5113 1.1158, -1.6142 1.2205 1.2992, -1.6142 1.5354 1.2992, -1.6142 1.5354 2.4029
            ]
        }
        coordIndex [
            0,1,2,-1,3,4,5,-1,5,6,7,-1,8,9,1,-1,2,10,11,-1,8,1,12,-1,9,3,1,-1,1,3,5,-1,1,5,2,-1,2,5,7,-1,2,7,13,-1,14,15,16,-1,16,15,17,-1,16,17,18,-1,18,17,19,-1,18,19,20,-1,20,19,21,-1,20,21,22,-1,22,21,23,-1,22,23,24,-1,24,23,25,-1,11,26,2,-1,2,26,27,-1,2,27,0,-1,4,28,5,-1,5,28,29,-1,5,29,23,-1,23,29,30,-1,23,30,25,-1,31,32,33,-1,33,32,34,-1,33,34,35,-1,35,34,36,-1,35,36,37,-1,37,36,38,-1,37,38,39,-1,39,38,40,-1,39,40,41,-1,41,40,42,-1,41,42,43,-1,43,42,44,-1,43,44,45,-1,45,44,46,-1,45,46,47,-1,47,46,48,-1,47,48,49,-1,49,48,50,-1,49,50,51,-1,51,50,52,-1,51,52,53,-1,53,52,54,-1,53,54,55,-1,55,54,56,-1,55,56,57,-1,57,56,58,-1,57,58,59,-1,59,58,60,-1,59,60,61,-1,61,60,12,-1,61,12,62,-1,62,12,1,-1,63,64,65,-1,66,67,65,-1,65,67,68,-1,65,68,69,-1,70,71,72,-1,64,70,65,-1,65,70,72,-1,65,72,66,-1,66,72,73,-1,66,73,74,-1,74,75,66,-1,66,75,76,-1,66,76,77,-1,78,79,80,-1,80,79,81,-1,80,81,82,-1,82,81,83,-1,82,83,84,-1,84,83,85,-1,84,85,86,-1,86,85,87,-1,86,87,88,-1,88,89,86,-1,86,89,90,-1,86,90,65,-1,65,90,91,-1,65,91,63,-1,71,92,72,-1,72,92,93,-1,72,93,94,-1,95,96,97,-1,97,96,98,-1,97,98,99,-1,99,98,100,-1,99,100,101,-1,101,100,102,-1,101,102,103,-1,103,102,104,-1,103,104,105,-1,105,104,106,-1,105,106,107,-1,107,106,108,-1,107,108,109,-1,109,108,110,-1,109,110,111,-1,111,110,112,-1,111,112,113,-1,113,112,114,-1,113,114,115,-1,115,114,116,-1,115,116,117,-1,117,116,118,-1,117,118,119,-1,119,118,120,-1,119,120,121,-1,121,120,122,-1,121,122,123,-1,123,122,124,-1,123,124,93,-1,93,124,125,-1,93,125,94,-1,17,80,19,-1,19,80,82,-1,19,82,21,-1,21,82,84,-1,68,7,69,-1,69,7,6,-1,
        ]
    }
}
Shape{
    appearance Appearance {
        material  Material 	{
            diffuseColor 0.24705882352941178 0.49411764705882355 0.27450980392156865
            specularColor 0.01568627450980392 0.03529411764705882 0.0196078431372549
            ambientIntensity 0.5646
            transparency 0.0
            shininess 0.5
        }
    }
    geometry IndexedFaceSet {
        ccw TRUE
        solid FALSE
        coord DEF co Coordinate {
            point [
                -1.6142 1.5354 2.5591, -1.6142 1.5354 2.4029, -1.4764 1.5354 2.5591, -0.1969 1.5354 2.4029, -1.4764 1.5354 3.7808, -0.1969 1.5354 3.7808, -0.9843 -2.0079 1.9291, -0.2953 -2.0079 1.9291, -0.9843 -2.0079 3.7402, -0.2953 -2.0079 3.7402, -2.7559 -2.0079 3.7402, -3.4449 -2.0079 3.7402, -2.7559 -2.0079 1.9291, -3.4449 -2.0079 1.9291, -3.7402 1.6535 -0.0394, -3.8976 1.6535 -0.0394, -3.8976 1.8504 -0.0394, -3.7402 2.1654 -0.0394, -3.5433 2.1654 -0.0394, -3.7402 1.8504 -0.0394, -3.5433 -2.7953 -0.0394, -3.7402 -2.7953 -0.0394, -3.7402 -2.2047 -0.0394, -3.8976 -2.2047 -0.0394, -3.8976 -2.0079 -0.0394, -3.7402 -2.0079 -0.0394, -0.1969 2.1654 0.3556, -0.1969 1.811 0.3556, -3.5433 2.1654 0.3556, -3.5433 1.811 0.3556, -0.1969 1.811 2.1273, -3.5433 1.811 2.1273, -2.126 1.5354 2.4029, -3.5433 1.5354 2.4029, -2.126 1.5354 2.5591, -2.2638 1.5354 2.5591, -2.2638 1.5354 3.7808, -3.5433 1.5354 3.7808, -2.126 1.1489 3.7808, -2.126 0.9449 3.7808, -3.5433 0.9449 3.7808, -1.6142 1.1489 3.7808, -0.1969 0.9449 3.7808, -1.6142 0.9449 3.7808, -1.6142 0.9444 3.8484, -0.1969 0.927 6.3005, -2.126 0.9444 3.8484, -3.5433 0.927 6.3005, -2.5 -0.1575 6.3005, -3.5433 -1.317 6.3005, -2.4785 -0.3205 6.3005, -1.5551 -0.703 6.3005, -1.4247 -0.6029 6.3005, -0.1969 -1.317 6.3005, -2.4156 -0.4724 6.3005, -2.3155 -0.6029 6.3005, -2.185 -0.703 6.3005, -2.185 0.388 6.3005, -2.3155 0.2879 6.3005, -2.0331 -0.7659 6.3005, -1.8701 -0.7874 6.3005, -1.707 -0.7659 6.3005, -2.4156 0.1575 6.3005, -2.4785 0.0056 6.3005, -1.2616 0.0056 6.3005, -1.3246 0.1575 6.3005, -1.4247 0.2879 6.3005, -1.5551 0.388 6.3005, -1.707 0.451 6.3005, -1.8701 0.4724 6.3005, -2.0331 0.451 6.3005, -1.3246 -0.4724 6.3005, -1.2616 -0.3205 6.3005, -1.2402 -0.1575 6.3005, -0.1969 -1.7717 5.5131, -3.5433 -1.7717 5.5131, -2.5591 -1.7717 3.7402, -1.1811 -1.7717 3.7402, -1.1811 -1.7717 1.9291, -0.1969 -1.7717 1.6549, -2.5591 -1.7717 1.9291, -3.5433 -1.7717 1.6549, -0.1969 -2.4803 0.9462, -3.5433 -2.4803 0.9462, -0.1969 -2.4803 0.3556, -3.5433 -2.4803 0.3556, -0.1969 -2.7953 0.3556, -3.5433 -2.7953 0.3556, -0.1969 -2.7953 -0.0394, -0.1969 2.1654 -0.0394, -3.1149 0.2953 6.6929, -3.1149 0.2953 8.4646, -2.9797 0.5519 8.4646, -2.9797 0.5519 6.6929, -2.7923 0.7734 8.4646, -2.7923 0.7734 6.6929, -2.5616 0.9493 8.4646, -2.5616 0.9493 6.6929, -2.2984 1.0713 8.4646, -2.2984 1.0713 6.6929, -2.0151 1.1339 8.4646, -2.0151 1.1339 6.6929, -1.8701 1.1417 6.6929, -1.725 1.1339 8.4646, -1.725 1.1339 6.6929, -1.4417 1.0713 8.4646, -1.4417 1.0713 6.6929, -1.1786 0.9493 8.4646, -1.1786 0.9493 6.6929, -0.9479 0.7734 8.4646, -0.9479 0.7734 6.6929, -0.7605 0.5519 8.4646, -0.7605 0.5519 6.6929, -0.6252 0.2953 8.4646, -0.6252 0.2953 6.6929, -3.7402 0.2953 6.6929, -3.7402 0.2953 8.4646, -3.7402 1.1417 6.6929, -0.6252 -0.689 6.6929, -0.6252 -0.689 8.4646, -0.7605 -0.9456 8.4646, -0.7605 -0.9456 6.6929, -0.9479 -1.1671 8.4646, -0.9479 -1.1671 6.6929, -1.1786 -1.343 8.4646, -1.1786 -1.343 6.6929, -1.4417 -1.465 8.4646, -1.4417 -1.465 6.6929, -1.725 -1.5276 8.4646, -1.725 -1.5276 6.6929, -1.8701 -1.5354 6.6929, -2.0151 -1.5276 8.4646, -2.0151 -1.5276 6.6929, -2.2984 -1.465 8.4646, -2.2984 -1.465 6.6929, -2.5616 -1.343 8.4646, -2.5616 -1.343 6.6929, -2.7923 -1.1671 8.4646, -2.7923 -1.1671 6.6929, -2.9797 -0.9456 8.4646, -2.9797 -0.9456 6.6929, -3.1149 -0.689 8.4646, -3.1149 -0.689 6.6929, -3.7402 -0.689 6.6929, -3.7402 -0.689 8.4646, -3.7402 -1.5354 6.6929, -1.8701 -1.1417 6.6626, -1.8701 -1.1417 8.4646, -1.6153 -1.1082 6.6626, -1.6153 -1.1082 8.4646, -1.378 -1.0099 6.6626, -1.378 -1.0099 8.4646, -1.1741 -0.8535 6.6626, -1.1741 -0.8535 8.4646, -1.0177 -0.6496 6.6626, -1.0177 -0.6496 8.4646, -0.9194 -0.4122 6.6626, -0.9194 -0.4122 8.4646, -0.8858 -0.1575 6.6626, -0.8858 -0.1575 8.4646, -0.9194 0.0973 6.6626, -0.9194 0.0973 8.4646, -1.0177 0.3346 6.6626, -1.0177 0.3346 8.4646, -1.1741 0.5385 6.6626, -1.1741 0.5385 8.4646, -1.378 0.6949 6.6626, -1.378 0.6949 8.4646, -1.6153 0.7932 6.6626, -1.6153 0.7932 8.4646, -1.8701 0.8268 6.6626, -1.8701 0.8268 8.4646, -2.1248 0.7932 6.6626, -2.1248 0.7932 8.4646, -2.3622 0.6949 6.6626, -2.3622 0.6949 8.4646, -2.566 0.5385 6.6626, -2.566 0.5385 8.4646, -2.7225 0.3346 6.6626, -2.7225 0.3346 8.4646, -2.8208 0.0973 6.6626, -2.8208 0.0973 8.4646, -2.8543 -0.1575 6.6626, -2.8543 -0.1575 8.4646, -2.8208 -0.4122 6.6626, -2.8208 -0.4122 8.4646, -2.7225 -0.6496 6.6626, -2.7225 -0.6496 8.4646, -2.566 -0.8535 6.6626, -2.566 -0.8535 8.4646, -2.3622 -1.0099 6.6626, -2.3622 -1.0099 8.4646, -2.1248 -1.1082 6.6626, -2.1248 -1.1082 8.4646, -1.707 -0.7659 6.458, -1.5551 -0.703 6.458, -1.4247 -0.6029 6.458, -1.3246 -0.4724 6.458, -1.2616 -0.3205 6.458, -1.2402 -0.1575 6.458, -1.2616 0.0056 6.458, -1.3246 0.1575 6.458, -1.4247 0.2879 6.458, -1.5551 0.388 6.458, -1.707 0.451 6.458, -1.8701 0.4724 6.458, -2.0331 0.451 6.458, -2.185 0.388 6.458, -2.3155 0.2879 6.458, -2.4156 0.1575 6.458, -2.4785 0.0056 6.458, -2.5 -0.1575 6.458, -2.4785 -0.3205 6.458, -2.4156 -0.4724 6.458, -2.3155 -0.6029 6.458, -2.185 -0.703 6.458, -2.0331 -0.7659 6.458, -1.8701 -0.7874 6.458, -3.4449 -2.1654 4.3701, -0.2953 -2.1654 4.3701, -0.2953 -2.7953 4.3701, -3.4449 -2.7953 4.3701, -0.2953 -2.7953 1.1417, -3.4449 -2.7953 1.1417, -1.1811 -1.811 3.7402, -1.1811 -1.811 1.9291, -2.5591 -1.811 1.9291, -2.5591 -1.811 3.7402, -1.4764 1.5354 4.3307, -2.2638 1.5354 4.3307, -1.4764 2.1654 2.5591, -2.2638 2.1654 2.5591, -1.4764 2.1654 4.3307, -2.2638 2.1654 4.3307
            ]
        }
        coordIndex [
            0,1,2,-1,2,1,3,-1,2,3,4,-1,4,3,5,-1,6,7,8,-1,8,7,9,-1,10,11,12,-1,12,11,13,-1,14,15,16,-1,17,18,19,-1,19,18,20,-1,20,21,22,-1,23,24,22,-1,22,24,25,-1,22,25,20,-1,20,25,14,-1,20,14,19,-1,19,14,16,-1,26,27,28,-1,28,27,29,-1,27,30,29,-1,29,30,31,-1,3,1,30,-1,30,1,32,-1,30,32,31,-1,31,32,33,-1,32,34,35,-1,36,37,35,-1,35,37,33,-1,35,33,32,-1,38,39,40,-1,40,37,38,-1,38,37,36,-1,38,36,41,-1,41,36,4,-1,4,5,41,-1,41,5,42,-1,41,42,43,-1,43,42,44,-1,44,42,45,-1,44,45,46,-1,46,45,47,-1,46,47,39,-1,39,47,40,-1,47,48,49,-1,49,48,50,-1,51,52,53,-1,50,54,49,-1,49,54,55,-1,49,55,56,-1,57,58,47,-1,56,59,49,-1,49,59,60,-1,49,60,53,-1,53,60,61,-1,53,61,51,-1,58,62,47,-1,47,62,63,-1,47,63,48,-1,64,65,45,-1,45,65,66,-1,45,66,67,-1,67,68,45,-1,45,68,69,-1,45,69,47,-1,47,69,70,-1,47,70,57,-1,52,71,53,-1,53,71,72,-1,53,72,45,-1,45,72,73,-1,45,73,64,-1,53,74,49,-1,49,74,75,-1,76,75,77,-1,77,75,74,-1,77,74,78,-1,78,74,79,-1,78,79,80,-1,80,79,81,-1,80,81,76,-1,76,81,75,-1,79,82,81,-1,81,82,83,-1,82,84,83,-1,83,84,85,-1,84,86,85,-1,85,86,87,-1,88,86,84,-1,88,84,89,-1,89,84,27,-1,89,27,26,-1,30,27,3,-1,3,27,84,-1,3,84,5,-1,5,84,42,-1,53,45,74,-1,74,45,42,-1,74,42,79,-1,79,42,84,-1,79,84,82,-1,18,28,29,-1,18,29,20,-1,20,29,85,-1,20,85,87,-1,37,40,33,-1,33,40,85,-1,33,85,31,-1,31,85,29,-1,40,47,49,-1,83,85,81,-1,81,85,40,-1,81,40,75,-1,75,40,49,-1,90,91,92,-1,90,92,93,-1,93,92,94,-1,93,94,95,-1,95,94,96,-1,95,96,97,-1,97,96,98,-1,97,98,99,-1,99,98,100,-1,99,100,101,-1,101,100,102,-1,102,100,103,-1,102,103,104,-1,104,103,105,-1,104,105,106,-1,106,105,107,-1,106,107,108,-1,108,107,109,-1,108,109,110,-1,110,109,111,-1,110,111,112,-1,112,111,113,-1,112,113,114,-1,90,115,91,-1,91,115,116,-1,117,115,90,-1,90,93,117,-1,117,93,95,-1,117,95,97,-1,97,99,117,-1,117,99,101,-1,117,101,102,-1,118,119,120,-1,118,120,121,-1,121,120,122,-1,121,122,123,-1,123,122,124,-1,123,124,125,-1,125,124,126,-1,125,126,127,-1,127,126,128,-1,127,128,129,-1,129,128,130,-1,130,128,131,-1,130,131,132,-1,132,131,133,-1,132,133,134,-1,134,133,135,-1,134,135,136,-1,136,135,137,-1,136,137,138,-1,138,137,139,-1,138,139,140,-1,140,139,141,-1,140,141,142,-1,143,142,144,-1,144,142,141,-1,130,132,145,-1,145,132,134,-1,145,134,136,-1,142,143,140,-1,140,143,145,-1,140,145,138,-1,138,145,136,-1,146,147,148,-1,148,147,149,-1,148,149,150,-1,150,149,151,-1,150,151,152,-1,152,151,153,-1,152,153,154,-1,154,153,155,-1,154,155,156,-1,156,155,157,-1,156,157,158,-1,158,157,159,-1,158,159,160,-1,160,159,161,-1,160,161,162,-1,162,161,163,-1,162,163,164,-1,164,163,165,-1,164,165,166,-1,166,165,167,-1,166,167,168,-1,168,167,169,-1,168,169,170,-1,170,169,171,-1,170,171,172,-1,172,171,173,-1,172,173,174,-1,174,173,175,-1,174,175,176,-1,176,175,177,-1,176,177,178,-1,178,177,179,-1,178,179,180,-1,180,179,181,-1,180,181,182,-1,182,181,183,-1,182,183,184,-1,184,183,185,-1,184,185,186,-1,186,185,187,-1,186,187,188,-1,188,187,189,-1,188,189,190,-1,190,189,191,-1,190,191,192,-1,192,191,193,-1,192,193,146,-1,146,193,147,-1,194,148,195,-1,195,148,150,-1,195,150,196,-1,196,150,152,-1,196,152,197,-1,197,152,154,-1,197,154,198,-1,198,154,156,-1,198,156,199,-1,199,156,158,-1,199,158,200,-1,200,158,160,-1,200,160,201,-1,201,160,162,-1,201,162,202,-1,202,162,164,-1,202,164,203,-1,203,164,166,-1,203,166,204,-1,204,166,168,-1,204,168,205,-1,205,168,170,-1,205,170,206,-1,206,170,172,-1,206,172,207,-1,207,172,174,-1,207,174,208,-1,208,174,176,-1,208,176,209,-1,209,176,178,-1,209,178,210,-1,210,178,180,-1,210,180,211,-1,211,180,182,-1,211,182,212,-1,212,182,184,-1,212,184,213,-1,213,184,186,-1,213,186,214,-1,214,186,188,-1,214,188,215,-1,215,188,190,-1,215,190,216,-1,216,190,192,-1,216,192,217,-1,217,192,146,-1,217,146,194,-1,194,146,148,-1,60,217,61,-1,61,217,194,-1,61,194,51,-1,51,194,195,-1,51,195,52,-1,52,195,196,-1,52,196,71,-1,71,196,197,-1,71,197,72,-1,72,197,198,-1,72,198,73,-1,73,198,199,-1,73,199,64,-1,64,199,200,-1,64,200,65,-1,65,200,201,-1,65,201,66,-1,66,201,202,-1,66,202,67,-1,67,202,203,-1,67,203,68,-1,68,203,204,-1,68,204,69,-1,69,204,205,-1,69,205,70,-1,70,205,206,-1,70,206,57,-1,57,206,207,-1,57,207,58,-1,58,207,208,-1,58,208,62,-1,62,208,209,-1,62,209,63,-1,63,209,210,-1,63,210,48,-1,48,210,211,-1,48,211,50,-1,50,211,212,-1,50,212,54,-1,54,212,213,-1,54,213,55,-1,55,213,214,-1,55,214,56,-1,56,214,215,-1,56,215,59,-1,59,215,216,-1,59,216,60,-1,60,216,217,-1,218,11,10,-1,218,10,219,-1,219,10,8,-1,219,8,9,-1,219,220,218,-1,218,220,221,-1,222,7,6,-1,222,6,223,-1,223,6,12,-1,223,12,13,-1,7,222,9,-1,9,222,220,-1,9,220,219,-1,223,13,221,-1,221,13,11,-1,221,11,218,-1,224,77,225,-1,225,77,78,-1,12,6,225,-1,78,80,225,-1,225,80,226,-1,225,226,12,-1,226,80,227,-1,227,80,76,-1,76,77,227,-1,227,77,224,-1,227,224,10,-1,10,224,8,-1,12,226,10,-1,10,226,227,-1,8,224,6,-1,6,224,225,-1,228,4,229,-1,229,4,36,-1,0,2,230,-1,0,230,34,-1,34,230,231,-1,34,231,35,-1,230,2,232,-1,232,2,4,-1,232,4,228,-1,35,231,36,-1,36,231,233,-1,36,233,229,-1,
        ]
    }
}
Shape{
    appearance Appearance {
        material  Material 	{
            diffuseColor 0.6470588235294118 0.6196078431372549 0.5882352941176471
            specularColor 0.45098039215686275 0.43529411764705883 0.4117647058823529
            ambientIntensity 0.6242
            transparency 0.0
            shininess 0.5
        }
    }
    geometry IndexedFaceSet {
        ccw TRUE
        solid FALSE
        coord DEF co Coordinate {
            point [
                -2.126 1.1489 3.7808, -1.6142 1.1489 3.7808, -1.6142 1.2787 3.6954, -2.126 1.2787 3.6954, -1.6142 1.3869 3.5838, -2.126 1.3869 3.5838, -1.6142 1.4681 3.4512, -2.126 1.4681 3.4512, -1.6142 1.5184 3.3041, -2.126 1.5184 3.3041, -1.6142 1.5354 3.1496, -2.126 1.5354 3.1496, -1.6142 0.8268 3.8583, -1.6142 0.9444 3.8484, -2.126 0.8268 3.8583, -2.126 0.9444 3.8484, -1.6142 1.5354 2.4029, -1.6142 1.5354 1.2992, -2.126 1.5354 2.4029, -2.126 1.5354 1.2992, -2.126 1.5354 2.5591, -1.6142 1.5354 2.5591, -2.126 0.1575 0.1969, -1.6142 0.1575 0.1969, -2.126 0.1575 -1.5748, -1.6142 0.1575 -1.5748, -2.0079 0.1575 -1.9685, -1.7323 0.1575 -1.9685, -2.0079 -0.1575 -1.9685, -1.7323 -0.1575 -1.9685, -2.126 -0.1575 -1.5748, -1.6142 -0.1575 -1.5748, -2.126 -0.1575 0.1969, -1.6142 -0.1575 0.1969, -1.6142 -0.1333 0.3803, -2.126 -0.1333 0.3803, -1.6142 -0.0625 0.5512, -2.126 -0.0625 0.5512, -1.6142 0.0501 0.698, -2.126 0.0501 0.698, -1.6142 0.1969 0.8106, -2.126 0.1969 0.8106, -1.6142 0.3678 0.8814, -2.126 0.3678 0.8814, -1.6142 0.5512 0.9055, -2.126 0.5512 0.9055, -2.126 0.8268 0.9055, -1.6142 0.8268 0.9055, -2.126 0.9287 0.9189, -1.6142 0.9287 0.9189, -2.126 1.0236 0.9583, -1.6142 1.0236 0.9583, -2.126 1.1052 1.0208, -1.6142 1.1052 1.0208, -2.126 1.1677 1.1024, -1.6142 1.1677 1.1024, -2.126 1.2071 1.1973, -1.6142 1.2071 1.1973, -2.126 1.2205 1.2992, -1.6142 1.2205 1.2992, -2.126 1.2205 3.1496, -1.6142 1.2205 3.1496, -2.126 1.2071 3.2515, -1.6142 1.2071 3.2515, -2.126 1.1677 3.3465, -1.6142 1.1677 3.3465, -2.126 1.1052 3.428, -1.6142 1.1052 3.428, -2.126 1.0236 3.4906, -1.6142 1.0236 3.4906, -2.126 0.9287 3.5299, -1.6142 0.9287 3.5299, -2.126 0.8268 3.5433, -1.6142 0.8268 3.5433, -2.126 -0.8268 3.5433, -1.6142 -0.8268 3.5433, -1.6142 -1.0102 3.5675, -2.126 -1.0102 3.5675, -1.6142 -1.1811 3.6383, -2.126 -1.1811 3.6383, -1.6142 -1.3279 3.7509, -2.126 -1.3279 3.7509, -1.6142 -1.4405 3.8976, -2.126 -1.4405 3.8976, -1.6142 -1.5113 4.0686, -2.126 -1.5113 4.0686, -1.6142 -1.5354 4.252, -2.126 -1.5354 4.252, -2.126 -1.5354 4.8819, -1.6142 -1.5354 4.8819, -2.126 -1.2205 4.8819, -1.6142 -1.2205 4.8819, -2.126 -1.2205 4.252, -1.6142 -1.2205 4.252, -1.6142 1.5113 1.1158, -2.126 1.5113 1.1158, -1.6142 1.4405 0.9449, -2.126 1.4405 0.9449, -1.6142 1.3279 0.7981, -2.126 1.3279 0.7981, -1.6142 1.1811 0.6855, -2.126 1.1811 0.6855, -1.6142 1.0102 0.6147, -2.126 1.0102 0.6147, -1.6142 0.8268 0.5906, -2.126 0.8268 0.5906, -2.126 0.5512 0.5906, -1.6142 0.5512 0.5906, -2.126 0.4493 0.5771, -1.6142 0.4493 0.5771, -2.126 0.3543 0.5378, -1.6142 0.3543 0.5378, -2.126 0.2728 0.4752, -1.6142 0.2728 0.4752, -2.126 0.2102 0.3937, -1.6142 0.2102 0.3937, -2.126 0.1709 0.2988, -1.6142 0.1709 0.2988, -1.6142 0.7874 3.8189, -1.378 0.7874 3.8189, -1.6142 -1.1811 3.8189, -1.378 -1.1811 3.8189, -3.4449 0.7874 4.6063, -2.3622 0.7874 3.8189, -3.4449 0.7874 1.2598, -2.3622 0.7874 2.0472, -2.126 0.7874 3.8189, -2.126 0.7874 3.8583, -1.6142 0.7874 3.8583, -0.2953 0.7874 4.6063, -1.378 0.7874 2.0472, -0.2953 0.7874 1.2598, -2.682 0.7874 1.2598, -1.6142 -1.1811 4.0804, -2.3622 -1.1811 2.0472, -2.3622 -1.1811 3.8189, -3.4449 -1.1811 4.6063, -2.126 -1.1811 3.8189, -2.126 -1.1811 4.0804, -0.2953 -1.1811 4.6063, -0.2953 -1.1811 1.2598, -1.378 -1.1811 2.0472, -2.682 -1.1811 1.2598, -3.4449 -1.1811 1.2598, -1.8701 -0.748 6.7717, -1.7172 -0.7279 4.6063, -1.7172 -0.7279 6.7717, -1.5748 -0.6689 4.6063, -1.5748 -0.6689 6.7717, -1.4525 -0.5751 4.6063, -1.4525 -0.5751 6.7717, -1.3586 -0.4528 4.6063, -1.3586 -0.4528 6.7717, -1.2996 -0.3103 4.6063, -1.2996 -0.3103 6.7717, -1.2795 -0.1575 4.6063, -1.2795 -0.1575 6.7717, -1.2996 -0.0046 4.6063, -1.2996 -0.0046 6.7717, -1.3586 0.1378 4.6063, -1.3586 0.1378 6.7717, -1.4525 0.2601 4.6063, -1.4525 0.2601 6.7717, -1.5748 0.354 4.6063, -1.5748 0.354 6.7717, -1.7172 0.4129 4.6063, -1.7172 0.4129 6.7717, -1.8701 0.4331 4.6063, -1.8701 0.4331 6.7717, -2.0229 0.4129 4.6063, -2.0229 0.4129 6.7717, -2.1654 0.354 4.6063, -2.1654 0.354 6.7717, -2.2877 0.2601 4.6063, -2.2877 0.2601 6.7717, -2.3815 0.1378 4.6063, -2.3815 0.1378 6.7717, -2.4405 -0.0046 4.6063, -2.4405 -0.0046 6.7717, -2.4606 -0.1575 4.6063, -2.4606 -0.1575 6.7717, -2.4405 -0.3103 4.6063, -2.4405 -0.3103 6.7717, -2.3815 -0.4528 4.6063, -2.3815 -0.4528 6.7717, -2.2877 -0.5751 4.6063, -2.2877 -0.5751 6.7717, -2.1654 -0.6689 4.6063, -2.1654 -0.6689 6.7717, -2.0229 -0.7279 4.6063, -2.0229 -0.7279 6.7717, -1.8701 -0.748 4.6063, -2.4331 -0.65 7.4803, -1.2244 -0.5352 7.4803, -2.5157 -0.5352 7.4803, -1.1649 -0.4069 7.4803, -2.5753 -0.4069 7.4803, -1.1388 -0.315 7.4803, -2.6013 -0.315 7.4803, -2.3303 -0.7472 7.4803, -2.2111 -0.8232 7.4803, -2.0797 -0.8755 7.4803, -1.9408 -0.9022 7.4803, -1.7994 -0.9022 7.4803, -1.6605 -0.8755 7.4803, -1.529 -0.8232 7.4803, -1.4098 -0.7472 7.4803, -1.3071 -0.65 7.4803, -2.6879 -0.6297 7.2835, -2.6857 -0.6346 7.2835, -2.6799 -0.6312 7.3344, -2.5356 -0.8228 7.2835, -2.4515 -0.9023 7.2835, -2.4473 -0.897 7.3344, -2.1143 -1.0684 7.2835, -1.9594 -1.0981 7.2835, -1.9588 -1.0915 7.3344, -1.6259 -1.0684 7.2835, -1.6053 -1.0645 7.2835, -1.6072 -1.0581 7.3344, -1.3994 -0.973 7.2835, -1.2887 -0.9023 7.2835, -1.2928 -0.897 7.3344, -2.728 -0.315 7.4362, -2.7422 -0.315 7.4217, -2.7065 -0.4533 7.4227, -1.1343 -0.315 7.4803, -1.1168 -0.4239 7.4736, -1.0868 -0.315 7.4736, -1.0864 -0.315 7.4735, -1.0721 -0.4397 7.4539, -1.0661 -0.315 7.467, -0.9978 -0.315 7.4219, -1.0071 -0.315 7.432, -1.0336 -0.4533 7.4227, -1.0241 -0.315 7.445, -1.039 -0.315 7.4528, -0.9755 -0.315 7.3977, -1.0041 -0.4638 7.3819, -0.9642 -0.315 7.3801, -0.9461 -0.315 7.3377, -0.9856 -0.4703 7.3344, -0.9454 -0.315 7.3344, -1.0522 -0.6297 7.2835, -0.9793 -0.4726 7.2835, -0.9608 -0.4012 7.2835, -0.9384 -0.315 7.2835, -0.9415 -0.315 7.3179, -2.7609 -0.4726 7.2835, -2.7546 -0.4703 7.3344, -2.7794 -0.4012 7.2835, -2.8005 -0.315 7.3058, -2.8017 -0.315 7.2835, -2.7722 -0.315 7.3865, -2.7745 -0.315 7.3817, -2.736 -0.4638 7.3819, -2.7919 -0.315 7.3445, -2.7942 -0.315 7.3343, -2.7609 -0.315 7.4027, -2.7125 -0.315 7.4474, -2.6681 -0.4397 7.4539, -2.7012 -0.315 7.453, -2.6697 -0.315 7.4686, -2.6233 -0.4239 7.4736, -2.6534 -0.315 7.4735, -2.6515 -0.315 7.4741, -1.2687 -0.6835 7.4736, -1.3785 -0.7873 7.4736, -1.233 -0.7148 7.4539, -1.3493 -0.8247 7.4539, -1.2023 -0.7416 7.4227, -1.3242 -0.8569 7.4227, -1.1787 -0.7622 7.3819, -1.3049 -0.8815 7.3819, -1.1639 -0.7752 7.3344, -1.7945 -0.9529 7.4736, -1.9456 -0.9529 7.4736, -1.7901 -1.0001 7.4539, -1.9501 -1.0001 7.4539, -1.7862 -1.0407 7.4227, -1.954 -1.0407 7.4227, -1.7832 -1.0719 7.3819, -1.9569 -1.0719 7.3819, -1.7814 -1.0915 7.3344, -2.2343 -0.8686 7.4736, -2.3617 -0.7873 7.4736, -2.256 -0.9108 7.4539, -2.3909 -0.8247 7.4539, -2.2746 -0.9471 7.4227, -2.416 -0.8569 7.4227, -2.2888 -0.975 7.3819, -2.4352 -0.8815 7.3819, -2.2978 -0.9925 7.3344, -1.0545 -0.6346 7.2835, -1.0603 -0.6312 7.3344, -1.0773 -0.6213 7.3819, -1.1043 -0.6055 7.4227, -1.1395 -0.5849 7.4539, -1.1804 -0.5609 7.4736, -1.1589 -0.7796 7.2835, -1.2046 -0.8228 7.2835, -1.4393 -0.9984 7.2835, -1.4424 -0.9925 7.3344, -1.4513 -0.975 7.3819, -1.4656 -0.9471 7.4227, -1.4842 -0.9108 7.4539, -1.5058 -0.8686 7.4736, -1.6462 -0.9244 7.4736, -1.6329 -0.97 7.4539, -1.6214 -1.0092 7.4227, -1.6127 -1.0392 7.3819, -1.7808 -1.0981 7.2835, -1.8701 -1.0981 7.2835, -2.1349 -1.0645 7.2835, -2.133 -1.0581 7.3344, -2.1275 -1.0392 7.3819, -2.1187 -1.0092 7.4227, -2.1073 -0.97 7.4539, -2.094 -0.9244 7.4736, -2.3009 -0.9984 7.2835, -2.3407 -0.973 7.2835, -2.5813 -0.7796 7.2835, -2.5762 -0.7752 7.3344, -2.5614 -0.7622 7.3819, -2.5379 -0.7416 7.4227, -2.5072 -0.7148 7.4539, -2.4714 -0.6835 7.4736, -2.5597 -0.5609 7.4736, -2.6007 -0.5849 7.4539, -2.6359 -0.6055 7.4227, -2.6629 -0.6213 7.3819, -1.7994 0.5872 7.4803, -1.9408 0.5872 7.4803, -1.1649 0.092 7.4803, -2.3303 0.4322 7.4803, -2.4331 0.335 7.4803, -1.4098 0.4322 7.4803, -1.529 0.5083 7.4803, -1.3071 0.335 7.4803, -1.2244 0.2202 7.4803, -1.6605 0.5606 7.4803, -2.0797 0.5606 7.4803, -2.2111 0.5083 7.4803, -2.6013 0.0 7.4803, -1.1388 0.0 7.4803, -2.5753 0.092 7.4803, -2.5157 0.2202 7.4803, -0.9384 -0.315 7.1654, -0.9574 -0.402 6.7717, -0.9252 -0.1575 7.1654, -0.9252 -0.1575 6.7717, -0.9384 0.0 7.1654, -0.9574 0.0871 6.7717, -2.8017 0.0 7.1654, -2.7828 0.0871 6.7717, -2.815 -0.1575 7.1654, -2.815 -0.1575 6.7717, -2.8017 -0.315 7.1654, -2.7828 -0.402 6.7717, -2.1146 -1.0702 6.7717, -1.8701 -1.1024 6.7717, -2.3425 -0.9758 6.7717, -2.5382 -0.8256 6.7717, -2.6884 -0.6299 6.7717, -2.6879 0.3148 7.2835, -2.6884 0.315 6.7717, -2.7609 0.1576 7.2835, -2.7794 0.0862 7.2835, -2.8017 0.0 7.2835, -2.6857 0.3196 7.2835, -2.5813 0.4646 7.2835, -2.5382 0.5107 6.7717, -2.3407 0.658 7.2835, -2.3425 0.6608 6.7717, -2.4515 0.5874 7.2835, -2.5356 0.5078 7.2835, -2.3009 0.6835 7.2835, -2.1349 0.7495 7.2835, -2.1146 0.7552 6.7717, -2.1143 0.7535 7.2835, -1.9594 0.7832 7.2835, -1.8701 0.7874 6.7717, -1.6259 0.7535 7.2835, -1.6255 0.7552 6.7717, -1.7808 0.7832 7.2835, -1.8701 0.7832 7.2835, -1.6053 0.7495 7.2835, -1.4393 0.6835 7.2835, -1.3976 0.6608 6.7717, -1.2046 0.5078 7.2835, -1.2019 0.5107 6.7717, -1.2887 0.5874 7.2835, -1.3994 0.658 7.2835, -1.1589 0.4646 7.2835, -1.0545 0.3196 7.2835, -1.0518 0.315 6.7717, -0.9384 0.0 7.2835, -0.9608 0.0862 7.2835, -0.9793 0.1576 7.2835, -1.0522 0.3148 7.2835, -1.0518 -0.6299 6.7717, -1.2019 -0.8256 6.7717, -1.3976 -0.9758 6.7717, -1.6255 -1.0702 6.7717, -1.0603 0.3163 7.3344, -1.2928 0.5821 7.3344, -1.7814 0.7765 7.3344, -1.9588 0.7765 7.3344, -2.133 0.7431 7.3344, -2.4473 0.5821 7.3344, -0.9856 0.1554 7.3344, -0.9438 0.0 7.3289, -0.9453 0.0 7.3344, -0.9473 0.0 7.3414, -1.0041 0.1488 7.3819, -0.9662 0.0 7.3836, -0.9769 0.0 7.3996, -1.0336 0.1384 7.4227, -0.9979 0.0 7.4218, -1.0664 0.0 7.4671, -1.039 0.0 7.4528, -1.0721 0.1248 7.4539, -1.0242 0.0 7.4451, -1.009 0.0 7.4336, -1.0845 0.0 7.473, -1.1168 0.1089 7.4736, -1.0868 0.0 7.4734, -1.1321 0.0 7.4802, -2.6029 0.0 7.4803, -2.6233 0.1089 7.4736, -2.6509 0.0 7.4742, -2.6681 0.1248 7.4539, -2.6713 0.0 7.468, -2.6533 0.0 7.4735, -2.7423 0.0 7.4218, -2.7308 0.0 7.4339, -2.7065 0.1384 7.4227, -2.7137 0.0 7.4466, -2.7012 0.0 7.4529, -2.763 0.0 7.4, -2.736 0.1488 7.3819, -2.7746 0.0 7.3826, -2.7919 0.0 7.3445, -2.7546 0.1554 7.3344, -2.794 0.0 7.3342, -2.8011 0.0 7.2996, -2.4714 0.3686 7.4736, -2.3617 0.4724 7.4736, -2.5072 0.3998 7.4539, -2.3909 0.5098 7.4539, -2.5379 0.4267 7.4227, -2.416 0.5419 7.4227, -2.5614 0.4473 7.3819, -2.4352 0.5666 7.3819, -2.5762 0.4602 7.3344, -1.5058 0.5536 7.4736, -1.3785 0.4724 7.4736, -1.4842 0.5959 7.4539, -1.3493 0.5098 7.4539, -1.4656 0.6322 7.4227, -1.3242 0.5419 7.4227, -1.4513 0.66 7.3819, -1.3049 0.5666 7.3819, -1.4424 0.6775 7.3344, -2.6799 0.3163 7.3344, -2.6629 0.3063 7.3819, -2.6359 0.2905 7.4227, -2.6007 0.2699 7.4539, -2.5597 0.246 7.4736, -2.2978 0.6775 7.3344, -2.2888 0.66 7.3819, -2.2746 0.6322 7.4227, -2.256 0.5959 7.4539, -2.2343 0.5536 7.4736, -2.094 0.6095 7.4736, -2.1073 0.6551 7.4539, -2.1187 0.6942 7.4227, -2.1275 0.7242 7.3819, -1.9569 0.7569 7.3819, -1.954 0.7258 7.4227, -1.9501 0.6852 7.4539, -1.9456 0.6379 7.4736, -1.7832 0.7569 7.3819, -1.7862 0.7258 7.4227, -1.7901 0.6852 7.4539, -1.7945 0.6379 7.4736, -1.6072 0.7431 7.3344, -1.6127 0.7242 7.3819, -1.6214 0.6942 7.4227, -1.6329 0.6551 7.4539, -1.6462 0.6095 7.4736, -1.1639 0.4602 7.3344, -1.1787 0.4473 7.3819, -1.2023 0.4267 7.4227, -1.233 0.3998 7.4539, -1.2687 0.3686 7.4736, -1.1804 0.246 7.4736, -1.1395 0.2699 7.4539, -1.1043 0.2905 7.4227, -1.0773 0.3063 7.3819, -3.0279 -1.0034 1.2598, -3.0197 -0.9931 1.2598, -2.682 -0.9931 1.2598, -2.6585 -0.9703 1.2598, -2.6585 -0.9716 1.2598, -2.658 -0.9728 1.2598, -2.6578 -0.973 1.2598, -2.6575 -0.9732 1.2598, -2.6567 -0.9734 1.2598, -2.5085 -0.6444 1.2598, -2.5103 -0.6443 1.2598, -2.5187 -0.6438 1.2598, -2.6584 -0.9721 1.2598, -2.6582 -0.9726 1.2598, -2.628 -0.8239 1.2598, -2.5805 -0.8301 1.2598, -2.628 -0.9484 1.2598, -2.5608 -0.834 1.2598, -2.5374 -0.8448 1.2598, -2.521 -0.9649 1.2598, -2.53 -0.9637 1.2598, -2.5203 -0.8197 1.2598, -2.5213 -0.8192 1.2598, -2.5228 -0.671 1.2598, -2.5434 -0.9619 1.2598, -2.5567 -0.9603 1.2598, -2.5425 -0.842 1.2598, -2.5483 -0.8385 1.2598, -2.4349 -0.6213 1.2598, -2.4353 -0.6212 1.2598, -2.4369 -0.6213 1.2598, -2.5195 -0.8205 1.2598, -2.5198 -0.8268 1.2598, -2.5191 -0.8256 1.2598, -2.5197 -0.965 1.2598, -2.5186 -0.8244 1.2598, -2.5186 -0.9653 1.2598, -2.5185 -0.8235 1.2598, -2.5175 -0.9659 1.2598, -2.3532 -0.9819 1.2598, -2.3405 -0.9788 1.2598, -2.1774 -0.9931 1.2598, -2.5616 -0.6386 1.2598, -2.6043 -0.6319 1.2598, -2.6303 -0.6274 1.2598, -2.6441 -0.682 1.2598, -2.6498 -0.6341 1.2598, -2.6445 -0.6749 1.2598, -2.6496 -0.6353 1.2598, -2.6445 -0.6642 1.2598, -2.6459 -0.6495 1.2598, -2.6551 -0.9735 1.2598, -2.6535 -0.9733 1.2598, -2.6428 -0.9717 1.2598, -2.3708 -0.983 1.2598, -2.3301 -0.9734 1.2598, -2.3207 -0.9651 1.2598, -2.3117 -0.952 1.2598, -2.438 -0.6217 1.2598, -2.4416 -0.6244 1.2598, -2.4498 -0.6319 1.2598, -2.6439 -0.6891 1.2598, -2.6445 -0.9484 1.2598, -2.6499 -0.6309 1.2598, -2.6508 -0.956 1.2598, -2.6547 -0.9607 1.2598, -2.6332 -0.9705 1.2598, -2.6235 -0.9705 1.2598, -2.6218 -0.9705 1.2598, -2.628 -0.8041 1.2598, -2.628 -0.6506 1.2598, -2.5436 -0.6624 1.2598, -2.521 -0.8284 1.2598, -2.2478 -0.6088 1.2598, -2.2482 -0.6092 1.2598, -2.3411 -0.6419 1.2598, -2.2485 -0.6097 1.2598, -2.3302 -0.65 1.2598, -2.4619 -0.65 1.2598, -2.4616 -0.6503 1.2598, -2.4633 -0.9671 1.2598, -2.4594 -0.6508 1.2598, -2.4405 -0.9473 1.2598, -2.4608 -0.6507 1.2598, -2.4613 -0.6505 1.2598, -2.657 -0.964 1.2598, -2.6579 -0.9659 1.2598, -2.6584 -0.9687 1.2598, -2.5776 -0.9762 1.2598, -2.5581 -0.9801 1.2598, -2.5161 -0.9697 1.2598, -2.516 -0.9689 1.2598, -2.4628 -0.9699 1.2598, -2.5163 -0.9673 1.2598, -2.5167 -0.9666 1.2598, -2.4632 -0.9685 1.2598, -2.5224 -0.8189 1.2598, -2.5238 -0.8187 1.2598, -2.5278 -0.6681 1.2598, -2.5355 -0.6646 1.2598, -2.247 -0.6084 1.2598, -2.2474 -0.6085 1.2598, -2.4622 -0.6496 1.2598, -2.4605 -0.9618 1.2598, -2.458 -0.9598 1.2598, -2.4478 -0.9513 1.2598, -2.462 -0.9637 1.2598, -2.463 -0.9658 1.2598, -2.4574 -0.6506 1.2598, -2.4495 -0.6506 1.2598, -2.4405 -0.6506 1.2598, -2.6107 -0.9708 1.2598, -2.5998 -0.9723 1.2598, -2.5427 -0.9857 1.2598, -2.5397 -0.9875 1.2598, -2.5346 -0.9909 1.2598, -2.4623 -0.9708 1.2598, -2.5182 -0.9739 1.2598, -2.5185 -0.8226 1.2598, -2.5188 -0.8217 1.2598, -2.0888 -0.6711 1.2598, -2.0882 -0.6702 1.2598, -0.2953 -0.9931 1.2598, -2.4606 -0.6436 1.2598, -2.4615 -0.6448 1.2598, -2.4622 -0.6457 1.2598, -2.4626 -0.6464 1.2598, -2.4627 -0.647 1.2598, -2.4628 -0.6477 1.2598, -2.4626 -0.6484 1.2598, -2.4443 -0.9491 1.2598, -2.645 -0.6242 1.2598, -2.6463 -0.6248 1.2598, -2.516 -0.9681 1.2598, -2.0953 -0.6092 1.2598, -2.2426 -0.6138 1.2598, -2.2434 -0.6118 1.2598, -2.3203 -0.6617 1.2598, -2.2541 -0.6599 1.2598, -2.3086 -0.6827 1.2598, -2.2539 -0.6651 1.2598, -2.2528 -0.6682 1.2598, -2.3518 -0.6377 1.2598, -2.3929 -0.6313 1.2598, -2.4178 -0.6285 1.2598, -2.434 -0.9714 1.2598, -2.4291 -0.9723 1.2598, -2.4524 -0.6348 1.2598, -2.4592 -0.6421 1.2598, -2.6366 -0.6251 1.2598, -2.6406 -0.6241 1.2598, -2.6434 -0.6239 1.2598, -2.6477 -0.6259 1.2598, -2.6489 -0.6273 1.2598, -2.6495 -0.6286 1.2598, -2.0929 -0.6118 1.2598, -2.0931 -0.6109 1.2598, -2.2489 -0.6112 1.2598, -2.2499 -0.6183 1.2598, -2.4271 -0.626 1.2598, -2.433 -0.6224 1.2598, -2.4172 -0.9733 1.2598, -2.3957 -0.9796 1.2598, -2.3834 -0.982 1.2598, -2.3029 -0.9289 1.2598, -2.2946 -0.8655 1.2598, -2.2353 -0.7254 1.2598, -2.2921 -0.787 1.2598, -2.2414 -0.7003 1.2598, -2.2978 -0.7202 1.2598, -2.2488 -0.6755 1.2598, -2.2517 -0.6704 1.2598, -2.5171 -0.9721 1.2598, -2.5165 -0.9707 1.2598, -2.1073 -0.7242 1.2598, -2.1141 -0.7525 1.2598, -2.1686 -0.9931 1.2598, -2.0879 -0.6696 1.2598, -2.0877 -0.669 1.2598, -2.0877 -0.6669 1.2598, -2.0974 -0.6107 1.2598, -2.2126 -0.7548 1.2598, -2.0969 -0.61 1.2598, -2.2307 -0.6704 1.2598, -2.2506 -0.6251 1.2598, -2.2534 -0.6489 1.2598, -2.0886 -0.6536 1.2598, -2.0886 -0.6534 1.2598, -2.0909 -0.628 1.2598, -2.0921 -0.6183 1.2598, -2.0923 -0.6153 1.2598, -2.0926 -0.6132 1.2598, -2.2393 -0.6274 1.2598, -2.0958 -0.6093 1.2598, -2.0964 -0.6096 1.2598, -2.0979 -0.6117 1.2598, -2.0983 -0.6132 1.2598, -2.1356 -0.7734 1.2598, -2.1022 -0.6359 1.2598, -2.4615 -0.9717 1.2598, -2.4608 -0.9723 1.2598, -2.4506 -0.9705 1.2598, -2.4388 -0.9705 1.2598, -2.5069 -0.6448 1.2598, -2.5069 -0.6447 1.2598, -2.1043 -0.7108 1.2598, -2.1005 -0.6976 1.2598, -2.0966 -0.6869 1.2598, -2.093 -0.6768 1.2598, -2.0906 -0.6732 1.2598, -2.2457 -0.6086 1.2598, -2.2461 -0.6084 1.2598, -2.2466 -0.6083 1.2598, -2.244 -0.6105 1.2598, -2.2446 -0.6096 1.2598, -2.2452 -0.609 1.2598, -2.5054 -0.6459 1.2598, -2.5058 -0.6454 1.2598, -2.5062 -0.645 1.2598, -2.5069 -0.6534 1.2598, -2.5052 -0.651 1.2598, -2.5047 -0.6497 1.2598, -2.5045 -0.6487 1.2598, -2.5046 -0.6479 1.2598, -2.5049 -0.647 1.2598, -2.0934 -0.6103 1.2598, -2.0936 -0.6098 1.2598, -2.094 -0.6095 1.2598, -2.0945 -0.6093 1.2598, -2.0949 -0.6092 1.2598, -2.177 -0.9954 1.2598, -2.1691 -0.9954 1.2598, -3.4449 -0.9931 1.2598, -3.0308 -0.9931 1.2598, -3.0319 -0.9988 1.2598, -2.9291 -0.6639 1.2598, -2.9272 -0.6647 1.2598, -2.8587 -0.8658 1.2598, -2.7227 -0.9824 1.2598, -2.7143 -0.9824 1.2598, -2.7143 -0.8312 1.2598, -2.7627 -0.9843 1.2598, -2.7497 -0.9771 1.2598, -2.833 -0.9542 1.2598, -2.8214 -0.9692 1.2598, -3.003 -0.9723 1.2598, -2.8585 -0.7517 1.2598, -2.9077 -0.6473 1.2598, -2.9056 -0.645 1.2598, -2.8523 -0.7133 1.2598, -2.786 -0.6228 1.2598, -2.801 -0.6274 1.2598, -2.904 -0.6393 1.2598, -2.8141 -0.6351 1.2598, -2.8235 -0.6447 1.2598, -2.7384 -0.9669 1.2598, -2.7318 -0.9581 1.2598, -2.7268 -0.949 1.2598, -2.7794 -0.9886 1.2598, -2.7873 -0.9885 1.2598, -2.8039 -0.9828 1.2598, -2.7955 -0.9869 1.2598, -2.8456 -0.778 1.2598, -2.7177 -0.7322 1.2598, -2.8436 -0.868 1.2598, -2.7149 -0.7621 1.2598, -2.8385 -0.8976 1.2598, -3.0115 -0.6478 1.2598, -2.9679 -0.6514 1.2598, -2.9471 -0.6546 1.2598, -2.9401 -0.6562 1.2598, -2.7101 -0.694 1.2598, -2.7166 -0.6687 1.2598, -2.7794 -0.641 1.2598, -2.8316 -0.6971 1.2598, -2.9361 -0.6582 1.2598, -2.9308 -0.6627 1.2598, -2.8365 -0.6659 1.2598, -2.9047 -0.6433 1.2598, -2.9042 -0.6413 1.2598, -2.7058 -0.7616 1.2598, -2.7263 -0.649 1.2598, -2.7336 -0.6396 1.2598, -2.7445 -0.6309 1.2598, -3.0115 -0.9365 1.2598, -2.845 -0.9271 1.2598, -3.0113 -0.9438 1.2598, -2.744 -0.6537 1.2598, -2.7357 -0.6633 1.2598, -2.7663 -0.9681 1.2598, -2.8063 -0.9599 1.2598, -2.8155 -0.951 1.2598, -2.914 -0.6531 1.2598, -2.7298 -0.911 1.2598, -2.725 -0.8312 1.2598, -2.7581 -0.6245 1.2598, -2.7715 -0.6223 1.2598, -3.0276 -0.6467 1.2598, -3.0274 -0.65 1.2598, -3.0292 -0.6328 1.2598, -3.0263 -0.6834 1.2598, -3.0263 -0.9383 1.2598, -3.0089 -0.9598 1.2598, -2.7667 -0.6419 1.2598, -2.7542 -0.6466 1.2598, -2.7283 -0.678 1.2598, -2.7202 -0.7154 1.2598, -2.7748 -0.97 1.2598, -2.7866 -0.9693 1.2598, -2.7968 -0.9659 1.2598, -2.9046 -0.638 1.2598, -2.9051 -0.6375 1.2598, -2.802 -0.6483 1.2598, -2.8102 -0.6558 1.2598, -2.8231 -0.674 1.2598, -2.7947 -0.644 1.2598, -2.7873 -0.6417 1.2598, -2.7368 -0.9367 1.2598, -2.7439 -0.9506 1.2598, -2.7508 -0.9588 1.2598, -3.0272 -0.6257 1.2598, -3.0279 -0.6265 1.2598, -3.0288 -0.6282 1.2598, -3.0292 -0.6297 1.2598, -3.0266 -0.9659 1.2598, -2.8252 -0.9357 1.2598, -2.7583 -0.9646 1.2598, -3.0245 -0.6247 1.2598, -3.0257 -0.6249 1.2598, -3.0265 -0.6252 1.2598, -2.9058 -0.637 1.2598, -2.9072 -0.6365 1.2598, -2.9093 -0.6362 1.2598, -2.9193 -0.636 1.2598, -2.9336 -0.6339 1.2598, -2.9709 -0.6301 1.2598, -2.9832 -0.6291 1.2598, -3.007 -0.6268 1.2598, -3.0201 -0.6257 1.2598, -3.023 -0.6248 1.2598
            ]
        }
        coordIndex [
            0,1,2,-1,0,2,3,-1,3,2,4,-1,3,4,5,-1,5,4,6,-1,5,6,7,-1,7,6,8,-1,7,8,9,-1,9,8,10,-1,9,10,11,-1,12,13,14,-1,14,13,15,-1,16,17,18,-1,18,17,19,-1,20,11,21,-1,21,11,10,-1,22,23,24,-1,24,23,25,-1,24,25,26,-1,26,25,27,-1,26,27,28,-1,28,27,29,-1,28,29,30,-1,30,29,31,-1,30,31,32,-1,32,31,33,-1,32,33,34,-1,32,34,35,-1,35,34,36,-1,35,36,37,-1,37,36,38,-1,37,38,39,-1,39,38,40,-1,39,40,41,-1,41,40,42,-1,41,42,43,-1,43,42,44,-1,43,44,45,-1,46,45,47,-1,47,45,44,-1,46,47,48,-1,48,47,49,-1,48,49,50,-1,50,49,51,-1,50,51,52,-1,52,51,53,-1,52,53,54,-1,54,53,55,-1,54,55,56,-1,56,55,57,-1,56,57,58,-1,58,57,59,-1,60,58,61,-1,61,58,59,-1,60,61,62,-1,62,61,63,-1,62,63,64,-1,64,63,65,-1,64,65,66,-1,66,65,67,-1,66,67,68,-1,68,67,69,-1,68,69,70,-1,70,69,71,-1,70,71,72,-1,72,71,73,-1,74,72,75,-1,75,72,73,-1,74,75,76,-1,74,76,77,-1,77,76,78,-1,77,78,79,-1,79,78,80,-1,79,80,81,-1,81,80,82,-1,81,82,83,-1,83,82,84,-1,83,84,85,-1,85,84,86,-1,85,86,87,-1,88,87,89,-1,89,87,86,-1,90,88,91,-1,91,88,89,-1,92,90,93,-1,93,90,91,-1,19,17,94,-1,19,94,95,-1,95,94,96,-1,95,96,97,-1,97,96,98,-1,97,98,99,-1,99,98,100,-1,99,100,101,-1,101,100,102,-1,101,102,103,-1,103,102,104,-1,103,104,105,-1,106,105,107,-1,107,105,104,-1,106,107,108,-1,108,107,109,-1,108,109,110,-1,110,109,111,-1,110,111,112,-1,112,111,113,-1,112,113,114,-1,114,113,115,-1,114,115,116,-1,116,115,117,-1,116,117,22,-1,22,117,23,-1,118,119,120,-1,120,119,121,-1,122,123,124,-1,124,123,125,-1,126,123,127,-1,127,123,122,-1,127,122,128,-1,128,122,129,-1,128,129,118,-1,118,129,119,-1,119,129,130,-1,130,129,131,-1,130,131,125,-1,125,131,132,-1,125,132,124,-1,133,120,121,-1,134,135,136,-1,135,137,136,-1,136,137,138,-1,136,138,139,-1,138,133,139,-1,139,133,121,-1,139,121,140,-1,140,121,141,-1,140,141,142,-1,142,141,134,-1,142,134,143,-1,143,134,136,-1,144,145,146,-1,146,145,147,-1,146,147,148,-1,148,147,149,-1,148,149,150,-1,150,149,151,-1,150,151,152,-1,152,151,153,-1,152,153,154,-1,154,153,155,-1,154,155,156,-1,156,155,157,-1,156,157,158,-1,158,157,159,-1,158,159,160,-1,160,159,161,-1,160,161,162,-1,162,161,163,-1,162,163,164,-1,164,163,165,-1,164,165,166,-1,166,165,167,-1,166,167,168,-1,168,167,169,-1,168,169,170,-1,170,169,171,-1,170,171,172,-1,172,171,173,-1,172,173,174,-1,174,173,175,-1,174,175,176,-1,176,175,177,-1,176,177,178,-1,178,177,179,-1,178,179,180,-1,180,179,181,-1,180,181,182,-1,182,181,183,-1,182,183,184,-1,184,183,185,-1,184,185,186,-1,186,185,187,-1,186,187,188,-1,188,187,189,-1,188,189,190,-1,190,189,191,-1,190,191,144,-1,144,191,145,-1,192,193,194,-1,194,193,195,-1,194,195,196,-1,196,195,197,-1,196,197,198,-1,192,199,193,-1,193,199,200,-1,193,200,201,-1,201,202,193,-1,193,202,203,-1,193,203,204,-1,204,205,193,-1,193,205,206,-1,193,206,207,-1,208,209,210,-1,211,212,213,-1,214,215,216,-1,217,218,219,-1,220,221,222,-1,223,224,225,-1,197,195,226,-1,226,195,227,-1,226,227,228,-1,228,227,229,-1,229,227,230,-1,229,230,231,-1,232,233,234,-1,234,233,235,-1,234,235,230,-1,230,235,236,-1,230,236,231,-1,232,234,237,-1,237,234,238,-1,237,238,239,-1,239,238,240,-1,240,238,241,-1,240,241,242,-1,243,244,241,-1,241,244,245,-1,245,246,241,-1,241,246,247,-1,241,247,242,-1,248,249,250,-1,250,249,251,-1,250,251,252,-1,253,254,255,-1,255,254,256,-1,255,256,249,-1,249,256,257,-1,249,257,251,-1,225,224,255,-1,255,224,258,-1,255,258,253,-1,223,225,259,-1,259,225,260,-1,259,260,261,-1,261,260,262,-1,262,260,263,-1,262,263,264,-1,264,263,265,-1,265,263,196,-1,265,196,198,-1,207,206,266,-1,266,206,267,-1,266,267,268,-1,268,267,269,-1,268,269,270,-1,270,269,271,-1,270,271,272,-1,272,271,273,-1,272,273,274,-1,274,273,222,-1,203,202,275,-1,275,202,276,-1,275,276,277,-1,277,276,278,-1,277,278,279,-1,279,278,280,-1,279,280,281,-1,281,280,282,-1,281,282,283,-1,283,282,216,-1,200,199,284,-1,284,199,285,-1,284,285,286,-1,286,285,287,-1,286,287,288,-1,288,287,289,-1,288,289,290,-1,290,289,291,-1,290,291,292,-1,292,291,213,-1,293,243,294,-1,294,243,241,-1,294,241,295,-1,295,241,238,-1,295,238,296,-1,296,238,234,-1,296,234,297,-1,297,234,230,-1,297,230,298,-1,298,230,227,-1,298,227,193,-1,193,227,195,-1,193,207,298,-1,298,207,266,-1,298,266,297,-1,297,266,268,-1,297,268,296,-1,296,268,270,-1,296,270,295,-1,295,270,272,-1,295,272,294,-1,294,272,274,-1,294,274,293,-1,293,274,299,-1,222,221,274,-1,274,221,300,-1,274,300,299,-1,301,220,302,-1,302,220,222,-1,302,222,303,-1,303,222,273,-1,303,273,304,-1,304,273,271,-1,304,271,305,-1,305,271,269,-1,305,269,306,-1,306,269,267,-1,306,267,205,-1,205,267,206,-1,205,204,306,-1,306,204,307,-1,306,307,305,-1,305,307,308,-1,305,308,304,-1,304,308,309,-1,304,309,303,-1,303,309,310,-1,303,310,302,-1,302,310,219,-1,302,219,301,-1,301,219,218,-1,311,217,283,-1,283,217,219,-1,283,219,281,-1,281,219,310,-1,281,310,279,-1,279,310,309,-1,279,309,277,-1,277,309,308,-1,277,308,275,-1,275,308,307,-1,275,307,203,-1,203,307,204,-1,216,215,283,-1,283,215,312,-1,283,312,311,-1,313,214,314,-1,314,214,216,-1,314,216,315,-1,315,216,282,-1,315,282,316,-1,316,282,280,-1,316,280,317,-1,317,280,278,-1,317,278,318,-1,318,278,276,-1,318,276,201,-1,201,276,202,-1,201,200,318,-1,318,200,284,-1,318,284,317,-1,317,284,286,-1,317,286,316,-1,316,286,288,-1,316,288,315,-1,315,288,290,-1,315,290,314,-1,314,290,292,-1,314,292,313,-1,313,292,319,-1,213,212,292,-1,292,212,320,-1,292,320,319,-1,321,211,322,-1,322,211,213,-1,322,213,323,-1,323,213,291,-1,323,291,324,-1,324,291,289,-1,324,289,325,-1,325,289,287,-1,325,287,326,-1,326,287,285,-1,326,285,192,-1,192,285,199,-1,192,194,326,-1,326,194,327,-1,326,327,325,-1,325,327,328,-1,325,328,324,-1,324,328,329,-1,324,329,323,-1,323,329,330,-1,323,330,322,-1,322,330,210,-1,322,210,321,-1,321,210,209,-1,248,208,249,-1,249,208,210,-1,249,210,255,-1,255,210,330,-1,255,330,225,-1,225,330,329,-1,225,329,260,-1,260,329,328,-1,260,328,263,-1,263,328,327,-1,263,327,196,-1,196,327,194,-1,331,332,333,-1,333,334,335,-1,336,337,338,-1,338,337,339,-1,339,337,333,-1,333,337,340,-1,333,340,331,-1,332,341,333,-1,333,341,342,-1,333,342,334,-1,343,344,345,-1,345,344,333,-1,345,333,346,-1,346,333,335,-1,347,348,349,-1,349,348,350,-1,349,350,351,-1,351,350,352,-1,353,354,355,-1,355,354,356,-1,355,356,357,-1,357,356,358,-1,214,359,215,-1,215,359,360,-1,214,313,359,-1,359,313,319,-1,359,319,361,-1,211,362,212,-1,212,362,361,-1,212,361,320,-1,320,361,319,-1,211,321,362,-1,362,321,209,-1,362,209,363,-1,252,357,250,-1,250,357,358,-1,250,358,248,-1,248,358,363,-1,248,363,208,-1,208,363,209,-1,364,365,366,-1,366,365,354,-1,366,354,367,-1,367,354,353,-1,367,353,368,-1,364,369,365,-1,365,369,370,-1,365,370,371,-1,372,373,374,-1,374,373,371,-1,374,371,375,-1,375,371,370,-1,372,376,373,-1,373,376,377,-1,373,377,378,-1,377,379,378,-1,378,379,380,-1,378,380,381,-1,382,383,384,-1,384,383,381,-1,384,381,385,-1,385,381,380,-1,382,386,383,-1,383,386,387,-1,383,387,388,-1,389,390,391,-1,391,390,388,-1,391,388,392,-1,392,388,387,-1,389,393,390,-1,390,393,394,-1,390,394,395,-1,396,351,397,-1,397,351,352,-1,397,352,398,-1,398,352,395,-1,398,395,399,-1,399,395,394,-1,243,400,244,-1,244,400,348,-1,244,348,245,-1,245,348,347,-1,245,347,246,-1,243,293,400,-1,400,293,299,-1,400,299,401,-1,220,402,221,-1,221,402,401,-1,221,401,300,-1,300,401,299,-1,220,301,402,-1,402,301,218,-1,402,218,403,-1,218,217,403,-1,403,217,311,-1,403,311,360,-1,360,311,312,-1,360,312,215,-1,160,395,158,-1,158,395,352,-1,158,352,156,-1,156,352,350,-1,156,350,154,-1,154,350,348,-1,154,348,152,-1,152,348,400,-1,152,400,150,-1,150,400,401,-1,150,401,148,-1,148,401,402,-1,148,402,146,-1,146,402,403,-1,146,403,144,-1,144,403,360,-1,144,360,190,-1,190,360,359,-1,190,359,188,-1,188,359,361,-1,188,361,186,-1,186,361,362,-1,186,362,184,-1,184,362,363,-1,184,363,182,-1,182,363,358,-1,182,358,180,-1,180,358,356,-1,180,356,178,-1,178,356,354,-1,178,354,176,-1,176,354,365,-1,176,365,174,-1,174,365,371,-1,174,371,172,-1,172,371,373,-1,172,373,170,-1,170,373,378,-1,170,378,168,-1,168,378,381,-1,168,381,166,-1,166,381,383,-1,166,383,164,-1,164,383,388,-1,164,388,162,-1,162,388,390,-1,162,390,160,-1,160,390,395,-1,399,394,404,-1,389,391,405,-1,382,384,406,-1,385,380,407,-1,379,377,408,-1,372,374,409,-1,397,398,410,-1,396,397,411,-1,411,397,410,-1,411,410,412,-1,412,410,413,-1,413,410,414,-1,413,414,415,-1,415,414,416,-1,416,414,417,-1,416,417,418,-1,419,420,421,-1,421,420,422,-1,421,422,417,-1,417,422,423,-1,417,423,418,-1,419,421,424,-1,424,421,425,-1,424,425,426,-1,426,425,427,-1,427,425,333,-1,427,333,344,-1,343,345,428,-1,428,345,429,-1,428,429,430,-1,431,432,429,-1,429,432,433,-1,429,433,430,-1,434,435,436,-1,436,435,437,-1,436,437,431,-1,431,437,438,-1,431,438,432,-1,434,436,439,-1,439,436,440,-1,439,440,441,-1,441,440,442,-1,442,440,443,-1,442,443,444,-1,364,366,443,-1,443,366,367,-1,444,443,445,-1,445,443,367,-1,445,367,368,-1,335,334,446,-1,446,334,447,-1,446,447,448,-1,448,447,449,-1,448,449,450,-1,450,449,451,-1,450,451,452,-1,452,451,453,-1,452,453,454,-1,454,453,409,-1,337,336,455,-1,455,336,456,-1,455,456,457,-1,457,456,458,-1,457,458,459,-1,459,458,460,-1,459,460,461,-1,461,460,462,-1,461,462,463,-1,463,462,405,-1,369,364,464,-1,464,364,443,-1,464,443,465,-1,465,443,440,-1,465,440,466,-1,466,440,436,-1,466,436,467,-1,467,436,431,-1,467,431,468,-1,468,431,429,-1,468,429,346,-1,346,429,345,-1,346,335,468,-1,468,335,446,-1,468,446,467,-1,467,446,448,-1,467,448,466,-1,466,448,450,-1,466,450,465,-1,465,450,452,-1,465,452,464,-1,464,452,454,-1,464,454,369,-1,369,454,370,-1,409,374,454,-1,454,374,375,-1,454,375,370,-1,376,372,469,-1,469,372,409,-1,469,409,470,-1,470,409,453,-1,470,453,471,-1,471,453,451,-1,471,451,472,-1,472,451,449,-1,472,449,473,-1,473,449,447,-1,473,447,342,-1,342,447,334,-1,342,341,473,-1,473,341,474,-1,473,474,472,-1,472,474,475,-1,472,475,471,-1,471,475,476,-1,471,476,470,-1,470,476,477,-1,470,477,469,-1,469,477,408,-1,469,408,376,-1,376,408,377,-1,380,379,407,-1,407,379,408,-1,407,408,478,-1,478,408,477,-1,478,477,479,-1,479,477,476,-1,479,476,480,-1,480,476,475,-1,480,475,481,-1,481,475,474,-1,481,474,332,-1,332,474,341,-1,384,385,406,-1,406,385,407,-1,406,407,482,-1,482,407,478,-1,482,478,483,-1,483,478,479,-1,483,479,484,-1,484,479,480,-1,484,480,485,-1,485,480,481,-1,485,481,331,-1,331,481,332,-1,386,382,486,-1,486,382,406,-1,486,406,487,-1,487,406,482,-1,487,482,488,-1,488,482,483,-1,488,483,489,-1,489,483,484,-1,489,484,490,-1,490,484,485,-1,490,485,340,-1,340,485,331,-1,340,337,490,-1,490,337,455,-1,490,455,489,-1,489,455,457,-1,489,457,488,-1,488,457,459,-1,488,459,487,-1,487,459,461,-1,487,461,486,-1,486,461,463,-1,486,463,386,-1,386,463,387,-1,405,391,463,-1,463,391,392,-1,463,392,387,-1,393,389,491,-1,491,389,405,-1,491,405,492,-1,492,405,462,-1,492,462,493,-1,493,462,460,-1,493,460,494,-1,494,460,458,-1,494,458,495,-1,495,458,456,-1,495,456,338,-1,338,456,336,-1,338,339,495,-1,495,339,496,-1,495,496,494,-1,494,496,497,-1,494,497,493,-1,493,497,498,-1,493,498,492,-1,492,498,499,-1,492,499,491,-1,491,499,404,-1,491,404,393,-1,393,404,394,-1,398,399,410,-1,410,399,404,-1,410,404,414,-1,414,404,499,-1,414,499,417,-1,417,499,498,-1,417,498,421,-1,421,498,497,-1,421,497,425,-1,425,497,496,-1,425,496,333,-1,333,496,339,-1,262,264,347,-1,231,236,242,-1,357,252,347,-1,347,252,251,-1,347,251,257,-1,257,256,347,-1,347,256,254,-1,347,254,253,-1,247,246,228,-1,228,246,347,-1,228,347,226,-1,226,347,197,-1,247,228,242,-1,242,228,229,-1,242,229,231,-1,253,258,347,-1,347,258,224,-1,347,224,223,-1,264,265,347,-1,347,265,198,-1,347,198,197,-1,236,235,242,-1,242,235,233,-1,242,233,232,-1,237,239,232,-1,232,239,240,-1,232,240,242,-1,223,259,347,-1,347,259,261,-1,347,261,262,-1,432,438,353,-1,351,396,353,-1,353,396,411,-1,353,411,412,-1,438,437,353,-1,353,437,435,-1,353,435,434,-1,422,420,423,-1,423,420,418,-1,426,427,412,-1,412,427,344,-1,412,344,353,-1,353,344,343,-1,353,343,428,-1,428,430,353,-1,353,430,433,-1,353,433,432,-1,439,441,434,-1,434,441,442,-1,434,442,444,-1,444,445,434,-1,434,445,368,-1,434,368,353,-1,412,413,426,-1,426,413,415,-1,426,415,416,-1,416,418,426,-1,426,418,420,-1,426,420,424,-1,424,420,419,-1,351,353,349,-1,349,353,355,-1,349,355,347,-1,347,355,357,-1,187,185,136,-1,163,161,129,-1,129,161,159,-1,159,157,129,-1,129,157,155,-1,129,155,139,-1,139,155,153,-1,153,151,139,-1,139,151,149,-1,139,149,147,-1,177,175,122,-1,122,175,173,-1,122,173,171,-1,147,145,139,-1,139,145,191,-1,139,191,136,-1,136,191,189,-1,136,189,187,-1,185,183,136,-1,136,183,181,-1,136,181,122,-1,122,181,179,-1,122,179,177,-1,171,169,122,-1,122,169,167,-1,122,167,129,-1,129,167,165,-1,129,165,163,-1,500,501,502,-1,502,503,504,-1,505,506,502,-1,502,506,507,-1,502,507,508,-1,509,510,511,-1,504,512,502,-1,502,512,513,-1,502,513,505,-1,514,515,516,-1,516,515,517,-1,518,519,520,-1,521,522,523,-1,520,524,518,-1,518,524,525,-1,518,525,526,-1,526,525,516,-1,526,516,527,-1,527,516,517,-1,528,529,132,-1,132,529,530,-1,521,523,531,-1,532,533,534,-1,534,533,535,-1,534,535,536,-1,536,535,537,-1,536,537,538,-1,539,540,541,-1,511,542,509,-1,509,542,543,-1,509,543,544,-1,545,546,547,-1,547,546,548,-1,547,548,549,-1,549,548,550,-1,508,551,502,-1,502,551,552,-1,502,552,553,-1,539,541,554,-1,540,555,541,-1,541,555,556,-1,541,556,557,-1,530,558,132,-1,132,558,559,-1,132,559,560,-1,545,561,546,-1,546,561,562,-1,546,562,563,-1,563,562,564,-1,563,564,565,-1,553,566,502,-1,502,566,567,-1,502,567,568,-1,569,570,571,-1,519,518,534,-1,534,518,572,-1,534,572,532,-1,573,574,575,-1,575,574,576,-1,575,576,577,-1,578,579,580,-1,581,582,583,-1,583,582,584,-1,565,585,563,-1,563,585,586,-1,563,586,502,-1,502,586,587,-1,502,587,503,-1,502,588,589,-1,590,591,592,-1,593,594,595,-1,595,594,538,-1,522,596,523,-1,523,596,597,-1,523,597,598,-1,598,597,569,-1,598,569,599,-1,599,569,571,-1,132,600,601,-1,578,580,602,-1,603,579,604,-1,604,579,605,-1,603,606,579,-1,579,606,607,-1,579,607,580,-1,581,608,582,-1,582,608,609,-1,582,609,610,-1,580,595,523,-1,568,611,502,-1,502,611,612,-1,502,612,588,-1,589,613,502,-1,502,613,614,-1,502,614,615,-1,616,615,592,-1,592,615,617,-1,538,537,595,-1,595,537,618,-1,595,618,523,-1,523,618,619,-1,523,619,531,-1,620,621,622,-1,623,624,132,-1,132,624,625,-1,132,625,626,-1,626,627,132,-1,132,627,628,-1,132,628,580,-1,580,628,629,-1,580,629,602,-1,584,582,579,-1,579,582,630,-1,579,630,605,-1,132,631,632,-1,592,591,595,-1,595,591,633,-1,595,633,593,-1,634,635,636,-1,637,638,639,-1,639,638,640,-1,639,640,641,-1,573,575,601,-1,601,575,642,-1,601,642,132,-1,132,642,643,-1,132,643,644,-1,645,646,615,-1,560,647,132,-1,132,647,648,-1,132,648,623,-1,649,650,132,-1,132,650,651,-1,132,651,631,-1,632,652,132,-1,132,652,653,-1,132,653,654,-1,655,656,131,-1,577,576,637,-1,637,576,657,-1,637,657,658,-1,644,659,132,-1,132,659,660,-1,132,660,528,-1,646,661,615,-1,615,661,662,-1,615,662,663,-1,557,664,541,-1,541,664,665,-1,541,665,666,-1,666,665,667,-1,666,667,668,-1,668,667,669,-1,668,669,670,-1,670,669,639,-1,670,639,671,-1,671,639,641,-1,617,672,592,-1,592,672,673,-1,592,673,590,-1,674,622,675,-1,675,622,676,-1,621,677,622,-1,622,677,678,-1,622,678,679,-1,680,681,682,-1,682,681,683,-1,658,684,637,-1,637,684,685,-1,637,685,638,-1,679,686,622,-1,622,686,687,-1,622,687,688,-1,688,689,622,-1,622,689,690,-1,622,690,131,-1,131,690,691,-1,131,691,655,-1,635,634,692,-1,692,634,693,-1,692,693,683,-1,683,693,694,-1,683,694,682,-1,680,695,681,-1,681,695,696,-1,681,696,697,-1,697,696,698,-1,616,699,615,-1,615,699,700,-1,615,700,645,-1,645,700,701,-1,645,701,702,-1,703,704,132,-1,132,704,509,-1,132,509,649,-1,649,509,544,-1,674,705,622,-1,622,705,706,-1,622,706,707,-1,707,708,622,-1,622,708,709,-1,622,709,620,-1,710,711,132,-1,132,711,712,-1,132,712,600,-1,636,713,634,-1,634,713,714,-1,634,714,715,-1,716,717,132,-1,132,717,718,-1,132,718,703,-1,523,719,580,-1,580,719,720,-1,580,720,721,-1,721,722,580,-1,580,722,723,-1,580,723,132,-1,132,723,724,-1,132,724,716,-1,656,725,131,-1,131,725,726,-1,131,726,132,-1,132,726,727,-1,132,727,728,-1,728,729,132,-1,132,729,634,-1,132,634,710,-1,710,634,715,-1,541,730,142,-1,142,730,731,-1,676,622,731,-1,731,622,140,-1,731,140,142,-1,143,732,733,-1,733,734,143,-1,143,734,500,-1,143,500,142,-1,142,500,502,-1,142,502,541,-1,541,502,615,-1,541,615,554,-1,554,615,663,-1,735,736,737,-1,738,739,502,-1,502,739,740,-1,738,741,742,-1,743,744,745,-1,737,736,746,-1,747,748,749,-1,750,751,752,-1,752,751,753,-1,752,753,754,-1,742,755,738,-1,738,755,756,-1,738,756,757,-1,741,738,758,-1,758,738,502,-1,758,502,759,-1,759,502,501,-1,759,501,745,-1,744,760,745,-1,745,760,761,-1,745,761,759,-1,762,763,764,-1,764,763,765,-1,764,765,766,-1,767,768,737,-1,737,768,769,-1,737,769,770,-1,771,772,132,-1,773,762,774,-1,770,775,737,-1,737,775,776,-1,737,776,735,-1,749,748,777,-1,777,748,778,-1,777,778,754,-1,754,778,779,-1,754,779,752,-1,771,132,780,-1,772,781,132,-1,132,781,782,-1,132,782,783,-1,767,737,784,-1,784,737,785,-1,784,785,786,-1,762,787,788,-1,789,790,791,-1,746,736,749,-1,749,736,792,-1,749,792,747,-1,793,766,794,-1,794,766,765,-1,794,765,740,-1,740,765,780,-1,740,780,502,-1,502,780,132,-1,502,132,563,-1,563,132,654,-1,783,795,132,-1,132,795,796,-1,132,796,750,-1,797,798,799,-1,799,798,800,-1,799,800,801,-1,743,745,785,-1,785,745,802,-1,785,802,786,-1,773,803,762,-1,762,803,804,-1,762,804,787,-1,788,805,762,-1,762,805,806,-1,762,806,763,-1,807,808,789,-1,789,808,809,-1,789,809,790,-1,752,810,750,-1,750,810,811,-1,750,811,132,-1,132,811,124,-1,812,774,813,-1,813,774,814,-1,812,815,774,-1,774,815,816,-1,774,816,773,-1,793,817,766,-1,766,817,818,-1,766,818,819,-1,820,821,124,-1,124,821,822,-1,124,822,732,-1,822,823,732,-1,732,823,799,-1,732,799,733,-1,733,799,801,-1,733,801,824,-1,791,825,789,-1,789,825,766,-1,789,766,826,-1,826,766,819,-1,827,828,124,-1,124,828,829,-1,124,829,820,-1,811,830,124,-1,124,830,831,-1,124,831,832,-1,833,834,832,-1,832,834,835,-1,832,835,124,-1,124,835,836,-1,124,836,837,-1,837,838,124,-1,124,838,839,-1,124,839,827,-1,143,136,732,-1,732,136,122,-1,732,122,124,-1,131,129,622,-1,622,129,139,-1,622,139,140,-1,135,123,137,-1,137,123,126,-1,141,130,134,-1,134,130,125,-1,130,141,119,-1,119,141,121,-1,134,125,135,-1,135,125,123,-1,27,25,29,-1,29,25,31,-1,24,26,30,-1,30,26,28,-1,
        ]
    }
}
Shape{
    appearance Appearance {
        material  Material 	{
            diffuseColor 0.24705882352941178 0.49411764705882355 0.27450980392156865
            specularColor 0.01568627450980392 0.03529411764705882 0.0196078431372549
            ambientIntensity 0.5646
            transparency 0.0
            shininess 0.5
        }
    }
    geometry IndexedFaceSet {
        ccw TRUE
        solid FALSE
        coord DEF co Coordinate {
            point [
                -3.8976 1.6535 3.8976, -3.8976 1.6535 -0.0394, -3.7402 1.6535 3.8976, -3.7402 1.6535 -0.0394, -3.8976 1.8504 3.8976, -3.7402 1.8504 3.8976, -3.8976 1.8504 -0.0394, -3.7402 1.8504 -0.0394, -3.8976 -2.2047 5.0787, -3.8976 -2.2047 -0.0394, -3.7402 -2.2047 5.0787, -3.7402 -2.2047 -0.0394, -3.8976 -2.0079 5.0787, -3.7402 -2.0079 5.0787, -3.8976 -2.0079 -0.0394, -3.7402 -2.0079 -0.0394
            ]
        }
        coordIndex [
            0,1,2,-1,2,1,3,-1,4,0,5,-1,5,0,2,-1,6,4,7,-1,7,4,5,-1,0,4,1,-1,1,4,6,-1,8,9,10,-1,10,9,11,-1,12,8,13,-1,13,8,10,-1,14,12,15,-1,15,12,13,-1,8,12,9,-1,9,12,14,-1,
        ]
    }
}
Shape{
    appearance Appearance {
        material  Material 	{
            diffuseColor 0.792156862745098 0.8196078431372549 0.9333333333333333
            specularColor 0.396078431372549 0.4117647058823529 0.4666666666666667
            ambientIntensity 0.8244
            transparency 0.0
            shininess 0.5
        }
    }
    geometry IndexedFaceSet {
        ccw TRUE
        solid FALSE
        coord DEF co Coordinate {
            point [
                -2.2307 -0.6704 1.2638, -2.2307 -0.6704 1.2598, -2.2126 -0.7548 1.2638, -2.2126 -0.7548 1.2598, -2.2393 -0.6274 1.2638, -2.2393 -0.6274 1.2598, -2.2426 -0.6138 1.2638, -2.2426 -0.6138 1.2598, -2.2434 -0.6118 1.2638, -2.2434 -0.6118 1.2598, -2.244 -0.6105 1.2638, -2.244 -0.6105 1.2598, -2.2446 -0.6096 1.2638, -2.2446 -0.6096 1.2598, -2.2452 -0.609 1.2638, -2.2452 -0.609 1.2598, -2.2457 -0.6086 1.2638, -2.2457 -0.6086 1.2598, -2.2461 -0.6084 1.2638, -2.2461 -0.6084 1.2598, -2.2466 -0.6083 1.2638, -2.2466 -0.6083 1.2598, -2.247 -0.6084 1.2638, -2.247 -0.6084 1.2598, -2.2474 -0.6085 1.2638, -2.2474 -0.6085 1.2598, -2.2478 -0.6088 1.2638, -2.2478 -0.6088 1.2598, -2.2482 -0.6092 1.2638, -2.2482 -0.6092 1.2598, -2.2485 -0.6097 1.2638, -2.2485 -0.6097 1.2598, -2.2489 -0.6112 1.2638, -2.2489 -0.6112 1.2598, -2.2499 -0.6183 1.2638, -2.2499 -0.6183 1.2598, -2.2506 -0.6251 1.2638, -2.2506 -0.6251 1.2598, -2.2534 -0.6489 1.2638, -2.2534 -0.6489 1.2598, -2.2541 -0.6599 1.2638, -2.2541 -0.6599 1.2598, -2.2539 -0.6651 1.2638, -2.2539 -0.6651 1.2598, -2.2528 -0.6682 1.2638, -2.2528 -0.6682 1.2598, -2.2517 -0.6704 1.2638, -2.2517 -0.6704 1.2598, -2.2488 -0.6755 1.2638, -2.2488 -0.6755 1.2598, -2.2414 -0.7003 1.2638, -2.2414 -0.7003 1.2598, -2.2353 -0.7254 1.2638, -2.2353 -0.7254 1.2598, -2.1774 -0.9931 1.2598, -2.177 -0.9954 1.2638, -2.177 -0.9954 1.2598, -2.1691 -0.9954 1.2638, -2.1691 -0.9954 1.2598, -2.1141 -0.7525 1.2638, -2.1141 -0.7525 1.2598, -2.1686 -0.9931 1.2598, -2.1073 -0.7242 1.2638, -2.1073 -0.7242 1.2598, -2.1043 -0.7108 1.2638, -2.1043 -0.7108 1.2598, -2.1005 -0.6976 1.2638, -2.1005 -0.6976 1.2598, -2.0966 -0.6869 1.2638, -2.0966 -0.6869 1.2598, -2.093 -0.6768 1.2638, -2.093 -0.6768 1.2598, -2.0906 -0.6732 1.2638, -2.0906 -0.6732 1.2598, -2.0888 -0.6711 1.2638, -2.0888 -0.6711 1.2598, -2.0882 -0.6702 1.2638, -2.0882 -0.6702 1.2598, -2.0879 -0.6696 1.2638, -2.0879 -0.6696 1.2598, -2.0877 -0.669 1.2638, -2.0877 -0.669 1.2598, -2.0877 -0.6669 1.2638, -2.0877 -0.6669 1.2598, -2.0886 -0.6536 1.2638, -2.0886 -0.6536 1.2598, -2.0886 -0.6534 1.2638, -2.0886 -0.6534 1.2598, -2.0909 -0.628 1.2638, -2.0909 -0.628 1.2598, -2.0921 -0.6183 1.2638, -2.0921 -0.6183 1.2598, -2.0923 -0.6153 1.2638, -2.0923 -0.6153 1.2598, -2.0926 -0.6132 1.2638, -2.0926 -0.6132 1.2598, -2.0929 -0.6118 1.2638, -2.0929 -0.6118 1.2598, -2.0931 -0.6109 1.2638, -2.0931 -0.6109 1.2598, -2.0934 -0.6103 1.2638, -2.0934 -0.6103 1.2598, -2.0936 -0.6098 1.2638, -2.0936 -0.6098 1.2598, -2.094 -0.6095 1.2638, -2.094 -0.6095 1.2598, -2.0945 -0.6093 1.2638, -2.0945 -0.6093 1.2598, -2.0949 -0.6092 1.2638, -2.0949 -0.6092 1.2598, -2.0953 -0.6092 1.2638, -2.0953 -0.6092 1.2598, -2.0958 -0.6093 1.2638, -2.0958 -0.6093 1.2598, -2.0964 -0.6096 1.2638, -2.0964 -0.6096 1.2598, -2.0969 -0.61 1.2638, -2.0969 -0.61 1.2598, -2.0974 -0.6107 1.2638, -2.0974 -0.6107 1.2598, -2.0979 -0.6117 1.2638, -2.0979 -0.6117 1.2598, -2.0983 -0.6132 1.2638, -2.0983 -0.6132 1.2598, -2.1022 -0.6359 1.2638, -2.1022 -0.6359 1.2598, -2.1356 -0.7734 1.2638, -2.1356 -0.7734 1.2598, -2.173 -0.941 1.2638, -2.2098 -0.7746 1.2638, -2.1368 -0.782 1.2638, -2.152 -0.7967 1.2638, -2.1662 -0.787 1.2638, -2.171 -0.7844 1.2638, -2.1875 -0.7793 1.2638, -2.2098 -0.7746 1.2598, -2.173 -0.941 1.2598, -2.1875 -0.7793 1.2598, -2.171 -0.7844 1.2598, -2.1662 -0.787 1.2598, -2.152 -0.7967 1.2598, -2.1368 -0.782 1.2598, -2.458 -0.9598 1.2638, -2.458 -0.9598 1.2598, -2.4478 -0.9513 1.2638, -2.4478 -0.9513 1.2598, -2.4605 -0.9618 1.2638, -2.4605 -0.9618 1.2598, -2.462 -0.9637 1.2638, -2.462 -0.9637 1.2598, -2.463 -0.9658 1.2638, -2.463 -0.9658 1.2598, -2.4633 -0.9671 1.2638, -2.4633 -0.9671 1.2598, -2.4632 -0.9685 1.2638, -2.4632 -0.9685 1.2598, -2.4628 -0.9699 1.2638, -2.4628 -0.9699 1.2598, -2.4623 -0.9708 1.2638, -2.4623 -0.9708 1.2598, -2.4615 -0.9717 1.2638, -2.4615 -0.9717 1.2598, -2.4608 -0.9723 1.2638, -2.4608 -0.9723 1.2598, -2.4506 -0.9705 1.2638, -2.4506 -0.9705 1.2598, -2.4388 -0.9705 1.2638, -2.4388 -0.9705 1.2598, -2.434 -0.9714 1.2638, -2.434 -0.9714 1.2598, -2.4291 -0.9723 1.2638, -2.4291 -0.9723 1.2598, -2.4172 -0.9733 1.2638, -2.4172 -0.9733 1.2598, -2.3957 -0.9796 1.2638, -2.3957 -0.9796 1.2598, -2.3834 -0.982 1.2638, -2.3834 -0.982 1.2598, -2.3708 -0.983 1.2638, -2.3708 -0.983 1.2598, -2.3532 -0.9819 1.2638, -2.3532 -0.9819 1.2598, -2.3405 -0.9788 1.2638, -2.3405 -0.9788 1.2598, -2.3301 -0.9734 1.2638, -2.3301 -0.9734 1.2598, -2.3207 -0.9651 1.2638, -2.3207 -0.9651 1.2598, -2.3117 -0.952 1.2638, -2.3117 -0.952 1.2598, -2.3029 -0.9289 1.2638, -2.3029 -0.9289 1.2598, -2.2946 -0.8655 1.2638, -2.2946 -0.8655 1.2598, -2.2921 -0.787 1.2638, -2.2921 -0.787 1.2598, -2.2978 -0.7202 1.2638, -2.2978 -0.7202 1.2598, -2.3086 -0.6827 1.2638, -2.3086 -0.6827 1.2598, -2.3203 -0.6617 1.2638, -2.3203 -0.6617 1.2598, -2.3302 -0.65 1.2638, -2.3302 -0.65 1.2598, -2.3411 -0.6419 1.2638, -2.3411 -0.6419 1.2598, -2.3518 -0.6377 1.2638, -2.3518 -0.6377 1.2598, -2.3929 -0.6313 1.2638, -2.3929 -0.6313 1.2598, -2.4178 -0.6285 1.2638, -2.4178 -0.6285 1.2598, -2.4271 -0.626 1.2638, -2.4271 -0.626 1.2598, -2.433 -0.6224 1.2638, -2.433 -0.6224 1.2598, -2.4349 -0.6213 1.2638, -2.4349 -0.6213 1.2598, -2.4353 -0.6212 1.2638, -2.4353 -0.6212 1.2598, -2.4369 -0.6213 1.2638, -2.4369 -0.6213 1.2598, -2.438 -0.6217 1.2638, -2.438 -0.6217 1.2598, -2.4416 -0.6244 1.2638, -2.4416 -0.6244 1.2598, -2.4498 -0.6319 1.2638, -2.4498 -0.6319 1.2598, -2.4524 -0.6348 1.2638, -2.4524 -0.6348 1.2598, -2.4592 -0.6421 1.2638, -2.4592 -0.6421 1.2598, -2.4606 -0.6436 1.2638, -2.4606 -0.6436 1.2598, -2.4615 -0.6448 1.2638, -2.4615 -0.6448 1.2598, -2.4622 -0.6457 1.2638, -2.4622 -0.6457 1.2598, -2.4626 -0.6464 1.2638, -2.4626 -0.6464 1.2598, -2.4627 -0.647 1.2638, -2.4627 -0.647 1.2598, -2.4628 -0.6477 1.2638, -2.4628 -0.6477 1.2598, -2.4626 -0.6484 1.2638, -2.4626 -0.6484 1.2598, -2.4622 -0.6496 1.2638, -2.4622 -0.6496 1.2598, -2.4619 -0.65 1.2638, -2.4619 -0.65 1.2598, -2.4616 -0.6503 1.2638, -2.4616 -0.6503 1.2598, -2.4613 -0.6505 1.2638, -2.4613 -0.6505 1.2598, -2.4608 -0.6507 1.2638, -2.4608 -0.6507 1.2598, -2.4594 -0.6508 1.2638, -2.4594 -0.6508 1.2598, -2.4574 -0.6506 1.2638, -2.4574 -0.6506 1.2598, -2.4495 -0.6506 1.2638, -2.4495 -0.6506 1.2598, -2.4405 -0.6506 1.2638, -2.4405 -0.6506 1.2598, -2.4405 -0.9473 1.2638, -2.4405 -0.9473 1.2598, -2.4443 -0.9491 1.2638, -2.4443 -0.9491 1.2598, -2.4246 -0.9513 1.2638, -2.4246 -0.6517 1.2638, -2.352 -0.6601 1.2638, -2.3647 -0.6568 1.2638, -2.3821 -0.6546 1.2638, -2.4071 -0.6517 1.2638, -2.3429 -0.6641 1.2638, -2.4158 -0.6514 1.2638, -2.4139 -0.9558 1.2638, -2.3898 -0.9614 1.2638, -2.3651 -0.9632 1.2638, -2.3502 -0.9603 1.2638, -2.3092 -0.7535 1.2638, -2.3183 -0.7032 1.2638, -2.3295 -0.678 1.2638, -2.3361 -0.6695 1.2638, -2.3393 -0.956 1.2638, -2.3326 -0.9511 1.2638, -2.3258 -0.943 1.2638, -2.3195 -0.9308 1.2638, -2.3145 -0.9138 1.2638, -2.3079 -0.8369 1.2638, -2.3821 -0.6546 1.2598, -2.4071 -0.6517 1.2598, -2.3647 -0.6568 1.2598, -2.352 -0.6601 1.2598, -2.3429 -0.6641 1.2598, -2.3361 -0.6695 1.2598, -2.3295 -0.678 1.2598, -2.3183 -0.7032 1.2598, -2.3092 -0.7535 1.2598, -2.3079 -0.8369 1.2598, -2.3145 -0.9138 1.2598, -2.3195 -0.9308 1.2598, -2.3258 -0.943 1.2598, -2.3326 -0.9511 1.2598, -2.3393 -0.956 1.2598, -2.3502 -0.9603 1.2598, -2.3651 -0.9632 1.2598, -2.3898 -0.9614 1.2598, -2.4139 -0.9558 1.2598, -2.4246 -0.9513 1.2598, -2.4246 -0.6517 1.2598, -2.4158 -0.6514 1.2598, -2.5805 -0.8301 1.2638, -2.5805 -0.8301 1.2598, -2.628 -0.8239 1.2638, -2.628 -0.8239 1.2598, -2.5608 -0.834 1.2638, -2.5608 -0.834 1.2598, -2.5483 -0.8385 1.2638, -2.5483 -0.8385 1.2598, -2.5425 -0.842 1.2638, -2.5425 -0.842 1.2598, -2.5374 -0.8448 1.2638, -2.5374 -0.8448 1.2598, -2.521 -0.8284 1.2638, -2.521 -0.8284 1.2598, -2.5198 -0.8268 1.2638, -2.5198 -0.8268 1.2598, -2.5191 -0.8256 1.2638, -2.5191 -0.8256 1.2598, -2.5186 -0.8244 1.2638, -2.5186 -0.8244 1.2598, -2.5185 -0.8235 1.2638, -2.5185 -0.8235 1.2598, -2.5185 -0.8226 1.2638, -2.5185 -0.8226 1.2598, -2.5188 -0.8217 1.2638, -2.5188 -0.8217 1.2598, -2.5195 -0.8205 1.2638, -2.5195 -0.8205 1.2598, -2.5203 -0.8197 1.2638, -2.5203 -0.8197 1.2598, -2.5213 -0.8192 1.2638, -2.5213 -0.8192 1.2598, -2.5224 -0.8189 1.2638, -2.5224 -0.8189 1.2598, -2.5238 -0.8187 1.2638, -2.5238 -0.8187 1.2598, -2.628 -0.8041 1.2638, -2.628 -0.8041 1.2598, -2.628 -0.6506 1.2638, -2.628 -0.6506 1.2598, -2.5436 -0.6624 1.2638, -2.5436 -0.6624 1.2598, -2.5355 -0.6646 1.2638, -2.5355 -0.6646 1.2598, -2.5278 -0.6681 1.2638, -2.5278 -0.6681 1.2598, -2.5228 -0.671 1.2638, -2.5228 -0.671 1.2598, -2.5069 -0.6534 1.2638, -2.5069 -0.6534 1.2598, -2.5052 -0.651 1.2638, -2.5052 -0.651 1.2598, -2.5047 -0.6497 1.2638, -2.5047 -0.6497 1.2598, -2.5045 -0.6487 1.2638, -2.5045 -0.6487 1.2598, -2.5046 -0.6479 1.2638, -2.5046 -0.6479 1.2598, -2.5049 -0.647 1.2638, -2.5049 -0.647 1.2598, -2.5054 -0.6459 1.2638, -2.5054 -0.6459 1.2598, -2.5058 -0.6454 1.2638, -2.5058 -0.6454 1.2598, -2.5062 -0.645 1.2638, -2.5062 -0.645 1.2598, -2.5069 -0.6448 1.2638, -2.5069 -0.6448 1.2598, -2.5069 -0.6447 1.2638, -2.5069 -0.6447 1.2598, -2.5085 -0.6444 1.2638, -2.5085 -0.6444 1.2598, -2.5103 -0.6443 1.2638, -2.5103 -0.6443 1.2598, -2.5187 -0.6438 1.2638, -2.5187 -0.6438 1.2598, -2.5616 -0.6386 1.2638, -2.5616 -0.6386 1.2598, -2.6043 -0.6319 1.2638, -2.6043 -0.6319 1.2598, -2.6303 -0.6274 1.2638, -2.6303 -0.6274 1.2598, -2.6366 -0.6251 1.2638, -2.6366 -0.6251 1.2598, -2.6406 -0.6241 1.2638, -2.6406 -0.6241 1.2598, -2.6434 -0.6239 1.2638, -2.6434 -0.6239 1.2598, -2.645 -0.6242 1.2638, -2.645 -0.6242 1.2598, -2.6463 -0.6248 1.2638, -2.6463 -0.6248 1.2598, -2.6477 -0.6259 1.2638, -2.6477 -0.6259 1.2598, -2.6489 -0.6273 1.2638, -2.6489 -0.6273 1.2598, -2.6495 -0.6286 1.2638, -2.6495 -0.6286 1.2598, -2.6499 -0.6309 1.2638, -2.6499 -0.6309 1.2598, -2.6498 -0.6341 1.2638, -2.6498 -0.6341 1.2598, -2.6496 -0.6353 1.2638, -2.6496 -0.6353 1.2598, -2.6459 -0.6495 1.2638, -2.6459 -0.6495 1.2598, -2.6445 -0.6642 1.2638, -2.6445 -0.6642 1.2598, -2.6445 -0.6749 1.2638, -2.6445 -0.6749 1.2598, -2.6441 -0.682 1.2638, -2.6441 -0.682 1.2598, -2.6439 -0.6891 1.2638, -2.6439 -0.6891 1.2598, -2.6445 -0.9484 1.2638, -2.6445 -0.9484 1.2598, -2.6508 -0.956 1.2638, -2.6508 -0.956 1.2598, -2.6547 -0.9607 1.2638, -2.6547 -0.9607 1.2598, -2.657 -0.964 1.2638, -2.657 -0.964 1.2598, -2.6579 -0.9659 1.2638, -2.6579 -0.9659 1.2598, -2.6584 -0.9687 1.2638, -2.6584 -0.9687 1.2598, -2.6585 -0.9703 1.2638, -2.6585 -0.9703 1.2598, -2.6585 -0.9716 1.2638, -2.6585 -0.9716 1.2598, -2.6584 -0.9721 1.2638, -2.6584 -0.9721 1.2598, -2.6582 -0.9726 1.2638, -2.6582 -0.9726 1.2598, -2.658 -0.9728 1.2638, -2.658 -0.9728 1.2598, -2.6578 -0.973 1.2638, -2.6578 -0.973 1.2598, -2.6575 -0.9732 1.2638, -2.6575 -0.9732 1.2598, -2.6567 -0.9734 1.2638, -2.6567 -0.9734 1.2598, -2.6551 -0.9735 1.2638, -2.6551 -0.9735 1.2598, -2.6535 -0.9733 1.2638, -2.6535 -0.9733 1.2598, -2.6428 -0.9717 1.2638, -2.6428 -0.9717 1.2598, -2.6332 -0.9705 1.2638, -2.6332 -0.9705 1.2598, -2.6235 -0.9705 1.2638, -2.6235 -0.9705 1.2598, -2.6218 -0.9705 1.2638, -2.6218 -0.9705 1.2598, -2.6107 -0.9708 1.2638, -2.6107 -0.9708 1.2598, -2.5998 -0.9723 1.2638, -2.5998 -0.9723 1.2598, -2.5776 -0.9762 1.2638, -2.5776 -0.9762 1.2598, -2.5581 -0.9801 1.2638, -2.5581 -0.9801 1.2598, -2.5427 -0.9857 1.2638, -2.5427 -0.9857 1.2598, -2.5397 -0.9875 1.2638, -2.5397 -0.9875 1.2598, -2.5346 -0.9909 1.2638, -2.5346 -0.9909 1.2598, -2.5182 -0.9739 1.2638, -2.5182 -0.9739 1.2598, -2.5171 -0.9721 1.2638, -2.5171 -0.9721 1.2598, -2.5165 -0.9707 1.2638, -2.5165 -0.9707 1.2598, -2.5161 -0.9697 1.2638, -2.5161 -0.9697 1.2598, -2.516 -0.9689 1.2638, -2.516 -0.9689 1.2598, -2.516 -0.9681 1.2638, -2.516 -0.9681 1.2598, -2.5163 -0.9673 1.2638, -2.5163 -0.9673 1.2598, -2.5167 -0.9666 1.2638, -2.5167 -0.9666 1.2598, -2.5175 -0.9659 1.2638, -2.5175 -0.9659 1.2598, -2.5186 -0.9653 1.2638, -2.5186 -0.9653 1.2598, -2.5197 -0.965 1.2638, -2.5197 -0.965 1.2598, -2.521 -0.9649 1.2638, -2.521 -0.9649 1.2598, -2.53 -0.9637 1.2638, -2.53 -0.9637 1.2598, -2.5434 -0.9619 1.2638, -2.5434 -0.9619 1.2598, -2.5567 -0.9603 1.2638, -2.5567 -0.9603 1.2598, -2.628 -0.9484 1.2638, -2.628 -0.9484 1.2598, -2.7143 -0.9824 1.2638, -2.7143 -0.9824 1.2598, -2.7227 -0.9824 1.2638, -2.7227 -0.9824 1.2598, -2.7143 -0.8312 1.2638, -2.7143 -0.8312 1.2598, -2.725 -0.8312 1.2638, -2.725 -0.8312 1.2598, -2.7298 -0.911 1.2638, -2.7298 -0.911 1.2598, -2.7368 -0.9367 1.2638, -2.7368 -0.9367 1.2598, -2.7439 -0.9506 1.2638, -2.7439 -0.9506 1.2598, -2.7508 -0.9588 1.2638, -2.7508 -0.9588 1.2598, -2.7583 -0.9646 1.2638, -2.7583 -0.9646 1.2598, -2.7663 -0.9681 1.2638, -2.7663 -0.9681 1.2598, -2.7748 -0.97 1.2638, -2.7748 -0.97 1.2598, -2.7866 -0.9693 1.2638, -2.7866 -0.9693 1.2598, -2.7968 -0.9659 1.2638, -2.7968 -0.9659 1.2598, -2.8063 -0.9599 1.2638, -2.8063 -0.9599 1.2598, -2.8155 -0.951 1.2638, -2.8155 -0.951 1.2598, -2.8252 -0.9357 1.2638, -2.8252 -0.9357 1.2598, -2.8385 -0.8976 1.2638, -2.8385 -0.8976 1.2598, -2.8436 -0.868 1.2638, -2.8436 -0.868 1.2598, -2.8456 -0.778 1.2638, -2.8456 -0.778 1.2598, -2.8316 -0.6971 1.2638, -2.8316 -0.6971 1.2598, -2.8231 -0.674 1.2638, -2.8231 -0.674 1.2598, -2.8102 -0.6558 1.2638, -2.8102 -0.6558 1.2598, -2.802 -0.6483 1.2638, -2.802 -0.6483 1.2598, -2.7947 -0.644 1.2638, -2.7947 -0.644 1.2598, -2.7873 -0.6417 1.2638, -2.7873 -0.6417 1.2598, -2.7794 -0.641 1.2638, -2.7794 -0.641 1.2598, -2.7667 -0.6419 1.2638, -2.7667 -0.6419 1.2598, -2.7542 -0.6466 1.2638, -2.7542 -0.6466 1.2598, -2.744 -0.6537 1.2638, -2.744 -0.6537 1.2598, -2.7357 -0.6633 1.2638, -2.7357 -0.6633 1.2598, -2.7283 -0.678 1.2638, -2.7283 -0.678 1.2598, -2.7202 -0.7154 1.2638, -2.7202 -0.7154 1.2598, -2.7177 -0.7322 1.2638, -2.7177 -0.7322 1.2598, -2.7149 -0.7621 1.2638, -2.7149 -0.7621 1.2598, -2.7058 -0.7616 1.2638, -2.7058 -0.7616 1.2598, -2.7101 -0.694 1.2638, -2.7101 -0.694 1.2598, -2.7166 -0.6687 1.2638, -2.7166 -0.6687 1.2598, -2.7263 -0.649 1.2638, -2.7263 -0.649 1.2598, -2.7336 -0.6396 1.2638, -2.7336 -0.6396 1.2598, -2.7445 -0.6309 1.2638, -2.7445 -0.6309 1.2598, -2.7581 -0.6245 1.2638, -2.7581 -0.6245 1.2598, -2.7715 -0.6223 1.2638, -2.7715 -0.6223 1.2598, -2.786 -0.6228 1.2638, -2.786 -0.6228 1.2598, -2.801 -0.6274 1.2638, -2.801 -0.6274 1.2598, -2.8141 -0.6351 1.2638, -2.8141 -0.6351 1.2598, -2.8235 -0.6447 1.2638, -2.8235 -0.6447 1.2598, -2.8365 -0.6659 1.2638, -2.8365 -0.6659 1.2598, -2.8523 -0.7133 1.2638, -2.8523 -0.7133 1.2598, -2.8585 -0.7517 1.2638, -2.8585 -0.7517 1.2598, -2.8587 -0.8658 1.2638, -2.8587 -0.8658 1.2598, -2.845 -0.9271 1.2638, -2.845 -0.9271 1.2598, -2.833 -0.9542 1.2638, -2.833 -0.9542 1.2598, -2.8214 -0.9692 1.2638, -2.8214 -0.9692 1.2598, -2.8039 -0.9828 1.2638, -2.8039 -0.9828 1.2598, -2.7955 -0.9869 1.2638, -2.7955 -0.9869 1.2598, -2.7873 -0.9885 1.2638, -2.7873 -0.9885 1.2598, -2.7794 -0.9886 1.2638, -2.7794 -0.9886 1.2598, -2.7627 -0.9843 1.2638, -2.7627 -0.9843 1.2598, -2.7497 -0.9771 1.2638, -2.7497 -0.9771 1.2598, -2.7384 -0.9669 1.2638, -2.7384 -0.9669 1.2598, -2.7318 -0.9581 1.2638, -2.7318 -0.9581 1.2598, -2.7268 -0.949 1.2638, -2.7268 -0.949 1.2598, -3.0279 -1.0034 1.2598, -3.0279 -1.0034 1.2638, -3.0197 -0.9931 1.2598, -3.003 -0.9723 1.2638, -3.003 -0.9723 1.2598, -3.0089 -0.9598 1.2638, -3.0089 -0.9598 1.2598, -3.0113 -0.9438 1.2638, -3.0113 -0.9438 1.2598, -3.0115 -0.9365 1.2638, -3.0115 -0.9365 1.2598, -3.0115 -0.6478 1.2638, -3.0115 -0.6478 1.2598, -2.9679 -0.6514 1.2638, -2.9679 -0.6514 1.2598, -2.9471 -0.6546 1.2638, -2.9471 -0.6546 1.2598, -2.9401 -0.6562 1.2638, -2.9401 -0.6562 1.2598, -2.9361 -0.6582 1.2638, -2.9361 -0.6582 1.2598, -2.9308 -0.6627 1.2638, -2.9308 -0.6627 1.2598, -2.9291 -0.6639 1.2638, -2.9291 -0.6639 1.2598, -2.9272 -0.6647 1.2638, -2.9272 -0.6647 1.2598, -2.914 -0.6531 1.2638, -2.914 -0.6531 1.2598, -2.9077 -0.6473 1.2638, -2.9077 -0.6473 1.2598, -2.9056 -0.645 1.2638, -2.9056 -0.645 1.2598, -2.9047 -0.6433 1.2638, -2.9047 -0.6433 1.2598, -2.9042 -0.6413 1.2638, -2.9042 -0.6413 1.2598, -2.904 -0.6393 1.2638, -2.904 -0.6393 1.2598, -2.9046 -0.638 1.2638, -2.9046 -0.638 1.2598, -2.9051 -0.6375 1.2638, -2.9051 -0.6375 1.2598, -2.9058 -0.637 1.2638, -2.9058 -0.637 1.2598, -2.9072 -0.6365 1.2638, -2.9072 -0.6365 1.2598, -2.9093 -0.6362 1.2638, -2.9093 -0.6362 1.2598, -2.9193 -0.636 1.2638, -2.9193 -0.636 1.2598, -2.9336 -0.6339 1.2638, -2.9336 -0.6339 1.2598, -2.9709 -0.6301 1.2638, -2.9709 -0.6301 1.2598, -2.9832 -0.6291 1.2638, -2.9832 -0.6291 1.2598, -3.007 -0.6268 1.2638, -3.007 -0.6268 1.2598, -3.0201 -0.6257 1.2638, -3.0201 -0.6257 1.2598, -3.023 -0.6248 1.2638, -3.023 -0.6248 1.2598, -3.0245 -0.6247 1.2638, -3.0245 -0.6247 1.2598, -3.0257 -0.6249 1.2638, -3.0257 -0.6249 1.2598, -3.0265 -0.6252 1.2638, -3.0265 -0.6252 1.2598, -3.0272 -0.6257 1.2638, -3.0272 -0.6257 1.2598, -3.0279 -0.6265 1.2638, -3.0279 -0.6265 1.2598, -3.0288 -0.6282 1.2638, -3.0288 -0.6282 1.2598, -3.0292 -0.6297 1.2638, -3.0292 -0.6297 1.2598, -3.0292 -0.6328 1.2638, -3.0292 -0.6328 1.2598, -3.0276 -0.6467 1.2638, -3.0276 -0.6467 1.2598, -3.0274 -0.65 1.2638, -3.0274 -0.65 1.2598, -3.0263 -0.6834 1.2638, -3.0263 -0.6834 1.2598, -3.0263 -0.9383 1.2638, -3.0263 -0.9383 1.2598, -3.0266 -0.9659 1.2638, -3.0266 -0.9659 1.2598, -3.0308 -0.9931 1.2638, -3.0308 -0.9931 1.2598, -3.0319 -0.9988 1.2638, -3.0319 -0.9988 1.2598
            ]
        }
        coordIndex [
            0,1,2,-1,2,1,3,-1,4,5,0,-1,0,5,1,-1,6,7,4,-1,4,7,5,-1,7,6,8,-1,7,8,9,-1,9,8,10,-1,9,10,11,-1,11,10,12,-1,11,12,13,-1,13,12,14,-1,13,14,15,-1,15,14,16,-1,15,16,17,-1,17,16,18,-1,17,18,19,-1,19,18,20,-1,19,20,21,-1,21,20,22,-1,21,22,23,-1,23,22,24,-1,23,24,25,-1,25,24,26,-1,25,26,27,-1,27,26,28,-1,27,28,29,-1,29,28,30,-1,29,30,31,-1,31,30,32,-1,31,32,33,-1,33,32,34,-1,33,34,35,-1,35,34,36,-1,35,36,37,-1,38,39,36,-1,36,39,37,-1,39,38,40,-1,39,40,41,-1,41,40,42,-1,41,42,43,-1,43,42,44,-1,43,44,45,-1,45,44,46,-1,45,46,47,-1,48,49,46,-1,46,49,47,-1,49,48,50,-1,49,50,51,-1,51,50,52,-1,51,52,53,-1,53,52,54,-1,54,52,55,-1,54,55,56,-1,57,58,55,-1,55,58,56,-1,59,60,57,-1,57,60,61,-1,57,61,58,-1,62,63,59,-1,59,63,60,-1,63,62,64,-1,63,64,65,-1,65,64,66,-1,65,66,67,-1,68,69,66,-1,66,69,67,-1,69,68,70,-1,69,70,71,-1,71,70,72,-1,71,72,73,-1,73,72,74,-1,73,74,75,-1,75,74,76,-1,75,76,77,-1,77,76,78,-1,77,78,79,-1,79,78,80,-1,79,80,81,-1,81,80,82,-1,81,82,83,-1,83,82,84,-1,83,84,85,-1,85,84,86,-1,85,86,87,-1,88,89,86,-1,86,89,87,-1,90,91,88,-1,88,91,89,-1,91,90,92,-1,91,92,93,-1,93,92,94,-1,93,94,95,-1,95,94,96,-1,95,96,97,-1,97,96,98,-1,97,98,99,-1,99,98,100,-1,99,100,101,-1,101,100,102,-1,101,102,103,-1,103,102,104,-1,103,104,105,-1,105,104,106,-1,105,106,107,-1,107,106,108,-1,107,108,109,-1,109,108,110,-1,109,110,111,-1,111,110,112,-1,111,112,113,-1,113,112,114,-1,113,114,115,-1,115,114,116,-1,115,116,117,-1,117,116,118,-1,117,118,119,-1,119,118,120,-1,119,120,121,-1,121,120,122,-1,121,122,123,-1,124,125,122,-1,122,125,123,-1,126,127,124,-1,124,127,125,-1,126,2,127,-1,127,2,3,-1,128,55,129,-1,129,55,52,-1,6,4,34,-1,126,130,131,-1,72,70,124,-1,124,70,68,-1,131,132,126,-1,126,132,133,-1,126,133,2,-1,2,133,134,-1,50,0,52,-1,52,0,2,-1,52,2,129,-1,129,2,134,-1,68,66,124,-1,124,66,64,-1,124,64,126,-1,126,64,62,-1,126,62,130,-1,130,62,59,-1,130,59,128,-1,128,59,57,-1,128,57,55,-1,0,38,4,-1,4,38,36,-1,4,36,34,-1,94,92,122,-1,122,92,90,-1,122,90,124,-1,124,90,88,-1,88,86,124,-1,124,86,84,-1,124,84,72,-1,72,84,82,-1,72,82,74,-1,50,48,0,-1,0,48,46,-1,0,46,44,-1,32,10,34,-1,34,10,8,-1,34,8,6,-1,44,42,0,-1,0,42,40,-1,0,40,38,-1,80,78,82,-1,82,78,76,-1,82,76,74,-1,118,100,120,-1,120,100,98,-1,120,98,122,-1,122,98,96,-1,122,96,94,-1,118,116,100,-1,100,116,114,-1,100,114,102,-1,30,14,32,-1,32,14,12,-1,32,12,10,-1,30,28,14,-1,14,28,26,-1,14,26,24,-1,18,16,20,-1,20,16,14,-1,20,14,22,-1,22,14,24,-1,110,108,112,-1,112,108,106,-1,112,106,114,-1,114,106,104,-1,114,104,102,-1,129,135,128,-1,128,135,136,-1,135,129,134,-1,135,134,137,-1,137,134,133,-1,137,133,138,-1,138,133,132,-1,138,132,139,-1,131,140,132,-1,132,140,139,-1,130,141,131,-1,131,141,140,-1,136,141,128,-1,128,141,130,-1,142,143,144,-1,144,143,145,-1,143,142,146,-1,143,146,147,-1,147,146,148,-1,147,148,149,-1,149,148,150,-1,149,150,151,-1,151,150,152,-1,151,152,153,-1,153,152,154,-1,153,154,155,-1,155,154,156,-1,155,156,157,-1,157,156,158,-1,157,158,159,-1,159,158,160,-1,159,160,161,-1,161,160,162,-1,161,162,163,-1,164,165,162,-1,162,165,163,-1,166,167,164,-1,164,167,165,-1,167,166,168,-1,167,168,169,-1,169,168,170,-1,169,170,171,-1,172,173,170,-1,170,173,171,-1,174,175,172,-1,172,175,173,-1,175,174,176,-1,175,176,177,-1,177,176,178,-1,177,178,179,-1,179,178,180,-1,179,180,181,-1,181,180,182,-1,181,182,183,-1,183,182,184,-1,183,184,185,-1,185,184,186,-1,185,186,187,-1,187,186,188,-1,187,188,189,-1,189,188,190,-1,189,190,191,-1,191,190,192,-1,191,192,193,-1,193,192,194,-1,193,194,195,-1,195,194,196,-1,195,196,197,-1,197,196,198,-1,197,198,199,-1,199,198,200,-1,199,200,201,-1,201,200,202,-1,201,202,203,-1,203,202,204,-1,203,204,205,-1,205,204,206,-1,205,206,207,-1,207,206,208,-1,207,208,209,-1,210,211,208,-1,208,211,209,-1,211,210,212,-1,211,212,213,-1,213,212,214,-1,213,214,215,-1,215,214,216,-1,215,216,217,-1,217,216,218,-1,217,218,219,-1,219,218,220,-1,219,220,221,-1,221,220,222,-1,221,222,223,-1,223,222,224,-1,223,224,225,-1,225,224,226,-1,225,226,227,-1,227,226,228,-1,227,228,229,-1,230,231,228,-1,228,231,229,-1,231,230,232,-1,231,232,233,-1,233,232,234,-1,233,234,235,-1,235,234,236,-1,235,236,237,-1,237,236,238,-1,237,238,239,-1,239,238,240,-1,239,240,241,-1,241,240,242,-1,241,242,243,-1,243,242,244,-1,243,244,245,-1,245,244,246,-1,245,246,247,-1,247,246,248,-1,247,248,249,-1,249,248,250,-1,249,250,251,-1,251,250,252,-1,251,252,253,-1,253,252,254,-1,253,254,255,-1,255,254,256,-1,255,256,257,-1,257,256,258,-1,257,258,259,-1,260,261,258,-1,258,261,259,-1,262,263,260,-1,260,263,261,-1,264,265,262,-1,262,265,263,-1,265,264,266,-1,265,266,267,-1,267,266,144,-1,267,144,145,-1,236,234,258,-1,166,164,268,-1,164,162,142,-1,142,162,160,-1,142,160,146,-1,142,144,164,-1,164,144,266,-1,164,266,268,-1,268,266,264,-1,268,264,269,-1,270,271,226,-1,226,271,272,-1,226,272,273,-1,234,232,258,-1,258,232,230,-1,258,230,260,-1,260,230,228,-1,260,228,262,-1,262,228,226,-1,226,224,270,-1,270,224,212,-1,270,212,274,-1,264,262,269,-1,269,262,226,-1,269,226,275,-1,275,226,273,-1,276,277,174,-1,174,277,176,-1,176,277,278,-1,176,278,178,-1,252,250,248,-1,174,172,276,-1,276,172,170,-1,276,170,268,-1,268,170,168,-1,268,168,166,-1,178,278,180,-1,180,278,279,-1,180,279,182,-1,258,244,242,-1,158,150,160,-1,160,150,148,-1,160,148,146,-1,158,156,150,-1,150,156,154,-1,150,154,152,-1,280,281,198,-1,244,258,246,-1,246,258,256,-1,246,256,248,-1,248,256,254,-1,248,254,252,-1,242,240,258,-1,258,240,238,-1,258,238,236,-1,220,218,222,-1,222,218,216,-1,222,216,224,-1,224,216,214,-1,224,214,212,-1,198,281,200,-1,212,210,274,-1,274,210,208,-1,274,208,206,-1,281,282,200,-1,200,282,283,-1,200,283,202,-1,202,283,274,-1,202,274,204,-1,204,274,206,-1,182,279,184,-1,184,279,284,-1,184,284,186,-1,186,284,285,-1,186,285,188,-1,188,285,286,-1,188,286,190,-1,286,287,190,-1,190,287,288,-1,190,288,192,-1,192,288,289,-1,192,289,194,-1,194,289,280,-1,194,280,196,-1,196,280,198,-1,272,290,273,-1,273,290,291,-1,290,272,271,-1,290,271,292,-1,292,271,270,-1,292,270,293,-1,293,270,274,-1,293,274,294,-1,294,274,283,-1,294,283,295,-1,295,283,282,-1,295,282,296,-1,296,282,281,-1,296,281,297,-1,297,281,280,-1,297,280,298,-1,298,280,289,-1,298,289,299,-1,299,289,288,-1,299,288,300,-1,300,288,287,-1,300,287,301,-1,301,287,286,-1,301,286,302,-1,302,286,285,-1,302,285,303,-1,303,285,284,-1,303,284,304,-1,304,284,279,-1,304,279,305,-1,305,279,278,-1,305,278,306,-1,306,278,277,-1,306,277,307,-1,307,277,276,-1,307,276,308,-1,268,309,276,-1,276,309,308,-1,269,310,268,-1,268,310,309,-1,310,269,275,-1,310,275,311,-1,311,275,273,-1,311,273,291,-1,312,313,314,-1,314,313,315,-1,313,312,316,-1,313,316,317,-1,317,316,318,-1,317,318,319,-1,319,318,320,-1,319,320,321,-1,322,323,320,-1,320,323,321,-1,324,325,322,-1,322,325,323,-1,325,324,326,-1,325,326,327,-1,327,326,328,-1,327,328,329,-1,329,328,330,-1,329,330,331,-1,331,330,332,-1,331,332,333,-1,333,332,334,-1,333,334,335,-1,335,334,336,-1,335,336,337,-1,337,336,338,-1,337,338,339,-1,339,338,340,-1,339,340,341,-1,341,340,342,-1,341,342,343,-1,343,342,344,-1,343,344,345,-1,345,344,346,-1,345,346,347,-1,348,349,346,-1,346,349,347,-1,350,351,348,-1,348,351,349,-1,352,353,350,-1,350,353,351,-1,353,352,354,-1,353,354,355,-1,355,354,356,-1,355,356,357,-1,358,359,356,-1,356,359,357,-1,360,361,358,-1,358,361,359,-1,361,360,362,-1,361,362,363,-1,363,362,364,-1,363,364,365,-1,365,364,366,-1,365,366,367,-1,367,366,368,-1,367,368,369,-1,369,368,370,-1,369,370,371,-1,371,370,372,-1,371,372,373,-1,373,372,374,-1,373,374,375,-1,375,374,376,-1,375,376,377,-1,377,376,378,-1,377,378,379,-1,379,378,380,-1,379,380,381,-1,381,380,382,-1,381,382,383,-1,383,382,384,-1,383,384,385,-1,386,387,384,-1,384,387,385,-1,387,386,388,-1,387,388,389,-1,389,388,390,-1,389,390,391,-1,392,393,390,-1,390,393,391,-1,393,392,394,-1,393,394,395,-1,395,394,396,-1,395,396,397,-1,397,396,398,-1,397,398,399,-1,399,398,400,-1,399,400,401,-1,401,400,402,-1,401,402,403,-1,403,402,404,-1,403,404,405,-1,405,404,406,-1,405,406,407,-1,407,406,408,-1,407,408,409,-1,409,408,410,-1,409,410,411,-1,411,410,412,-1,411,412,413,-1,413,412,414,-1,413,414,415,-1,415,414,416,-1,415,416,417,-1,417,416,418,-1,417,418,419,-1,420,421,418,-1,418,421,419,-1,421,420,422,-1,421,422,423,-1,423,422,424,-1,423,424,425,-1,426,427,424,-1,424,427,425,-1,427,426,428,-1,427,428,429,-1,429,428,430,-1,429,430,431,-1,431,430,432,-1,431,432,433,-1,433,432,434,-1,433,434,435,-1,435,434,436,-1,435,436,437,-1,437,436,438,-1,437,438,439,-1,439,438,440,-1,439,440,441,-1,441,440,442,-1,441,442,443,-1,443,442,444,-1,443,444,445,-1,445,444,446,-1,445,446,447,-1,447,446,448,-1,447,448,449,-1,449,448,450,-1,449,450,451,-1,451,450,452,-1,451,452,453,-1,453,452,454,-1,453,454,455,-1,455,454,456,-1,455,456,457,-1,458,459,456,-1,456,459,457,-1,459,458,460,-1,459,460,461,-1,461,460,462,-1,461,462,463,-1,464,465,462,-1,462,465,463,-1,465,464,466,-1,465,466,467,-1,467,466,468,-1,467,468,469,-1,470,471,468,-1,468,471,469,-1,471,470,472,-1,471,472,473,-1,473,472,474,-1,473,474,475,-1,475,474,476,-1,475,476,477,-1,478,479,476,-1,476,479,477,-1,480,481,478,-1,478,481,479,-1,481,480,482,-1,481,482,483,-1,483,482,484,-1,483,484,485,-1,485,484,486,-1,485,486,487,-1,487,486,488,-1,487,488,489,-1,489,488,490,-1,489,490,491,-1,491,490,492,-1,491,492,493,-1,493,492,494,-1,493,494,495,-1,495,494,496,-1,495,496,497,-1,497,496,498,-1,497,498,499,-1,499,498,500,-1,499,500,501,-1,501,500,502,-1,501,502,503,-1,504,505,502,-1,502,505,503,-1,505,504,506,-1,505,506,507,-1,507,506,508,-1,507,508,509,-1,510,511,508,-1,508,511,509,-1,510,314,511,-1,511,314,315,-1,396,394,350,-1,356,354,386,-1,386,354,352,-1,320,318,346,-1,394,392,350,-1,350,392,390,-1,350,390,352,-1,352,390,388,-1,352,388,386,-1,424,422,350,-1,422,420,350,-1,350,420,418,-1,350,418,416,-1,416,414,350,-1,350,414,412,-1,350,412,410,-1,314,348,312,-1,312,348,346,-1,312,346,316,-1,316,346,318,-1,356,386,358,-1,358,386,384,-1,358,384,360,-1,360,384,382,-1,360,382,380,-1,350,404,402,-1,430,428,510,-1,510,428,426,-1,510,426,314,-1,314,426,424,-1,314,424,348,-1,348,424,350,-1,410,408,350,-1,350,408,406,-1,350,406,404,-1,330,328,344,-1,344,328,346,-1,322,320,324,-1,324,320,346,-1,324,346,326,-1,326,346,328,-1,442,440,510,-1,510,440,438,-1,510,438,436,-1,380,378,360,-1,360,378,376,-1,360,376,374,-1,402,400,350,-1,350,400,398,-1,350,398,396,-1,488,486,500,-1,500,486,484,-1,500,484,502,-1,502,484,482,-1,502,482,480,-1,466,464,510,-1,510,464,462,-1,510,462,460,-1,460,458,510,-1,510,458,456,-1,510,456,454,-1,364,370,366,-1,366,370,368,-1,374,372,360,-1,360,372,370,-1,360,370,362,-1,362,370,364,-1,448,446,510,-1,510,446,444,-1,510,444,442,-1,436,434,510,-1,510,434,432,-1,510,432,430,-1,480,478,502,-1,502,478,476,-1,502,476,504,-1,504,476,474,-1,504,474,506,-1,506,474,472,-1,506,472,508,-1,508,472,470,-1,508,470,510,-1,510,470,468,-1,510,468,466,-1,454,452,510,-1,510,452,450,-1,510,450,448,-1,336,334,344,-1,344,334,332,-1,344,332,330,-1,494,500,496,-1,496,500,498,-1,494,492,500,-1,500,492,490,-1,500,490,488,-1,342,340,344,-1,344,340,338,-1,344,338,336,-1,512,513,514,-1,514,513,515,-1,516,517,512,-1,512,517,513,-1,518,519,516,-1,516,519,517,-1,519,518,520,-1,519,520,521,-1,521,520,522,-1,521,522,523,-1,523,522,524,-1,523,524,525,-1,525,524,526,-1,525,526,527,-1,527,526,528,-1,527,528,529,-1,529,528,530,-1,529,530,531,-1,531,530,532,-1,531,532,533,-1,533,532,534,-1,533,534,535,-1,535,534,536,-1,535,536,537,-1,537,536,538,-1,537,538,539,-1,539,538,540,-1,539,540,541,-1,541,540,542,-1,541,542,543,-1,543,542,544,-1,543,544,545,-1,545,544,546,-1,545,546,547,-1,547,546,548,-1,547,548,549,-1,549,548,550,-1,549,550,551,-1,551,550,552,-1,551,552,553,-1,553,552,554,-1,553,554,555,-1,555,554,556,-1,555,556,557,-1,557,556,558,-1,557,558,559,-1,559,558,560,-1,559,560,561,-1,561,560,562,-1,561,562,563,-1,563,562,564,-1,563,564,565,-1,565,564,566,-1,565,566,567,-1,567,566,568,-1,567,568,569,-1,569,568,570,-1,569,570,571,-1,571,570,572,-1,571,572,573,-1,573,572,574,-1,573,574,575,-1,575,574,576,-1,575,576,577,-1,578,579,576,-1,576,579,577,-1,580,581,578,-1,578,581,579,-1,581,580,582,-1,581,582,583,-1,583,582,584,-1,583,584,585,-1,585,584,586,-1,585,586,587,-1,587,586,588,-1,587,588,589,-1,589,588,590,-1,589,590,591,-1,591,590,592,-1,591,592,593,-1,593,592,594,-1,593,594,595,-1,595,594,596,-1,595,596,597,-1,597,596,598,-1,597,598,599,-1,599,598,600,-1,599,600,601,-1,601,600,602,-1,601,602,603,-1,603,602,604,-1,603,604,605,-1,605,604,606,-1,605,606,607,-1,607,606,608,-1,607,608,609,-1,609,608,610,-1,609,610,611,-1,611,610,612,-1,611,612,613,-1,613,612,614,-1,613,614,615,-1,615,614,616,-1,615,616,617,-1,617,616,618,-1,617,618,619,-1,619,618,620,-1,619,620,621,-1,621,620,622,-1,621,622,623,-1,623,622,624,-1,623,624,625,-1,625,624,626,-1,625,626,627,-1,627,626,628,-1,627,628,629,-1,629,628,630,-1,629,630,631,-1,631,630,632,-1,631,632,633,-1,634,635,632,-1,632,635,633,-1,634,514,635,-1,635,514,515,-1,516,512,634,-1,634,512,514,-1,632,528,634,-1,634,528,526,-1,634,526,524,-1,518,516,520,-1,520,516,634,-1,520,634,522,-1,522,634,524,-1,632,630,528,-1,528,630,628,-1,528,628,530,-1,530,628,626,-1,530,626,532,-1,532,626,624,-1,532,624,534,-1,624,622,534,-1,534,622,620,-1,534,620,536,-1,536,620,618,-1,536,618,538,-1,538,618,616,-1,538,616,540,-1,540,616,614,-1,540,614,542,-1,542,614,544,-1,544,614,612,-1,544,612,546,-1,546,612,610,-1,546,610,548,-1,548,610,608,-1,548,608,550,-1,550,608,606,-1,550,606,552,-1,552,606,604,-1,552,604,554,-1,554,604,602,-1,554,602,556,-1,556,602,600,-1,556,600,558,-1,558,600,598,-1,558,598,560,-1,560,598,596,-1,560,596,562,-1,562,596,594,-1,562,594,564,-1,564,594,592,-1,564,592,566,-1,566,592,590,-1,566,590,568,-1,568,590,588,-1,568,588,570,-1,570,588,586,-1,570,586,572,-1,572,586,584,-1,572,584,574,-1,574,584,582,-1,574,582,576,-1,576,582,580,-1,576,580,578,-1,636,637,638,-1,638,637,639,-1,638,639,640,-1,640,639,641,-1,640,641,642,-1,642,641,643,-1,642,643,644,-1,644,643,645,-1,644,645,646,-1,647,648,645,-1,645,648,646,-1,648,647,649,-1,648,649,650,-1,650,649,651,-1,650,651,652,-1,652,651,653,-1,652,653,654,-1,654,653,655,-1,654,655,656,-1,656,655,657,-1,656,657,658,-1,658,657,659,-1,658,659,660,-1,660,659,661,-1,660,661,662,-1,662,661,663,-1,662,663,664,-1,664,663,665,-1,664,665,666,-1,666,665,667,-1,666,667,668,-1,668,667,669,-1,668,669,670,-1,670,669,671,-1,670,671,672,-1,672,671,673,-1,672,673,674,-1,674,673,675,-1,674,675,676,-1,676,675,677,-1,676,677,678,-1,678,677,679,-1,678,679,680,-1,680,679,681,-1,680,681,682,-1,682,681,683,-1,682,683,684,-1,684,683,685,-1,684,685,686,-1,686,685,687,-1,686,687,688,-1,688,687,689,-1,688,689,690,-1,690,689,691,-1,690,691,692,-1,693,694,691,-1,691,694,692,-1,695,696,693,-1,693,696,694,-1,696,695,697,-1,696,697,698,-1,698,697,699,-1,698,699,700,-1,700,699,701,-1,700,701,702,-1,702,701,703,-1,702,703,704,-1,704,703,705,-1,704,705,706,-1,706,705,707,-1,706,707,708,-1,708,707,709,-1,708,709,710,-1,710,709,711,-1,710,711,712,-1,712,711,713,-1,712,713,714,-1,714,713,715,-1,714,715,716,-1,716,715,717,-1,716,717,718,-1,719,720,717,-1,717,720,718,-1,721,722,719,-1,719,722,720,-1,722,721,723,-1,722,723,724,-1,724,723,725,-1,724,725,726,-1,727,728,725,-1,725,728,726,-1,727,637,728,-1,728,637,636,-1,659,657,685,-1,685,657,655,-1,685,655,687,-1,661,659,663,-1,663,659,685,-1,663,685,665,-1,665,685,683,-1,665,683,667,-1,721,719,647,-1,647,719,717,-1,647,717,715,-1,655,653,687,-1,687,653,651,-1,687,651,689,-1,689,651,649,-1,637,727,639,-1,639,727,725,-1,639,725,641,-1,641,725,723,-1,641,723,643,-1,643,723,721,-1,643,721,645,-1,645,721,647,-1,715,713,647,-1,647,713,711,-1,647,711,709,-1,671,681,679,-1,681,671,683,-1,683,671,669,-1,683,669,667,-1,709,707,647,-1,647,707,705,-1,647,705,703,-1,703,701,647,-1,647,701,699,-1,647,699,697,-1,697,695,647,-1,647,695,693,-1,647,693,649,-1,649,693,691,-1,649,691,689,-1,679,677,671,-1,671,677,675,-1,671,675,673,-1,
        ]
    }
}
Shape{
    appearance Appearance {
        material  Material 	{
            diffuseColor 0.6470588235294118 0.6196078431372549 0.5882352941176471
            specularColor 0.45098039215686275 0.43529411764705883 0.4117647058823529
            ambientIntensity 0.6242
            transparency 0.0
            shininess 0.5
        }
    }
    geometry IndexedFaceSet {
        ccw TRUE
        solid FALSE
        coord DEF co Coordinate {
            point [
                -2.152 -0.7967 1.2598, -2.1368 -0.782 1.2598, -2.173 -0.941 1.2598, -2.2098 -0.7746 1.2598, -2.1875 -0.7793 1.2598, -2.171 -0.7844 1.2598, -2.1662 -0.787 1.2598, -2.4246 -0.9513 1.2598, -2.4246 -0.6517 1.2598, -2.4139 -0.9558 1.2598, -2.4158 -0.6514 1.2598, -2.4071 -0.6517 1.2598, -2.3821 -0.6546 1.2598, -2.3647 -0.6568 1.2598, -2.3651 -0.9632 1.2598, -2.3898 -0.9614 1.2598, -2.3079 -0.8369 1.2598, -2.3092 -0.7535 1.2598, -2.3502 -0.9603 1.2598, -2.3145 -0.9138 1.2598, -2.3195 -0.9308 1.2598, -2.352 -0.6601 1.2598, -2.3429 -0.6641 1.2598, -2.3361 -0.6695 1.2598, -2.3258 -0.943 1.2598, -2.3326 -0.9511 1.2598, -2.3393 -0.956 1.2598, -2.3295 -0.678 1.2598, -2.3183 -0.7032 1.2598
            ]
        }
        coordIndex [
            0,1,2,-1,2,3,4,-1,4,5,2,-1,2,5,6,-1,2,6,0,-1,7,8,9,-1,9,8,10,-1,10,11,9,-1,9,11,12,-1,9,12,13,-1,14,15,16,-1,16,15,9,-1,16,9,17,-1,14,16,18,-1,18,16,19,-1,18,19,20,-1,13,21,9,-1,9,21,22,-1,9,22,23,-1,20,24,18,-1,18,24,25,-1,18,25,26,-1,23,27,9,-1,9,27,28,-1,9,28,17,-1,
        ]
    }
}