#VRML V2.0 utf8
# 3D model generated by easyeda2kicad.py (https://github.com/uPesy/easyeda2kicad.py)

Shape{
    appearance Appearance {
        material  Material 	{
            diffuseColor 0.25098039215686274 0.25098039215686274 0.25098039215686274
            specularColor 0.12549019607843137 0.12549019607843137 0.12549019607843137
            ambientIntensity 0.251
            transparency 0.0
            shininess 0.5
        }
    }
    geometry IndexedFaceSet {
        ccw TRUE
        solid FALSE
        coord DEF co Coordinate {
            point [
                -0.3025 -2.5378 3.8386, -0.2449 -2.5378 3.8386, -0.2209 -2.5378 3.841, -0.6386 -2.5378 3.8386, -0.5809 -2.5378 3.8386, -0.5737 -2.5378 3.841, -1.3159 -2.5378 2.4429, -1.2123 -2.5378 2.4429, -1.2123 -2.5378 3.4425, -1.0809 -2.5378 3.4425, -1.2387 -2.5378 3.8086, -1.3159 -2.5378 3.6468, -1.3159 -2.5378 3.4425, -1.3159 -2.5378 3.7954, -1.3159 -2.5378 3.7503, -1.2915 -2.5378 3.7954, 1.2171 -2.5378 3.4425, 1.1012 -2.5378 3.4518, 1.0766 -2.5378 3.4432, 1.1081 -2.5378 3.8323, 1.2171 -2.5378 3.841, 1.0849 -2.5378 3.8404, 1.0791 -2.5378 3.841, 1.1286 -2.5378 3.8187, 1.1445 -2.5378 3.8015, 1.1609 -2.5378 3.7719, 1.1605 -2.5378 3.5196, 1.1425 -2.5378 3.4875, 1.1231 -2.5378 3.4664, 1.1751 -2.5378 3.7217, 1.1811 -2.5378 3.6434, 1.1752 -2.5378 3.5704, 0.9002 -2.5378 3.841, 0.9458 -2.5378 3.7712, 0.9624 -2.5378 3.799, 1.0194 -2.5378 3.4431, 0.9966 -2.5378 3.4513, 0.9002 -2.5378 3.4425, 0.9769 -2.5378 3.4643, 0.9575 -2.5378 3.4856, 0.9403 -2.5378 3.5174, 0.9809 -2.5378 3.8183, 0.9991 -2.5378 3.8304, 1.0231 -2.5378 3.8395, 0.9264 -2.5378 3.5699, 0.9218 -2.5378 3.6341, 0.9281 -2.5378 3.7128, 1.2171 -2.5378 2.4429, 1.0698 -2.5378 3.4425, 0.9002 -2.5378 2.4429, 1.0474 -2.5378 3.4401, 1.0252 -2.5378 3.4425, 0.5978 -2.5378 3.4425, 0.4963 -2.5378 3.4518, 0.4716 -2.5378 3.4432, 0.5032 -2.5378 3.8323, 0.5978 -2.5378 3.841, 0.48 -2.5378 3.8404, 0.4741 -2.5378 3.841, 0.5236 -2.5378 3.8187, 0.5395 -2.5378 3.8015, 0.556 -2.5378 3.7719, 0.5556 -2.5378 3.5196, 0.5375 -2.5378 3.4875, 0.5182 -2.5378 3.4664, 0.5701 -2.5378 3.7217, 0.5761 -2.5378 3.6434, 0.5703 -2.5378 3.5704, 0.4308 -2.5378 3.841, 0.4513 -2.5378 3.8434, 0.5978 -2.5378 6.811, 0.1105 -2.5378 3.841, 0.1182 -2.5378 3.8426, -0.0144 -2.5378 6.811, 0.1355 -2.5378 3.8434, 0.161 -2.5378 3.841, 0.4181 -2.5378 3.8395, 0.0605 -2.5378 3.823, 0.0871 -2.5378 3.836, -0.0144 -2.5378 3.841, 0.3917 -2.5378 3.4513, 0.2641 -2.5378 3.4449, 0.4145 -2.5378 3.4431, 0.4203 -2.5378 3.4425, 0.1689 -2.5378 3.8402, 0.1954 -2.5378 3.8318, 0.3942 -2.5378 3.8304, 0.3759 -2.5378 3.8183, 0.372 -2.5378 3.4643, 0.3525 -2.5378 3.4856, 0.2641 -2.5378 3.4881, 0.3353 -2.5378 3.5174, 0.3214 -2.5378 3.5699, -0.0144 -2.5378 3.4425, 0.0192 -2.5378 3.4449, 0.0192 -2.5378 3.4644, 0.0226 -2.5378 3.5015, 0.0336 -2.5378 3.7523, 0.0336 -2.5378 3.8005, 0.0323 -2.5378 3.5306, 0.0483 -2.5378 3.5554, 0.0806 -2.5378 3.5876, 0.3408 -2.5378 3.7712, 0.2193 -2.5378 3.817, 0.2352 -2.5378 3.8006, 0.3574 -2.5378 3.799, 0.1218 -2.5378 3.6188, 0.1261 -2.5378 3.6218, 0.047 -2.5378 3.7651, 0.2459 -2.5378 3.7824, 0.2524 -2.5378 3.7614, 0.3231 -2.5378 3.7128, 0.1862 -2.5378 3.6122, 0.2237 -2.5378 3.6479, 0.2396 -2.5378 3.6716, 0.3169 -2.5378 3.6341, 0.2506 -2.5378 3.7017, 0.2545 -2.5378 3.7379, 0.1665 -2.5378 3.5978, 0.105 -2.5378 3.5528, 0.086 -2.5378 3.5341, 0.1962 -2.5378 3.6898, 0.204 -2.5378 3.7113, 0.0742 -2.5378 3.7843, 0.0774 -2.5378 3.5207, 0.0726 -2.5378 3.5066, 0.0708 -2.5378 3.4881, 0.1813 -2.5378 3.6682, 0.2065 -2.5378 3.7341, 0.2047 -2.5378 3.7511, 0.2002 -2.5378 3.7642, 0.1719 -2.5378 3.7918, 0.1534 -2.5378 3.798, 0.1307 -2.5378 3.8002, 0.1012 -2.5378 3.7958, 0.1932 -2.5378 3.7752, 0.1841 -2.5378 3.7841, 2.0866 -2.5378 0.2545, 2.1192 -2.5378 0.2295, 2.2047 -2.5378 0.6442, 2.0074 -2.5378 0.2756, 2.0079 -2.5378 0.2756, 2.0486 -2.5378 0.2702, 2.1443 -2.5378 0.1969, 2.16 -2.5378 0.1589, 2.2047 -2.5378 0.0787, 2.1654 -2.5378 0.1181, 2.1654 -2.5378 0.0787, 2.0074 -2.5378 0.6442, 1.558 -2.5378 0.2756, 1.558 -2.5378 0.6442, 1.2171 -2.5378 0.2756, 1.2171 -2.5378 0.6442, 0.9002 -2.5378 0.2756, 0.9002 -2.5378 0.6442, 0.5978 -2.5378 0.2756, 0.5978 -2.5378 0.6442, -0.0144 -2.5378 0.2756, -0.0144 -2.5378 0.6442, -0.2209 -2.5378 0.2756, -0.2209 -2.5378 0.6442, -2.2047 -2.5378 0.6442, -2.1192 -2.5378 0.2295, -2.0866 -2.5378 0.2545, -0.917 -2.5378 0.2756, -0.917 -2.5378 0.6442, -1.2123 -2.5378 0.2756, -1.2123 -2.5378 0.6442, -1.3159 -2.5378 0.2756, -1.3159 -2.5378 0.6442, -1.498 -2.5378 0.2756, -1.498 -2.5378 0.6442, -2.0079 -2.5378 0.2756, -2.0486 -2.5378 0.2702, -2.1654 -2.5378 0.0787, -2.1654 -2.5378 0.1181, -2.2047 -2.5378 0.0787, -2.16 -2.5378 0.1589, -2.1443 -2.5378 0.1969, -1.3683 -2.5378 3.4834, -1.3744 -2.5378 3.4449, -1.4836 -2.5378 3.7954, -1.4836 -2.5378 3.8386, -1.498 -2.5378 3.841, -1.3159 -2.5378 3.841, -1.3228 -2.5378 3.6326, -1.3534 -2.5378 3.5441, -1.3203 -2.5378 3.7422, -1.3961 -2.5378 3.5693, -0.917 -2.5378 3.841, -1.0328 -2.5378 3.841, -1.0221 -2.5378 3.8398, -0.9603 -2.5378 3.8013, -0.9487 -2.5378 3.7814, -0.9436 -2.5378 3.5024, -0.9585 -2.5378 3.4805, -0.917 -2.5378 3.4425, -0.979 -2.5378 3.4627, -0.9954 -2.5378 3.83, -0.9757 -2.5378 3.8172, -0.9536 -2.5378 3.6991, -0.9673 -2.5378 3.681, -0.9742 -2.5378 3.6445, -0.9873 -2.5378 3.6642, -0.9972 -2.5378 3.6581, -0.9442 -2.5378 3.7206, -0.9555 -2.5378 3.6256, -0.9401 -2.5378 3.599, -0.9329 -2.5378 3.5742, -0.9314 -2.5378 3.5553, -0.9349 -2.5378 3.5257, -0.941 -2.5378 3.7435, -0.9426 -2.5378 3.7615, -1.054 -2.5378 3.8434, -0.917 -2.5378 6.811, -1.0714 -2.5378 3.8423, -1.2123 -2.5378 6.811, -1.0769 -2.5378 3.841, -1.1575 -2.5378 3.6264, -1.1357 -2.5378 3.6452, -1.2123 -2.5378 3.841, -1.1667 -2.5378 3.7435, -1.1632 -2.5378 3.7694, -1.1546 -2.5378 3.79, -1.1734 -2.5378 3.604, -1.11 -2.5378 3.6581, -1.1351 -2.5378 3.676, -1.1407 -2.5378 3.8088, -1.1223 -2.5378 3.824, -1.1001 -2.5378 3.8353, -1.178 -2.5378 3.5124, -1.1652 -2.5378 3.489, -1.148 -2.5378 3.4703, -1.1849 -2.5378 3.5394, -1.1859 -2.5378 3.5553, -1.1823 -2.5378 3.582, -1.0941 -2.5378 3.4439, -1.1236 -2.5378 3.4543, -1.1512 -2.5378 3.6945, -1.1611 -2.5378 3.7133, -1.1658 -2.5378 3.7316, -1.0027 -2.5378 3.4503, -1.0312 -2.5378 3.4425, -0.917 -2.5378 2.4429, -1.0328 -2.5378 3.442, -1.0588 -2.5378 3.4401, 0.7674 -2.5378 3.4425, 0.7741 -2.5378 3.4432, 0.7988 -2.5378 3.4518, 0.8057 -2.5378 3.8323, 0.7825 -2.5378 3.8404, 0.7766 -2.5378 3.841, 0.8261 -2.5378 3.8187, 0.842 -2.5378 3.8015, 0.8585 -2.5378 3.7719, 0.858 -2.5378 3.5196, 0.84 -2.5378 3.4875, 0.8206 -2.5378 3.4664, 0.8726 -2.5378 3.7217, 0.8786 -2.5378 3.6434, 0.8727 -2.5378 3.5704, 0.7206 -2.5378 3.8395, 0.7333 -2.5378 3.841, 1.0358 -2.5378 3.841, 0.9002 -2.5378 6.811, 0.7538 -2.5378 3.8434, 0.6433 -2.5378 3.7712, 0.6599 -2.5378 3.799, 0.6942 -2.5378 3.4513, 0.7169 -2.5378 3.4431, 0.7227 -2.5378 3.4425, 0.6744 -2.5378 3.4643, 0.655 -2.5378 3.4856, 0.6378 -2.5378 3.5174, 0.6784 -2.5378 3.8183, 0.6967 -2.5378 3.8304, 0.6239 -2.5378 3.5699, 0.6194 -2.5378 3.6341, 0.6256 -2.5378 3.7128, 0.4649 -2.5378 3.4425, 0.5978 -2.5378 2.4429, 0.7449 -2.5378 3.4401, 2.0074 -2.5378 3.4425, 1.7001 -2.5378 3.4425, 2.0074 -2.5378 2.4429, 1.6967 -2.5378 3.4417, 1.558 -2.5378 2.4429, 1.6699 -2.5378 3.4401, 1.8101 -2.5378 3.5578, 1.8065 -2.5378 3.5274, 1.7977 -2.5378 3.5044, 1.7831 -2.5378 3.4834, 1.7611 -2.5378 3.4644, 1.7344 -2.5378 3.4507, 2.0074 -2.5378 3.841, 1.7974 -2.5378 3.6051, 1.806 -2.5378 3.5862, 1.8098 -2.5378 3.5657, 1.7152 -2.5378 3.6522, 1.7152 -2.5378 3.6512, 1.7239 -2.5378 3.6547, 1.7443 -2.5378 3.6452, 1.7525 -2.5378 3.6678, 1.7664 -2.5378 3.6353, 1.7693 -2.5378 3.6808, 1.7758 -2.5378 3.6879, 1.7413 -2.5378 3.8324, 1.716 -2.5378 3.8404, 1.7096 -2.5378 3.841, 1.7611 -2.5378 3.8207, 1.7769 -2.5378 3.8054, 1.7872 -2.5378 3.7895, 1.7936 -2.5378 3.7709, 1.7957 -2.5378 3.7501, 1.7932 -2.5378 3.7251, 1.7851 -2.5378 3.6207, 1.7864 -2.5378 3.7048, 1.6564 -2.5378 3.841, 1.6568 -2.5378 3.8411, 1.558 -2.5378 6.811, 2.0074 -2.5378 6.811, 1.6843 -2.5378 3.8434, 1.594 -2.5378 3.7702, 1.594 -2.5378 3.8134, 1.558 -2.5378 3.841, 1.6244 -2.5378 3.8315, 1.558 -2.5378 3.4425, 1.6436 -2.5378 3.4425, 1.6233 -2.5378 3.4443, 1.5895 -2.5378 3.4552, 1.5796 -2.5378 3.4605, 1.5796 -2.5378 3.5133, 1.6119 -2.5378 3.4946, 1.618 -2.5378 3.6273, 1.6506 -2.5378 3.6273, 1.6455 -2.5378 3.4852, 1.6699 -2.5378 3.4833, 1.6879 -2.5378 3.6246, 1.7166 -2.5378 3.6167, 1.618 -2.5378 3.6705, 1.6159 -2.5378 3.7853, 1.649 -2.5378 3.6705, 1.6436 -2.5378 3.7966, 1.6813 -2.5378 3.673, 1.7428 -2.5378 3.7362, 1.7428 -2.5378 3.7379, 1.6958 -2.5378 3.4856, 1.7573 -2.5378 3.5547, 1.7554 -2.5378 3.5725, 1.7509 -2.5378 3.5859, 1.7158 -2.5378 3.4917, 1.7302 -2.5378 3.5, 1.7557 -2.5378 3.5391, 1.7417 -2.5378 3.5104, 1.7507 -2.5378 3.524, 1.7034 -2.5378 3.6789, 1.7192 -2.5378 3.6873, 1.7289 -2.5378 3.696, 1.7359 -2.5378 3.7061, 1.7405 -2.5378 3.7183, 1.7174 -2.5378 3.79, 1.7035 -2.5378 3.796, 1.7414 -2.5378 3.7541, 1.6807 -2.5378 3.7999, 1.6712 -2.5378 3.8002, 1.7432 -2.5378 3.5978, 1.7328 -2.5378 3.6077, 1.7245 -2.5378 3.785, 1.7377 -2.5378 3.7668, 1.7322 -2.5378 3.7767, -1.4807 -2.5378 1.4418, -1.4522 -2.5378 1.43, -1.498 -2.5378 1.444, -1.4278 -2.5378 1.4112, -1.409 -2.5378 1.3867, -1.3972 -2.5378 1.3582, -1.3932 -2.5378 1.3277, -1.3972 -2.5378 1.2971, -1.409 -2.5378 1.2686, -1.4278 -2.5378 1.2442, -1.498 -2.5378 1.2113, -1.4807 -2.5378 1.2136, -1.4522 -2.5378 1.2254, -1.5948 -2.5378 1.2442, -1.6136 -2.5378 1.2686, -1.5113 -2.5378 1.2096, -1.5418 -2.5378 1.2136, -1.5703 -2.5378 1.2254, -1.498 -2.5378 2.4429, -1.5418 -2.5378 1.4418, -1.5113 -2.5378 1.4458, -1.6254 -2.5378 1.2971, -1.6294 -2.5378 1.3277, -2.2047 -2.5378 2.4429, -1.6254 -2.5378 1.3582, -1.6136 -2.5378 1.3867, -1.5948 -2.5378 1.4112, -1.5703 -2.5378 1.43, -0.0144 -2.5378 2.4429, -0.2209 -2.5378 2.4429, -1.4272 -2.5378 3.4449, -1.498 -2.5378 3.4425, -1.2387 -2.5378 3.8386, -1.3159 -2.5378 3.8386, 0.4425 -2.5378 3.4401, -0.2209 -2.5378 3.4425, -1.5844 -2.5378 3.8386, -1.522 -2.5378 3.8386, -1.69 -2.5378 3.6498, -1.5124 -2.5378 3.4449, -1.5796 -2.5378 3.4449, -1.738 -2.5378 3.4449, -1.7909 -2.5378 3.4449, -1.737 -2.5378 3.6378, -1.738 -2.5378 3.6378, -1.733 -2.5378 3.6303, -1.7284 -2.5378 3.6231, -1.7284 -2.5378 3.6684, -1.738 -2.5378 3.8386, -1.7909 -2.5378 3.8386, -2.2047 -2.5378 3.841, -2.2047 -2.5378 3.4425, -1.738 -2.5378 3.654, -1.737 -2.5378 3.654, -1.7329 -2.5378 3.6614, -0.8402 -2.5378 3.4449, -0.9026 -2.5378 3.4449, -0.7064 -2.5378 3.6434, -0.5809 -2.5378 3.4449, -0.7722 -2.5378 3.6426, -0.893 -2.5378 3.8386, -0.5737 -2.5378 3.4425, -0.6434 -2.5378 3.4449, -0.8306 -2.5378 3.8386, -0.7506 -2.5378 3.5922, -0.5737 -2.5378 2.4429, -0.5737 -2.5378 0.6442, -0.5737 -2.5378 0.2756, -0.7453 -2.5378 3.6892, -0.7388 -2.5378 3.675, -0.7377 -2.5378 3.675, -0.7304 -2.5378 3.6898, -0.7223 -2.5378 3.7042, -0.7526 -2.5378 3.7029, -0.7362 -2.5378 3.6025, -0.7404 -2.5378 3.6128, -0.7416 -2.5378 3.6128, -0.7314 -2.5378 3.5925, -0.746 -2.5378 3.6024, -0.5041 -2.5378 3.4449, -0.5665 -2.5378 3.4449, -0.4362 -2.5378 3.6426, -0.5569 -2.5378 3.8386, -0.2449 -2.5378 3.4449, -0.3073 -2.5378 3.4449, -0.4945 -2.5378 3.8386, -0.4146 -2.5378 3.5922, -0.4092 -2.5378 3.6892, -0.4027 -2.5378 3.675, -0.4017 -2.5378 3.675, -0.3943 -2.5378 3.6898, -0.3862 -2.5378 3.7042, -0.4165 -2.5378 3.7029, -0.4001 -2.5378 3.6025, -0.4043 -2.5378 3.6128, -0.4056 -2.5378 3.6128, -0.3954 -2.5378 3.5925, -0.4099 -2.5378 3.6024, -0.3703 -2.5378 3.6434, -0.1969 -2.5378 3.6177, -0.048 -2.5378 3.6177, -0.048 -2.5378 3.5793, -0.1969 -2.5378 3.5793, 1.4788 -2.5378 3.4449, 1.3059 -2.5378 3.4449, 1.4149 -2.5378 3.5557, 1.363 -2.5378 3.6097, 1.3492 -2.5378 3.6125, 1.3417 -2.5378 3.6129, 1.3059 -2.5378 3.6129, 1.4078 -2.5378 3.629, 1.4078 -2.5378 3.6277, 1.4118 -2.5378 3.6302, 1.4256 -2.5378 3.6173, 1.4431 -2.5378 3.6434, 1.3862 -2.5378 3.5954, 1.3743 -2.5378 3.6046, 1.4068 -2.5378 3.8356, 1.3719 -2.5378 3.8386, 1.4336 -2.5378 3.8277, 1.455 -2.5378 3.8159, 1.4645 -2.5378 3.8079, 1.4932 -2.5378 3.7343, 1.4905 -2.5378 3.7075, 1.4835 -2.5378 3.6861, 1.4726 -2.5378 3.6683, 1.2531 -2.5378 3.4449, 1.2531 -2.5378 3.8386, 1.4776 -2.5378 3.7923, 1.487 -2.5378 3.7733, 1.4921 -2.5378 3.7518, 1.4638 -2.5378 3.6587, 1.4388 -2.5378 3.6044, 1.4619 -2.5378 3.5711, 1.4663 -2.5378 3.564, 1.5364 -2.5378 3.4449, -1.3159 -2.5378 6.811, -1.498 -2.5378 6.811, -2.2047 -2.5378 6.811, -0.2209 -2.5378 6.811, -0.5737 -2.5378 6.811, 1.2171 -2.5378 6.811, 1.0563 -2.5378 3.8434, 2.2047 -2.5378 2.4429, 2.2047 -2.5378 3.4425, 2.2047 -2.5378 3.841, 2.2047 -2.5378 6.811, -1.5531 -2.4591 0.1969, -2.0079 -2.4591 0.1969, -2.0079 -0.9675 0.1969, -0.6841 -2.4591 0.1969, -1.5531 -0.9675 0.1969, 2.0079 -2.4591 0.1969, 0.616 -2.4591 0.1969, 0.616 -0.9675 0.1969, 0.1321 -0.9675 0.1969, 0.2212 -0.9675 0.1969, 0.2212 -2.4591 0.1969, 0.0472 -0.0504 0.1969, 0.0984 -0.0504 0.1969, 0.2212 -0.4087 0.1969, 0.2212 0.7299 0.1969, 0.0984 0.0677 0.1969, 0.0472 0.7299 0.1969, 0.0472 0.0677 0.1969, -0.088 0.7299 0.1969, -0.088 0.0677 0.1969, -0.2817 0.7299 0.1969, -0.0984 0.0677 0.1969, -0.2817 -0.4087 0.1969, -0.0984 -0.0504 0.1969, -0.088 -0.4087 0.1969, -0.088 -0.0504 0.1969, 0.0472 -0.4087 0.1969, 0.0664 -0.9561 0.1969, 0.0472 -0.9675 0.1969, 0.0664 -0.9345 0.1969, 0.0472 -0.7682 0.1969, 0.0953 -0.7682 0.1969, 0.0892 -0.7686 0.1969, 0.0664 -0.7748 0.1969, 0.0664 -0.8012 0.1969, 0.0886 -0.7917 0.1969, 0.0699 -0.9364 0.1969, 0.1125 -0.7886 0.1969, 0.1319 -0.7908 0.1969, 0.1466 -0.7961 0.1969, 0.1602 -0.8052 0.1969, 0.1721 -0.8184 0.1969, 0.1864 -0.8699 0.1969, 0.1844 -0.8913 0.1969, 0.1791 -0.9082 0.1969, 0.1353 -0.945 0.1969, 0.1169 -0.9471 0.1969, 0.1496 -0.9397 0.1969, 0.1617 -0.9316 0.1969, 0.1709 -0.9218 0.1969, 0.0908 -0.9442 0.1969, 0.1802 -0.8336 0.1969, 0.1855 -0.8546 0.1969, 0.1274 -0.7682 0.1969, 0.1127 -0.767 0.1969, 0.2024 -0.8213 0.1969, 0.1909 -0.8029 0.1969, 0.2212 -0.7682 0.1969, 0.1797 -0.9495 0.1969, 0.1945 -0.9339 0.1969, 0.205 -0.9152 0.1969, 0.1448 -0.9662 0.1969, 0.1639 -0.9596 0.1969, 0.1731 -0.7858 0.1969, 0.1544 -0.775 0.1969, 0.1325 -0.7686 0.1969, 0.2109 -0.8944 0.1969, 0.2128 -0.8716 0.1969, 0.21 -0.8436 0.1969, 0.0874 -0.9647 0.1969, 0.1073 -0.9675 0.1969, 0.0472 -2.4591 0.1969, 0.1152 -0.9686 0.1969, 0.1206 -0.9687 0.1969, -0.6841 -0.9675 0.1969, -0.2817 -2.4591 0.1969, -0.2817 -0.9675 0.1969, -0.088 -2.4591 0.1969, -0.088 -0.9675 0.1969, 2.0079 -0.9675 0.1969, 0.616 -0.7682 0.1969, 2.0079 -0.7682 0.1969, 0.2296 -0.9447 0.1969, 0.2296 -0.9663 0.1969, 0.3305 -0.9663 0.1969, 0.3041 -0.9447 0.1969, 0.3041 -0.7694 0.1969, 0.3305 -0.7694 0.1969, -0.0776 -0.9663 0.1969, 0.028 -0.9663 0.1969, -0.0776 -0.9447 0.1969, -0.088 -0.7682 0.1969, -0.0728 -0.791 0.1969, 0.028 -0.7694 0.1969, -0.0728 -0.7694 0.1969, 0.0016 -0.8774 0.1969, 0.0016 -0.9447 0.1969, -0.068 -0.8774 0.1969, -0.068 -0.8558 0.1969, 0.0016 -0.8558 0.1969, 0.0016 -0.791 0.1969, -0.2647 -0.9123 0.1969, -0.2534 -0.9299 0.1969, -0.2372 -0.9454 0.1969, -0.2166 -0.9574 0.1969, -0.1716 -0.7694 0.1969, -0.2817 -0.7682 0.1969, -0.2 -0.7725 0.1969, -0.2231 -0.7805 0.1969, -0.2445 -0.7949 0.1969, -0.2447 -0.7951 0.1969, -0.2586 -0.8105 0.1969, -0.2678 -0.8275 0.1969, -0.1939 -0.9641 0.1969, -0.1696 -0.9663 0.1969, -0.116 -0.9663 0.1969, -0.116 -0.7694 0.1969, -0.2731 -0.8468 0.1969, -0.2745 -0.8654 0.1969, -0.2717 -0.8917 0.1969, -0.3177 -0.9663 0.1969, -0.2889 -0.9663 0.1969, -0.4377 -0.9663 0.1969, -0.4178 -0.9111 0.1969, -0.3365 -0.9111 0.1969, -0.3633 -0.7694 0.1969, -0.3897 -0.7694 0.1969, 0.616 -0.4087 0.1969, 2.0079 -0.4087 0.1969, -1.5531 -0.7682 0.1969, -0.6841 -0.7682 0.1969, -1.5531 -0.4087 0.1969, -0.6841 -0.4087 0.1969, 0.9016 0.0677 0.1969, 0.9016 -0.0504 0.1969, 1.0984 -0.0504 0.1969, 2.0079 0.7299 0.1969, 1.0984 0.0677 0.1969, 0.616 0.7299 0.1969, -0.4665 -0.9663 0.1969, -0.6841 0.7299 0.1969, -0.9016 0.0677 0.1969, -0.9016 -0.0504 0.1969, -1.0984 -0.0504 0.1969, -1.0984 0.0677 0.1969, -1.5531 0.7299 0.1969, -2.0079 -0.7682 0.1969, -2.0079 -0.4087 0.1969, -2.0079 0.7299 0.1969, -2.2047 -2.4591 0.0, -2.2047 0.7299 0.0, -2.0866 -2.4591 0.0, -2.0866 0.7299 0.0, -2.2835 -2.4591 6.811, -2.2835 0.7299 6.811, -2.2835 -2.4591 0.0787, -2.2835 0.7299 0.0787, 2.2835 -2.4591 0.0787, 2.2835 0.7299 0.0787, 2.2835 -2.4591 6.811, 2.2835 0.7299 6.811, -2.1654 0.8087 0.1181, -2.1654 0.8087 0.0787, -2.2047 0.8087 0.0787, 2.2047 0.8087 6.811, 2.1192 0.8087 0.2295, 2.0866 0.8087 0.2545, -2.16 0.8087 0.1589, -2.2047 0.8087 6.811, -2.1443 0.8087 0.1969, -2.0486 0.8087 0.2702, -2.0866 0.8087 0.2545, -2.1192 0.8087 0.2295, 2.1654 0.8087 0.0787, 2.1654 0.8087 0.1181, 2.2047 0.8087 0.0787, 2.16 0.8087 0.1589, 2.1443 0.8087 0.1969, 2.0486 0.8087 0.2702, 2.0079 0.8087 0.2756, -2.0079 0.8087 0.2756, -2.2047 -2.4591 6.8898, 2.2047 -2.4591 6.8898, -2.2047 0.7299 6.8898, 2.2047 0.7299 6.8898, 2.0866 -2.4591 0.0, 2.0866 0.7299 0.0, 2.2047 -2.4591 0.0, 2.2047 0.7299 0.0, -2.0866 -2.4591 0.1181, -2.0866 0.7299 0.1181, 2.0866 -2.4591 0.1181, 2.0866 0.7299 0.1181
            ]
        }
        coordIndex [
            0,1,2,-1,3,4,5,-1,6,7,8,-1,8,7,9,-1,10,11,12,-1,13,14,15,-1,16,17,18,-1,19,20,21,-1,21,20,22,-1,19,23,20,-1,20,23,24,-1,20,24,25,-1,26,27,16,-1,16,27,28,-1,16,28,17,-1,25,29,20,-1,20,29,30,-1,20,30,16,-1,16,30,31,-1,16,31,26,-1,32,33,34,-1,35,36,37,-1,36,38,37,-1,37,38,39,-1,37,39,40,-1,34,41,32,-1,32,41,42,-1,32,42,43,-1,40,44,37,-1,37,44,45,-1,37,45,32,-1,32,45,46,-1,32,46,33,-1,47,48,49,-1,49,48,50,-1,49,50,51,-1,52,53,54,-1,55,56,57,-1,57,56,58,-1,55,59,56,-1,56,59,60,-1,56,60,61,-1,62,63,52,-1,52,63,64,-1,52,64,53,-1,61,65,56,-1,56,65,66,-1,56,66,52,-1,52,66,67,-1,52,67,62,-1,68,69,70,-1,71,72,73,-1,73,72,74,-1,73,74,70,-1,70,74,75,-1,70,75,68,-1,68,75,76,-1,77,78,79,-1,80,81,82,-1,82,81,83,-1,75,84,76,-1,76,84,85,-1,76,85,86,-1,86,85,87,-1,80,88,81,-1,81,88,89,-1,81,89,90,-1,90,89,91,-1,90,91,92,-1,83,81,93,-1,93,81,94,-1,93,94,95,-1,95,96,93,-1,93,96,97,-1,93,97,79,-1,79,97,98,-1,79,98,77,-1,96,99,97,-1,97,99,100,-1,97,100,101,-1,102,103,104,-1,103,102,85,-1,85,102,105,-1,85,105,87,-1,101,106,97,-1,97,106,107,-1,97,107,108,-1,104,109,102,-1,102,109,110,-1,102,110,111,-1,112,90,113,-1,113,90,92,-1,113,92,114,-1,114,92,115,-1,114,115,116,-1,116,115,111,-1,116,111,117,-1,117,111,110,-1,112,118,90,-1,90,118,119,-1,90,119,120,-1,121,122,123,-1,120,124,90,-1,90,124,125,-1,90,125,126,-1,108,107,123,-1,123,107,127,-1,123,127,121,-1,122,128,123,-1,123,128,129,-1,123,129,130,-1,131,132,123,-1,123,132,133,-1,123,133,134,-1,130,135,123,-1,123,135,136,-1,123,136,131,-1,137,138,139,-1,140,141,139,-1,139,141,142,-1,139,142,137,-1,138,143,139,-1,139,143,144,-1,139,144,145,-1,145,144,146,-1,145,146,147,-1,140,148,149,-1,149,148,150,-1,149,150,151,-1,151,150,152,-1,151,152,153,-1,153,152,154,-1,153,154,155,-1,155,154,156,-1,155,156,157,-1,157,156,158,-1,157,158,159,-1,159,158,160,-1,161,162,163,-1,164,165,166,-1,166,165,167,-1,166,167,168,-1,168,167,169,-1,168,169,170,-1,170,169,171,-1,170,171,172,-1,172,171,161,-1,172,161,173,-1,173,161,163,-1,174,175,176,-1,176,175,177,-1,176,177,161,-1,161,177,178,-1,161,178,162,-1,179,180,12,-1,181,182,183,-1,183,182,184,-1,11,185,12,-1,12,185,186,-1,12,186,179,-1,14,13,187,-1,187,13,181,-1,187,181,188,-1,189,190,191,-1,189,192,193,-1,194,195,196,-1,196,195,197,-1,191,198,189,-1,189,198,199,-1,189,199,192,-1,200,201,202,-1,202,201,203,-1,202,203,204,-1,200,202,205,-1,205,202,206,-1,205,206,207,-1,208,209,196,-1,196,209,210,-1,196,210,194,-1,207,208,205,-1,205,208,196,-1,205,196,211,-1,211,196,189,-1,211,189,212,-1,212,189,193,-1,213,214,215,-1,215,214,216,-1,215,216,217,-1,218,219,220,-1,221,222,220,-1,220,222,223,-1,218,220,224,-1,219,225,226,-1,223,227,220,-1,220,227,228,-1,220,228,229,-1,230,8,231,-1,231,8,232,-1,230,233,8,-1,8,233,234,-1,8,234,220,-1,220,234,235,-1,220,235,224,-1,9,236,8,-1,8,236,237,-1,8,237,232,-1,226,238,219,-1,219,238,239,-1,219,239,220,-1,220,239,240,-1,220,240,221,-1,197,241,196,-1,196,241,242,-1,196,242,243,-1,243,242,244,-1,243,244,7,-1,7,244,245,-1,7,245,9,-1,246,37,247,-1,247,37,248,-1,249,32,250,-1,250,32,251,-1,249,252,32,-1,32,252,253,-1,32,253,254,-1,255,256,37,-1,37,256,257,-1,37,257,248,-1,254,258,32,-1,32,258,259,-1,32,259,37,-1,37,259,260,-1,37,260,255,-1,261,262,56,-1,56,262,70,-1,56,70,58,-1,58,70,69,-1,43,263,32,-1,32,263,264,-1,32,264,251,-1,251,264,70,-1,251,70,265,-1,265,70,262,-1,56,266,267,-1,268,52,269,-1,269,52,270,-1,268,271,52,-1,52,271,272,-1,52,272,273,-1,267,274,56,-1,56,274,275,-1,56,275,261,-1,273,276,52,-1,52,276,277,-1,52,277,56,-1,56,277,278,-1,56,278,266,-1,54,279,52,-1,52,279,280,-1,52,280,270,-1,270,280,281,-1,281,280,246,-1,246,280,49,-1,246,49,37,-1,37,49,51,-1,37,51,35,-1,282,283,284,-1,284,283,285,-1,284,285,286,-1,286,285,287,-1,288,289,282,-1,282,289,290,-1,282,290,291,-1,291,292,282,-1,282,292,293,-1,282,293,283,-1,294,295,296,-1,294,296,282,-1,282,296,297,-1,282,297,288,-1,298,299,300,-1,300,299,301,-1,300,301,302,-1,302,301,303,-1,302,303,304,-1,304,303,305,-1,306,294,307,-1,307,294,308,-1,306,309,294,-1,294,309,310,-1,294,310,311,-1,311,312,294,-1,294,312,313,-1,294,313,314,-1,295,294,315,-1,315,294,314,-1,315,314,303,-1,303,314,316,-1,303,316,305,-1,317,318,319,-1,294,320,308,-1,308,320,319,-1,308,319,321,-1,321,319,318,-1,322,323,324,-1,324,323,325,-1,326,327,328,-1,328,329,326,-1,326,329,330,-1,326,330,331,-1,331,332,333,-1,333,332,334,-1,332,335,334,-1,334,335,336,-1,334,336,337,-1,337,336,338,-1,322,339,340,-1,340,339,341,-1,340,341,342,-1,342,341,343,-1,342,344,345,-1,346,347,336,-1,336,347,348,-1,336,348,349,-1,346,350,347,-1,347,350,351,-1,347,351,352,-1,352,351,353,-1,352,353,354,-1,343,355,342,-1,342,355,356,-1,342,356,357,-1,357,358,342,-1,342,358,359,-1,342,359,344,-1,360,361,362,-1,362,361,363,-1,362,363,345,-1,345,363,364,-1,345,364,342,-1,349,365,336,-1,336,365,366,-1,336,366,338,-1,360,362,367,-1,367,362,368,-1,367,368,369,-1,370,371,6,-1,370,6,372,-1,371,373,6,-1,6,373,374,-1,6,374,375,-1,376,377,169,-1,169,377,378,-1,169,378,379,-1,380,171,381,-1,381,171,169,-1,381,169,382,-1,382,169,379,-1,383,384,161,-1,380,385,171,-1,171,385,386,-1,171,386,161,-1,161,386,387,-1,161,387,383,-1,388,389,390,-1,384,391,161,-1,161,391,392,-1,161,392,393,-1,393,392,394,-1,394,395,393,-1,393,395,396,-1,393,396,397,-1,165,243,167,-1,167,243,7,-1,167,7,169,-1,169,7,6,-1,169,6,376,-1,376,6,375,-1,148,284,150,-1,150,284,286,-1,150,286,152,-1,152,286,47,-1,152,47,154,-1,154,47,49,-1,154,49,156,-1,156,49,280,-1,156,280,158,-1,158,280,398,-1,158,398,160,-1,160,398,399,-1,180,400,12,-1,12,400,401,-1,12,401,388,-1,390,372,388,-1,388,372,6,-1,388,6,12,-1,12,6,8,-1,12,8,10,-1,10,8,220,-1,10,220,402,-1,402,220,184,-1,402,184,403,-1,403,184,182,-1,279,404,280,-1,280,404,83,-1,280,83,398,-1,398,83,93,-1,398,93,399,-1,399,93,405,-1,287,327,286,-1,286,327,326,-1,286,326,47,-1,47,326,16,-1,47,16,48,-1,48,16,18,-1,406,407,183,-1,183,407,408,-1,408,409,183,-1,183,409,401,-1,183,401,181,-1,181,401,400,-1,181,400,188,-1,409,410,401,-1,401,410,411,-1,401,411,412,-1,413,414,415,-1,415,414,411,-1,415,411,416,-1,416,411,410,-1,417,406,418,-1,418,406,183,-1,418,183,419,-1,419,183,420,-1,419,420,412,-1,412,420,421,-1,412,421,401,-1,401,421,393,-1,401,393,388,-1,388,393,397,-1,388,397,389,-1,422,423,418,-1,418,423,424,-1,418,424,417,-1,425,426,196,-1,4,427,428,-1,426,429,430,-1,5,4,431,-1,431,4,428,-1,431,428,432,-1,196,426,189,-1,189,426,430,-1,189,430,433,-1,434,425,432,-1,432,425,196,-1,432,196,431,-1,431,196,243,-1,431,243,435,-1,435,243,165,-1,435,165,436,-1,436,165,164,-1,436,164,437,-1,438,439,440,-1,440,441,438,-1,438,441,442,-1,438,442,443,-1,443,442,3,-1,443,3,433,-1,433,3,5,-1,433,5,189,-1,444,445,446,-1,432,447,434,-1,434,447,444,-1,434,444,448,-1,448,444,446,-1,449,450,431,-1,450,451,452,-1,405,453,454,-1,431,450,5,-1,5,450,452,-1,5,452,455,-1,456,449,454,-1,454,449,431,-1,454,431,405,-1,405,431,435,-1,405,435,399,-1,399,435,436,-1,399,436,160,-1,160,436,437,-1,160,437,159,-1,457,458,459,-1,459,460,457,-1,457,460,461,-1,457,461,462,-1,462,461,0,-1,462,0,455,-1,455,0,2,-1,455,2,5,-1,463,464,465,-1,454,466,456,-1,456,466,463,-1,456,463,467,-1,467,463,465,-1,468,453,1,-1,1,453,405,-1,1,405,2,-1,2,405,469,-1,2,469,79,-1,79,469,470,-1,79,470,93,-1,93,470,471,-1,93,471,405,-1,405,471,472,-1,405,472,469,-1,326,473,474,-1,474,473,475,-1,476,477,474,-1,474,477,478,-1,474,478,479,-1,480,481,482,-1,482,481,483,-1,482,483,484,-1,475,485,474,-1,474,485,486,-1,474,486,476,-1,487,324,488,-1,488,324,20,-1,487,489,324,-1,324,489,490,-1,324,490,491,-1,492,493,326,-1,326,493,494,-1,326,494,495,-1,326,474,16,-1,16,474,496,-1,16,496,20,-1,20,496,497,-1,20,497,488,-1,491,498,324,-1,324,498,499,-1,324,499,500,-1,484,483,501,-1,501,483,502,-1,501,502,495,-1,500,492,324,-1,324,492,326,-1,324,326,322,-1,322,326,331,-1,322,331,339,-1,339,331,333,-1,502,503,495,-1,495,503,504,-1,495,504,326,-1,326,504,505,-1,326,505,473,-1,229,217,220,-1,220,217,216,-1,220,216,184,-1,184,216,506,-1,184,506,183,-1,183,506,507,-1,183,507,420,-1,420,507,508,-1,78,71,79,-1,79,71,73,-1,79,73,2,-1,2,73,509,-1,2,509,5,-1,5,509,510,-1,5,510,189,-1,189,510,214,-1,189,214,190,-1,190,214,213,-1,325,317,324,-1,324,317,319,-1,324,319,20,-1,20,319,511,-1,20,511,22,-1,22,511,264,-1,22,264,512,-1,512,264,263,-1,140,139,148,-1,148,139,513,-1,148,513,284,-1,284,513,514,-1,284,514,282,-1,282,514,515,-1,282,515,294,-1,294,515,516,-1,294,516,320,-1,517,518,519,-1,520,517,521,-1,522,523,524,-1,525,526,527,-1,528,529,530,-1,531,532,533,-1,533,532,534,-1,533,534,535,-1,535,534,536,-1,535,536,537,-1,537,536,538,-1,537,538,539,-1,539,538,540,-1,539,540,541,-1,541,540,542,-1,541,542,543,-1,543,542,528,-1,544,545,546,-1,546,545,547,-1,547,548,549,-1,549,550,547,-1,547,550,551,-1,547,551,546,-1,546,551,552,-1,546,552,553,-1,553,552,554,-1,553,554,555,-1,555,556,553,-1,553,556,557,-1,553,557,558,-1,559,560,553,-1,553,560,561,-1,562,563,564,-1,564,563,565,-1,561,566,553,-1,553,566,565,-1,553,565,567,-1,567,565,563,-1,558,568,553,-1,553,568,569,-1,553,569,559,-1,528,530,543,-1,543,530,570,-1,543,570,571,-1,572,573,574,-1,575,576,526,-1,526,576,577,-1,525,578,526,-1,526,578,579,-1,526,579,575,-1,573,580,574,-1,574,580,581,-1,574,581,582,-1,577,583,526,-1,526,583,584,-1,526,584,574,-1,574,584,585,-1,574,585,572,-1,544,586,545,-1,545,586,587,-1,545,587,588,-1,588,587,589,-1,588,589,527,-1,527,589,590,-1,527,590,525,-1,520,591,592,-1,592,591,593,-1,592,593,594,-1,594,593,595,-1,594,595,588,-1,522,524,596,-1,596,524,597,-1,596,597,598,-1,574,599,526,-1,526,599,600,-1,526,600,601,-1,602,599,603,-1,603,599,574,-1,603,574,604,-1,604,574,597,-1,604,597,601,-1,601,597,524,-1,601,524,526,-1,526,524,523,-1,526,523,527,-1,595,605,606,-1,605,595,607,-1,607,595,608,-1,607,608,609,-1,588,595,545,-1,545,595,606,-1,545,606,547,-1,547,606,610,-1,547,610,608,-1,608,610,611,-1,608,611,609,-1,612,613,614,-1,614,613,607,-1,614,607,615,-1,615,607,609,-1,615,609,616,-1,616,609,617,-1,618,619,593,-1,593,619,620,-1,593,620,621,-1,622,623,608,-1,622,624,623,-1,623,624,625,-1,623,625,626,-1,626,627,623,-1,623,627,628,-1,623,628,629,-1,621,630,593,-1,593,630,631,-1,593,631,595,-1,595,631,632,-1,595,632,608,-1,608,632,633,-1,608,633,622,-1,629,634,623,-1,623,634,635,-1,623,635,593,-1,593,635,636,-1,593,636,618,-1,637,638,593,-1,639,640,641,-1,593,638,623,-1,623,638,642,-1,623,642,643,-1,582,570,574,-1,574,570,530,-1,574,530,597,-1,597,530,644,-1,597,644,598,-1,598,644,645,-1,623,539,608,-1,608,539,541,-1,608,541,547,-1,547,541,543,-1,547,543,548,-1,548,543,571,-1,520,521,591,-1,591,521,646,-1,591,646,647,-1,647,646,648,-1,647,648,649,-1,650,651,644,-1,644,651,645,-1,645,651,652,-1,645,652,653,-1,653,652,654,-1,653,654,655,-1,529,532,530,-1,530,532,531,-1,530,531,644,-1,644,531,655,-1,644,655,650,-1,650,655,654,-1,641,637,639,-1,639,637,593,-1,639,593,656,-1,656,593,591,-1,656,591,643,-1,643,591,647,-1,643,647,623,-1,623,647,649,-1,623,649,539,-1,539,649,657,-1,539,657,537,-1,658,657,659,-1,659,657,649,-1,659,649,660,-1,660,649,648,-1,660,648,661,-1,661,648,662,-1,661,662,658,-1,658,662,657,-1,517,519,521,-1,521,519,663,-1,521,663,646,-1,646,663,664,-1,646,664,648,-1,648,664,665,-1,648,665,662,-1,666,667,668,-1,668,667,669,-1,670,671,672,-1,672,671,673,-1,674,675,676,-1,676,675,677,-1,678,679,680,-1,681,682,683,-1,678,680,684,-1,684,680,685,-1,684,685,686,-1,687,688,685,-1,685,688,689,-1,685,689,686,-1,690,691,692,-1,692,691,693,-1,692,693,681,-1,681,693,694,-1,681,694,682,-1,683,695,681,-1,681,695,696,-1,681,696,685,-1,685,696,697,-1,685,697,687,-1,698,699,700,-1,700,699,701,-1,702,703,704,-1,704,703,705,-1,668,669,706,-1,706,669,707,-1,708,709,702,-1,702,709,703,-1,
        ]
    }
}
Shape{
    appearance Appearance {
        material  Material 	{
            diffuseColor 0.7529411764705882 0.7529411764705882 0.7529411764705882
            specularColor 0.3764705882352941 0.3764705882352941 0.3764705882352941
            ambientIntensity 0.7529
            transparency 0.0
            shininess 0.5
        }
    }
    geometry IndexedFaceSet {
        ccw TRUE
        solid FALSE
        coord DEF co Coordinate {
            point [
                0.9016 -0.0504 -1.5748, 0.9016 -0.0504 0.1969, 0.9016 0.0677 -1.5748, 0.9016 0.0677 0.1969, 1.0984 0.0677 -1.5748, 1.0984 0.0677 0.1969, 1.0984 -0.0504 -1.5748, 1.0984 -0.0504 0.1969, 0.9409 -0.011 -1.6142, 0.9409 0.0283 -1.6142, 1.0591 -0.011 -1.6142, 1.0591 0.0283 -1.6142, -0.0984 -0.0504 -1.5748, -0.0984 -0.0504 0.1969, -0.0984 0.0677 -1.5748, -0.0984 0.0677 0.1969, 0.0984 0.0677 0.1969, 0.0984 0.0677 -1.5748, 0.0472 0.0677 0.1969, -0.088 0.0677 0.1969, 0.0984 -0.0504 -1.5748, 0.0984 -0.0504 0.1969, -0.088 -0.0504 0.1969, 0.0472 -0.0504 0.1969, -0.0591 -0.011 -1.6142, -0.0591 0.0283 -1.6142, 0.0591 -0.011 -1.6142, 0.0591 0.0283 -1.6142, -1.0984 -0.0504 -1.5748, -1.0984 -0.0504 0.1969, -1.0984 0.0677 -1.5748, -1.0984 0.0677 0.1969, -0.9016 0.0677 -1.5748, -0.9016 0.0677 0.1969, -0.9016 -0.0504 -1.5748, -0.9016 -0.0504 0.1969, -1.0591 -0.011 -1.6142, -1.0591 0.0283 -1.6142, -0.9409 -0.011 -1.6142, -0.9409 0.0283 -1.6142
            ]
        }
        coordIndex [
            0,1,2,-1,2,1,3,-1,2,3,4,-1,4,3,5,-1,4,5,6,-1,6,5,7,-1,6,7,0,-1,0,7,1,-1,8,9,10,-1,10,9,11,-1,12,13,14,-1,14,13,15,-1,16,17,18,-1,18,17,14,-1,18,14,19,-1,19,14,15,-1,17,16,20,-1,20,16,21,-1,13,12,22,-1,22,12,20,-1,22,20,23,-1,23,20,21,-1,24,25,26,-1,26,25,27,-1,28,29,30,-1,30,29,31,-1,30,31,32,-1,32,31,33,-1,32,33,34,-1,34,33,35,-1,34,35,28,-1,28,35,29,-1,36,37,38,-1,38,37,39,-1,
        ]
    }
}
Shape{
    appearance Appearance {
        material  Material 	{
            diffuseColor 1.0 1.0 1.0
            specularColor 0.8784313725490196 0.8784313725490196 0.8784313725490196
            ambientIntensity 1.0
            transparency 0.0
            shininess 0.5
        }
    }
    geometry IndexedFaceSet {
        ccw TRUE
        solid FALSE
        coord DEF co Coordinate {
            point [
                0.2296 -0.9447 0.1929, 0.2296 -0.9663 0.1929, 0.2296 -0.9447 0.1969, 0.2296 -0.9663 0.1969, 0.3041 -0.9447 0.1929, 0.3041 -0.9447 0.1969, 0.3041 -0.7694 0.1929, 0.3041 -0.7694 0.1969, 0.3305 -0.7694 0.1929, 0.3305 -0.7694 0.1969, 0.3305 -0.9663 0.1929, 0.3305 -0.9663 0.1969, 0.0664 -0.9345 0.1929, 0.0664 -0.9561 0.1929, 0.0664 -0.9345 0.1969, 0.0664 -0.9561 0.1969, 0.0699 -0.9364 0.1969, 0.0699 -0.9364 0.1929, 0.0908 -0.9442 0.1969, 0.0908 -0.9442 0.1929, 0.1169 -0.9471 0.1969, 0.1169 -0.9471 0.1929, 0.1353 -0.945 0.1969, 0.1353 -0.945 0.1929, 0.1496 -0.9397 0.1969, 0.1496 -0.9397 0.1929, 0.1617 -0.9316 0.1969, 0.1617 -0.9316 0.1929, 0.1709 -0.9218 0.1969, 0.1709 -0.9218 0.1929, 0.1791 -0.9082 0.1969, 0.1791 -0.9082 0.1929, 0.1844 -0.8913 0.1969, 0.1844 -0.8913 0.1929, 0.1864 -0.8699 0.1969, 0.1864 -0.8699 0.1929, 0.1855 -0.8546 0.1969, 0.1855 -0.8546 0.1929, 0.1802 -0.8336 0.1969, 0.1802 -0.8336 0.1929, 0.1721 -0.8184 0.1969, 0.1721 -0.8184 0.1929, 0.1602 -0.8052 0.1969, 0.1602 -0.8052 0.1929, 0.1466 -0.7961 0.1969, 0.1466 -0.7961 0.1929, 0.1319 -0.7908 0.1969, 0.1319 -0.7908 0.1929, 0.1125 -0.7886 0.1969, 0.1125 -0.7886 0.1929, 0.0886 -0.7917 0.1969, 0.0886 -0.7917 0.1929, 0.0664 -0.8012 0.1969, 0.0664 -0.8012 0.1929, 0.0664 -0.7748 0.1929, 0.0664 -0.7748 0.1969, 0.1127 -0.767 0.1969, 0.1127 -0.767 0.1929, 0.0953 -0.7682 0.1969, 0.0892 -0.7686 0.1929, 0.0892 -0.7686 0.1969, 0.1325 -0.7686 0.1929, 0.1274 -0.7682 0.1969, 0.1325 -0.7686 0.1969, 0.1544 -0.775 0.1969, 0.1544 -0.775 0.1929, 0.1731 -0.7858 0.1969, 0.1731 -0.7858 0.1929, 0.1909 -0.8029 0.1969, 0.1909 -0.8029 0.1929, 0.2024 -0.8213 0.1969, 0.2024 -0.8213 0.1929, 0.21 -0.8436 0.1969, 0.21 -0.8436 0.1929, 0.2128 -0.8716 0.1969, 0.2128 -0.8716 0.1929, 0.2109 -0.8944 0.1969, 0.2109 -0.8944 0.1929, 0.205 -0.9152 0.1969, 0.205 -0.9152 0.1929, 0.1945 -0.9339 0.1969, 0.1945 -0.9339 0.1929, 0.1797 -0.9495 0.1969, 0.1797 -0.9495 0.1929, 0.1639 -0.9596 0.1969, 0.1639 -0.9596 0.1929, 0.1448 -0.9662 0.1969, 0.1448 -0.9662 0.1929, 0.1206 -0.9687 0.1929, 0.1321 -0.9675 0.1969, 0.1206 -0.9687 0.1969, 0.0874 -0.9647 0.1929, 0.1152 -0.9686 0.1969, 0.1152 -0.9686 0.1929, 0.1073 -0.9675 0.1969, 0.0874 -0.9647 0.1969, -0.0776 -0.9447 0.1929, -0.0776 -0.9663 0.1929, -0.0776 -0.9447 0.1969, -0.0776 -0.9663 0.1969, 0.0016 -0.9447 0.1929, 0.0016 -0.9447 0.1969, 0.0016 -0.8774 0.1929, 0.0016 -0.8774 0.1969, -0.068 -0.8774 0.1929, -0.068 -0.8774 0.1969, -0.068 -0.8558 0.1929, -0.068 -0.8558 0.1969, 0.0016 -0.8558 0.1929, 0.0016 -0.8558 0.1969, 0.0016 -0.791 0.1929, 0.0016 -0.791 0.1969, -0.0728 -0.791 0.1929, -0.0728 -0.791 0.1969, -0.0728 -0.7694 0.1929, -0.0728 -0.7694 0.1969, 0.028 -0.7694 0.1929, 0.028 -0.7694 0.1969, 0.028 -0.9663 0.1929, 0.028 -0.9663 0.1969, -0.2678 -0.8275 0.1929, -0.2586 -0.8105 0.1929, -0.235 -0.8186 0.1929, -0.2447 -0.7951 0.1929, -0.2254 -0.8085 0.1929, -0.2445 -0.7949 0.1929, -0.211 -0.7992 0.1929, -0.2231 -0.7805 0.1929, -0.1948 -0.7935 0.1929, -0.2 -0.7725 0.1929, -0.1715 -0.791 0.1929, -0.1716 -0.7694 0.1929, -0.1425 -0.791 0.1929, -0.116 -0.7694 0.1929, -0.1425 -0.9447 0.1929, -0.116 -0.9663 0.1929, -0.1704 -0.9447 0.1929, -0.1696 -0.9663 0.1929, -0.1912 -0.9427 0.1929, -0.1939 -0.9641 0.1929, -0.2077 -0.9376 0.1929, -0.2166 -0.9574 0.1929, -0.2212 -0.9296 0.1929, -0.2372 -0.9454 0.1929, -0.2322 -0.9187 0.1929, -0.2534 -0.9299 0.1929, -0.2405 -0.9051 0.1929, -0.2647 -0.9123 0.1929, -0.2463 -0.8866 0.1929, -0.2717 -0.8917 0.1929, -0.2481 -0.8659 0.1929, -0.2745 -0.8654 0.1929, -0.2464 -0.8463 0.1929, -0.2731 -0.8468 0.1929, -0.2418 -0.8308 0.1929, -0.1696 -0.9663 0.1969, -0.116 -0.9663 0.1969, -0.1939 -0.9641 0.1969, -0.2166 -0.9574 0.1969, -0.2372 -0.9454 0.1969, -0.2534 -0.9299 0.1969, -0.2647 -0.9123 0.1969, -0.2717 -0.8917 0.1969, -0.2745 -0.8654 0.1969, -0.2731 -0.8468 0.1969, -0.2678 -0.8275 0.1969, -0.2586 -0.8105 0.1969, -0.2447 -0.7951 0.1969, -0.2445 -0.7949 0.1969, -0.2231 -0.7805 0.1969, -0.2 -0.7725 0.1969, -0.1716 -0.7694 0.1969, -0.116 -0.7694 0.1969, -0.1715 -0.791 0.1969, -0.1425 -0.791 0.1969, -0.1425 -0.9447 0.1969, -0.1704 -0.9447 0.1969, -0.2481 -0.8659 0.1969, -0.2463 -0.8866 0.1969, -0.2405 -0.9051 0.1969, -0.2322 -0.9187 0.1969, -0.2212 -0.9296 0.1969, -0.2077 -0.9376 0.1969, -0.1912 -0.9427 0.1969, -0.1948 -0.7935 0.1969, -0.211 -0.7992 0.1969, -0.2254 -0.8085 0.1969, -0.235 -0.8186 0.1969, -0.2418 -0.8308 0.1969, -0.2464 -0.8463 0.1969
            ]
        }
        coordIndex [
            0,1,2,-1,2,1,3,-1,4,0,5,-1,5,0,2,-1,6,4,7,-1,7,4,5,-1,8,6,9,-1,9,6,7,-1,10,8,11,-1,11,8,9,-1,1,10,3,-1,3,10,11,-1,6,8,4,-1,4,8,10,-1,4,10,0,-1,0,10,1,-1,12,13,14,-1,14,13,15,-1,12,14,16,-1,12,16,17,-1,17,16,18,-1,17,18,19,-1,19,18,20,-1,19,20,21,-1,21,20,22,-1,21,22,23,-1,23,22,24,-1,23,24,25,-1,25,24,26,-1,25,26,27,-1,27,26,28,-1,27,28,29,-1,29,28,30,-1,29,30,31,-1,31,30,32,-1,31,32,33,-1,33,32,34,-1,33,34,35,-1,35,34,36,-1,35,36,37,-1,37,36,38,-1,37,38,39,-1,39,38,40,-1,39,40,41,-1,41,40,42,-1,41,42,43,-1,43,42,44,-1,43,44,45,-1,45,44,46,-1,45,46,47,-1,47,46,48,-1,47,48,49,-1,49,48,50,-1,49,50,51,-1,51,50,52,-1,51,52,53,-1,54,53,55,-1,55,53,52,-1,56,57,58,-1,58,57,59,-1,58,59,60,-1,60,59,54,-1,60,54,55,-1,57,56,61,-1,61,56,62,-1,62,63,61,-1,61,63,64,-1,61,64,65,-1,65,64,66,-1,65,66,67,-1,67,66,68,-1,67,68,69,-1,69,68,70,-1,69,70,71,-1,71,70,72,-1,71,72,73,-1,73,72,74,-1,73,74,75,-1,75,74,76,-1,75,76,77,-1,77,76,78,-1,77,78,79,-1,79,78,80,-1,79,80,81,-1,81,80,82,-1,81,82,83,-1,83,82,84,-1,83,84,85,-1,85,84,86,-1,85,86,87,-1,87,86,88,-1,88,86,89,-1,88,89,90,-1,15,13,91,-1,88,90,92,-1,88,92,93,-1,93,92,94,-1,93,94,91,-1,91,94,95,-1,91,95,15,-1,23,88,21,-1,21,88,93,-1,21,93,19,-1,19,93,91,-1,19,91,17,-1,17,91,13,-1,17,13,12,-1,53,54,51,-1,51,54,59,-1,51,59,49,-1,49,59,57,-1,49,57,47,-1,47,57,61,-1,47,61,45,-1,45,61,65,-1,45,65,43,-1,43,65,67,-1,43,67,41,-1,41,67,69,-1,41,69,39,-1,39,69,71,-1,39,71,37,-1,37,71,73,-1,37,73,35,-1,35,73,75,-1,35,75,33,-1,33,75,77,-1,33,77,31,-1,31,77,79,-1,31,79,29,-1,29,79,81,-1,29,81,27,-1,27,81,83,-1,27,83,25,-1,25,83,85,-1,25,85,23,-1,23,85,87,-1,23,87,88,-1,96,97,98,-1,98,97,99,-1,100,96,101,-1,101,96,98,-1,102,100,103,-1,103,100,101,-1,104,102,105,-1,105,102,103,-1,106,104,107,-1,107,104,105,-1,108,106,109,-1,109,106,107,-1,110,108,111,-1,111,108,109,-1,112,110,113,-1,113,110,111,-1,114,112,115,-1,115,112,113,-1,116,114,117,-1,117,114,115,-1,118,116,119,-1,119,116,117,-1,97,118,99,-1,99,118,119,-1,118,97,96,-1,96,100,118,-1,118,100,102,-1,118,102,116,-1,112,114,110,-1,110,114,116,-1,110,116,108,-1,108,116,102,-1,108,102,106,-1,106,102,104,-1,120,121,122,-1,122,121,123,-1,122,123,124,-1,124,123,125,-1,124,125,126,-1,126,125,127,-1,126,127,128,-1,128,127,129,-1,128,129,130,-1,130,129,131,-1,130,131,132,-1,132,131,133,-1,132,133,134,-1,134,133,135,-1,134,135,136,-1,136,135,137,-1,136,137,138,-1,138,137,139,-1,138,139,140,-1,140,139,141,-1,140,141,142,-1,142,141,143,-1,142,143,144,-1,144,143,145,-1,144,145,146,-1,146,145,147,-1,146,147,148,-1,148,147,149,-1,148,149,150,-1,150,149,151,-1,150,151,152,-1,152,151,153,-1,152,153,154,-1,154,153,120,-1,154,120,122,-1,137,135,155,-1,155,135,156,-1,137,155,157,-1,137,157,139,-1,139,157,158,-1,139,158,141,-1,141,158,159,-1,141,159,143,-1,143,159,160,-1,143,160,145,-1,145,160,161,-1,145,161,147,-1,147,161,162,-1,147,162,149,-1,149,162,163,-1,149,163,151,-1,151,163,164,-1,151,164,153,-1,153,164,165,-1,153,165,120,-1,120,165,166,-1,120,166,121,-1,121,166,167,-1,121,167,123,-1,123,167,168,-1,123,168,125,-1,125,168,169,-1,125,169,127,-1,127,169,170,-1,127,170,129,-1,129,170,171,-1,129,171,131,-1,133,131,172,-1,172,131,171,-1,135,133,156,-1,156,133,172,-1,130,132,173,-1,173,132,174,-1,132,134,174,-1,174,134,175,-1,134,136,175,-1,175,136,176,-1,150,177,178,-1,150,178,148,-1,148,178,179,-1,148,179,146,-1,146,179,180,-1,146,180,144,-1,144,180,181,-1,144,181,142,-1,142,181,182,-1,142,182,140,-1,140,182,183,-1,140,183,138,-1,138,183,176,-1,138,176,136,-1,130,173,184,-1,130,184,128,-1,128,184,185,-1,128,185,126,-1,126,185,186,-1,126,186,124,-1,124,186,187,-1,124,187,122,-1,122,187,188,-1,122,188,154,-1,154,188,189,-1,154,189,152,-1,152,189,177,-1,152,177,150,-1,
        ]
    }
}
Shape{
    appearance Appearance {
        material  Material 	{
            diffuseColor 0.25098039215686274 0.25098039215686274 0.25098039215686274
            specularColor 0.12549019607843137 0.12549019607843137 0.12549019607843137
            ambientIntensity 0.251
            transparency 0.0
            shininess 0.5
        }
    }
    geometry IndexedFaceSet {
        ccw TRUE
        solid FALSE
        coord DEF co Coordinate {
            point [
                -0.1425 -0.791 0.1969, -0.1425 -0.9447 0.1969, -0.1715 -0.791 0.1969, -0.1704 -0.9447 0.1969, -0.1912 -0.9427 0.1969, -0.2481 -0.8659 0.1969, -0.2464 -0.8463 0.1969, -0.2418 -0.8308 0.1969, -0.1948 -0.7935 0.1969, -0.2077 -0.9376 0.1969, -0.2212 -0.9296 0.1969, -0.2322 -0.9187 0.1969, -0.2405 -0.9051 0.1969, -0.2463 -0.8866 0.1969, -0.235 -0.8186 0.1969, -0.2254 -0.8085 0.1969, -0.211 -0.7992 0.1969
            ]
        }
        coordIndex [
            0,1,2,-1,2,1,3,-1,2,3,4,-1,5,6,2,-1,2,6,7,-1,2,7,8,-1,4,9,2,-1,2,9,10,-1,2,10,11,-1,11,12,2,-1,2,12,13,-1,2,13,5,-1,14,15,7,-1,7,15,16,-1,7,16,8,-1,
        ]
    }
}
Shape{
    appearance Appearance {
        material  Material 	{
            diffuseColor 1.0 1.0 1.0
            specularColor 0.8784313725490196 0.8784313725490196 0.8784313725490196
            ambientIntensity 1.0
            transparency 0.0
            shininess 0.5
        }
    }
    geometry IndexedFaceSet {
        ccw TRUE
        solid FALSE
        coord DEF co Coordinate {
            point [
                -0.3431 -0.8895 0.1929, -0.3365 -0.9111 0.1929, -0.409 -0.8895 0.1929, -0.4178 -0.9111 0.1929, -0.3725 -0.8072 0.1929, -0.3633 -0.7694 0.1929, -0.2889 -0.9663 0.1929, -0.3177 -0.9663 0.1929, -0.3744 -0.8004 0.1929, -0.3756 -0.7934 0.1929, -0.3897 -0.7694 0.1929, -0.3763 -0.7934 0.1929, -0.3776 -0.8004 0.1929, -0.3793 -0.8072 0.1929, -0.4665 -0.9663 0.1929, -0.4377 -0.9663 0.1929, -0.3897 -0.7694 0.1969, -0.4665 -0.9663 0.1969, -0.3633 -0.7694 0.1969, -0.2889 -0.9663 0.1969, -0.3177 -0.9663 0.1969, -0.3365 -0.9111 0.1969, -0.4178 -0.9111 0.1969, -0.4377 -0.9663 0.1969, -0.3431 -0.8895 0.1969, -0.409 -0.8895 0.1969, -0.3793 -0.8072 0.1969, -0.3763 -0.7934 0.1969, -0.3776 -0.8004 0.1969, -0.3756 -0.7934 0.1969, -0.3725 -0.8072 0.1969, -0.3744 -0.8004 0.1969
            ]
        }
        coordIndex [
            0,1,2,-1,2,1,3,-1,4,5,0,-1,0,5,6,-1,0,6,1,-1,1,6,7,-1,4,8,5,-1,5,8,9,-1,5,9,10,-1,10,9,11,-1,10,11,12,-1,12,13,10,-1,10,13,2,-1,10,2,14,-1,14,2,3,-1,14,3,15,-1,10,14,16,-1,16,14,17,-1,5,10,18,-1,18,10,16,-1,6,5,19,-1,19,5,18,-1,7,6,20,-1,20,6,19,-1,1,7,21,-1,21,7,20,-1,3,1,22,-1,22,1,21,-1,15,3,23,-1,23,3,22,-1,14,15,17,-1,17,15,23,-1,0,2,24,-1,24,2,25,-1,2,13,25,-1,25,13,26,-1,11,27,28,-1,11,28,12,-1,12,28,26,-1,12,26,13,-1,11,9,27,-1,27,9,29,-1,4,30,31,-1,4,31,8,-1,8,31,29,-1,8,29,9,-1,4,0,30,-1,30,0,24,-1,
        ]
    }
}
Shape{
    appearance Appearance {
        material  Material 	{
            diffuseColor 0.25098039215686274 0.25098039215686274 0.25098039215686274
            specularColor 0.12549019607843137 0.12549019607843137 0.12549019607843137
            ambientIntensity 0.251
            transparency 0.0
            shininess 0.5
        }
    }
    geometry IndexedFaceSet {
        ccw TRUE
        solid FALSE
        coord DEF co Coordinate {
            point [
                -0.3431 -0.8895 0.1969, -0.409 -0.8895 0.1969, -0.3725 -0.8072 0.1969, -0.3793 -0.8072 0.1969, -0.3744 -0.8004 0.1969, -0.3776 -0.8004 0.1969, -0.3756 -0.7934 0.1969, -0.3763 -0.7934 0.1969, -2.0254 0.7299 0.1946, -2.0079 0.7299 0.1969, -2.0079 -0.4087 0.1969, -2.0079 -2.4591 0.1969, -2.0254 -2.4591 0.1946, -2.0079 -0.9675 0.1969, -2.0079 -0.7682 0.1969, -2.0283 0.7299 0.1942, -2.0283 -2.4591 0.1942, -2.0418 0.7299 0.1885, -2.0418 -2.4591 0.1885, -2.0472 0.7299 0.1863, -2.0472 -2.4591 0.1863, -2.0566 0.7299 0.1792, -2.0566 -2.4591 0.1792, -2.0636 0.7299 0.1738, -2.0636 -2.4591 0.1738, -2.0689 0.7299 0.1668, -2.0689 -2.4591 0.1668, -2.0761 0.7299 0.1575, -2.0761 -2.4591 0.1575, -2.0783 0.7299 0.1521, -2.0783 -2.4591 0.1521, -2.0839 0.7299 0.1385, -2.0839 -2.4591 0.1385, -2.0843 0.7299 0.1356, -2.0843 -2.4591 0.1356, -2.0866 0.7299 0.1181, -2.0866 -2.4591 0.1181, 2.0866 0.7299 0.1181, 2.0866 -2.4591 0.1181, 2.0839 0.7299 0.1385, 2.0839 -2.4591 0.1385, 2.0761 0.7299 0.1575, 2.0761 -2.4591 0.1575, 2.0636 0.7299 0.1738, 2.0636 -2.4591 0.1738, 2.0472 0.7299 0.1863, 2.0472 -2.4591 0.1863, 2.0283 0.7299 0.1942, 2.0283 -2.4591 0.1942, 2.0079 -2.4591 0.1969, 2.0079 -0.9675 0.1969, 2.0079 -0.7682 0.1969, 2.0079 -0.4087 0.1969, 2.0079 0.7299 0.1969, 2.1431 0.8067 0.1543, 2.16 0.8087 0.1589, 2.1654 0.8087 0.1181, 2.0079 0.8087 0.2756, 2.0486 0.8087 0.2702, 2.0079 0.8067 0.2581, 2.0441 0.8067 0.2533, 2.0079 0.8057 0.2553, 2.0398 0.8009 0.2372, 2.1478 0.8067 0.1181, 2.1451 0.8057 0.1181, 2.127 0.8009 0.15, 2.0359 0.7915 0.2228, 2.0079 0.7977 0.2365, 2.0079 0.8009 0.2414, 2.1312 0.8009 0.1181, 2.1262 0.7977 0.1181, 2.1126 0.7915 0.1462, 2.0327 0.779 0.2108, 2.0079 0.7852 0.2203, 2.0079 0.7915 0.2265, 2.1163 0.7915 0.1181, 2.11 0.7852 0.1181, 2.1005 0.779 0.1429, 2.0079 0.7502 0.1998, 2.0079 0.7641 0.2047, 2.0303 0.7641 0.2017, 2.0079 0.7691 0.2078, 2.0079 0.779 0.214, 2.0866 0.8087 0.2545, 2.0779 0.8067 0.2393, 2.0695 0.8009 0.2249, 2.0621 0.7915 0.212, 2.0558 0.779 0.2012, 2.0511 0.7641 0.1931, 2.1192 0.8087 0.2295, 2.1068 0.8067 0.2171, 2.0951 0.8009 0.2053, 2.0845 0.7915 0.1948, 2.0757 0.779 0.1859, 2.0691 0.7641 0.1793, 2.1443 0.8087 0.1969, 2.1291 0.8067 0.1881, 2.1147 0.8009 0.1798, 2.1017 0.7915 0.1723, 2.0909 0.779 0.1661, 2.0828 0.7641 0.1614, 2.0915 0.7641 0.1405, 2.0079 0.7474 0.1988, 2.0288 0.7474 0.1961, 2.1038 0.779 0.1181, 2.0975 0.7691 0.1181, 2.0944 0.7641 0.1181, 2.0896 0.7502 0.1181, 2.0482 0.7474 0.188, 2.0649 0.7474 0.1752, 2.0778 0.7474 0.1585, 2.0858 0.7474 0.139, 2.0886 0.7474 0.1181, 2.0886 -2.4766 0.1181, 2.0858 -2.4766 0.139, 2.0441 -2.5358 0.2533, 2.0486 -2.5378 0.2702, 2.0079 -2.5378 0.2756, 2.0079 -2.5358 0.2581, 2.0079 -2.5349 0.2553, 2.0398 -2.53 0.2372, 2.0079 -2.53 0.2414, 2.0079 -2.5269 0.2365, 2.0359 -2.5206 0.2228, 2.0079 -2.5206 0.2265, 2.0079 -2.5144 0.2203, 2.0327 -2.5082 0.2108, 2.1654 -2.5378 0.1181, 2.16 -2.5378 0.1589, 2.1478 -2.5358 0.1181, 2.1431 -2.5358 0.1543, 2.1312 -2.53 0.1181, 2.127 -2.53 0.15, 2.1163 -2.5206 0.1181, 2.1126 -2.5206 0.1462, 2.1038 -2.5082 0.1181, 2.1005 -2.5082 0.1429, 2.0944 -2.4932 0.1181, 2.0915 -2.4932 0.1405, 2.1443 -2.5378 0.1969, 2.1291 -2.5358 0.1881, 2.1147 -2.53 0.1798, 2.1017 -2.5206 0.1723, 2.0909 -2.5082 0.1661, 2.0828 -2.4932 0.1614, 2.1192 -2.5378 0.2295, 2.1068 -2.5358 0.2171, 2.0951 -2.53 0.2053, 2.0845 -2.5206 0.1948, 2.0757 -2.5082 0.1859, 2.0691 -2.4932 0.1793, 2.0866 -2.5378 0.2545, 2.0779 -2.5358 0.2393, 2.0695 -2.53 0.2249, 2.0621 -2.5206 0.212, 2.0558 -2.5082 0.2012, 2.0511 -2.4932 0.1931, 2.0303 -2.4932 0.2017, 2.0079 -2.5082 0.214, 2.0079 -2.4982 0.2078, 2.0079 -2.4932 0.2047, 2.0079 -2.4793 0.1998, 2.0778 -2.4766 0.1585, 2.0649 -2.4766 0.1752, 2.0482 -2.4766 0.188, 2.0288 -2.4766 0.1961, 2.0079 -2.4766 0.1988, 0.616 0.7299 0.1969, -2.0079 0.8087 0.2756, -2.0079 0.8067 0.2581, -2.0079 0.8057 0.2553, -2.0079 0.8009 0.2414, -2.0079 0.7977 0.2365, -2.0079 0.7915 0.2265, -2.0079 0.7852 0.2203, -2.0079 0.779 0.214, -2.0079 0.7691 0.2078, -2.0079 0.7641 0.2047, -2.0079 0.7502 0.1998, -2.0079 0.7474 0.1988, 0.2212 0.7299 0.1969, 0.0472 0.7299 0.1969, -0.088 0.7299 0.1969, -0.2817 0.7299 0.1969, -0.6841 0.7299 0.1969, -1.5531 0.7299 0.1969, 2.0866 0.7299 0.0, 2.0871 0.7387 0.0005, 2.1654 0.8087 0.0787, 2.1478 0.8067 0.0612, 2.1451 0.8057 0.0585, 2.1312 0.8009 0.0446, 2.1262 0.7977 0.0396, 2.1163 0.7915 0.0296, 2.11 0.7852 0.0234, 2.1038 0.779 0.0172, 2.0975 0.7691 0.0109, 2.0944 0.7641 0.0078, 2.0893 0.7503 0.0027, 2.0888 0.7474 0.0021, 2.1654 -2.5378 0.0787, 2.1479 -2.5355 0.0613, 2.145 -2.5351 0.0584, 2.1314 -2.5295 0.0448, 2.126 -2.5273 0.0394, 2.1167 -2.5201 0.0301, 2.1097 -2.5147 0.0231, 2.1038 -2.5082 0.0172, 2.0975 -2.4982 0.0109, 2.0944 -2.4932 0.0078, 2.0893 -2.4794 0.0027, 2.0886 -2.4766 0.002, 2.0871 -2.4679 0.0005, 2.0866 -2.4591 0.0, -2.0079 -2.4766 0.1988, -1.5531 -2.4591 0.1969, -0.6841 -2.4591 0.1969, -0.2817 -2.4591 0.1969, -0.088 -2.4591 0.1969, 0.0472 -2.4591 0.1969, 0.2212 -2.4591 0.1969, 0.616 -2.4591 0.1969, -2.0079 -2.4793 0.1998, -2.0079 -2.4932 0.2047, -2.0079 -2.4982 0.2078, -2.0079 -2.5082 0.214, -2.0079 -2.5144 0.2203, -2.0079 -2.5206 0.2265, -2.0079 -2.5269 0.2365, -2.0079 -2.53 0.2414, -2.0079 -2.5349 0.2553, -2.0079 -2.5358 0.2581, 2.0074 -2.5378 0.2756, 1.558 -2.5378 0.2756, 1.2171 -2.5378 0.2756, 0.9002 -2.5378 0.2756, 0.5978 -2.5378 0.2756, -0.0144 -2.5378 0.2756, -0.2209 -2.5378 0.2756, -0.5737 -2.5378 0.2756, -0.917 -2.5378 0.2756, -1.2123 -2.5378 0.2756, -1.3159 -2.5378 0.2756, -1.498 -2.5378 0.2756, -2.0079 -2.5378 0.2756, -2.0288 0.7474 0.1961, -2.0482 0.7474 0.188, -2.0649 0.7474 0.1752, -2.0778 0.7474 0.1585, -2.0858 0.7474 0.139, -2.0886 0.7474 0.1181, -2.0441 0.8067 0.2533, -2.0486 0.8087 0.2702, -2.0398 0.8009 0.2372, -2.0359 0.7915 0.2228, -2.0327 0.779 0.2108, -2.0303 0.7641 0.2017, -2.0915 0.7641 0.1405, -2.0944 0.7641 0.1181, -2.1005 0.779 0.1429, -2.1038 0.779 0.1181, -2.1126 0.7915 0.1462, -2.1163 0.7915 0.1181, -2.127 0.8009 0.15, -2.1312 0.8009 0.1181, -2.1431 0.8067 0.1543, -2.1478 0.8067 0.1181, -2.16 0.8087 0.1589, -2.1654 0.8087 0.1181, -2.0828 0.7641 0.1614, -2.0909 0.779 0.1661, -2.1017 0.7915 0.1723, -2.1147 0.8009 0.1798, -2.1291 0.8067 0.1881, -2.1443 0.8087 0.1969, -2.0691 0.7641 0.1793, -2.0757 0.779 0.1859, -2.0845 0.7915 0.1948, -2.0951 0.8009 0.2053, -2.1068 0.8067 0.2171, -2.1192 0.8087 0.2295, -2.0511 0.7641 0.1931, -2.0558 0.779 0.2012, -2.0621 0.7915 0.212, -2.0695 0.8009 0.2249, -2.0779 0.8067 0.2393, -2.0866 0.8087 0.2545, 2.2047 0.8087 0.0787, 2.2047 0.8064 0.0613, 2.2047 0.8004 0.0448, 2.2047 0.806 0.0584, 2.2047 0.7786 0.0177, 2.2047 0.7981 0.0394, 2.2047 0.791 0.0301, 2.2047 0.7856 0.0231, 2.2047 0.7693 0.0106, 2.2047 0.7639 0.0083, 2.2047 0.7503 0.0027, 2.2047 0.7474 0.0023, 2.2047 0.7299 0.0, 2.2047 -2.4591 0.0, 2.2251 0.7299 0.0027, 2.2251 -2.4591 0.0027, 2.2441 0.7299 0.0106, 2.2441 -2.4591 0.0106, 2.2604 0.7299 0.0231, 2.2604 -2.4591 0.0231, 2.2729 0.7299 0.0394, 2.2729 -2.4591 0.0394, 2.2808 0.7299 0.0584, 2.2808 -2.4591 0.0584, 2.2835 0.7299 0.0787, 2.2835 -2.4591 0.0787, 2.2047 -2.4794 0.0027, 2.2047 -2.4984 0.0106, 2.2047 -2.5147 0.0231, 2.2047 -2.5273 0.0394, 2.2047 -2.5351 0.0584, 2.2047 -2.5378 0.0787, -2.0858 -2.4766 0.139, -2.0778 -2.4766 0.1585, -2.0649 -2.4766 0.1752, -2.0482 -2.4766 0.188, -2.1431 -2.5358 0.1543, -2.16 -2.5378 0.1589, -2.1654 -2.5378 0.1181, -2.0486 -2.5378 0.2702, -2.0441 -2.5358 0.2533, -2.0398 -2.53 0.2372, -2.1478 -2.5358 0.1181, -2.1451 -2.5349 0.1181, -2.127 -2.53 0.15, -2.0359 -2.5206 0.2228, -2.1312 -2.53 0.1181, -2.1262 -2.5269 0.1181, -2.1126 -2.5206 0.1462, -2.0327 -2.5082 0.2108, -2.1163 -2.5206 0.1181, -2.11 -2.5144 0.1181, -2.1005 -2.5082 0.1429, -2.0303 -2.4932 0.2017, -2.1038 -2.5082 0.1181, -2.0975 -2.4982 0.1181, -2.0915 -2.4932 0.1405, -2.0288 -2.4766 0.1961, -2.0511 -2.4932 0.1931, -2.0558 -2.5082 0.2012, -2.0621 -2.5206 0.212, -2.0695 -2.53 0.2249, -2.0779 -2.5358 0.2393, -2.0866 -2.5378 0.2545, -2.0691 -2.4932 0.1793, -2.0757 -2.5082 0.1859, -2.0845 -2.5206 0.1948, -2.0951 -2.53 0.2053, -2.1068 -2.5358 0.2171, -2.1192 -2.5378 0.2295, -2.0828 -2.4932 0.1614, -2.0909 -2.5082 0.1661, -2.1017 -2.5206 0.1723, -2.1147 -2.53 0.1798, -2.1291 -2.5358 0.1881, -2.1443 -2.5378 0.1969, -2.0886 -2.4766 0.1181, -2.0896 -2.4793 0.1181, -2.0944 -2.4932 0.1181, -2.1654 0.8087 0.0787, -2.1479 0.8064 0.0613, -2.145 0.806 0.0584, -2.1314 0.8004 0.0448, -2.126 0.7981 0.0394, -2.1167 0.791 0.0301, -2.1097 0.7856 0.0231, -2.1038 0.779 0.0172, -2.0975 0.7691 0.0109, -2.0944 0.7641 0.0078, -2.0893 0.7503 0.0027, -2.0886 0.7474 0.002, -2.0871 0.7387 0.0005, -2.0866 0.7299 0.0, 2.2191 0.7443 0.0027, 2.2224 0.7401 0.0027, 2.2149 0.7679 0.0106, 2.2191 0.7837 0.0231, 2.2782 0.7496 0.0584, 2.2808 0.7503 0.0787, 2.2585 0.7837 0.0584, 2.2604 0.7856 0.0787, 2.2729 0.7693 0.0787, 2.2251 0.806 0.0787, 2.2244 0.8034 0.0584, 2.2441 0.7981 0.0787, 2.2428 0.7958 0.0584, 2.2388 0.789 0.0394, 2.2224 0.7958 0.0394, 2.2585 0.7443 0.0231, 2.2326 0.7781 0.0231, 2.2529 0.7781 0.0394, 2.2706 0.7679 0.0584, 2.2428 0.7401 0.0106, 2.2388 0.7496 0.0106, 2.2638 0.764 0.0394, 2.2441 0.7693 0.0231, 2.2244 0.764 0.0106, 2.21 0.7496 0.0027, 2.2244 0.7352 0.0027, 2.2706 0.7476 0.0394, 2.2529 0.7578 0.0231, 2.2326 0.7578 0.0106, 2.2149 0.7476 0.0027, 2.2808 -2.4794 0.0787, 2.2729 -2.4984 0.0787, 2.2782 -2.4787 0.0584, 2.2706 -2.4971 0.0584, 2.2706 -2.4767 0.0394, 2.2638 -2.4932 0.0394, 2.2585 -2.4735 0.0231, 2.2529 -2.4869 0.0231, 2.2428 -2.4692 0.0106, 2.2388 -2.4787 0.0106, 2.2244 -2.4643 0.0027, 2.2224 -2.4692 0.0027, 2.2604 -2.5147 0.0787, 2.2585 -2.5128 0.0584, 2.2529 -2.5073 0.0394, 2.2441 -2.4984 0.0231, 2.2326 -2.4869 0.0106, 2.2191 -2.4735 0.0027, 2.2441 -2.5273 0.0787, 2.2251 -2.5351 0.0787, 2.2428 -2.5249 0.0584, 2.2244 -2.5325 0.0584, 2.2388 -2.5181 0.0394, 2.2224 -2.5249 0.0394, 2.2326 -2.5073 0.0231, 2.2191 -2.5128 0.0231, 2.2244 -2.4932 0.0106, 2.2149 -2.4971 0.0106, 2.2149 -2.4767 0.0027, 2.21 -2.4787 0.0027, -2.0866 -2.4591 0.0, -2.0873 -2.4693 0.0007, -2.0893 -2.4794 0.0027, -2.0926 -2.4892 0.006, -2.0972 -2.4984 0.0106, -2.1029 -2.507 0.0163, -2.1097 -2.5147 0.0231, -2.126 -2.5273 0.0394, -2.145 -2.5351 0.0584, -2.1654 -2.5378 0.0787, -2.2047 0.7299 0.0, -2.2047 0.7503 0.0027, -2.2047 0.7693 0.0106, -2.2047 0.7856 0.0231, -2.2047 0.7981 0.0394, -2.2047 0.806 0.0584, -2.2047 0.8087 0.0787, 2.2835 0.7299 6.811, 2.2808 0.7503 6.811, 2.2729 0.7693 6.811, 2.2604 0.7856 6.811, 2.2441 0.7981 6.811, 2.2251 0.806 6.811, 2.2047 0.8087 6.811, 2.2047 0.7299 6.8898, 2.2047 -2.4591 6.8898, 2.2251 -2.4591 6.8871, 2.2251 0.7299 6.8871, 2.2441 -2.4591 6.8792, 2.2441 0.7299 6.8792, 2.2604 -2.4591 6.8667, 2.2604 0.7299 6.8667, 2.2729 -2.4591 6.8504, 2.2729 0.7299 6.8504, 2.2808 -2.4591 6.8314, 2.2808 0.7299 6.8314, 2.2835 -2.4591 6.811, 2.2047 -2.5378 6.811, 2.2047 -2.5378 3.841, 2.2251 -2.5351 6.811, 2.2047 -2.5378 3.4425, 2.2047 -2.5378 2.4429, 2.2047 -2.5378 0.6442, 2.2441 -2.5273 6.811, 2.2604 -2.5147 6.811, 2.2729 -2.4984 6.811, 2.2808 -2.4794 6.811, -2.2047 -2.5378 0.0787, -2.2047 -2.5351 0.0584, -2.2047 -2.5273 0.0394, -2.2047 -2.5147 0.0231, -2.2047 -2.4984 0.0106, -2.2047 -2.4794 0.0027, -2.2047 -2.4591 0.0, -2.2251 -2.4591 0.0027, -2.2251 0.7299 0.0027, -2.2441 -2.4591 0.0106, -2.2441 0.7299 0.0106, -2.2604 -2.4591 0.0231, -2.2604 0.7299 0.0231, -2.2729 -2.4591 0.0394, -2.2729 0.7299 0.0394, -2.2808 -2.4591 0.0584, -2.2808 0.7299 0.0584, -2.2835 -2.4591 0.0787, -2.2835 0.7299 0.0787, -2.2093 0.7498 0.0027, -2.2136 0.7483 0.0027, -2.2174 0.7459 0.0027, -2.2207 0.7426 0.0027, -2.2231 0.7388 0.0027, -2.2246 0.7345 0.0027, -2.2431 0.7387 0.0106, -2.259 0.7423 0.0231, -2.2712 0.7451 0.0394, -2.2789 0.7468 0.0584, -2.2815 0.7474 0.0787, -2.2805 0.7502 0.0787, -2.2732 0.7629 0.0584, -2.2757 0.7641 0.0787, -2.2725 0.7691 0.0787, -2.2642 0.7773 0.0584, -2.2663 0.779 0.0787, -2.2601 0.7852 0.0787, -2.2521 0.7894 0.0584, -2.2538 0.7915 0.0787, -2.2439 0.7977 0.0787, -2.2377 0.7984 0.0584, -2.2389 0.8009 0.0787, -2.225 0.8057 0.0787, -2.2216 0.8041 0.0584, -2.2222 0.8067 0.0787, -2.2662 0.7595 0.0394, -2.258 0.7724 0.0394, -2.2472 0.7832 0.0394, -2.2343 0.7914 0.0394, -2.2199 0.7964 0.0394, -2.2549 0.7541 0.0231, -2.2483 0.7646 0.0231, -2.2394 0.7734 0.0231, -2.2289 0.7801 0.0231, -2.2171 0.7842 0.0231, -2.2402 0.747 0.0106, -2.2355 0.7545 0.0106, -2.2293 0.7607 0.0106, -2.2218 0.7654 0.0106, -2.2135 0.7683 0.0106, 2.2047 0.806 6.8314, 2.2244 0.8034 6.8314, 2.2244 0.764 6.8792, 2.2149 0.7476 6.8871, 2.2191 0.7443 6.8871, 2.2244 0.7352 6.8871, 2.21 0.7496 6.8871, 2.2149 0.7679 6.8792, 2.2191 0.7837 6.8667, 2.2047 0.7503 6.8871, 2.2326 0.7578 6.8792, 2.2224 0.7401 6.8871, 2.2388 0.7496 6.8792, 2.2428 0.7401 6.8792, 2.2047 0.7693 6.8792, 2.2047 0.7856 6.8667, 2.2047 0.7981 6.8504, 2.2326 0.7781 6.8667, 2.2441 0.7693 6.8667, 2.2529 0.7578 6.8667, 2.2585 0.7443 6.8667, 2.2224 0.7958 6.8504, 2.2388 0.789 6.8504, 2.2529 0.7781 6.8504, 2.2638 0.764 6.8504, 2.2706 0.7476 6.8504, 2.2428 0.7958 6.8314, 2.2585 0.7837 6.8314, 2.2706 0.7679 6.8314, 2.2782 0.7496 6.8314, 2.2782 -2.4787 6.8314, 2.2388 -2.4787 6.8792, 2.2224 -2.4692 6.8871, 2.2191 -2.4735 6.8871, 2.2047 -2.4794 6.8871, 2.21 -2.4787 6.8871, 2.2244 -2.4643 6.8871, 2.2428 -2.4692 6.8792, 2.2585 -2.4735 6.8667, 2.2326 -2.4869 6.8792, 2.2149 -2.4767 6.8871, 2.2244 -2.4932 6.8792, 2.2149 -2.4971 6.8792, 2.2047 -2.4984 6.8792, 2.2529 -2.4869 6.8667, 2.2441 -2.4984 6.8667, 2.2326 -2.5073 6.8667, 2.2191 -2.5128 6.8667, 2.2047 -2.5147 6.8667, 2.2706 -2.4767 6.8504, 2.2638 -2.4932 6.8504, 2.2529 -2.5073 6.8504, 2.2388 -2.5181 6.8504, 2.2224 -2.5249 6.8504, 2.2047 -2.5273 6.8504, 2.2706 -2.4971 6.8314, 2.2585 -2.5128 6.8314, 2.2428 -2.5249 6.8314, 2.2244 -2.5325 6.8314, 2.2047 -2.5351 6.8314, -2.2251 -2.5351 0.0787, -2.2441 -2.5273 0.0787, -2.2244 -2.5325 0.0584, -2.2428 -2.5249 0.0584, -2.2224 -2.5249 0.0394, -2.2388 -2.5181 0.0394, -2.2191 -2.5128 0.0231, -2.2326 -2.5073 0.0231, -2.2149 -2.4971 0.0106, -2.2244 -2.4932 0.0106, -2.21 -2.4787 0.0027, -2.2149 -2.4767 0.0027, -2.2604 -2.5147 0.0787, -2.2585 -2.5128 0.0584, -2.2529 -2.5073 0.0394, -2.2441 -2.4984 0.0231, -2.2326 -2.4869 0.0106, -2.2191 -2.4735 0.0027, -2.2729 -2.4984 0.0787, -2.2808 -2.4794 0.0787, -2.2706 -2.4971 0.0584, -2.2782 -2.4787 0.0584, -2.2638 -2.4932 0.0394, -2.2706 -2.4767 0.0394, -2.2529 -2.4869 0.0231, -2.2585 -2.4735 0.0231, -2.2388 -2.4787 0.0106, -2.2428 -2.4692 0.0106, -2.2224 -2.4692 0.0027, -2.2244 -2.4643 0.0027, -2.2047 0.8087 6.811, -2.2251 0.806 6.811, -2.2441 0.7981 6.811, -2.2604 0.7856 6.811, -2.2729 0.7693 6.811, -2.2808 0.7503 6.811, -2.2835 0.7299 6.811, -2.2047 0.7299 6.8898, -2.2047 0.7503 6.8871, -2.2047 0.7693 6.8792, -2.2047 0.7856 6.8667, -2.2047 0.7981 6.8504, -2.2047 0.806 6.8314, -2.2047 -2.4591 6.8898, -2.2047 -2.4794 6.8871, -2.2047 -2.5378 6.811, -1.498 -2.5378 6.811, -2.2047 -2.5351 6.8314, -1.3159 -2.5378 6.811, -1.2123 -2.5378 6.811, -2.2047 -2.4984 6.8792, -2.2047 -2.5147 6.8667, -2.2047 -2.5273 6.8504, -0.917 -2.5378 6.811, -0.5737 -2.5378 6.811, -0.2209 -2.5378 6.811, -0.0144 -2.5378 6.811, 0.5978 -2.5378 6.811, 0.9002 -2.5378 6.811, 1.2171 -2.5378 6.811, 1.558 -2.5378 6.811, 2.0074 -2.5378 6.811, -2.2835 -2.4591 6.811, -2.2047 -2.5378 3.841, -2.2251 -2.5351 6.811, -2.2047 -2.5378 0.6442, -2.2047 -2.5378 2.4429, -2.2047 -2.5378 3.4425, -2.2808 -2.4794 6.811, -2.2729 -2.4984 6.811, -2.2604 -2.5147 6.811, -2.2441 -2.5273 6.811, -2.2808 0.7299 6.8314, -2.2782 0.7496 6.8314, -2.2388 0.7496 6.8792, -2.2224 0.7401 6.8871, -2.2191 0.7443 6.8871, -2.21 0.7496 6.8871, -2.2244 0.7352 6.8871, -2.2428 0.7401 6.8792, -2.2585 0.7443 6.8667, -2.2251 0.7299 6.8871, -2.2326 0.7578 6.8792, -2.2149 0.7476 6.8871, -2.2244 0.764 6.8792, -2.2149 0.7679 6.8792, -2.2441 0.7299 6.8792, -2.2604 0.7299 6.8667, -2.2729 0.7299 6.8504, -2.2529 0.7578 6.8667, -2.2441 0.7693 6.8667, -2.2326 0.7781 6.8667, -2.2191 0.7837 6.8667, -2.2706 0.7476 6.8504, -2.2638 0.764 6.8504, -2.2529 0.7781 6.8504, -2.2388 0.789 6.8504, -2.2224 0.7958 6.8504, -2.2706 0.7679 6.8314, -2.2585 0.7837 6.8314, -2.2428 0.7958 6.8314, -2.2244 0.8034 6.8314, -2.2244 -2.5325 6.8314, -2.2244 -2.4932 6.8792, -2.2149 -2.4767 6.8871, -2.2191 -2.4735 6.8871, -2.2251 -2.4591 6.8871, -2.2244 -2.4643 6.8871, -2.21 -2.4787 6.8871, -2.2149 -2.4971 6.8792, -2.2191 -2.5128 6.8667, -2.2326 -2.4869 6.8792, -2.2224 -2.4692 6.8871, -2.2388 -2.4787 6.8792, -2.2428 -2.4692 6.8792, -2.2441 -2.4591 6.8792, -2.2326 -2.5073 6.8667, -2.2441 -2.4984 6.8667, -2.2529 -2.4869 6.8667, -2.2585 -2.4735 6.8667, -2.2604 -2.4591 6.8667, -2.2224 -2.5249 6.8504, -2.2388 -2.5181 6.8504, -2.2529 -2.5073 6.8504, -2.2638 -2.4932 6.8504, -2.2706 -2.4767 6.8504, -2.2729 -2.4591 6.8504, -2.2428 -2.5249 6.8314, -2.2585 -2.5128 6.8314, -2.2706 -2.4971 6.8314, -2.2782 -2.4787 6.8314, -2.2808 -2.4591 6.8314
            ]
        }
        coordIndex [
            0,1,2,-1,2,1,3,-1,2,3,4,-1,4,3,5,-1,4,5,6,-1,6,5,7,-1,8,9,10,-1,11,12,13,-1,13,12,14,-1,10,14,8,-1,8,14,12,-1,8,12,15,-1,15,12,16,-1,15,16,17,-1,17,16,18,-1,17,18,19,-1,19,18,20,-1,19,20,21,-1,21,20,22,-1,21,22,23,-1,23,22,24,-1,23,24,25,-1,25,24,26,-1,25,26,27,-1,27,26,28,-1,27,28,29,-1,29,28,30,-1,29,30,31,-1,31,30,32,-1,31,32,33,-1,33,32,34,-1,33,34,35,-1,35,34,36,-1,37,38,39,-1,39,38,40,-1,39,40,41,-1,41,40,42,-1,41,42,43,-1,43,42,44,-1,43,44,45,-1,45,44,46,-1,45,46,47,-1,47,46,48,-1,49,50,48,-1,48,50,51,-1,48,51,47,-1,47,51,52,-1,47,52,53,-1,54,55,56,-1,57,58,59,-1,59,58,60,-1,59,60,61,-1,61,60,62,-1,56,63,54,-1,54,63,64,-1,54,64,65,-1,66,67,62,-1,62,67,68,-1,62,68,61,-1,64,69,65,-1,65,69,70,-1,65,70,71,-1,72,73,66,-1,66,73,74,-1,66,74,67,-1,70,75,71,-1,71,75,76,-1,71,76,77,-1,78,79,80,-1,80,79,81,-1,80,81,72,-1,72,81,82,-1,72,82,73,-1,58,83,60,-1,60,83,84,-1,60,84,62,-1,62,84,85,-1,62,85,66,-1,66,85,86,-1,66,86,72,-1,72,86,87,-1,72,87,80,-1,80,87,88,-1,83,89,84,-1,84,89,90,-1,84,90,85,-1,85,90,91,-1,85,91,86,-1,86,91,92,-1,86,92,87,-1,87,92,93,-1,87,93,88,-1,88,93,94,-1,89,95,90,-1,90,95,96,-1,90,96,91,-1,91,96,97,-1,91,97,92,-1,92,97,98,-1,92,98,93,-1,93,98,99,-1,93,99,94,-1,94,99,100,-1,95,55,96,-1,96,55,54,-1,96,54,97,-1,97,54,65,-1,97,65,98,-1,98,65,71,-1,98,71,99,-1,99,71,77,-1,99,77,100,-1,100,77,101,-1,53,102,103,-1,103,102,78,-1,76,104,77,-1,77,104,105,-1,77,105,101,-1,101,105,106,-1,101,106,107,-1,78,80,103,-1,103,80,88,-1,103,88,108,-1,108,88,94,-1,108,94,109,-1,109,94,100,-1,109,100,110,-1,110,100,101,-1,110,101,111,-1,111,101,107,-1,111,107,112,-1,53,103,47,-1,47,103,108,-1,47,108,45,-1,45,108,109,-1,45,109,43,-1,43,109,110,-1,43,110,41,-1,41,110,111,-1,41,111,39,-1,39,111,112,-1,39,112,37,-1,38,113,114,-1,115,116,117,-1,117,118,115,-1,115,118,119,-1,115,119,120,-1,119,121,120,-1,120,121,122,-1,120,122,123,-1,122,124,123,-1,123,124,125,-1,123,125,126,-1,127,128,129,-1,129,128,130,-1,129,130,131,-1,131,130,132,-1,131,132,133,-1,133,132,134,-1,133,134,135,-1,135,134,136,-1,135,136,137,-1,137,136,138,-1,137,138,113,-1,128,139,130,-1,130,139,140,-1,130,140,132,-1,132,140,141,-1,132,141,134,-1,134,141,142,-1,134,142,136,-1,136,142,143,-1,136,143,138,-1,138,143,144,-1,139,145,140,-1,140,145,146,-1,140,146,141,-1,141,146,147,-1,141,147,142,-1,142,147,148,-1,142,148,143,-1,143,148,149,-1,143,149,144,-1,144,149,150,-1,145,151,146,-1,146,151,152,-1,146,152,147,-1,147,152,153,-1,147,153,148,-1,148,153,154,-1,148,154,149,-1,149,154,155,-1,149,155,150,-1,150,155,156,-1,151,116,152,-1,152,116,115,-1,152,115,153,-1,153,115,120,-1,153,120,154,-1,154,120,123,-1,154,123,155,-1,155,123,126,-1,155,126,156,-1,156,126,157,-1,125,158,126,-1,126,158,159,-1,126,159,157,-1,157,159,160,-1,157,160,161,-1,113,138,114,-1,114,138,144,-1,114,144,162,-1,162,144,150,-1,162,150,163,-1,163,150,156,-1,163,156,164,-1,164,156,157,-1,164,157,165,-1,165,157,161,-1,165,161,166,-1,38,114,40,-1,40,114,162,-1,40,162,42,-1,42,162,163,-1,42,163,44,-1,44,163,164,-1,44,164,46,-1,46,164,165,-1,46,165,48,-1,48,165,166,-1,48,166,49,-1,102,53,167,-1,168,57,169,-1,169,57,59,-1,169,59,170,-1,170,59,61,-1,170,61,171,-1,171,61,68,-1,171,68,172,-1,172,68,67,-1,172,67,173,-1,173,67,74,-1,173,74,174,-1,174,74,73,-1,174,73,175,-1,175,73,82,-1,175,82,176,-1,176,82,81,-1,176,81,177,-1,177,81,79,-1,177,79,178,-1,178,79,78,-1,178,78,179,-1,179,78,102,-1,179,102,180,-1,180,102,167,-1,180,181,179,-1,179,181,182,-1,179,182,183,-1,183,184,179,-1,179,184,185,-1,179,185,9,-1,186,37,187,-1,187,37,112,-1,56,188,63,-1,63,188,189,-1,63,189,64,-1,64,189,190,-1,64,190,69,-1,69,190,191,-1,69,191,70,-1,70,191,192,-1,70,192,75,-1,75,192,193,-1,75,193,76,-1,76,193,194,-1,76,194,104,-1,104,194,195,-1,104,195,105,-1,105,195,196,-1,105,196,106,-1,106,196,197,-1,106,197,107,-1,107,197,198,-1,107,198,112,-1,112,198,199,-1,112,199,187,-1,127,129,200,-1,200,129,201,-1,201,129,202,-1,202,129,131,-1,202,131,203,-1,203,131,204,-1,204,131,133,-1,204,133,205,-1,205,133,206,-1,206,133,135,-1,206,135,207,-1,207,135,208,-1,208,135,137,-1,208,137,209,-1,209,137,210,-1,210,137,113,-1,210,113,211,-1,211,113,212,-1,212,113,38,-1,212,38,213,-1,214,11,215,-1,215,216,214,-1,214,216,217,-1,214,217,218,-1,219,220,166,-1,166,220,221,-1,166,221,49,-1,218,219,214,-1,214,219,166,-1,214,166,222,-1,222,166,161,-1,222,161,223,-1,223,161,160,-1,223,160,224,-1,224,160,159,-1,224,159,225,-1,225,159,158,-1,225,158,226,-1,226,158,125,-1,226,125,227,-1,227,125,124,-1,227,124,228,-1,228,124,122,-1,228,122,229,-1,229,122,121,-1,229,121,230,-1,230,121,119,-1,230,119,231,-1,231,119,118,-1,117,232,118,-1,118,232,233,-1,118,233,234,-1,234,235,118,-1,118,235,236,-1,118,236,231,-1,231,236,237,-1,231,237,238,-1,238,239,231,-1,231,239,240,-1,231,240,241,-1,241,242,231,-1,231,242,243,-1,231,243,244,-1,8,15,245,-1,17,19,246,-1,21,23,247,-1,25,27,248,-1,29,31,249,-1,33,35,250,-1,251,252,168,-1,168,169,251,-1,251,169,170,-1,251,170,253,-1,170,171,253,-1,253,171,172,-1,253,172,254,-1,172,173,254,-1,254,173,174,-1,254,174,255,-1,174,175,255,-1,255,175,176,-1,255,176,256,-1,31,33,249,-1,249,33,250,-1,249,250,257,-1,257,250,258,-1,257,258,259,-1,259,258,260,-1,259,260,261,-1,261,260,262,-1,261,262,263,-1,263,262,264,-1,263,264,265,-1,265,264,266,-1,265,266,267,-1,267,266,268,-1,27,29,248,-1,248,29,249,-1,248,249,269,-1,269,249,257,-1,269,257,270,-1,270,257,259,-1,270,259,271,-1,271,259,261,-1,271,261,272,-1,272,261,263,-1,272,263,273,-1,273,263,265,-1,273,265,274,-1,274,265,267,-1,23,25,247,-1,247,25,248,-1,247,248,275,-1,275,248,269,-1,275,269,276,-1,276,269,270,-1,276,270,277,-1,277,270,271,-1,277,271,278,-1,278,271,272,-1,278,272,279,-1,279,272,273,-1,279,273,280,-1,280,273,274,-1,19,21,246,-1,246,21,247,-1,246,247,281,-1,281,247,275,-1,281,275,282,-1,282,275,276,-1,282,276,283,-1,283,276,277,-1,283,277,284,-1,284,277,278,-1,284,278,285,-1,285,278,279,-1,285,279,286,-1,286,279,280,-1,15,17,245,-1,245,17,246,-1,245,246,256,-1,256,246,281,-1,256,281,255,-1,255,281,282,-1,255,282,254,-1,254,282,283,-1,254,283,253,-1,253,283,284,-1,253,284,251,-1,251,284,285,-1,251,285,252,-1,252,285,286,-1,9,8,179,-1,179,8,245,-1,179,245,178,-1,178,245,256,-1,178,256,177,-1,177,256,176,-1,287,288,188,-1,188,288,189,-1,289,191,190,-1,189,288,190,-1,190,288,290,-1,190,290,289,-1,291,195,194,-1,191,289,192,-1,192,289,292,-1,192,292,193,-1,193,292,293,-1,193,293,194,-1,194,293,294,-1,194,294,291,-1,195,291,196,-1,196,291,295,-1,196,295,197,-1,197,295,296,-1,197,296,198,-1,198,296,297,-1,198,297,199,-1,199,297,298,-1,199,298,187,-1,187,298,299,-1,187,299,186,-1,300,299,301,-1,300,301,302,-1,302,301,303,-1,302,303,304,-1,304,303,305,-1,304,305,306,-1,306,305,307,-1,306,307,308,-1,308,307,309,-1,308,309,310,-1,310,309,311,-1,310,311,312,-1,213,300,212,-1,212,300,211,-1,211,300,210,-1,210,300,313,-1,210,313,209,-1,209,313,314,-1,209,314,208,-1,315,316,204,-1,204,205,315,-1,315,205,206,-1,315,206,314,-1,314,206,207,-1,314,207,208,-1,317,318,200,-1,200,201,317,-1,317,201,202,-1,317,202,316,-1,316,202,203,-1,316,203,204,-1,34,32,319,-1,30,28,320,-1,26,24,321,-1,22,20,322,-1,323,324,325,-1,244,326,231,-1,231,326,327,-1,231,327,230,-1,230,327,328,-1,230,328,229,-1,325,329,323,-1,323,329,330,-1,323,330,331,-1,229,328,228,-1,228,328,332,-1,228,332,227,-1,330,333,331,-1,331,333,334,-1,331,334,335,-1,227,332,226,-1,226,332,336,-1,226,336,225,-1,334,337,335,-1,335,337,338,-1,335,338,339,-1,225,336,224,-1,224,336,340,-1,224,340,223,-1,338,341,339,-1,339,341,342,-1,339,342,343,-1,18,16,344,-1,344,16,12,-1,223,340,222,-1,222,340,344,-1,222,344,214,-1,214,344,12,-1,214,12,11,-1,20,18,322,-1,322,18,344,-1,322,344,345,-1,345,344,340,-1,345,340,346,-1,346,340,336,-1,346,336,347,-1,347,336,332,-1,347,332,348,-1,348,332,328,-1,348,328,349,-1,349,328,327,-1,349,327,350,-1,350,327,326,-1,24,22,321,-1,321,22,322,-1,321,322,351,-1,351,322,345,-1,351,345,352,-1,352,345,346,-1,352,346,353,-1,353,346,347,-1,353,347,354,-1,354,347,348,-1,354,348,355,-1,355,348,349,-1,355,349,356,-1,356,349,350,-1,28,26,320,-1,320,26,321,-1,320,321,357,-1,357,321,351,-1,357,351,358,-1,358,351,352,-1,358,352,359,-1,359,352,353,-1,359,353,360,-1,360,353,354,-1,360,354,361,-1,361,354,355,-1,361,355,362,-1,362,355,356,-1,32,30,319,-1,319,30,320,-1,319,320,343,-1,343,320,357,-1,343,357,339,-1,339,357,358,-1,339,358,335,-1,335,358,359,-1,335,359,331,-1,331,359,360,-1,331,360,323,-1,323,360,361,-1,323,361,324,-1,324,361,362,-1,36,34,363,-1,363,34,319,-1,363,319,364,-1,364,319,343,-1,364,343,365,-1,365,343,342,-1,268,266,366,-1,366,266,367,-1,367,266,368,-1,368,266,264,-1,368,264,369,-1,369,264,370,-1,370,264,262,-1,370,262,371,-1,371,262,372,-1,372,262,260,-1,372,260,373,-1,373,260,374,-1,374,260,258,-1,374,258,375,-1,375,258,376,-1,376,258,250,-1,376,250,377,-1,377,250,378,-1,378,250,35,-1,378,35,379,-1,380,381,299,-1,296,295,382,-1,291,294,383,-1,384,385,311,-1,386,387,388,-1,287,389,288,-1,288,389,390,-1,288,390,290,-1,391,387,392,-1,392,387,386,-1,392,386,393,-1,290,390,289,-1,289,390,394,-1,289,394,292,-1,389,391,390,-1,390,391,392,-1,390,392,394,-1,394,392,393,-1,394,393,383,-1,383,294,394,-1,394,294,293,-1,394,293,292,-1,307,305,395,-1,295,291,382,-1,382,291,383,-1,382,383,396,-1,396,383,393,-1,396,393,397,-1,397,393,386,-1,397,386,398,-1,398,386,388,-1,398,388,385,-1,395,399,400,-1,385,384,398,-1,398,384,401,-1,398,401,397,-1,397,401,402,-1,397,402,396,-1,396,402,403,-1,396,403,382,-1,382,403,404,-1,382,404,296,-1,381,380,400,-1,400,399,381,-1,381,399,405,-1,381,405,299,-1,395,305,399,-1,399,305,303,-1,399,303,405,-1,405,303,301,-1,405,301,299,-1,299,298,404,-1,404,298,297,-1,404,297,296,-1,311,309,384,-1,384,309,406,-1,384,406,401,-1,401,406,407,-1,401,407,402,-1,402,407,408,-1,402,408,403,-1,403,408,409,-1,403,409,404,-1,404,409,299,-1,309,307,406,-1,406,307,395,-1,406,395,407,-1,407,395,400,-1,407,400,408,-1,408,400,380,-1,408,380,409,-1,409,380,299,-1,410,411,412,-1,412,411,413,-1,412,413,414,-1,414,413,415,-1,414,415,416,-1,416,415,417,-1,416,417,418,-1,418,417,419,-1,418,419,420,-1,420,419,421,-1,420,421,300,-1,411,422,413,-1,413,422,423,-1,413,423,415,-1,415,423,424,-1,415,424,417,-1,417,424,425,-1,417,425,419,-1,419,425,426,-1,419,426,421,-1,421,426,427,-1,421,427,300,-1,312,410,310,-1,310,410,412,-1,310,412,308,-1,308,412,414,-1,308,414,306,-1,306,414,416,-1,306,416,304,-1,304,416,418,-1,304,418,302,-1,302,418,420,-1,302,420,300,-1,428,429,430,-1,430,429,431,-1,430,431,432,-1,432,431,433,-1,432,433,434,-1,434,433,435,-1,434,435,436,-1,436,435,437,-1,436,437,438,-1,438,437,439,-1,438,439,300,-1,429,318,431,-1,431,318,317,-1,431,317,433,-1,433,317,316,-1,433,316,435,-1,435,316,315,-1,435,315,437,-1,437,315,314,-1,437,314,439,-1,439,314,313,-1,439,313,300,-1,422,428,423,-1,423,428,430,-1,423,430,424,-1,424,430,432,-1,424,432,425,-1,425,432,434,-1,425,434,426,-1,426,434,436,-1,426,436,427,-1,427,436,438,-1,427,438,300,-1,440,36,441,-1,441,36,363,-1,441,363,442,-1,442,363,364,-1,442,364,443,-1,443,364,365,-1,443,365,444,-1,444,365,342,-1,444,342,445,-1,445,342,341,-1,445,341,446,-1,341,338,446,-1,446,338,337,-1,446,337,447,-1,337,334,447,-1,447,334,333,-1,447,333,448,-1,325,449,329,-1,329,449,448,-1,329,448,330,-1,330,448,333,-1,379,450,378,-1,378,450,377,-1,377,450,376,-1,376,450,451,-1,376,451,375,-1,375,451,452,-1,375,452,374,-1,453,454,370,-1,370,371,453,-1,453,371,372,-1,453,372,452,-1,452,372,373,-1,452,373,374,-1,455,456,366,-1,366,367,455,-1,455,367,368,-1,455,368,454,-1,454,368,369,-1,454,369,370,-1,457,311,385,-1,457,385,458,-1,458,385,388,-1,458,388,459,-1,459,388,387,-1,459,387,460,-1,460,387,391,-1,460,391,461,-1,461,391,389,-1,461,389,462,-1,462,389,287,-1,462,287,463,-1,464,465,466,-1,464,466,467,-1,467,466,468,-1,467,468,469,-1,469,468,470,-1,469,470,471,-1,471,470,472,-1,471,472,473,-1,473,472,474,-1,473,474,475,-1,475,474,476,-1,475,476,457,-1,477,478,479,-1,479,478,480,-1,480,481,429,-1,429,481,482,-1,429,482,318,-1,480,429,479,-1,479,429,428,-1,479,428,483,-1,483,428,422,-1,483,422,484,-1,484,422,411,-1,484,411,485,-1,485,411,410,-1,485,410,486,-1,486,410,312,-1,486,312,476,-1,449,487,488,-1,449,488,448,-1,448,488,489,-1,448,489,447,-1,447,489,490,-1,447,490,446,-1,446,490,445,-1,445,490,491,-1,445,491,444,-1,444,491,443,-1,443,491,492,-1,443,492,442,-1,442,492,441,-1,441,492,493,-1,441,493,440,-1,450,493,494,-1,450,494,495,-1,495,494,496,-1,495,496,497,-1,497,496,498,-1,497,498,499,-1,499,498,500,-1,499,500,501,-1,501,500,502,-1,501,502,503,-1,503,502,504,-1,503,504,505,-1,506,451,450,-1,506,450,507,-1,508,507,450,-1,509,508,450,-1,510,509,450,-1,511,510,450,-1,495,511,450,-1,495,497,512,-1,497,499,513,-1,499,501,514,-1,501,503,515,-1,503,505,516,-1,503,516,515,-1,515,516,517,-1,515,517,518,-1,517,519,518,-1,518,519,520,-1,518,520,521,-1,520,522,521,-1,521,522,523,-1,521,523,524,-1,523,525,524,-1,524,525,526,-1,524,526,527,-1,526,528,527,-1,527,528,529,-1,527,529,530,-1,529,531,530,-1,530,531,456,-1,530,456,455,-1,501,515,514,-1,514,515,518,-1,514,518,532,-1,532,518,521,-1,532,521,533,-1,533,521,524,-1,533,524,534,-1,534,524,527,-1,534,527,535,-1,535,527,530,-1,535,530,536,-1,536,530,455,-1,536,455,454,-1,499,514,513,-1,513,514,532,-1,513,532,537,-1,537,532,533,-1,537,533,538,-1,538,533,534,-1,538,534,539,-1,539,534,535,-1,539,535,540,-1,540,535,536,-1,540,536,541,-1,541,536,454,-1,541,454,453,-1,497,513,512,-1,512,513,537,-1,512,537,542,-1,542,537,538,-1,542,538,543,-1,543,538,539,-1,543,539,544,-1,544,539,540,-1,544,540,545,-1,545,540,541,-1,545,541,546,-1,546,541,453,-1,546,453,452,-1,495,512,511,-1,511,512,542,-1,511,542,510,-1,510,542,543,-1,510,543,509,-1,509,543,544,-1,509,544,508,-1,508,544,545,-1,508,545,507,-1,507,545,546,-1,507,546,506,-1,506,546,452,-1,506,452,451,-1,463,547,548,-1,549,550,551,-1,464,467,552,-1,551,550,464,-1,553,464,550,-1,553,550,554,-1,554,550,549,-1,554,549,555,-1,556,464,553,-1,557,558,559,-1,559,558,552,-1,559,552,560,-1,560,552,467,-1,560,467,469,-1,556,553,561,-1,561,553,554,-1,561,554,562,-1,562,554,555,-1,562,555,563,-1,564,557,565,-1,565,557,559,-1,565,559,566,-1,566,559,560,-1,566,560,567,-1,567,560,469,-1,567,469,471,-1,568,564,569,-1,569,564,565,-1,569,565,570,-1,570,565,566,-1,570,566,571,-1,571,566,567,-1,571,567,572,-1,572,567,471,-1,572,471,473,-1,547,568,548,-1,548,568,569,-1,548,569,573,-1,573,569,570,-1,573,570,574,-1,574,570,571,-1,574,571,575,-1,575,571,572,-1,575,572,576,-1,576,572,473,-1,576,473,475,-1,463,548,462,-1,462,548,573,-1,462,573,461,-1,461,573,574,-1,461,574,460,-1,460,574,575,-1,460,575,459,-1,459,575,576,-1,459,576,458,-1,458,576,475,-1,458,475,457,-1,558,464,552,-1,547,563,568,-1,568,563,555,-1,568,555,564,-1,564,555,549,-1,564,549,557,-1,557,549,551,-1,557,551,558,-1,558,551,464,-1,476,474,577,-1,578,579,580,-1,465,581,582,-1,580,579,465,-1,583,465,579,-1,583,579,584,-1,584,579,578,-1,584,578,585,-1,466,465,583,-1,586,587,588,-1,588,587,582,-1,588,582,589,-1,589,582,581,-1,589,581,590,-1,466,583,468,-1,468,583,584,-1,468,584,470,-1,470,584,585,-1,470,585,472,-1,591,586,592,-1,592,586,588,-1,592,588,593,-1,593,588,589,-1,593,589,594,-1,594,589,590,-1,594,590,595,-1,596,591,597,-1,597,591,592,-1,597,592,598,-1,598,592,593,-1,598,593,599,-1,599,593,594,-1,599,594,600,-1,600,594,595,-1,600,595,601,-1,474,596,577,-1,577,596,597,-1,577,597,602,-1,602,597,598,-1,602,598,603,-1,603,598,599,-1,603,599,604,-1,604,599,600,-1,604,600,605,-1,605,600,601,-1,605,601,606,-1,476,577,486,-1,486,577,602,-1,486,602,485,-1,485,602,603,-1,485,603,484,-1,484,603,604,-1,484,604,483,-1,483,604,605,-1,483,605,479,-1,479,605,606,-1,479,606,477,-1,587,465,582,-1,474,472,596,-1,596,472,585,-1,596,585,591,-1,591,585,578,-1,591,578,586,-1,586,578,580,-1,586,580,587,-1,587,580,465,-1,607,608,609,-1,609,608,610,-1,609,610,611,-1,611,610,612,-1,611,612,613,-1,613,612,614,-1,613,614,615,-1,615,614,616,-1,615,616,617,-1,617,616,618,-1,617,618,493,-1,608,619,610,-1,610,619,620,-1,610,620,612,-1,612,620,621,-1,612,621,614,-1,614,621,622,-1,614,622,616,-1,616,622,623,-1,616,623,618,-1,618,623,624,-1,618,624,493,-1,487,607,488,-1,488,607,609,-1,488,609,489,-1,489,609,611,-1,489,611,490,-1,490,611,613,-1,490,613,491,-1,491,613,615,-1,491,615,492,-1,492,615,617,-1,492,617,493,-1,625,626,627,-1,627,626,628,-1,627,628,629,-1,629,628,630,-1,629,630,631,-1,631,630,632,-1,631,632,633,-1,633,632,634,-1,633,634,635,-1,635,634,636,-1,635,636,493,-1,626,504,628,-1,628,504,502,-1,628,502,630,-1,630,502,500,-1,630,500,632,-1,632,500,498,-1,632,498,634,-1,634,498,496,-1,634,496,636,-1,636,496,494,-1,636,494,493,-1,619,625,620,-1,620,625,627,-1,620,627,621,-1,621,627,629,-1,621,629,622,-1,622,629,631,-1,622,631,623,-1,623,631,633,-1,623,633,624,-1,624,633,635,-1,624,635,493,-1,456,531,637,-1,637,531,638,-1,531,529,638,-1,638,529,528,-1,638,528,639,-1,528,526,639,-1,639,526,525,-1,639,525,640,-1,640,525,523,-1,640,523,641,-1,523,522,641,-1,641,522,520,-1,641,520,642,-1,520,519,642,-1,642,519,517,-1,642,517,643,-1,643,517,516,-1,643,516,505,-1,644,464,556,-1,644,556,645,-1,645,556,561,-1,645,561,646,-1,646,561,562,-1,646,562,647,-1,647,562,563,-1,647,563,648,-1,648,563,547,-1,648,547,649,-1,649,547,463,-1,649,463,637,-1,465,650,651,-1,652,653,654,-1,654,653,655,-1,654,655,656,-1,465,651,581,-1,581,651,657,-1,581,657,590,-1,590,657,658,-1,590,658,595,-1,595,658,659,-1,595,659,601,-1,601,659,654,-1,601,654,606,-1,606,654,656,-1,606,656,660,-1,660,661,606,-1,606,661,662,-1,606,662,663,-1,663,664,606,-1,606,664,665,-1,606,665,666,-1,666,667,606,-1,606,667,668,-1,606,668,477,-1,669,504,626,-1,670,652,671,-1,487,672,607,-1,607,672,673,-1,607,673,674,-1,669,626,675,-1,675,626,625,-1,675,625,676,-1,676,625,619,-1,676,619,677,-1,677,619,608,-1,677,608,678,-1,678,608,607,-1,678,607,671,-1,671,607,674,-1,671,674,670,-1,643,679,680,-1,681,682,683,-1,644,645,684,-1,683,682,644,-1,685,644,682,-1,685,682,686,-1,686,682,681,-1,686,681,687,-1,688,644,685,-1,689,690,691,-1,691,690,684,-1,691,684,692,-1,692,684,645,-1,692,645,646,-1,688,685,693,-1,693,685,686,-1,693,686,694,-1,694,686,687,-1,694,687,695,-1,696,689,697,-1,697,689,691,-1,697,691,698,-1,698,691,692,-1,698,692,699,-1,699,692,646,-1,699,646,647,-1,700,696,701,-1,701,696,697,-1,701,697,702,-1,702,697,698,-1,702,698,703,-1,703,698,699,-1,703,699,704,-1,704,699,647,-1,704,647,648,-1,679,700,680,-1,680,700,701,-1,680,701,705,-1,705,701,702,-1,705,702,706,-1,706,702,703,-1,706,703,707,-1,707,703,704,-1,707,704,708,-1,708,704,648,-1,708,648,649,-1,643,680,642,-1,642,680,705,-1,642,705,641,-1,641,705,706,-1,641,706,640,-1,640,706,707,-1,640,707,639,-1,639,707,708,-1,639,708,638,-1,638,708,649,-1,638,649,637,-1,690,644,684,-1,679,695,700,-1,700,695,687,-1,700,687,696,-1,696,687,681,-1,696,681,689,-1,689,681,683,-1,689,683,690,-1,690,683,644,-1,652,654,709,-1,710,711,712,-1,650,713,714,-1,712,711,650,-1,715,650,711,-1,715,711,716,-1,716,711,710,-1,716,710,717,-1,651,650,715,-1,718,719,720,-1,720,719,714,-1,720,714,721,-1,721,714,713,-1,721,713,722,-1,651,715,657,-1,657,715,716,-1,657,716,658,-1,658,716,717,-1,658,717,659,-1,723,718,724,-1,724,718,720,-1,724,720,725,-1,725,720,721,-1,725,721,726,-1,726,721,722,-1,726,722,727,-1,728,723,729,-1,729,723,724,-1,729,724,730,-1,730,724,725,-1,730,725,731,-1,731,725,726,-1,731,726,732,-1,732,726,727,-1,732,727,733,-1,654,728,709,-1,709,728,729,-1,709,729,734,-1,734,729,730,-1,734,730,735,-1,735,730,731,-1,735,731,736,-1,736,731,732,-1,736,732,737,-1,737,732,733,-1,737,733,738,-1,652,709,671,-1,671,709,734,-1,671,734,678,-1,678,734,735,-1,678,735,677,-1,677,735,736,-1,677,736,676,-1,676,736,737,-1,676,737,675,-1,675,737,738,-1,675,738,669,-1,719,650,714,-1,654,659,728,-1,728,659,717,-1,728,717,723,-1,723,717,710,-1,723,710,718,-1,718,710,712,-1,718,712,719,-1,719,712,650,-1,650,644,688,-1,650,688,713,-1,713,688,693,-1,713,693,722,-1,722,693,694,-1,722,694,727,-1,727,694,695,-1,727,695,733,-1,733,695,679,-1,733,679,738,-1,738,679,643,-1,738,643,669,-1,
        ]
    }
}
Shape{
    appearance Appearance {
        material  Material 	{
            diffuseColor 0.7529411764705882 0.7529411764705882 0.7529411764705882
            specularColor 0.3764705882352941 0.3764705882352941 0.3764705882352941
            ambientIntensity 0.7529
            transparency 0.0
            shininess 0.5
        }
    }
    geometry IndexedFaceSet {
        ccw TRUE
        solid FALSE
        coord DEF co Coordinate {
            point [
                -0.9016 0.0677 -1.5748, -0.9409 0.0283 -1.6142, -1.0984 0.0677 -1.5748, -1.0591 0.0283 -1.6142, -0.9016 -0.0504 -1.5748, -0.9409 -0.011 -1.6142, -1.0591 -0.011 -1.6142, -1.0984 -0.0504 -1.5748, 0.0984 0.0677 -1.5748, 0.0591 0.0283 -1.6142, -0.0984 0.0677 -1.5748, -0.0591 0.0283 -1.6142, 0.0984 -0.0504 -1.5748, 0.0591 -0.011 -1.6142, -0.0591 -0.011 -1.6142, -0.0984 -0.0504 -1.5748, 1.0984 0.0677 -1.5748, 1.0591 0.0283 -1.6142, 0.9016 0.0677 -1.5748, 0.9409 0.0283 -1.6142, 1.0984 -0.0504 -1.5748, 1.0591 -0.011 -1.6142, 0.9409 -0.011 -1.6142, 0.9016 -0.0504 -1.5748
            ]
        }
        coordIndex [
            0,1,2,-1,2,1,3,-1,4,5,0,-1,0,5,1,-1,6,7,3,-1,3,7,2,-1,7,6,4,-1,4,6,5,-1,8,9,10,-1,10,9,11,-1,12,13,8,-1,8,13,9,-1,14,15,11,-1,11,15,10,-1,15,14,12,-1,12,14,13,-1,16,17,18,-1,18,17,19,-1,20,21,16,-1,16,21,17,-1,22,23,19,-1,19,23,18,-1,23,22,20,-1,20,22,21,-1,
        ]
    }
}
Shape{
    appearance Appearance {
        material  Material 	{
            diffuseColor 1.0 1.0 1.0
            specularColor 0.8784313725490196 0.8784313725490196 0.8784313725490196
            ambientIntensity 1.0
            transparency 0.0
            shininess 0.5
        }
    }
    geometry IndexedFaceSet {
        ccw TRUE
        solid FALSE
        coord DEF co Coordinate {
            point [
                -1.69 -2.5417 3.6498, -1.5124 -2.5417 3.4449, -1.69 -2.5378 3.6498, -1.5124 -2.5378 3.4449, -1.522 -2.5417 3.8386, -1.522 -2.5378 3.8386, -1.5844 -2.5417 3.8386, -1.5844 -2.5378 3.8386, -1.7284 -2.5417 3.6684, -1.7284 -2.5378 3.6684, -1.7329 -2.5378 3.6614, -1.7329 -2.5417 3.6614, -1.737 -2.5378 3.654, -1.737 -2.5417 3.654, -1.738 -2.5417 3.654, -1.738 -2.5378 3.654, -1.738 -2.5417 3.8386, -1.738 -2.5378 3.8386, -1.7909 -2.5417 3.8386, -1.7909 -2.5378 3.8386, -1.7909 -2.5417 3.4449, -1.7909 -2.5378 3.4449, -1.738 -2.5417 3.4449, -1.738 -2.5378 3.4449, -1.738 -2.5417 3.6378, -1.738 -2.5378 3.6378, -1.737 -2.5417 3.6378, -1.737 -2.5378 3.6378, -1.733 -2.5378 3.6303, -1.733 -2.5417 3.6303, -1.7284 -2.5378 3.6231, -1.7284 -2.5417 3.6231, -1.5796 -2.5417 3.4449, -1.5796 -2.5378 3.4449, -1.2387 -2.5417 3.8386, -1.2387 -2.5417 3.8086, -1.2387 -2.5378 3.8386, -1.2387 -2.5378 3.8086, -1.4836 -2.5378 3.8386, -1.4836 -2.5417 3.8386, -1.3159 -2.5378 3.8386, -1.4836 -2.5417 3.7954, -1.4836 -2.5378 3.7954, -1.2915 -2.5378 3.7954, -1.2915 -2.5417 3.7954, -1.3159 -2.5378 3.7954, -1.3203 -2.5417 3.7422, -1.3159 -2.5378 3.7503, -1.3203 -2.5378 3.7422, -1.3961 -2.5378 3.5693, -1.3961 -2.5417 3.5693, -1.4272 -2.5378 3.4449, -1.4272 -2.5417 3.4449, -1.3744 -2.5417 3.4449, -1.3744 -2.5378 3.4449, -1.3159 -2.5378 3.6468, -1.3228 -2.5417 3.6326, -1.3228 -2.5378 3.6326, -1.3534 -2.5417 3.5441, -1.3534 -2.5378 3.5441, -1.3683 -2.5417 3.4834, -1.3683 -2.5378 3.4834, -1.0384 -2.5417 3.6775, -1.0542 -2.5417 3.6753, -1.0451 -2.5417 3.6312, -1.0265 -2.5417 3.6823, -0.9973 -2.5417 3.7171, -0.9972 -2.5417 3.6581, -0.9942 -2.5417 3.7314, -0.9939 -2.5417 3.738, -1.0974 -2.5417 3.6238, -1.0801 -2.5417 3.6299, -1.11 -2.5417 3.6581, -1.0702 -2.5417 3.6774, -1.0034 -2.5417 3.7044, -1.0151 -2.5417 3.6907, -1.0589 -2.5417 3.6321, -1.0266 -2.5417 3.6265, -0.9742 -2.5417 3.6445, -1.0099 -2.5417 3.6173, -0.9555 -2.5417 3.6256, -0.9958 -2.5417 3.7548, -0.9487 -2.5417 3.7814, -1.0009 -2.5417 3.7681, -0.9603 -2.5417 3.8013, -1.0093 -2.5417 3.7802, -0.9757 -2.5417 3.8172, -1.0161 -2.5417 3.7868, -0.9954 -2.5417 3.83, -1.0271 -2.5417 3.7942, -0.9873 -2.5417 3.6642, -0.9673 -2.5417 3.681, -0.9536 -2.5417 3.6991, -0.9971 -2.5417 3.6056, -0.9876 -2.5417 3.5921, -0.9401 -2.5417 3.599, -0.9819 -2.5417 3.5775, -0.9329 -2.5417 3.5742, -0.9795 -2.5417 3.5579, -0.9442 -2.5417 3.7206, -0.941 -2.5417 3.7435, -0.9426 -2.5417 3.7615, -1.0829 -2.5417 3.6828, -1.0934 -2.5417 3.6906, -1.1351 -2.5417 3.676, -1.0981 -2.5417 3.6955, -1.1512 -2.5417 3.6945, -1.1066 -2.5417 3.7077, -1.1611 -2.5417 3.7133, -1.1118 -2.5417 3.721, -1.1658 -2.5417 3.7316, -1.1139 -2.5417 3.738, -1.1667 -2.5417 3.7435, -1.1126 -2.5417 3.7521, -1.0406 -2.5417 3.7988, -1.0221 -2.5417 3.8398, -1.0542 -2.5417 3.8002, -1.054 -2.5417 3.8434, -1.0699 -2.5417 3.7983, -1.0714 -2.5417 3.8423, -1.0818 -2.5417 3.7939, -1.1001 -2.5417 3.8353, -1.0927 -2.5417 3.7865, -1.1223 -2.5417 3.824, -1.1015 -2.5417 3.7771, -1.1407 -2.5417 3.8088, -1.1084 -2.5417 3.7655, -1.1546 -2.5417 3.79, -1.1632 -2.5417 3.7694, -1.1118 -2.5417 3.6144, -1.1357 -2.5417 3.6452, -1.1223 -2.5417 3.6039, -1.1575 -2.5417 3.6264, -1.1309 -2.5417 3.5904, -1.1734 -2.5417 3.604, -1.1362 -2.5417 3.5747, -1.1823 -2.5417 3.582, -1.1379 -2.5417 3.5579, -1.1859 -2.5417 3.5553, -1.1359 -2.5417 3.5383, -1.1849 -2.5417 3.5394, -1.1307 -2.5417 3.5232, -1.178 -2.5417 3.5124, -1.1228 -2.5417 3.5106, -1.1652 -2.5417 3.489, -1.1096 -2.5417 3.4979, -1.148 -2.5417 3.4703, -1.0941 -2.5417 3.4895, -1.1236 -2.5417 3.4543, -1.0772 -2.5417 3.4848, -1.0941 -2.5417 3.4439, -1.0589 -2.5417 3.4833, -1.0588 -2.5417 3.4401, -1.0374 -2.5417 3.4855, -1.0328 -2.5417 3.442, -1.0198 -2.5417 3.4915, -1.0027 -2.5417 3.4503, -1.0054 -2.5417 3.5007, -0.979 -2.5417 3.4627, -0.9948 -2.5417 3.5114, -0.9585 -2.5417 3.4805, -0.9868 -2.5417 3.5239, -0.9436 -2.5417 3.5024, -0.9816 -2.5417 3.5384, -0.9349 -2.5417 3.5257, -0.9314 -2.5417 3.5553, -1.0588 -2.5378 3.4401, -1.0809 -2.5378 3.4425, -1.0941 -2.5378 3.4439, -1.1236 -2.5378 3.4543, -1.148 -2.5378 3.4703, -1.1652 -2.5378 3.489, -1.178 -2.5378 3.5124, -1.1849 -2.5378 3.5394, -1.1859 -2.5378 3.5553, -1.0328 -2.5378 3.442, -1.0312 -2.5378 3.4425, -1.0027 -2.5378 3.4503, -0.979 -2.5378 3.4627, -0.9585 -2.5378 3.4805, -0.9436 -2.5378 3.5024, -0.9349 -2.5378 3.5257, -0.9314 -2.5378 3.5553, -0.9329 -2.5378 3.5742, -0.9401 -2.5378 3.599, -0.9555 -2.5378 3.6256, -0.9742 -2.5378 3.6445, -0.9972 -2.5378 3.6581, -0.9873 -2.5378 3.6642, -0.9673 -2.5378 3.681, -0.9536 -2.5378 3.6991, -0.9442 -2.5378 3.7206, -0.941 -2.5378 3.7435, -1.054 -2.5378 3.8434, -1.0328 -2.5378 3.841, -1.0221 -2.5378 3.8398, -0.9954 -2.5378 3.83, -0.9757 -2.5378 3.8172, -0.9603 -2.5378 3.8013, -0.9487 -2.5378 3.7814, -0.9426 -2.5378 3.7615, -1.0714 -2.5378 3.8423, -1.0769 -2.5378 3.841, -1.1001 -2.5378 3.8353, -1.1223 -2.5378 3.824, -1.1407 -2.5378 3.8088, -1.1546 -2.5378 3.79, -1.1632 -2.5378 3.7694, -1.1667 -2.5378 3.7435, -1.1658 -2.5378 3.7316, -1.1611 -2.5378 3.7133, -1.1512 -2.5378 3.6945, -1.1351 -2.5378 3.676, -1.11 -2.5378 3.6581, -1.1357 -2.5378 3.6452, -1.1575 -2.5378 3.6264, -1.1734 -2.5378 3.604, -1.1823 -2.5378 3.582, -1.1379 -2.5378 3.5579, -1.1362 -2.5378 3.5747, -1.1309 -2.5378 3.5904, -1.1223 -2.5378 3.6039, -1.1118 -2.5378 3.6144, -1.0974 -2.5378 3.6238, -1.0801 -2.5378 3.6299, -1.0589 -2.5378 3.6321, -1.0589 -2.5378 3.4833, -1.0772 -2.5378 3.4848, -1.0941 -2.5378 3.4895, -1.1096 -2.5378 3.4979, -1.1228 -2.5378 3.5106, -1.1307 -2.5378 3.5232, -1.1359 -2.5378 3.5383, -0.9795 -2.5378 3.5579, -0.9816 -2.5378 3.5384, -0.9868 -2.5378 3.5239, -0.9948 -2.5378 3.5114, -1.0054 -2.5378 3.5007, -1.0198 -2.5378 3.4915, -1.0374 -2.5378 3.4855, -1.0451 -2.5378 3.6312, -1.0266 -2.5378 3.6265, -1.0099 -2.5378 3.6173, -0.9971 -2.5378 3.6056, -0.9876 -2.5378 3.5921, -0.9819 -2.5378 3.5775, -1.1139 -2.5378 3.738, -1.1126 -2.5378 3.7521, -1.1084 -2.5378 3.7655, -1.1015 -2.5378 3.7771, -1.0927 -2.5378 3.7865, -1.0818 -2.5378 3.7939, -1.0699 -2.5378 3.7983, -1.0542 -2.5378 3.8002, -1.0542 -2.5378 3.6753, -1.0702 -2.5378 3.6774, -1.0829 -2.5378 3.6828, -1.0934 -2.5378 3.6906, -1.0981 -2.5378 3.6955, -1.1066 -2.5378 3.7077, -1.1118 -2.5378 3.721, -0.9939 -2.5378 3.738, -0.9942 -2.5378 3.7314, -0.9973 -2.5378 3.7171, -1.0034 -2.5378 3.7044, -1.0151 -2.5378 3.6907, -1.0265 -2.5378 3.6823, -1.0384 -2.5378 3.6775, -1.0406 -2.5378 3.7988, -1.0271 -2.5378 3.7942, -1.0161 -2.5378 3.7868, -1.0093 -2.5378 3.7802, -1.0009 -2.5378 3.7681, -0.9958 -2.5378 3.7548
            ]
        }
        coordIndex [
            0,1,2,-1,2,1,3,-1,4,0,5,-1,5,0,2,-1,6,4,7,-1,7,4,5,-1,8,6,9,-1,9,6,7,-1,8,9,10,-1,8,10,11,-1,11,10,12,-1,11,12,13,-1,14,13,15,-1,15,13,12,-1,16,14,17,-1,17,14,15,-1,18,16,19,-1,19,16,17,-1,20,18,21,-1,21,18,19,-1,22,20,23,-1,23,20,21,-1,24,22,25,-1,25,22,23,-1,26,24,27,-1,27,24,25,-1,26,27,28,-1,26,28,29,-1,29,28,30,-1,29,30,31,-1,32,31,33,-1,33,31,30,-1,1,32,3,-1,3,32,33,-1,13,14,0,-1,16,18,14,-1,14,18,20,-1,20,22,24,-1,13,0,11,-1,20,24,14,-1,14,24,26,-1,14,26,0,-1,32,1,31,-1,31,1,0,-1,31,0,29,-1,29,0,26,-1,4,6,0,-1,0,6,8,-1,0,8,11,-1,34,35,36,-1,36,35,37,-1,38,39,40,-1,40,39,34,-1,40,34,36,-1,41,39,42,-1,42,39,38,-1,43,44,45,-1,45,44,41,-1,45,41,42,-1,44,43,46,-1,46,43,47,-1,47,48,46,-1,46,48,49,-1,46,49,50,-1,50,49,51,-1,50,51,52,-1,53,52,54,-1,54,52,51,-1,37,35,55,-1,55,35,56,-1,55,56,57,-1,57,56,58,-1,57,58,59,-1,59,58,60,-1,59,60,61,-1,61,60,53,-1,61,53,54,-1,39,41,34,-1,34,41,44,-1,34,44,35,-1,35,44,46,-1,35,46,56,-1,56,46,50,-1,56,50,58,-1,58,50,60,-1,60,50,52,-1,60,52,53,-1,62,63,64,-1,62,64,65,-1,66,67,68,-1,68,67,69,-1,70,71,72,-1,72,71,73,-1,66,74,67,-1,67,74,75,-1,67,75,65,-1,73,71,63,-1,63,71,76,-1,63,76,64,-1,65,64,67,-1,67,64,77,-1,67,77,78,-1,78,77,79,-1,78,79,80,-1,81,82,83,-1,83,82,84,-1,83,84,85,-1,85,84,86,-1,85,86,87,-1,87,86,88,-1,87,88,89,-1,67,90,69,-1,69,90,91,-1,69,91,92,-1,79,93,80,-1,80,93,94,-1,80,94,95,-1,95,94,96,-1,95,96,97,-1,97,96,98,-1,92,99,69,-1,69,99,100,-1,69,100,81,-1,81,100,101,-1,81,101,82,-1,73,102,72,-1,72,102,103,-1,72,103,104,-1,104,103,105,-1,104,105,106,-1,106,105,107,-1,106,107,108,-1,108,107,109,-1,108,109,110,-1,110,109,111,-1,110,111,112,-1,112,111,113,-1,89,88,114,-1,114,88,115,-1,114,115,116,-1,116,115,117,-1,116,117,118,-1,118,117,119,-1,118,119,120,-1,120,119,121,-1,120,121,122,-1,122,121,123,-1,122,123,124,-1,124,123,125,-1,124,125,126,-1,126,125,127,-1,126,127,113,-1,113,127,128,-1,113,128,112,-1,70,72,129,-1,129,72,130,-1,129,130,131,-1,131,130,132,-1,131,132,133,-1,133,132,134,-1,133,134,135,-1,135,134,136,-1,135,136,137,-1,137,136,138,-1,137,138,139,-1,139,138,140,-1,139,140,141,-1,141,140,142,-1,141,142,143,-1,143,142,144,-1,143,144,145,-1,145,144,146,-1,145,146,147,-1,147,146,148,-1,147,148,149,-1,149,148,150,-1,149,150,151,-1,151,150,152,-1,151,152,153,-1,153,152,154,-1,153,154,155,-1,155,154,156,-1,155,156,157,-1,157,156,158,-1,157,158,159,-1,159,158,160,-1,159,160,161,-1,161,160,162,-1,161,162,163,-1,163,162,164,-1,163,164,98,-1,98,164,165,-1,98,165,97,-1,166,152,167,-1,167,152,150,-1,167,150,168,-1,168,150,148,-1,168,148,169,-1,169,148,146,-1,169,146,170,-1,170,146,144,-1,170,144,171,-1,171,144,142,-1,171,142,172,-1,172,142,140,-1,172,140,173,-1,173,140,138,-1,173,138,174,-1,152,166,175,-1,152,175,154,-1,154,175,176,-1,154,176,156,-1,176,177,156,-1,156,177,178,-1,156,178,158,-1,158,178,179,-1,158,179,160,-1,160,179,180,-1,160,180,162,-1,162,180,181,-1,162,181,164,-1,164,181,182,-1,164,182,165,-1,165,182,183,-1,165,183,97,-1,97,183,184,-1,97,184,95,-1,95,184,185,-1,95,185,80,-1,80,185,186,-1,80,186,78,-1,78,186,187,-1,78,187,67,-1,67,187,188,-1,67,188,90,-1,90,188,189,-1,90,189,91,-1,91,189,190,-1,91,190,92,-1,92,190,191,-1,92,191,99,-1,99,191,192,-1,99,192,100,-1,193,117,194,-1,194,117,115,-1,194,115,195,-1,195,115,88,-1,195,88,196,-1,196,88,86,-1,196,86,197,-1,197,86,84,-1,197,84,198,-1,198,84,82,-1,198,82,199,-1,199,82,101,-1,199,101,200,-1,200,101,100,-1,200,100,192,-1,117,193,201,-1,117,201,119,-1,119,201,202,-1,119,202,121,-1,202,203,121,-1,121,203,204,-1,121,204,123,-1,123,204,205,-1,123,205,125,-1,125,205,206,-1,125,206,127,-1,127,206,207,-1,127,207,128,-1,128,207,208,-1,128,208,112,-1,112,208,209,-1,112,209,110,-1,110,209,210,-1,110,210,108,-1,108,210,211,-1,108,211,106,-1,106,211,212,-1,106,212,104,-1,104,212,213,-1,104,213,72,-1,72,213,214,-1,72,214,130,-1,130,214,215,-1,130,215,132,-1,132,215,216,-1,132,216,134,-1,134,216,217,-1,134,217,136,-1,136,217,174,-1,136,174,138,-1,137,218,219,-1,137,219,135,-1,135,219,220,-1,135,220,133,-1,133,220,221,-1,133,221,131,-1,131,221,222,-1,131,222,129,-1,129,222,223,-1,129,223,70,-1,70,223,224,-1,70,224,71,-1,71,224,225,-1,71,225,76,-1,151,226,227,-1,151,227,149,-1,149,227,228,-1,149,228,147,-1,147,228,229,-1,147,229,145,-1,145,229,230,-1,145,230,143,-1,143,230,231,-1,143,231,141,-1,141,231,232,-1,141,232,139,-1,139,232,218,-1,139,218,137,-1,98,233,234,-1,98,234,163,-1,163,234,235,-1,163,235,161,-1,161,235,236,-1,161,236,159,-1,159,236,237,-1,159,237,157,-1,157,237,238,-1,157,238,155,-1,155,238,239,-1,155,239,153,-1,153,239,226,-1,153,226,151,-1,76,225,240,-1,76,240,64,-1,64,240,241,-1,64,241,77,-1,77,241,242,-1,77,242,79,-1,79,242,243,-1,79,243,93,-1,93,243,244,-1,93,244,94,-1,94,244,245,-1,94,245,96,-1,96,245,233,-1,96,233,98,-1,111,246,247,-1,111,247,113,-1,113,247,248,-1,113,248,126,-1,126,248,249,-1,126,249,124,-1,124,249,250,-1,124,250,122,-1,122,250,251,-1,122,251,120,-1,120,251,252,-1,120,252,118,-1,118,252,253,-1,118,253,116,-1,63,254,255,-1,63,255,73,-1,73,255,256,-1,73,256,102,-1,102,256,257,-1,102,257,103,-1,103,257,258,-1,103,258,105,-1,105,258,259,-1,105,259,107,-1,107,259,260,-1,107,260,109,-1,109,260,246,-1,109,246,111,-1,69,261,262,-1,69,262,68,-1,68,262,263,-1,68,263,66,-1,66,263,264,-1,66,264,74,-1,74,264,265,-1,74,265,75,-1,75,265,266,-1,75,266,65,-1,65,266,267,-1,65,267,62,-1,62,267,254,-1,62,254,63,-1,116,253,268,-1,116,268,114,-1,114,268,269,-1,114,269,89,-1,89,269,270,-1,89,270,87,-1,87,270,271,-1,87,271,85,-1,85,271,272,-1,85,272,83,-1,83,272,273,-1,83,273,81,-1,81,273,261,-1,81,261,69,-1,
        ]
    }
}
Shape{
    appearance Appearance {
        material  Material 	{
            diffuseColor 0.25098039215686274 0.25098039215686274 0.25098039215686274
            specularColor 0.12549019607843137 0.12549019607843137 0.12549019607843137
            ambientIntensity 0.251
            transparency 0.0
            shininess 0.5
        }
    }
    geometry IndexedFaceSet {
        ccw TRUE
        solid FALSE
        coord DEF co Coordinate {
            point [
                -1.0772 -2.5378 3.4848, -1.0589 -2.5378 3.4833, -1.0589 -2.5378 3.6321, -0.9868 -2.5378 3.5239, -0.9971 -2.5378 3.6056, -0.9948 -2.5378 3.5114, -1.0099 -2.5378 3.6173, -1.0451 -2.5378 3.6312, -1.0374 -2.5378 3.4855, -1.0198 -2.5378 3.4915, -1.0054 -2.5378 3.5007, -1.0266 -2.5378 3.6265, -1.0801 -2.5378 3.6299, -1.1379 -2.5378 3.5579, -1.0974 -2.5378 3.6238, -1.1118 -2.5378 3.6144, -1.1223 -2.5378 3.6039, -1.1362 -2.5378 3.5747, -1.1309 -2.5378 3.5904, -0.9816 -2.5378 3.5384, -0.9795 -2.5378 3.5579, -0.9876 -2.5378 3.5921, -0.9819 -2.5378 3.5775, -1.1359 -2.5378 3.5383, -1.1307 -2.5378 3.5232, -1.1228 -2.5378 3.5106, -1.1096 -2.5378 3.4979, -1.0941 -2.5378 3.4895, -0.9958 -2.5378 3.7548, -1.0009 -2.5378 3.7681, -1.0981 -2.5378 3.6955, -0.9973 -2.5378 3.7171, -0.9942 -2.5378 3.7314, -1.0934 -2.5378 3.6906, -1.0093 -2.5378 3.7802, -1.0161 -2.5378 3.7868, -1.1066 -2.5378 3.7077, -1.1118 -2.5378 3.721, -1.0265 -2.5378 3.6823, -1.0151 -2.5378 3.6907, -1.0829 -2.5378 3.6828, -0.9939 -2.5378 3.738, -1.0034 -2.5378 3.7044, -1.0271 -2.5378 3.7942, -1.1126 -2.5378 3.7521, -1.1139 -2.5378 3.738, -1.0406 -2.5378 3.7988, -1.0542 -2.5378 3.8002, -1.1084 -2.5378 3.7655, -1.1015 -2.5378 3.7771, -1.0699 -2.5378 3.7983, -1.0818 -2.5378 3.7939, -1.0927 -2.5378 3.7865, -1.0702 -2.5378 3.6774, -1.0542 -2.5378 3.6753, -1.0384 -2.5378 3.6775
            ]
        }
        coordIndex [
            0,1,2,-1,3,4,5,-1,5,4,6,-1,2,1,7,-1,7,1,8,-1,7,8,9,-1,9,10,7,-1,7,10,5,-1,7,5,11,-1,11,5,6,-1,2,12,13,-1,13,12,14,-1,14,15,13,-1,13,15,16,-1,13,16,17,-1,17,16,18,-1,3,19,4,-1,4,19,20,-1,4,20,21,-1,21,20,22,-1,13,23,2,-1,2,23,24,-1,2,24,25,-1,25,26,2,-1,2,26,27,-1,2,27,0,-1,28,29,30,-1,31,32,33,-1,29,34,30,-1,30,34,35,-1,30,35,36,-1,36,35,37,-1,38,39,40,-1,33,32,30,-1,30,32,41,-1,30,41,28,-1,40,39,33,-1,33,39,42,-1,33,42,31,-1,43,44,35,-1,35,44,45,-1,35,45,37,-1,43,46,44,-1,44,46,47,-1,44,47,48,-1,48,47,49,-1,50,51,47,-1,47,51,52,-1,47,52,49,-1,53,54,40,-1,40,54,55,-1,40,55,38,-1,
        ]
    }
}
Shape{
    appearance Appearance {
        material  Material 	{
            diffuseColor 1.0 1.0 1.0
            specularColor 0.8784313725490196 0.8784313725490196 0.8784313725490196
            ambientIntensity 1.0
            transparency 0.0
            shininess 0.5
        }
    }
    geometry IndexedFaceSet {
        ccw TRUE
        solid FALSE
        coord DEF co Coordinate {
            point [
                -0.7064 -2.5417 3.6434, -0.5809 -2.5417 3.4449, -0.7064 -2.5378 3.6434, -0.5809 -2.5378 3.4449, -0.5809 -2.5417 3.8386, -0.5809 -2.5378 3.8386, -0.6386 -2.5417 3.8386, -0.6386 -2.5378 3.8386, -0.7223 -2.5417 3.7042, -0.7223 -2.5378 3.7042, -0.7304 -2.5378 3.6898, -0.7304 -2.5417 3.6898, -0.7377 -2.5378 3.675, -0.7377 -2.5417 3.675, -0.7388 -2.5417 3.675, -0.7388 -2.5378 3.675, -0.7453 -2.5378 3.6892, -0.7453 -2.5417 3.6892, -0.7526 -2.5378 3.7029, -0.7526 -2.5417 3.7029, -0.8306 -2.5417 3.8386, -0.8306 -2.5378 3.8386, -0.893 -2.5417 3.8386, -0.893 -2.5378 3.8386, -0.7722 -2.5417 3.6426, -0.7722 -2.5378 3.6426, -0.9026 -2.5417 3.4449, -0.9026 -2.5378 3.4449, -0.8402 -2.5417 3.4449, -0.8402 -2.5378 3.4449, -0.7506 -2.5417 3.5922, -0.7506 -2.5378 3.5922, -0.746 -2.5378 3.6024, -0.746 -2.5417 3.6024, -0.7416 -2.5378 3.6128, -0.7416 -2.5417 3.6128, -0.7404 -2.5417 3.6128, -0.7404 -2.5378 3.6128, -0.7362 -2.5378 3.6025, -0.7362 -2.5417 3.6025, -0.7314 -2.5378 3.5925, -0.7314 -2.5417 3.5925, -0.6434 -2.5417 3.4449, -0.6434 -2.5378 3.4449, -0.3703 -2.5417 3.6434, -0.2449 -2.5417 3.4449, -0.3703 -2.5378 3.6434, -0.2449 -2.5378 3.4449, -0.2449 -2.5417 3.8386, -0.2449 -2.5378 3.8386, -0.3025 -2.5417 3.8386, -0.3025 -2.5378 3.8386, -0.3862 -2.5417 3.7042, -0.3862 -2.5378 3.7042, -0.3943 -2.5378 3.6898, -0.3943 -2.5417 3.6898, -0.4017 -2.5378 3.675, -0.4017 -2.5417 3.675, -0.4027 -2.5417 3.675, -0.4027 -2.5378 3.675, -0.4092 -2.5378 3.6892, -0.4092 -2.5417 3.6892, -0.4165 -2.5378 3.7029, -0.4165 -2.5417 3.7029, -0.4945 -2.5417 3.8386, -0.4945 -2.5378 3.8386, -0.5569 -2.5417 3.8386, -0.5569 -2.5378 3.8386, -0.4362 -2.5417 3.6426, -0.4362 -2.5378 3.6426, -0.5665 -2.5417 3.4449, -0.5665 -2.5378 3.4449, -0.5041 -2.5417 3.4449, -0.5041 -2.5378 3.4449, -0.4146 -2.5417 3.5922, -0.4146 -2.5378 3.5922, -0.4099 -2.5378 3.6024, -0.4099 -2.5417 3.6024, -0.4056 -2.5378 3.6128, -0.4056 -2.5417 3.6128, -0.4043 -2.5417 3.6128, -0.4043 -2.5378 3.6128, -0.4001 -2.5378 3.6025, -0.4001 -2.5417 3.6025, -0.3954 -2.5378 3.5925, -0.3954 -2.5417 3.5925, -0.3073 -2.5417 3.4449, -0.3073 -2.5378 3.4449, -0.048 -2.5417 3.6177, -0.048 -2.5417 3.5793, -0.048 -2.5378 3.6177, -0.048 -2.5378 3.5793, -0.1969 -2.5417 3.6177, -0.1969 -2.5378 3.6177, -0.1969 -2.5417 3.5793, -0.1969 -2.5378 3.5793, 0.2065 -2.5417 3.7341, 0.2065 -2.5378 3.7341, 0.204 -2.5378 3.7113, 0.204 -2.5417 3.7113, 0.1962 -2.5378 3.6898, 0.1962 -2.5417 3.6898, 0.1813 -2.5378 3.6682, 0.1813 -2.5417 3.6682, 0.1261 -2.5378 3.6218, 0.1261 -2.5417 3.6218, 0.1218 -2.5378 3.6188, 0.1218 -2.5417 3.6188, 0.0806 -2.5378 3.5876, 0.0806 -2.5417 3.5876, 0.0483 -2.5378 3.5554, 0.0483 -2.5417 3.5554, 0.0323 -2.5378 3.5306, 0.0323 -2.5417 3.5306, 0.0226 -2.5378 3.5015, 0.0226 -2.5417 3.5015, 0.0192 -2.5378 3.4644, 0.0192 -2.5417 3.4644, 0.0192 -2.5417 3.4449, 0.0192 -2.5378 3.4449, 0.2641 -2.5417 3.4449, 0.2641 -2.5378 3.4449, 0.2641 -2.5417 3.4881, 0.2641 -2.5378 3.4881, 0.0708 -2.5417 3.4881, 0.0708 -2.5378 3.4881, 0.0726 -2.5378 3.5066, 0.0726 -2.5417 3.5066, 0.0774 -2.5378 3.5207, 0.0774 -2.5417 3.5207, 0.086 -2.5378 3.5341, 0.086 -2.5417 3.5341, 0.105 -2.5378 3.5528, 0.105 -2.5417 3.5528, 0.1665 -2.5378 3.5978, 0.1665 -2.5417 3.5978, 0.1862 -2.5378 3.6122, 0.1862 -2.5417 3.6122, 0.2237 -2.5378 3.6479, 0.2237 -2.5417 3.6479, 0.2396 -2.5378 3.6716, 0.2396 -2.5417 3.6716, 0.2506 -2.5378 3.7017, 0.2506 -2.5417 3.7017, 0.2545 -2.5378 3.7379, 0.2545 -2.5417 3.7379, 0.1355 -2.5378 3.8434, 0.1355 -2.5417 3.8434, 0.161 -2.5378 3.841, 0.1689 -2.5417 3.8402, 0.1689 -2.5378 3.8402, 0.1954 -2.5417 3.8318, 0.1954 -2.5378 3.8318, 0.2193 -2.5417 3.817, 0.2193 -2.5378 3.817, 0.2352 -2.5417 3.8006, 0.2352 -2.5378 3.8006, 0.2459 -2.5417 3.7824, 0.2459 -2.5378 3.7824, 0.2524 -2.5417 3.7614, 0.2524 -2.5378 3.7614, 0.1182 -2.5378 3.8426, 0.1182 -2.5417 3.8426, 0.1105 -2.5378 3.841, 0.0871 -2.5417 3.836, 0.0871 -2.5378 3.836, 0.0605 -2.5378 3.823, 0.0605 -2.5417 3.823, 0.0336 -2.5378 3.8005, 0.0336 -2.5417 3.8005, 0.0336 -2.5417 3.7523, 0.0336 -2.5378 3.7523, 0.047 -2.5378 3.7651, 0.047 -2.5417 3.7651, 0.0742 -2.5378 3.7843, 0.0742 -2.5417 3.7843, 0.1012 -2.5378 3.7958, 0.1012 -2.5417 3.7958, 0.1307 -2.5378 3.8002, 0.1307 -2.5417 3.8002, 0.1534 -2.5378 3.798, 0.1534 -2.5417 3.798, 0.1719 -2.5378 3.7918, 0.1719 -2.5417 3.7918, 0.1841 -2.5378 3.7841, 0.1841 -2.5417 3.7841, 0.1932 -2.5378 3.7752, 0.1932 -2.5417 3.7752, 0.2002 -2.5378 3.7642, 0.2002 -2.5417 3.7642, 0.2047 -2.5378 3.7511, 0.2047 -2.5417 3.7511, 0.5155 -2.5417 3.7267, 0.556 -2.5417 3.7719, 0.5024 -2.5417 3.7645, 0.5395 -2.5417 3.8015, 0.4918 -2.5417 3.7803, 0.5236 -2.5417 3.8187, 0.4819 -2.5417 3.7897, 0.5032 -2.5417 3.8323, 0.471 -2.5417 3.7958, 0.48 -2.5417 3.8404, 0.4586 -2.5417 3.7994, 0.4486 -2.5417 3.8002, 0.4513 -2.5417 3.8434, 0.4322 -2.5417 3.7982, 0.4181 -2.5417 3.8395, 0.4197 -2.5417 3.7933, 0.3942 -2.5417 3.8304, 0.4083 -2.5417 3.7854, 0.3759 -2.5417 3.8183, 0.3972 -2.5417 3.7726, 0.3574 -2.5417 3.799, 0.3854 -2.5417 3.75, 0.3408 -2.5417 3.7712, 0.3743 -2.5417 3.7062, 0.3231 -2.5417 3.7128, 0.3697 -2.5417 3.6365, 0.3169 -2.5417 3.6341, 0.3762 -2.5417 3.5605, 0.3214 -2.5417 3.5699, 0.3879 -2.5417 3.524, 0.3353 -2.5417 3.5174, 0.398 -2.5417 3.5072, 0.3525 -2.5417 3.4856, 0.4093 -2.5417 3.4957, 0.372 -2.5417 3.4643, 0.421 -2.5417 3.4886, 0.3917 -2.5417 3.4513, 0.4351 -2.5417 3.4843, 0.4145 -2.5417 3.4431, 0.4471 -2.5417 3.4833, 0.4425 -2.5417 3.4401, 0.4629 -2.5417 3.4851, 0.4716 -2.5417 3.4432, 0.4752 -2.5417 3.4899, 0.4963 -2.5417 3.4518, 0.4866 -2.5417 3.4978, 0.5182 -2.5417 3.4664, 0.4976 -2.5417 3.5106, 0.5375 -2.5417 3.4875, 0.5087 -2.5417 3.5323, 0.5556 -2.5417 3.5196, 0.5191 -2.5417 3.5742, 0.5703 -2.5417 3.5704, 0.5233 -2.5417 3.639, 0.5761 -2.5417 3.6434, 0.5701 -2.5417 3.7217, 0.4425 -2.5378 3.4401, 0.4203 -2.5378 3.4425, 0.4145 -2.5378 3.4431, 0.3917 -2.5378 3.4513, 0.372 -2.5378 3.4643, 0.3525 -2.5378 3.4856, 0.3353 -2.5378 3.5174, 0.3214 -2.5378 3.5699, 0.3169 -2.5378 3.6341, 0.4649 -2.5378 3.4425, 0.4716 -2.5378 3.4432, 0.4963 -2.5378 3.4518, 0.5182 -2.5378 3.4664, 0.5375 -2.5378 3.4875, 0.5556 -2.5378 3.5196, 0.5703 -2.5378 3.5704, 0.5761 -2.5378 3.6434, 0.4513 -2.5378 3.8434, 0.4741 -2.5378 3.841, 0.48 -2.5378 3.8404, 0.5032 -2.5378 3.8323, 0.5236 -2.5378 3.8187, 0.5395 -2.5378 3.8015, 0.556 -2.5378 3.7719, 0.5701 -2.5378 3.7217, 0.4308 -2.5378 3.841, 0.4181 -2.5378 3.8395, 0.3942 -2.5378 3.8304, 0.3759 -2.5378 3.8183, 0.3574 -2.5378 3.799, 0.3408 -2.5378 3.7712, 0.3231 -2.5378 3.7128, 0.3697 -2.5378 3.6365, 0.3743 -2.5378 3.7062, 0.3854 -2.5378 3.75, 0.3972 -2.5378 3.7726, 0.4083 -2.5378 3.7854, 0.4197 -2.5378 3.7933, 0.4322 -2.5378 3.7982, 0.4486 -2.5378 3.8002, 0.4471 -2.5378 3.4833, 0.4351 -2.5378 3.4843, 0.421 -2.5378 3.4886, 0.4093 -2.5378 3.4957, 0.398 -2.5378 3.5072, 0.3879 -2.5378 3.524, 0.3762 -2.5378 3.5605, 0.5233 -2.5378 3.639, 0.5191 -2.5378 3.5742, 0.5087 -2.5378 3.5323, 0.4976 -2.5378 3.5106, 0.4866 -2.5378 3.4978, 0.4752 -2.5378 3.4899, 0.4629 -2.5378 3.4851, 0.4586 -2.5378 3.7994, 0.471 -2.5378 3.7958, 0.4819 -2.5378 3.7897, 0.4918 -2.5378 3.7803, 0.5024 -2.5378 3.7645, 0.5155 -2.5378 3.7267
            ]
        }
        coordIndex [
            0,1,2,-1,2,1,3,-1,4,0,5,-1,5,0,2,-1,6,4,7,-1,7,4,5,-1,8,6,9,-1,9,6,7,-1,8,9,10,-1,8,10,11,-1,11,10,12,-1,11,12,13,-1,14,13,15,-1,15,13,12,-1,14,15,16,-1,14,16,17,-1,17,16,18,-1,17,18,19,-1,20,19,21,-1,21,19,18,-1,22,20,23,-1,23,20,21,-1,24,22,25,-1,25,22,23,-1,26,24,27,-1,27,24,25,-1,28,26,29,-1,29,26,27,-1,30,28,31,-1,31,28,29,-1,30,31,32,-1,30,32,33,-1,33,32,34,-1,33,34,35,-1,36,35,37,-1,37,35,34,-1,36,37,38,-1,36,38,39,-1,39,38,40,-1,39,40,41,-1,42,41,43,-1,43,41,40,-1,1,42,3,-1,3,42,43,-1,33,35,24,-1,17,19,35,-1,24,35,22,-1,22,35,19,-1,22,19,20,-1,42,1,41,-1,41,1,0,-1,41,0,39,-1,39,0,36,-1,26,28,24,-1,24,28,30,-1,24,30,33,-1,0,4,36,-1,36,4,6,-1,36,6,8,-1,8,11,36,-1,36,11,13,-1,36,13,35,-1,35,13,14,-1,35,14,17,-1,44,45,46,-1,46,45,47,-1,48,44,49,-1,49,44,46,-1,50,48,51,-1,51,48,49,-1,52,50,53,-1,53,50,51,-1,52,53,54,-1,52,54,55,-1,55,54,56,-1,55,56,57,-1,58,57,59,-1,59,57,56,-1,58,59,60,-1,58,60,61,-1,61,60,62,-1,61,62,63,-1,64,63,65,-1,65,63,62,-1,66,64,67,-1,67,64,65,-1,68,66,69,-1,69,66,67,-1,70,68,71,-1,71,68,69,-1,72,70,73,-1,73,70,71,-1,74,72,75,-1,75,72,73,-1,74,75,76,-1,74,76,77,-1,77,76,78,-1,77,78,79,-1,80,79,81,-1,81,79,78,-1,80,81,82,-1,80,82,83,-1,83,82,84,-1,83,84,85,-1,86,85,87,-1,87,85,84,-1,45,86,47,-1,47,86,87,-1,77,79,68,-1,61,63,79,-1,68,79,66,-1,66,79,63,-1,66,63,64,-1,86,45,85,-1,85,45,44,-1,85,44,83,-1,83,44,80,-1,70,72,68,-1,68,72,74,-1,68,74,77,-1,44,48,80,-1,80,48,50,-1,80,50,52,-1,52,55,80,-1,80,55,57,-1,80,57,79,-1,79,57,58,-1,79,58,61,-1,88,89,90,-1,90,89,91,-1,92,88,93,-1,93,88,90,-1,94,92,95,-1,95,92,93,-1,89,94,91,-1,91,94,95,-1,92,94,88,-1,88,94,89,-1,96,97,98,-1,96,98,99,-1,99,98,100,-1,99,100,101,-1,101,100,102,-1,101,102,103,-1,103,102,104,-1,103,104,105,-1,105,104,106,-1,105,106,107,-1,107,106,108,-1,107,108,109,-1,109,108,110,-1,109,110,111,-1,111,110,112,-1,111,112,113,-1,113,112,114,-1,113,114,115,-1,115,114,116,-1,115,116,117,-1,118,117,119,-1,119,117,116,-1,120,118,121,-1,121,118,119,-1,122,120,123,-1,123,120,121,-1,124,122,125,-1,125,122,123,-1,124,125,126,-1,124,126,127,-1,127,126,128,-1,127,128,129,-1,129,128,130,-1,129,130,131,-1,131,130,132,-1,131,132,133,-1,133,132,134,-1,133,134,135,-1,135,134,136,-1,135,136,137,-1,137,136,138,-1,137,138,139,-1,139,138,140,-1,139,140,141,-1,141,140,142,-1,141,142,143,-1,143,142,144,-1,143,144,145,-1,146,147,148,-1,148,147,149,-1,148,149,150,-1,150,149,151,-1,150,151,152,-1,152,151,153,-1,152,153,154,-1,154,153,155,-1,154,155,156,-1,156,155,157,-1,156,157,158,-1,158,157,159,-1,158,159,160,-1,160,159,145,-1,160,145,144,-1,147,146,161,-1,147,161,162,-1,162,161,163,-1,162,163,164,-1,163,165,164,-1,164,165,166,-1,164,166,167,-1,167,166,168,-1,167,168,169,-1,170,169,171,-1,171,169,168,-1,170,171,172,-1,170,172,173,-1,173,172,174,-1,173,174,175,-1,175,174,176,-1,175,176,177,-1,177,176,178,-1,177,178,179,-1,179,178,180,-1,179,180,181,-1,181,180,182,-1,181,182,183,-1,183,182,184,-1,183,184,185,-1,185,184,186,-1,185,186,187,-1,187,186,188,-1,187,188,189,-1,189,188,190,-1,189,190,191,-1,191,190,97,-1,191,97,96,-1,120,122,118,-1,118,122,124,-1,179,162,177,-1,177,162,164,-1,177,164,175,-1,175,164,167,-1,175,167,173,-1,173,167,169,-1,173,169,170,-1,103,105,135,-1,135,105,107,-1,135,107,133,-1,133,107,109,-1,133,109,131,-1,131,109,111,-1,131,111,129,-1,129,111,113,-1,129,113,127,-1,127,113,115,-1,127,115,124,-1,124,115,117,-1,124,117,118,-1,135,137,103,-1,103,137,139,-1,103,139,101,-1,101,139,141,-1,101,141,99,-1,99,141,143,-1,99,143,96,-1,96,143,145,-1,96,145,191,-1,191,145,159,-1,191,159,189,-1,189,159,157,-1,189,157,187,-1,187,157,155,-1,187,155,185,-1,185,155,153,-1,185,153,183,-1,183,153,151,-1,183,151,181,-1,181,151,149,-1,181,149,179,-1,179,149,147,-1,179,147,162,-1,192,193,194,-1,194,193,195,-1,194,195,196,-1,196,195,197,-1,196,197,198,-1,198,197,199,-1,198,199,200,-1,200,199,201,-1,200,201,202,-1,202,201,203,-1,203,201,204,-1,203,204,205,-1,205,204,206,-1,205,206,207,-1,207,206,208,-1,207,208,209,-1,209,208,210,-1,209,210,211,-1,211,210,212,-1,211,212,213,-1,213,212,214,-1,213,214,215,-1,215,214,216,-1,215,216,217,-1,217,216,218,-1,217,218,219,-1,219,218,220,-1,219,220,221,-1,221,220,222,-1,221,222,223,-1,223,222,224,-1,223,224,225,-1,225,224,226,-1,225,226,227,-1,227,226,228,-1,227,228,229,-1,229,228,230,-1,229,230,231,-1,231,230,232,-1,231,232,233,-1,233,232,234,-1,233,234,235,-1,235,234,236,-1,235,236,237,-1,237,236,238,-1,237,238,239,-1,239,238,240,-1,239,240,241,-1,241,240,242,-1,241,242,243,-1,243,242,244,-1,243,244,245,-1,245,244,246,-1,245,246,192,-1,192,246,247,-1,192,247,193,-1,248,232,249,-1,249,232,230,-1,249,230,250,-1,250,230,228,-1,250,228,251,-1,251,228,226,-1,251,226,252,-1,252,226,224,-1,252,224,253,-1,253,224,222,-1,253,222,254,-1,254,222,220,-1,254,220,255,-1,255,220,218,-1,255,218,256,-1,232,248,234,-1,234,248,257,-1,257,258,234,-1,234,258,259,-1,234,259,236,-1,236,259,260,-1,236,260,238,-1,238,260,261,-1,238,261,240,-1,240,261,262,-1,240,262,242,-1,242,262,263,-1,242,263,244,-1,244,263,264,-1,244,264,246,-1,265,204,266,-1,266,204,201,-1,266,201,267,-1,267,201,199,-1,267,199,268,-1,268,199,197,-1,268,197,269,-1,269,197,195,-1,269,195,270,-1,270,195,193,-1,270,193,271,-1,271,193,247,-1,271,247,272,-1,272,247,246,-1,272,246,264,-1,206,204,273,-1,273,204,265,-1,273,274,206,-1,206,274,275,-1,206,275,208,-1,208,275,276,-1,208,276,210,-1,210,276,277,-1,210,277,212,-1,212,277,278,-1,212,278,214,-1,214,278,279,-1,214,279,216,-1,216,279,256,-1,216,256,218,-1,217,280,281,-1,217,281,215,-1,215,281,282,-1,215,282,213,-1,213,282,283,-1,213,283,211,-1,211,283,284,-1,211,284,209,-1,209,284,285,-1,209,285,207,-1,207,285,286,-1,207,286,205,-1,205,286,287,-1,205,287,203,-1,231,288,289,-1,231,289,229,-1,229,289,290,-1,229,290,227,-1,227,290,291,-1,227,291,225,-1,225,291,292,-1,225,292,223,-1,223,292,293,-1,223,293,221,-1,221,293,294,-1,221,294,219,-1,219,294,280,-1,219,280,217,-1,245,295,296,-1,245,296,243,-1,243,296,297,-1,243,297,241,-1,241,297,298,-1,241,298,239,-1,239,298,299,-1,239,299,237,-1,237,299,300,-1,237,300,235,-1,235,300,301,-1,235,301,233,-1,233,301,288,-1,233,288,231,-1,203,287,302,-1,203,302,202,-1,202,302,303,-1,202,303,200,-1,200,303,304,-1,200,304,198,-1,198,304,305,-1,198,305,196,-1,196,305,306,-1,196,306,194,-1,194,306,307,-1,194,307,192,-1,192,307,295,-1,192,295,245,-1,
        ]
    }
}
Shape{
    appearance Appearance {
        material  Material 	{
            diffuseColor 0.25098039215686274 0.25098039215686274 0.25098039215686274
            specularColor 0.12549019607843137 0.12549019607843137 0.12549019607843137
            ambientIntensity 0.251
            transparency 0.0
            shininess 0.5
        }
    }
    geometry IndexedFaceSet {
        ccw TRUE
        solid FALSE
        coord DEF co Coordinate {
            point [
                0.3854 -2.5378 3.75, 0.3743 -2.5378 3.7062, 0.5233 -2.5378 3.639, 0.3697 -2.5378 3.6365, 0.5191 -2.5378 3.5742, 0.5087 -2.5378 3.5323, 0.471 -2.5378 3.7958, 0.4586 -2.5378 3.7994, 0.5155 -2.5378 3.7267, 0.5024 -2.5378 3.7645, 0.4918 -2.5378 3.7803, 0.4351 -2.5378 3.4843, 0.3762 -2.5378 3.5605, 0.3879 -2.5378 3.524, 0.4629 -2.5378 3.4851, 0.4752 -2.5378 3.4899, 0.4819 -2.5378 3.7897, 0.4486 -2.5378 3.8002, 0.4322 -2.5378 3.7982, 0.4197 -2.5378 3.7933, 0.4083 -2.5378 3.7854, 0.3972 -2.5378 3.7726, 0.4471 -2.5378 3.4833, 0.4866 -2.5378 3.4978, 0.4976 -2.5378 3.5106, 0.398 -2.5378 3.5072, 0.4093 -2.5378 3.4957, 0.421 -2.5378 3.4886
            ]
        }
        coordIndex [
            0,1,2,-1,2,1,3,-1,2,3,4,-1,4,3,5,-1,6,7,2,-1,8,9,10,-1,11,12,13,-1,14,15,3,-1,8,10,2,-1,2,10,16,-1,2,16,6,-1,7,17,2,-1,2,17,18,-1,2,18,19,-1,19,20,2,-1,2,20,21,-1,2,21,0,-1,12,11,3,-1,3,11,22,-1,3,22,14,-1,15,23,3,-1,3,23,24,-1,3,24,5,-1,13,25,11,-1,11,25,26,-1,11,26,27,-1,
        ]
    }
}
Shape{
    appearance Appearance {
        material  Material 	{
            diffuseColor 1.0 1.0 1.0
            specularColor 0.8784313725490196 0.8784313725490196 0.8784313725490196
            ambientIntensity 1.0
            transparency 0.0
            shininess 0.5
        }
    }
    geometry IndexedFaceSet {
        ccw TRUE
        solid FALSE
        coord DEF co Coordinate {
            point [
                0.8179 -2.5417 3.7267, 0.8585 -2.5417 3.7719, 0.8049 -2.5417 3.7645, 0.842 -2.5417 3.8015, 0.7943 -2.5417 3.7803, 0.8261 -2.5417 3.8187, 0.7844 -2.5417 3.7897, 0.8057 -2.5417 3.8323, 0.7735 -2.5417 3.7958, 0.7825 -2.5417 3.8404, 0.7611 -2.5417 3.7994, 0.7511 -2.5417 3.8002, 0.7538 -2.5417 3.8434, 0.7346 -2.5417 3.7982, 0.7206 -2.5417 3.8395, 0.7222 -2.5417 3.7933, 0.6967 -2.5417 3.8304, 0.7108 -2.5417 3.7854, 0.6784 -2.5417 3.8183, 0.6996 -2.5417 3.7726, 0.6599 -2.5417 3.799, 0.6879 -2.5417 3.75, 0.6433 -2.5417 3.7712, 0.6768 -2.5417 3.7062, 0.6256 -2.5417 3.7128, 0.6722 -2.5417 3.6365, 0.6194 -2.5417 3.6341, 0.6787 -2.5417 3.5605, 0.6239 -2.5417 3.5699, 0.6904 -2.5417 3.524, 0.6378 -2.5417 3.5174, 0.7005 -2.5417 3.5072, 0.655 -2.5417 3.4856, 0.7118 -2.5417 3.4957, 0.6744 -2.5417 3.4643, 0.7235 -2.5417 3.4886, 0.6942 -2.5417 3.4513, 0.7375 -2.5417 3.4843, 0.7169 -2.5417 3.4431, 0.7496 -2.5417 3.4833, 0.7449 -2.5417 3.4401, 0.7654 -2.5417 3.4851, 0.7741 -2.5417 3.4432, 0.7777 -2.5417 3.4899, 0.7988 -2.5417 3.4518, 0.789 -2.5417 3.4978, 0.8206 -2.5417 3.4664, 0.8001 -2.5417 3.5106, 0.84 -2.5417 3.4875, 0.8111 -2.5417 3.5323, 0.858 -2.5417 3.5196, 0.8216 -2.5417 3.5742, 0.8727 -2.5417 3.5704, 0.8258 -2.5417 3.639, 0.8786 -2.5417 3.6434, 0.8726 -2.5417 3.7217, 0.7449 -2.5378 3.4401, 0.7227 -2.5378 3.4425, 0.7169 -2.5378 3.4431, 0.6942 -2.5378 3.4513, 0.6744 -2.5378 3.4643, 0.655 -2.5378 3.4856, 0.6378 -2.5378 3.5174, 0.6239 -2.5378 3.5699, 0.6194 -2.5378 3.6341, 0.7674 -2.5378 3.4425, 0.7741 -2.5378 3.4432, 0.7988 -2.5378 3.4518, 0.8206 -2.5378 3.4664, 0.84 -2.5378 3.4875, 0.858 -2.5378 3.5196, 0.8727 -2.5378 3.5704, 0.8786 -2.5378 3.6434, 0.7538 -2.5378 3.8434, 0.7766 -2.5378 3.841, 0.7825 -2.5378 3.8404, 0.8057 -2.5378 3.8323, 0.8261 -2.5378 3.8187, 0.842 -2.5378 3.8015, 0.8585 -2.5378 3.7719, 0.8726 -2.5378 3.7217, 0.7333 -2.5378 3.841, 0.7206 -2.5378 3.8395, 0.6967 -2.5378 3.8304, 0.6784 -2.5378 3.8183, 0.6599 -2.5378 3.799, 0.6433 -2.5378 3.7712, 0.6256 -2.5378 3.7128, 0.6722 -2.5378 3.6365, 0.6768 -2.5378 3.7062, 0.6879 -2.5378 3.75, 0.6996 -2.5378 3.7726, 0.7108 -2.5378 3.7854, 0.7222 -2.5378 3.7933, 0.7346 -2.5378 3.7982, 0.7511 -2.5378 3.8002, 0.7496 -2.5378 3.4833, 0.7375 -2.5378 3.4843, 0.7235 -2.5378 3.4886, 0.7118 -2.5378 3.4957, 0.7005 -2.5378 3.5072, 0.6904 -2.5378 3.524, 0.6787 -2.5378 3.5605, 0.8258 -2.5378 3.639, 0.8216 -2.5378 3.5742, 0.8111 -2.5378 3.5323, 0.8001 -2.5378 3.5106, 0.789 -2.5378 3.4978, 0.7777 -2.5378 3.4899, 0.7654 -2.5378 3.4851, 0.7611 -2.5378 3.7994, 0.7735 -2.5378 3.7958, 0.7844 -2.5378 3.7897, 0.7943 -2.5378 3.7803, 0.8049 -2.5378 3.7645, 0.8179 -2.5378 3.7267
            ]
        }
        coordIndex [
            0,1,2,-1,2,1,3,-1,2,3,4,-1,4,3,5,-1,4,5,6,-1,6,5,7,-1,6,7,8,-1,8,7,9,-1,8,9,10,-1,10,9,11,-1,11,9,12,-1,11,12,13,-1,13,12,14,-1,13,14,15,-1,15,14,16,-1,15,16,17,-1,17,16,18,-1,17,18,19,-1,19,18,20,-1,19,20,21,-1,21,20,22,-1,21,22,23,-1,23,22,24,-1,23,24,25,-1,25,24,26,-1,25,26,27,-1,27,26,28,-1,27,28,29,-1,29,28,30,-1,29,30,31,-1,31,30,32,-1,31,32,33,-1,33,32,34,-1,33,34,35,-1,35,34,36,-1,35,36,37,-1,37,36,38,-1,37,38,39,-1,39,38,40,-1,39,40,41,-1,41,40,42,-1,41,42,43,-1,43,42,44,-1,43,44,45,-1,45,44,46,-1,45,46,47,-1,47,46,48,-1,47,48,49,-1,49,48,50,-1,49,50,51,-1,51,50,52,-1,51,52,53,-1,53,52,54,-1,53,54,0,-1,0,54,55,-1,0,55,1,-1,56,40,57,-1,57,40,38,-1,57,38,58,-1,58,38,36,-1,58,36,59,-1,59,36,34,-1,59,34,60,-1,60,34,32,-1,60,32,61,-1,61,32,30,-1,61,30,62,-1,62,30,28,-1,62,28,63,-1,63,28,26,-1,63,26,64,-1,40,56,42,-1,42,56,65,-1,65,66,42,-1,42,66,67,-1,42,67,44,-1,44,67,68,-1,44,68,46,-1,46,68,69,-1,46,69,48,-1,48,69,70,-1,48,70,50,-1,50,70,71,-1,50,71,52,-1,52,71,72,-1,52,72,54,-1,73,12,74,-1,74,12,9,-1,74,9,75,-1,75,9,7,-1,75,7,76,-1,76,7,5,-1,76,5,77,-1,77,5,3,-1,77,3,78,-1,78,3,1,-1,78,1,79,-1,79,1,55,-1,79,55,80,-1,80,55,54,-1,80,54,72,-1,14,12,81,-1,81,12,73,-1,81,82,14,-1,14,82,83,-1,14,83,16,-1,16,83,84,-1,16,84,18,-1,18,84,85,-1,18,85,20,-1,20,85,86,-1,20,86,22,-1,22,86,87,-1,22,87,24,-1,24,87,64,-1,24,64,26,-1,25,88,89,-1,25,89,23,-1,23,89,90,-1,23,90,21,-1,21,90,91,-1,21,91,19,-1,19,91,92,-1,19,92,17,-1,17,92,93,-1,17,93,15,-1,15,93,94,-1,15,94,13,-1,13,94,95,-1,13,95,11,-1,39,96,97,-1,39,97,37,-1,37,97,98,-1,37,98,35,-1,35,98,99,-1,35,99,33,-1,33,99,100,-1,33,100,31,-1,31,100,101,-1,31,101,29,-1,29,101,102,-1,29,102,27,-1,27,102,88,-1,27,88,25,-1,53,103,104,-1,53,104,51,-1,51,104,105,-1,51,105,49,-1,49,105,106,-1,49,106,47,-1,47,106,107,-1,47,107,45,-1,45,107,108,-1,45,108,43,-1,43,108,109,-1,43,109,41,-1,41,109,96,-1,41,96,39,-1,11,95,110,-1,11,110,10,-1,10,110,111,-1,10,111,8,-1,8,111,112,-1,8,112,6,-1,6,112,113,-1,6,113,4,-1,4,113,114,-1,4,114,2,-1,2,114,115,-1,2,115,0,-1,0,115,103,-1,0,103,53,-1,
        ]
    }
}
Shape{
    appearance Appearance {
        material  Material 	{
            diffuseColor 0.25098039215686274 0.25098039215686274 0.25098039215686274
            specularColor 0.12549019607843137 0.12549019607843137 0.12549019607843137
            ambientIntensity 0.251
            transparency 0.0
            shininess 0.5
        }
    }
    geometry IndexedFaceSet {
        ccw TRUE
        solid FALSE
        coord DEF co Coordinate {
            point [
                0.6879 -2.5378 3.75, 0.6768 -2.5378 3.7062, 0.8258 -2.5378 3.639, 0.6722 -2.5378 3.6365, 0.8216 -2.5378 3.5742, 0.8111 -2.5378 3.5323, 0.7735 -2.5378 3.7958, 0.7611 -2.5378 3.7994, 0.8179 -2.5378 3.7267, 0.8049 -2.5378 3.7645, 0.7943 -2.5378 3.7803, 0.7375 -2.5378 3.4843, 0.6787 -2.5378 3.5605, 0.6904 -2.5378 3.524, 0.7654 -2.5378 3.4851, 0.7777 -2.5378 3.4899, 0.7844 -2.5378 3.7897, 0.7511 -2.5378 3.8002, 0.7346 -2.5378 3.7982, 0.7222 -2.5378 3.7933, 0.7108 -2.5378 3.7854, 0.6996 -2.5378 3.7726, 0.7496 -2.5378 3.4833, 0.789 -2.5378 3.4978, 0.8001 -2.5378 3.5106, 0.7005 -2.5378 3.5072, 0.7118 -2.5378 3.4957, 0.7235 -2.5378 3.4886
            ]
        }
        coordIndex [
            0,1,2,-1,2,1,3,-1,2,3,4,-1,4,3,5,-1,6,7,2,-1,8,9,10,-1,11,12,13,-1,14,15,3,-1,8,10,2,-1,2,10,16,-1,2,16,6,-1,7,17,2,-1,2,17,18,-1,2,18,19,-1,19,20,2,-1,2,20,21,-1,2,21,0,-1,12,11,3,-1,3,11,22,-1,3,22,14,-1,15,23,3,-1,3,23,24,-1,3,24,5,-1,13,25,11,-1,11,25,26,-1,11,26,27,-1,
        ]
    }
}
Shape{
    appearance Appearance {
        material  Material 	{
            diffuseColor 1.0 1.0 1.0
            specularColor 0.8784313725490196 0.8784313725490196 0.8784313725490196
            ambientIntensity 1.0
            transparency 0.0
            shininess 0.5
        }
    }
    geometry IndexedFaceSet {
        ccw TRUE
        solid FALSE
        coord DEF co Coordinate {
            point [
                1.1204 -2.5417 3.7267, 1.1609 -2.5417 3.7719, 1.1074 -2.5417 3.7645, 1.1445 -2.5417 3.8015, 1.0968 -2.5417 3.7803, 1.1286 -2.5417 3.8187, 1.0869 -2.5417 3.7897, 1.1081 -2.5417 3.8323, 1.076 -2.5417 3.7958, 1.0849 -2.5417 3.8404, 1.0636 -2.5417 3.7994, 1.0536 -2.5417 3.8002, 1.0563 -2.5417 3.8434, 1.0371 -2.5417 3.7982, 1.0231 -2.5417 3.8395, 1.0246 -2.5417 3.7933, 0.9991 -2.5417 3.8304, 1.0132 -2.5417 3.7854, 0.9809 -2.5417 3.8183, 1.0021 -2.5417 3.7726, 0.9624 -2.5417 3.799, 0.9904 -2.5417 3.75, 0.9458 -2.5417 3.7712, 0.9793 -2.5417 3.7062, 0.9281 -2.5417 3.7128, 0.9746 -2.5417 3.6365, 0.9218 -2.5417 3.6341, 0.9812 -2.5417 3.5605, 0.9264 -2.5417 3.5699, 0.9928 -2.5417 3.524, 0.9403 -2.5417 3.5174, 1.003 -2.5417 3.5072, 0.9575 -2.5417 3.4856, 1.0143 -2.5417 3.4957, 0.9769 -2.5417 3.4643, 1.026 -2.5417 3.4886, 0.9966 -2.5417 3.4513, 1.04 -2.5417 3.4843, 1.0194 -2.5417 3.4431, 1.0521 -2.5417 3.4833, 1.0474 -2.5417 3.4401, 1.0679 -2.5417 3.4851, 1.0766 -2.5417 3.4432, 1.0802 -2.5417 3.4899, 1.1012 -2.5417 3.4518, 1.0915 -2.5417 3.4978, 1.1231 -2.5417 3.4664, 1.1026 -2.5417 3.5106, 1.1425 -2.5417 3.4875, 1.1136 -2.5417 3.5323, 1.1605 -2.5417 3.5196, 1.1241 -2.5417 3.5742, 1.1752 -2.5417 3.5704, 1.1283 -2.5417 3.639, 1.1811 -2.5417 3.6434, 1.1751 -2.5417 3.7217, 1.0474 -2.5378 3.4401, 1.0252 -2.5378 3.4425, 1.0194 -2.5378 3.4431, 0.9966 -2.5378 3.4513, 0.9769 -2.5378 3.4643, 0.9575 -2.5378 3.4856, 0.9403 -2.5378 3.5174, 0.9264 -2.5378 3.5699, 0.9218 -2.5378 3.6341, 1.0698 -2.5378 3.4425, 1.0766 -2.5378 3.4432, 1.1012 -2.5378 3.4518, 1.1231 -2.5378 3.4664, 1.1425 -2.5378 3.4875, 1.1605 -2.5378 3.5196, 1.1752 -2.5378 3.5704, 1.1811 -2.5378 3.6434, 1.0563 -2.5378 3.8434, 1.0791 -2.5378 3.841, 1.0849 -2.5378 3.8404, 1.1081 -2.5378 3.8323, 1.1286 -2.5378 3.8187, 1.1445 -2.5378 3.8015, 1.1609 -2.5378 3.7719, 1.1751 -2.5378 3.7217, 1.0358 -2.5378 3.841, 1.0231 -2.5378 3.8395, 0.9991 -2.5378 3.8304, 0.9809 -2.5378 3.8183, 0.9624 -2.5378 3.799, 0.9458 -2.5378 3.7712, 0.9281 -2.5378 3.7128, 0.9746 -2.5378 3.6365, 0.9793 -2.5378 3.7062, 0.9904 -2.5378 3.75, 1.0021 -2.5378 3.7726, 1.0132 -2.5378 3.7854, 1.0246 -2.5378 3.7933, 1.0371 -2.5378 3.7982, 1.0536 -2.5378 3.8002, 1.0521 -2.5378 3.4833, 1.04 -2.5378 3.4843, 1.026 -2.5378 3.4886, 1.0143 -2.5378 3.4957, 1.003 -2.5378 3.5072, 0.9928 -2.5378 3.524, 0.9812 -2.5378 3.5605, 1.1283 -2.5378 3.639, 1.1241 -2.5378 3.5742, 1.1136 -2.5378 3.5323, 1.1026 -2.5378 3.5106, 1.0915 -2.5378 3.4978, 1.0802 -2.5378 3.4899, 1.0679 -2.5378 3.4851, 1.0636 -2.5378 3.7994, 1.076 -2.5378 3.7958, 1.0869 -2.5378 3.7897, 1.0968 -2.5378 3.7803, 1.1074 -2.5378 3.7645, 1.1204 -2.5378 3.7267
            ]
        }
        coordIndex [
            0,1,2,-1,2,1,3,-1,2,3,4,-1,4,3,5,-1,4,5,6,-1,6,5,7,-1,6,7,8,-1,8,7,9,-1,8,9,10,-1,10,9,11,-1,11,9,12,-1,11,12,13,-1,13,12,14,-1,13,14,15,-1,15,14,16,-1,15,16,17,-1,17,16,18,-1,17,18,19,-1,19,18,20,-1,19,20,21,-1,21,20,22,-1,21,22,23,-1,23,22,24,-1,23,24,25,-1,25,24,26,-1,25,26,27,-1,27,26,28,-1,27,28,29,-1,29,28,30,-1,29,30,31,-1,31,30,32,-1,31,32,33,-1,33,32,34,-1,33,34,35,-1,35,34,36,-1,35,36,37,-1,37,36,38,-1,37,38,39,-1,39,38,40,-1,39,40,41,-1,41,40,42,-1,41,42,43,-1,43,42,44,-1,43,44,45,-1,45,44,46,-1,45,46,47,-1,47,46,48,-1,47,48,49,-1,49,48,50,-1,49,50,51,-1,51,50,52,-1,51,52,53,-1,53,52,54,-1,53,54,0,-1,0,54,55,-1,0,55,1,-1,56,40,57,-1,57,40,38,-1,57,38,58,-1,58,38,36,-1,58,36,59,-1,59,36,34,-1,59,34,60,-1,60,34,32,-1,60,32,61,-1,61,32,30,-1,61,30,62,-1,62,30,28,-1,62,28,63,-1,63,28,26,-1,63,26,64,-1,40,56,42,-1,42,56,65,-1,65,66,42,-1,42,66,67,-1,42,67,44,-1,44,67,68,-1,44,68,46,-1,46,68,69,-1,46,69,48,-1,48,69,70,-1,48,70,50,-1,50,70,71,-1,50,71,52,-1,52,71,72,-1,52,72,54,-1,73,12,74,-1,74,12,9,-1,74,9,75,-1,75,9,7,-1,75,7,76,-1,76,7,5,-1,76,5,77,-1,77,5,3,-1,77,3,78,-1,78,3,1,-1,78,1,79,-1,79,1,55,-1,79,55,80,-1,80,55,54,-1,80,54,72,-1,14,12,81,-1,81,12,73,-1,81,82,14,-1,14,82,83,-1,14,83,16,-1,16,83,84,-1,16,84,18,-1,18,84,85,-1,18,85,20,-1,20,85,86,-1,20,86,22,-1,22,86,87,-1,22,87,24,-1,24,87,64,-1,24,64,26,-1,25,88,89,-1,25,89,23,-1,23,89,90,-1,23,90,21,-1,21,90,91,-1,21,91,19,-1,19,91,92,-1,19,92,17,-1,17,92,93,-1,17,93,15,-1,15,93,94,-1,15,94,13,-1,13,94,95,-1,13,95,11,-1,39,96,97,-1,39,97,37,-1,37,97,98,-1,37,98,35,-1,35,98,99,-1,35,99,33,-1,33,99,100,-1,33,100,31,-1,31,100,101,-1,31,101,29,-1,29,101,102,-1,29,102,27,-1,27,102,88,-1,27,88,25,-1,53,103,104,-1,53,104,51,-1,51,104,105,-1,51,105,49,-1,49,105,106,-1,49,106,47,-1,47,106,107,-1,47,107,45,-1,45,107,108,-1,45,108,43,-1,43,108,109,-1,43,109,41,-1,41,109,96,-1,41,96,39,-1,11,95,110,-1,11,110,10,-1,10,110,111,-1,10,111,8,-1,8,111,112,-1,8,112,6,-1,6,112,113,-1,6,113,4,-1,4,113,114,-1,4,114,2,-1,2,114,115,-1,2,115,0,-1,0,115,103,-1,0,103,53,-1,
        ]
    }
}
Shape{
    appearance Appearance {
        material  Material 	{
            diffuseColor 0.25098039215686274 0.25098039215686274 0.25098039215686274
            specularColor 0.12549019607843137 0.12549019607843137 0.12549019607843137
            ambientIntensity 0.251
            transparency 0.0
            shininess 0.5
        }
    }
    geometry IndexedFaceSet {
        ccw TRUE
        solid FALSE
        coord DEF co Coordinate {
            point [
                0.9904 -2.5378 3.75, 0.9793 -2.5378 3.7062, 1.1283 -2.5378 3.639, 0.9746 -2.5378 3.6365, 1.1241 -2.5378 3.5742, 1.1136 -2.5378 3.5323, 1.076 -2.5378 3.7958, 1.0636 -2.5378 3.7994, 1.1204 -2.5378 3.7267, 1.1074 -2.5378 3.7645, 1.0968 -2.5378 3.7803, 1.04 -2.5378 3.4843, 0.9812 -2.5378 3.5605, 0.9928 -2.5378 3.524, 1.0679 -2.5378 3.4851, 1.0802 -2.5378 3.4899, 1.0869 -2.5378 3.7897, 1.0536 -2.5378 3.8002, 1.0371 -2.5378 3.7982, 1.0246 -2.5378 3.7933, 1.0132 -2.5378 3.7854, 1.0021 -2.5378 3.7726, 1.0521 -2.5378 3.4833, 1.0915 -2.5378 3.4978, 1.1026 -2.5378 3.5106, 1.003 -2.5378 3.5072, 1.0143 -2.5378 3.4957, 1.026 -2.5378 3.4886
            ]
        }
        coordIndex [
            0,1,2,-1,2,1,3,-1,2,3,4,-1,4,3,5,-1,6,7,2,-1,8,9,10,-1,11,12,13,-1,14,15,3,-1,8,10,2,-1,2,10,16,-1,2,16,6,-1,7,17,2,-1,2,17,18,-1,2,18,19,-1,19,20,2,-1,2,20,21,-1,2,21,0,-1,12,11,3,-1,3,11,22,-1,3,22,14,-1,15,23,3,-1,3,23,24,-1,3,24,5,-1,13,25,11,-1,11,25,26,-1,11,26,27,-1,
        ]
    }
}
Shape{
    appearance Appearance {
        material  Material 	{
            diffuseColor 1.0 1.0 1.0
            specularColor 0.8784313725490196 0.8784313725490196 0.8784313725490196
            ambientIntensity 1.0
            transparency 0.0
            shininess 0.5
        }
    }
    geometry IndexedFaceSet {
        ccw TRUE
        solid FALSE
        coord DEF co Coordinate {
            point [
                1.2531 -2.5417 3.8386, 1.2531 -2.5417 3.4449, 1.3059 -2.5417 3.6129, 1.3059 -2.5417 3.4449, 1.4078 -2.5417 3.6277, 1.4078 -2.5417 3.629, 1.3642 -2.5417 3.6561, 1.4264 -2.5417 3.6846, 1.4638 -2.5417 3.6587, 1.4726 -2.5417 3.6683, 1.4619 -2.5417 3.5711, 1.4149 -2.5417 3.5557, 1.4663 -2.5417 3.564, 1.4788 -2.5417 3.4449, 1.5364 -2.5417 3.4449, 1.435 -2.5417 3.6996, 1.4835 -2.5417 3.6861, 1.4393 -2.5417 3.7156, 1.4905 -2.5417 3.7075, 1.4404 -2.5417 3.73, 1.4932 -2.5417 3.7343, 1.4387 -2.5417 3.747, 1.4921 -2.5417 3.7518, 1.4344 -2.5417 3.7602, 1.3492 -2.5417 3.6125, 1.363 -2.5417 3.6097, 1.3743 -2.5417 3.6046, 1.3862 -2.5417 3.5954, 1.4256 -2.5417 3.6173, 1.4388 -2.5417 3.6044, 1.487 -2.5417 3.7733, 1.4776 -2.5417 3.7923, 1.4275 -2.5417 3.7712, 1.4645 -2.5417 3.8079, 1.4186 -2.5417 3.7802, 1.455 -2.5417 3.8159, 1.4071 -2.5417 3.7873, 1.4336 -2.5417 3.8277, 1.389 -2.5417 3.7932, 1.4068 -2.5417 3.8356, 1.365 -2.5417 3.7954, 1.3719 -2.5417 3.8386, 1.3059 -2.5417 3.7954, 1.3059 -2.5417 3.6561, 1.3417 -2.5417 3.6129, 1.4431 -2.5417 3.6434, 1.4142 -2.5417 3.672, 1.4118 -2.5417 3.6302, 1.4008 -2.5417 3.6637, 1.3846 -2.5417 3.6582, 1.4663 -2.5378 3.564, 1.5364 -2.5378 3.4449, 1.4619 -2.5378 3.5711, 1.4388 -2.5378 3.6044, 1.4256 -2.5378 3.6173, 1.4078 -2.5378 3.6277, 1.4078 -2.5378 3.629, 1.4118 -2.5378 3.6302, 1.4431 -2.5378 3.6434, 1.4638 -2.5378 3.6587, 1.4726 -2.5378 3.6683, 1.4835 -2.5378 3.6861, 1.4905 -2.5378 3.7075, 1.4932 -2.5378 3.7343, 1.4921 -2.5378 3.7518, 1.487 -2.5378 3.7733, 1.4776 -2.5378 3.7923, 1.4645 -2.5378 3.8079, 1.455 -2.5378 3.8159, 1.4336 -2.5378 3.8277, 1.4068 -2.5378 3.8356, 1.3719 -2.5378 3.8386, 1.2531 -2.5378 3.8386, 1.2531 -2.5378 3.4449, 1.3059 -2.5378 3.4449, 1.3059 -2.5378 3.6129, 1.3417 -2.5378 3.6129, 1.3492 -2.5378 3.6125, 1.363 -2.5378 3.6097, 1.3743 -2.5378 3.6046, 1.3862 -2.5378 3.5954, 1.4149 -2.5378 3.5557, 1.4788 -2.5378 3.4449, 1.365 -2.5378 3.7954, 1.3059 -2.5378 3.7954, 1.3059 -2.5378 3.6561, 1.3642 -2.5378 3.6561, 1.4404 -2.5378 3.73, 1.4393 -2.5378 3.7156, 1.435 -2.5378 3.6996, 1.4264 -2.5378 3.6846, 1.4142 -2.5378 3.672, 1.4008 -2.5378 3.6637, 1.3846 -2.5378 3.6582, 1.389 -2.5378 3.7932, 1.4071 -2.5378 3.7873, 1.4186 -2.5378 3.7802, 1.4275 -2.5378 3.7712, 1.4344 -2.5378 3.7602, 1.4387 -2.5378 3.747
            ]
        }
        coordIndex [
            0,1,2,-1,2,1,3,-1,4,5,6,-1,7,8,9,-1,10,11,12,-1,12,11,13,-1,12,13,14,-1,7,9,15,-1,15,9,16,-1,15,16,17,-1,17,16,18,-1,17,18,19,-1,19,18,20,-1,19,20,21,-1,21,20,22,-1,21,22,23,-1,24,25,6,-1,6,25,26,-1,6,26,4,-1,4,26,27,-1,4,27,28,-1,28,27,11,-1,28,11,29,-1,29,11,10,-1,22,30,23,-1,23,30,31,-1,23,31,32,-1,32,31,33,-1,32,33,34,-1,34,33,35,-1,34,35,36,-1,36,35,37,-1,36,37,38,-1,38,37,39,-1,38,39,40,-1,40,39,41,-1,40,41,42,-1,42,41,0,-1,42,0,43,-1,43,0,2,-1,43,2,6,-1,6,2,44,-1,6,44,24,-1,8,7,45,-1,45,7,46,-1,45,46,47,-1,47,46,48,-1,47,48,5,-1,5,48,49,-1,5,49,6,-1,12,14,50,-1,50,14,51,-1,12,50,52,-1,12,52,10,-1,10,52,53,-1,10,53,29,-1,29,53,54,-1,29,54,28,-1,28,54,55,-1,28,55,4,-1,5,4,56,-1,56,4,55,-1,5,56,57,-1,5,57,47,-1,47,57,58,-1,47,58,45,-1,45,58,59,-1,45,59,8,-1,8,59,60,-1,8,60,9,-1,9,60,61,-1,9,61,16,-1,16,61,62,-1,16,62,18,-1,18,62,63,-1,18,63,20,-1,20,63,64,-1,20,64,22,-1,22,64,65,-1,22,65,30,-1,30,65,66,-1,30,66,31,-1,31,66,67,-1,31,67,33,-1,33,67,68,-1,33,68,35,-1,35,68,69,-1,35,69,37,-1,37,69,70,-1,37,70,39,-1,39,70,71,-1,39,71,41,-1,0,41,72,-1,72,41,71,-1,1,0,73,-1,73,0,72,-1,3,1,74,-1,74,1,73,-1,2,3,75,-1,75,3,74,-1,44,2,76,-1,76,2,75,-1,44,76,77,-1,44,77,24,-1,24,77,78,-1,24,78,25,-1,25,78,79,-1,25,79,26,-1,26,79,80,-1,26,80,27,-1,27,80,81,-1,27,81,11,-1,13,11,82,-1,82,11,81,-1,14,13,51,-1,51,13,82,-1,40,42,83,-1,83,42,84,-1,42,43,84,-1,84,43,85,-1,43,6,85,-1,85,6,86,-1,19,87,88,-1,19,88,17,-1,17,88,89,-1,17,89,15,-1,15,89,90,-1,15,90,7,-1,7,90,91,-1,7,91,46,-1,46,91,92,-1,46,92,48,-1,48,92,93,-1,48,93,49,-1,49,93,86,-1,49,86,6,-1,40,83,94,-1,40,94,38,-1,38,94,95,-1,38,95,36,-1,36,95,96,-1,36,96,34,-1,34,96,97,-1,34,97,32,-1,32,97,98,-1,32,98,23,-1,23,98,99,-1,23,99,21,-1,21,99,87,-1,21,87,19,-1,
        ]
    }
}
Shape{
    appearance Appearance {
        material  Material 	{
            diffuseColor 0.25098039215686274 0.25098039215686274 0.25098039215686274
            specularColor 0.12549019607843137 0.12549019607843137 0.12549019607843137
            ambientIntensity 0.251
            transparency 0.0
            shininess 0.5
        }
    }
    geometry IndexedFaceSet {
        ccw TRUE
        solid FALSE
        coord DEF co Coordinate {
            point [
                1.365 -2.5378 3.7954, 1.4404 -2.5378 3.73, 1.4387 -2.5378 3.747, 1.3059 -2.5378 3.7954, 1.3059 -2.5378 3.6561, 1.3642 -2.5378 3.6561, 1.3846 -2.5378 3.6582, 1.4186 -2.5378 3.7802, 1.4275 -2.5378 3.7712, 1.4344 -2.5378 3.7602, 1.4071 -2.5378 3.7873, 1.389 -2.5378 3.7932, 1.4008 -2.5378 3.6637, 1.4142 -2.5378 3.672, 1.4264 -2.5378 3.6846, 1.435 -2.5378 3.6996, 1.4393 -2.5378 3.7156
            ]
        }
        coordIndex [
            0,1,2,-1,3,4,0,-1,0,4,5,-1,0,5,6,-1,7,2,8,-1,8,2,9,-1,7,10,2,-1,2,10,11,-1,2,11,0,-1,6,12,0,-1,0,12,13,-1,0,13,14,-1,14,15,0,-1,0,15,16,-1,0,16,1,-1,
        ]
    }
}
Shape{
    appearance Appearance {
        material  Material 	{
            diffuseColor 1.0 1.0 1.0
            specularColor 0.8784313725490196 0.8784313725490196 0.8784313725490196
            ambientIntensity 1.0
            transparency 0.0
            shininess 0.5
        }
    }
    geometry IndexedFaceSet {
        ccw TRUE
        solid FALSE
        coord DEF co Coordinate {
            point [
                1.5796 -2.5417 3.4605, 1.5796 -2.5417 3.5133, 1.5796 -2.5378 3.4605, 1.5796 -2.5378 3.5133, 1.6699 -2.5378 3.4401, 1.6699 -2.5417 3.4401, 1.6436 -2.5378 3.4425, 1.6233 -2.5417 3.4443, 1.6233 -2.5378 3.4443, 1.5895 -2.5417 3.4552, 1.5895 -2.5378 3.4552, 1.6967 -2.5378 3.4417, 1.6967 -2.5417 3.4417, 1.7001 -2.5378 3.4425, 1.7344 -2.5417 3.4507, 1.7344 -2.5378 3.4507, 1.7611 -2.5378 3.4644, 1.7611 -2.5417 3.4644, 1.7831 -2.5378 3.4834, 1.7831 -2.5417 3.4834, 1.7977 -2.5378 3.5044, 1.7977 -2.5417 3.5044, 1.8065 -2.5378 3.5274, 1.8065 -2.5417 3.5274, 1.8101 -2.5378 3.5578, 1.8101 -2.5417 3.5578, 1.8098 -2.5378 3.5657, 1.8098 -2.5417 3.5657, 1.806 -2.5378 3.5862, 1.806 -2.5417 3.5862, 1.7974 -2.5378 3.6051, 1.7974 -2.5417 3.6051, 1.7851 -2.5378 3.6207, 1.7851 -2.5417 3.6207, 1.7664 -2.5378 3.6353, 1.7664 -2.5417 3.6353, 1.7443 -2.5378 3.6452, 1.7443 -2.5417 3.6452, 1.7152 -2.5378 3.6512, 1.7152 -2.5417 3.6512, 1.7152 -2.5417 3.6522, 1.7152 -2.5378 3.6522, 1.7239 -2.5378 3.6547, 1.7239 -2.5417 3.6547, 1.7525 -2.5378 3.6678, 1.7525 -2.5417 3.6678, 1.7693 -2.5378 3.6808, 1.7693 -2.5417 3.6808, 1.7758 -2.5378 3.6879, 1.7758 -2.5417 3.6879, 1.7864 -2.5378 3.7048, 1.7864 -2.5417 3.7048, 1.7932 -2.5378 3.7251, 1.7932 -2.5417 3.7251, 1.7957 -2.5378 3.7501, 1.7957 -2.5417 3.7501, 1.6843 -2.5378 3.8434, 1.6843 -2.5417 3.8434, 1.7096 -2.5378 3.841, 1.716 -2.5417 3.8404, 1.716 -2.5378 3.8404, 1.7413 -2.5417 3.8324, 1.7413 -2.5378 3.8324, 1.7611 -2.5417 3.8207, 1.7611 -2.5378 3.8207, 1.7769 -2.5417 3.8054, 1.7769 -2.5378 3.8054, 1.7872 -2.5417 3.7895, 1.7872 -2.5378 3.7895, 1.7936 -2.5417 3.7709, 1.7936 -2.5378 3.7709, 1.594 -2.5378 3.8134, 1.594 -2.5417 3.8134, 1.6244 -2.5417 3.8315, 1.6568 -2.5378 3.8411, 1.6568 -2.5417 3.8411, 1.6564 -2.5378 3.841, 1.6244 -2.5378 3.8315, 1.594 -2.5417 3.7702, 1.594 -2.5378 3.7702, 1.6159 -2.5378 3.7853, 1.6159 -2.5417 3.7853, 1.6436 -2.5378 3.7966, 1.6436 -2.5417 3.7966, 1.6712 -2.5378 3.8002, 1.6712 -2.5417 3.8002, 1.6807 -2.5378 3.7999, 1.6807 -2.5417 3.7999, 1.7035 -2.5378 3.796, 1.7035 -2.5417 3.796, 1.7174 -2.5378 3.79, 1.7174 -2.5417 3.79, 1.7245 -2.5378 3.785, 1.7245 -2.5417 3.785, 1.7322 -2.5378 3.7767, 1.7322 -2.5417 3.7767, 1.7377 -2.5378 3.7668, 1.7377 -2.5417 3.7668, 1.7414 -2.5378 3.7541, 1.7414 -2.5417 3.7541, 1.7428 -2.5378 3.7379, 1.7428 -2.5417 3.7379, 1.7428 -2.5378 3.7362, 1.7428 -2.5417 3.7362, 1.7405 -2.5378 3.7183, 1.7405 -2.5417 3.7183, 1.7359 -2.5378 3.7061, 1.7359 -2.5417 3.7061, 1.7289 -2.5378 3.696, 1.7289 -2.5417 3.696, 1.7192 -2.5378 3.6873, 1.7192 -2.5417 3.6873, 1.7034 -2.5378 3.6789, 1.7034 -2.5417 3.6789, 1.6813 -2.5378 3.673, 1.6813 -2.5417 3.673, 1.649 -2.5378 3.6705, 1.649 -2.5417 3.6705, 1.618 -2.5417 3.6705, 1.618 -2.5378 3.6705, 1.618 -2.5417 3.6273, 1.618 -2.5378 3.6273, 1.6506 -2.5417 3.6273, 1.6506 -2.5378 3.6273, 1.6879 -2.5378 3.6246, 1.6879 -2.5417 3.6246, 1.7166 -2.5378 3.6167, 1.7166 -2.5417 3.6167, 1.7328 -2.5378 3.6077, 1.7328 -2.5417 3.6077, 1.7432 -2.5378 3.5978, 1.7432 -2.5417 3.5978, 1.7509 -2.5378 3.5859, 1.7509 -2.5417 3.5859, 1.7554 -2.5378 3.5725, 1.7554 -2.5417 3.5725, 1.7573 -2.5378 3.5547, 1.7573 -2.5417 3.5547, 1.7557 -2.5378 3.5391, 1.7557 -2.5417 3.5391, 1.7507 -2.5378 3.524, 1.7507 -2.5417 3.524, 1.7417 -2.5378 3.5104, 1.7417 -2.5417 3.5104, 1.7302 -2.5378 3.5, 1.7302 -2.5417 3.5, 1.7158 -2.5378 3.4917, 1.7158 -2.5417 3.4917, 1.6958 -2.5378 3.4856, 1.6958 -2.5417 3.4856, 1.6699 -2.5378 3.4833, 1.6699 -2.5417 3.4833, 1.6455 -2.5378 3.4852, 1.6455 -2.5417 3.4852, 1.6119 -2.5378 3.4946, 1.6119 -2.5417 3.4946, -1.4807 -2.4984 1.4418, -1.498 -2.5378 1.444, -1.5113 -2.4984 1.4458, -1.5113 -2.5378 1.4458, -1.5418 -2.4984 1.4418, -1.5418 -2.5378 1.4418, -1.5703 -2.4984 1.43, -1.5703 -2.5378 1.43, -1.5948 -2.4984 1.4112, -1.5948 -2.5378 1.4112, -1.6136 -2.4984 1.3867, -1.6136 -2.5378 1.3867, -1.6254 -2.4984 1.3582, -1.6254 -2.5378 1.3582, -1.6294 -2.4984 1.3277, -1.6294 -2.5378 1.3277, -1.6254 -2.4984 1.2971, -1.6254 -2.5378 1.2971, -1.6136 -2.4984 1.2686, -1.6136 -2.5378 1.2686, -1.5948 -2.4984 1.2442, -1.5948 -2.5378 1.2442, -1.5703 -2.4984 1.2254, -1.5703 -2.5378 1.2254, -1.5418 -2.4984 1.2136, -1.5418 -2.5378 1.2136, -1.5113 -2.4984 1.2096, -1.5113 -2.5378 1.2096, -1.498 -2.5378 1.2113, -1.4807 -2.4984 1.2136, -1.4807 -2.5378 1.2136, -1.4522 -2.4984 1.2254, -1.4522 -2.5378 1.2254, -1.4278 -2.4984 1.2442, -1.4278 -2.5378 1.2442, -1.409 -2.4984 1.2686, -1.409 -2.5378 1.2686, -1.3972 -2.4984 1.2971, -1.3972 -2.5378 1.2971, -1.3932 -2.4984 1.3277, -1.3932 -2.5378 1.3277, -1.3972 -2.4984 1.3582, -1.3972 -2.5378 1.3582, -1.409 -2.4984 1.3867, -1.409 -2.5378 1.3867, -1.4278 -2.4984 1.4112, -1.4278 -2.5378 1.4112, -1.4522 -2.4984 1.43, -1.4522 -2.5378 1.43, -1.4807 -2.5378 1.4418, -1.5113 -2.4984 1.3277
            ]
        }
        coordIndex [
            0,1,2,-1,2,1,3,-1,4,5,6,-1,6,5,7,-1,6,7,8,-1,8,7,9,-1,8,9,10,-1,10,9,0,-1,10,0,2,-1,5,4,11,-1,5,11,12,-1,12,11,13,-1,12,13,14,-1,13,15,14,-1,14,15,16,-1,14,16,17,-1,17,16,18,-1,17,18,19,-1,19,18,20,-1,19,20,21,-1,21,20,22,-1,21,22,23,-1,23,22,24,-1,23,24,25,-1,25,24,26,-1,25,26,27,-1,27,26,28,-1,27,28,29,-1,29,28,30,-1,29,30,31,-1,31,30,32,-1,31,32,33,-1,33,32,34,-1,33,34,35,-1,35,34,36,-1,35,36,37,-1,37,36,38,-1,37,38,39,-1,40,39,41,-1,41,39,38,-1,40,41,42,-1,40,42,43,-1,43,42,44,-1,43,44,45,-1,45,44,46,-1,45,46,47,-1,47,46,48,-1,47,48,49,-1,49,48,50,-1,49,50,51,-1,51,50,52,-1,51,52,53,-1,53,52,54,-1,53,54,55,-1,56,57,58,-1,58,57,59,-1,58,59,60,-1,60,59,61,-1,60,61,62,-1,62,61,63,-1,62,63,64,-1,64,63,65,-1,64,65,66,-1,66,65,67,-1,66,67,68,-1,68,67,69,-1,68,69,70,-1,70,69,55,-1,70,55,54,-1,71,72,73,-1,57,56,74,-1,57,74,75,-1,75,74,76,-1,75,76,73,-1,73,76,77,-1,73,77,71,-1,78,72,79,-1,79,72,71,-1,78,79,80,-1,78,80,81,-1,81,80,82,-1,81,82,83,-1,83,82,84,-1,83,84,85,-1,85,84,86,-1,85,86,87,-1,87,86,88,-1,87,88,89,-1,89,88,90,-1,89,90,91,-1,91,90,92,-1,91,92,93,-1,93,92,94,-1,93,94,95,-1,95,94,96,-1,95,96,97,-1,97,96,98,-1,97,98,99,-1,99,98,100,-1,99,100,101,-1,101,100,102,-1,101,102,103,-1,103,102,104,-1,103,104,105,-1,105,104,106,-1,105,106,107,-1,107,106,108,-1,107,108,109,-1,109,108,110,-1,109,110,111,-1,111,110,112,-1,111,112,113,-1,113,112,114,-1,113,114,115,-1,115,114,116,-1,115,116,117,-1,118,117,119,-1,119,117,116,-1,120,118,121,-1,121,118,119,-1,122,120,123,-1,123,120,121,-1,122,123,124,-1,122,124,125,-1,125,124,126,-1,125,126,127,-1,127,126,128,-1,127,128,129,-1,129,128,130,-1,129,130,131,-1,131,130,132,-1,131,132,133,-1,133,132,134,-1,133,134,135,-1,135,134,136,-1,135,136,137,-1,137,136,138,-1,137,138,139,-1,139,138,140,-1,139,140,141,-1,141,140,142,-1,141,142,143,-1,143,142,144,-1,143,144,145,-1,145,144,146,-1,145,146,147,-1,147,146,148,-1,147,148,149,-1,149,148,150,-1,149,150,151,-1,151,150,152,-1,151,152,153,-1,153,152,154,-1,153,154,155,-1,155,154,3,-1,155,3,1,-1,118,120,117,-1,117,120,122,-1,117,122,115,-1,115,122,125,-1,1,0,155,-1,155,0,9,-1,155,9,153,-1,153,9,7,-1,153,7,151,-1,151,7,5,-1,151,5,149,-1,149,5,12,-1,149,12,147,-1,147,12,14,-1,147,14,145,-1,145,14,17,-1,145,17,143,-1,143,17,19,-1,143,19,141,-1,141,19,21,-1,141,21,139,-1,139,21,23,-1,139,23,137,-1,23,25,137,-1,137,25,27,-1,137,27,135,-1,135,27,29,-1,135,29,133,-1,133,29,31,-1,133,31,131,-1,131,31,33,-1,131,33,129,-1,129,33,35,-1,129,35,127,-1,127,35,37,-1,127,37,125,-1,125,37,39,-1,125,39,115,-1,115,39,40,-1,115,40,113,-1,113,40,43,-1,113,43,111,-1,111,43,45,-1,111,45,109,-1,109,45,47,-1,109,47,107,-1,107,47,49,-1,107,49,105,-1,105,49,51,-1,105,51,103,-1,103,51,53,-1,103,53,101,-1,101,53,55,-1,101,55,99,-1,99,55,69,-1,99,69,97,-1,97,69,67,-1,97,67,95,-1,95,67,65,-1,95,65,93,-1,93,65,63,-1,93,63,91,-1,91,63,61,-1,91,61,89,-1,89,61,59,-1,89,59,87,-1,87,59,57,-1,87,57,85,-1,85,57,75,-1,85,75,83,-1,83,75,73,-1,83,73,81,-1,81,73,72,-1,81,72,78,-1,156,157,158,-1,158,157,159,-1,158,159,160,-1,160,159,161,-1,160,161,162,-1,162,161,163,-1,162,163,164,-1,164,163,165,-1,164,165,166,-1,166,165,167,-1,166,167,168,-1,168,167,169,-1,168,169,170,-1,170,169,171,-1,170,171,172,-1,172,171,173,-1,172,173,174,-1,174,173,175,-1,174,175,176,-1,176,175,177,-1,176,177,178,-1,178,177,179,-1,178,179,180,-1,180,179,181,-1,180,181,182,-1,181,183,182,-1,182,183,184,-1,182,184,185,-1,185,184,186,-1,185,186,187,-1,187,186,188,-1,187,188,189,-1,189,188,190,-1,189,190,191,-1,191,190,192,-1,191,192,193,-1,193,192,194,-1,193,194,195,-1,195,194,196,-1,195,196,197,-1,197,196,198,-1,197,198,199,-1,199,198,200,-1,199,200,201,-1,201,200,202,-1,201,202,203,-1,203,202,204,-1,203,204,156,-1,156,204,205,-1,156,205,157,-1,191,193,206,-1,206,193,195,-1,206,195,197,-1,185,187,206,-1,206,187,189,-1,206,189,191,-1,178,180,206,-1,206,180,182,-1,206,182,185,-1,172,174,206,-1,206,174,176,-1,206,176,178,-1,166,168,206,-1,206,168,170,-1,206,170,172,-1,160,162,206,-1,206,162,164,-1,206,164,166,-1,203,156,206,-1,206,156,158,-1,206,158,160,-1,197,199,206,-1,206,199,201,-1,206,201,203,-1,
        ]
    }
}