#VRML V2.0 utf8
# 3D model generated by easyeda2kicad.py (https://github.com/uPesy/easyeda2kicad.py)

Shape{
    appearance Appearance {
        material  Material 	{
            diffuseColor 1.0 0.796078431372549 0.4666666666666667
            specularColor 0.5019607843137255 0.396078431372549 0.23137254901960785
            ambientIntensity 0.8195
            transparency 0.0
            shininess 0.5
        }
    }
    geometry IndexedFaceSet {
        ccw TRUE
        solid FALSE
        coord DEF co Coordinate {
            point [
                1.7321 0.7677 0.4724, 1.1507 0.7677 0.4724, 1.1507 0.6799 0.4724, 1.1507 -0.6799 0.4724, 1.1507 -0.7677 0.4724, 1.7321 -0.7677 0.4724, -0.6193 -0.6799 0.4724, -0.6193 -0.7677 0.4724, 0.6189 -0.6799 0.4724, 0.6189 -0.7677 0.4724, 0.6189 0.6799 0.4724, 0.8266 0.0591 0.4724, 1.1415 0.0591 0.4724, 1.1415 -0.0591 0.4724, -0.1577 0.0591 0.4724, -0.827 0.0591 0.4724, -0.827 -0.0591 0.4724, -0.1577 -0.0591 0.4724, 0.1573 0.0591 0.4724, 0.1573 -0.0591 0.4724, -1.151 -0.6799 0.4724, -1.1419 -0.0591 0.4724, -1.151 -0.7677 0.4724, -1.7325 -0.7677 0.4724, -1.7325 0.7677 0.4724, -1.1419 0.0591 0.4724, 0.6189 0.7677 0.4724, -0.6193 0.7677 0.4724, -0.6193 0.6799 0.4724, 0.8266 -0.0591 0.4724, -1.151 0.7677 0.4724, -1.151 0.6799 0.4724, -1.151 -0.6799 0.1575, -1.151 -0.7677 0.1575, -1.7325 -0.7677 0.1575, 1.7321 -0.7677 0.1575, 1.1507 -0.7677 0.1575, 1.7321 0.7677 0.1575, 1.1507 -0.6799 0.1575, 0.6189 -0.7677 0.1575, -0.6193 -0.7677 0.1575, -0.6193 -0.6799 0.1575, 0.6189 -0.6799 0.1575, 0.1573 0.0591 0.1575, 0.8266 0.0591 0.1575, 0.8266 -0.0591 0.1575, 1.1415 0.0591 0.1575, 1.1415 -0.0591 0.1575, -0.6193 0.7677 0.1575, 0.6189 0.7677 0.1575, 0.6189 0.6799 0.1575, 0.1573 -0.0591 0.1575, -0.1577 -0.0591 0.1575, -0.1577 0.0591 0.1575, -1.7325 0.7677 0.1575, -1.151 0.7677 0.1575, -1.151 0.6799 0.1575, -1.1419 -0.0591 0.1575, -1.1419 0.0591 0.1575, -0.827 0.0591 0.1575, -0.6193 0.6799 0.1575, -0.827 -0.0591 0.1575, 1.1507 0.7677 0.1575, 1.1507 0.6799 0.1575
            ]
        }
        coordIndex [
            0,1,2,-1,3,4,5,-1,6,7,8,-1,8,7,9,-1,10,11,2,-1,2,11,12,-1,2,12,0,-1,0,12,13,-1,14,15,16,-1,14,16,17,-1,18,19,8,-1,8,19,17,-1,8,17,6,-1,6,17,16,-1,6,16,20,-1,20,16,21,-1,22,20,23,-1,23,20,21,-1,23,21,24,-1,24,21,25,-1,26,27,28,-1,5,0,3,-1,3,0,13,-1,3,13,8,-1,8,13,29,-1,8,29,18,-1,30,24,31,-1,31,24,25,-1,31,25,28,-1,28,25,15,-1,28,15,26,-1,26,15,14,-1,26,14,10,-1,10,14,18,-1,10,18,11,-1,11,18,29,-1,32,33,34,-1,35,36,37,-1,37,36,38,-1,39,40,41,-1,39,41,42,-1,43,44,45,-1,46,37,47,-1,47,37,38,-1,47,38,45,-1,45,38,42,-1,48,49,50,-1,43,45,51,-1,51,45,42,-1,51,42,52,-1,52,42,41,-1,52,41,53,-1,54,55,56,-1,57,54,58,-1,58,54,56,-1,58,56,59,-1,59,56,60,-1,59,60,61,-1,62,37,63,-1,63,37,46,-1,63,46,50,-1,50,46,44,-1,50,44,48,-1,48,44,43,-1,48,43,60,-1,60,43,53,-1,60,53,61,-1,61,53,41,-1,61,41,57,-1,57,41,32,-1,57,32,54,-1,54,32,34,-1,4,3,36,-1,36,3,38,-1,5,4,35,-1,35,4,36,-1,0,5,37,-1,37,5,35,-1,1,0,62,-1,62,0,37,-1,2,1,63,-1,63,1,62,-1,10,2,50,-1,50,2,63,-1,26,10,49,-1,49,10,50,-1,27,26,48,-1,48,26,49,-1,28,27,60,-1,60,27,48,-1,31,28,56,-1,56,28,60,-1,30,31,55,-1,55,31,56,-1,24,30,54,-1,54,30,55,-1,23,24,34,-1,34,24,54,-1,22,23,33,-1,33,23,34,-1,20,22,32,-1,32,22,33,-1,6,20,41,-1,41,20,32,-1,7,6,40,-1,40,6,41,-1,9,7,39,-1,39,7,40,-1,8,9,42,-1,42,9,39,-1,3,8,38,-1,38,8,42,-1,
        ]
    }
}
Shape{
    appearance Appearance {
        material  Material 	{
            diffuseColor 0.8509803921568627 0.8509803921568627 0.8509803921568627
            specularColor 0.4235294117647059 0.4235294117647059 0.4235294117647059
            ambientIntensity 0.851
            transparency 0.0
            shininess 0.5
        }
    }
    geometry IndexedFaceSet {
        ccw TRUE
        solid FALSE
        coord DEF co Coordinate {
            point [
                -0.886 0.0591 -0.0045, -0.827 0.0591 0.0545, -0.886 -0.0591 -0.0045, -0.827 -0.0591 0.0545, -0.886 0.0591 -0.9252, -0.886 -0.0591 -0.9252, -0.8894 -0.0591 -0.9507, -0.8894 0.0591 -0.9507, -0.8992 -0.0591 -0.9744, -0.8992 0.0591 -0.9744, -0.9149 -0.0591 -0.9948, -0.9149 0.0591 -0.9948, -0.9352 -0.0591 -1.0104, -0.9352 0.0591 -1.0104, -0.959 -0.0591 -1.0203, -0.959 0.0591 -1.0203, -0.9844 -0.0591 -1.0236, -0.9844 0.0591 -1.0236, -1.0099 -0.0591 -1.0203, -1.0099 0.0591 -1.0203, -1.0337 -0.0591 -1.0104, -1.0337 0.0591 -1.0104, -1.054 -0.0591 -0.9948, -1.054 0.0591 -0.9948, -1.0697 -0.0591 -0.9744, -1.0697 0.0591 -0.9744, -1.0795 -0.0591 -0.9507, -1.0795 0.0591 -0.9507, -1.0829 -0.0591 -0.9252, -1.0829 0.0591 -0.9252, -1.0829 0.0591 -0.0045, -1.0829 -0.0591 -0.0045, -1.1419 0.0591 0.0545, -1.1419 -0.0591 0.0545, -1.1419 0.0591 0.1575, -0.827 0.0591 0.1575, -0.827 -0.0591 0.1575, -1.1419 -0.0591 0.1575, -0.827 0.0591 1.0734, -1.1419 0.0591 1.0734, -0.827 -0.0591 1.0734, -1.1419 -0.0591 1.0734, -0.827 0.0591 0.4724, -0.827 -0.0591 0.4724, -1.1419 -0.0591 0.4724, -1.1419 0.0591 0.4724, 0.0982 0.0591 -0.0045, 0.1573 0.0591 0.0545, 0.0982 -0.0591 -0.0045, 0.1573 -0.0591 0.0545, 0.0982 0.0591 -0.9252, 0.0982 -0.0591 -0.9252, 0.0949 -0.0591 -0.9507, 0.0949 0.0591 -0.9507, 0.085 -0.0591 -0.9744, 0.085 0.0591 -0.9744, 0.0694 -0.0591 -0.9948, 0.0694 0.0591 -0.9948, 0.049 -0.0591 -1.0104, 0.049 0.0591 -1.0104, 0.0253 -0.0591 -1.0203, 0.0253 0.0591 -1.0203, -0.0002 -0.0591 -1.0236, -0.0002 0.0591 -1.0236, -0.0257 -0.0591 -1.0203, -0.0257 0.0591 -1.0203, -0.0494 -0.0591 -1.0104, -0.0494 0.0591 -1.0104, -0.0698 -0.0591 -0.9948, -0.0698 0.0591 -0.9948, -0.0854 -0.0591 -0.9744, -0.0854 0.0591 -0.9744, -0.0953 -0.0591 -0.9507, -0.0953 0.0591 -0.9507, -0.0986 -0.0591 -0.9252, -0.0986 0.0591 -0.9252, -0.0986 0.0591 -0.0045, -0.0986 -0.0591 -0.0045, -0.1577 0.0591 0.0545, -0.1577 -0.0591 0.0545, 0.1573 -0.0591 0.1575, -0.1577 -0.0591 0.1575, -0.1577 0.0591 0.1575, 0.1573 0.0591 0.1575, -0.1577 -0.0591 1.0734, -0.1577 0.0591 1.0734, -0.1577 -0.0591 0.4724, -0.1577 0.0591 0.4724, 0.1573 0.0591 1.0734, 0.1573 -0.0591 1.0734, 0.1573 0.0591 0.4724, 0.1573 -0.0591 0.4724, 1.0825 0.0591 -0.0045, 1.1415 0.0591 0.0545, 1.0825 -0.0591 -0.0045, 1.1415 -0.0591 0.0545, 1.0825 0.0591 -0.9252, 1.0825 -0.0591 -0.9252, 1.0791 -0.0591 -0.9507, 1.0791 0.0591 -0.9507, 1.0693 -0.0591 -0.9744, 1.0693 0.0591 -0.9744, 1.0537 -0.0591 -0.9948, 1.0537 0.0591 -0.9948, 1.0333 -0.0591 -1.0104, 1.0333 0.0591 -1.0104, 1.0095 -0.0591 -1.0203, 1.0095 0.0591 -1.0203, 0.9841 -0.0591 -1.0236, 0.9841 0.0591 -1.0236, 0.9586 -0.0591 -1.0203, 0.9586 0.0591 -1.0203, 0.9348 -0.0591 -1.0104, 0.9348 0.0591 -1.0104, 0.9145 -0.0591 -0.9948, 0.9145 0.0591 -0.9948, 0.8988 -0.0591 -0.9744, 0.8988 0.0591 -0.9744, 0.889 -0.0591 -0.9507, 0.889 0.0591 -0.9507, 0.8856 -0.0591 -0.9252, 0.8856 0.0591 -0.9252, 0.8856 0.0591 -0.0045, 0.8856 -0.0591 -0.0045, 0.8266 0.0591 0.0545, 0.8266 -0.0591 0.0545, 1.1415 -0.0591 0.1575, 0.8266 -0.0591 0.1575, 0.8266 0.0591 0.1575, 1.1415 0.0591 0.1575, 0.8266 -0.0591 1.0734, 0.8266 0.0591 1.0734, 0.8266 -0.0591 0.4724, 0.8266 0.0591 0.4724, 1.1415 0.0591 1.0734, 1.1415 -0.0591 1.0734, 1.1415 0.0591 0.4724, 1.1415 -0.0591 0.4724
            ]
        }
        coordIndex [
            0,1,2,-1,2,1,3,-1,4,0,5,-1,5,0,2,-1,4,5,6,-1,4,6,7,-1,7,6,8,-1,7,8,9,-1,9,8,10,-1,9,10,11,-1,11,10,12,-1,11,12,13,-1,13,12,14,-1,13,14,15,-1,15,14,16,-1,15,16,17,-1,17,16,18,-1,17,18,19,-1,19,18,20,-1,19,20,21,-1,21,20,22,-1,21,22,23,-1,23,22,24,-1,23,24,25,-1,25,24,26,-1,25,26,27,-1,27,26,28,-1,27,28,29,-1,30,29,31,-1,31,29,28,-1,32,30,33,-1,33,30,31,-1,32,34,35,-1,32,35,30,-1,35,1,30,-1,30,1,0,-1,30,0,29,-1,29,0,4,-1,29,4,27,-1,9,11,25,-1,11,13,25,-1,25,13,15,-1,25,15,17,-1,27,4,25,-1,25,4,7,-1,25,7,9,-1,19,21,17,-1,17,21,23,-1,17,23,25,-1,31,3,33,-1,33,3,36,-1,33,36,37,-1,28,5,31,-1,31,5,2,-1,31,2,3,-1,20,18,16,-1,14,12,24,-1,24,12,10,-1,24,10,8,-1,14,24,16,-1,16,24,22,-1,16,22,20,-1,28,26,5,-1,5,26,24,-1,5,24,6,-1,6,24,8,-1,34,32,37,-1,37,32,33,-1,36,3,35,-1,35,3,1,-1,38,39,40,-1,40,39,41,-1,38,40,42,-1,42,40,43,-1,41,39,44,-1,44,39,45,-1,39,38,45,-1,45,38,42,-1,43,40,44,-1,44,40,41,-1,46,47,48,-1,48,47,49,-1,50,46,51,-1,51,46,48,-1,50,51,52,-1,50,52,53,-1,53,52,54,-1,53,54,55,-1,55,54,56,-1,55,56,57,-1,57,56,58,-1,57,58,59,-1,59,58,60,-1,59,60,61,-1,61,60,62,-1,61,62,63,-1,63,62,64,-1,63,64,65,-1,65,64,66,-1,65,66,67,-1,67,66,68,-1,67,68,69,-1,69,68,70,-1,69,70,71,-1,71,70,72,-1,71,72,73,-1,73,72,74,-1,73,74,75,-1,76,75,77,-1,77,75,74,-1,78,76,79,-1,79,76,77,-1,77,49,79,-1,79,49,80,-1,79,80,81,-1,56,54,74,-1,66,64,62,-1,54,52,74,-1,74,52,51,-1,74,51,77,-1,77,51,48,-1,77,48,49,-1,56,74,58,-1,58,74,72,-1,58,72,70,-1,70,68,58,-1,58,68,66,-1,58,66,60,-1,60,66,62,-1,78,82,83,-1,78,83,76,-1,53,55,75,-1,83,47,76,-1,76,47,46,-1,76,46,75,-1,75,46,50,-1,75,50,53,-1,55,57,75,-1,75,57,59,-1,75,59,61,-1,61,63,75,-1,75,63,65,-1,75,65,67,-1,67,69,75,-1,75,69,71,-1,75,71,73,-1,80,49,83,-1,83,49,47,-1,82,78,81,-1,81,78,79,-1,84,85,86,-1,86,85,87,-1,88,85,89,-1,89,85,84,-1,88,89,90,-1,90,89,91,-1,85,88,87,-1,87,88,90,-1,91,89,86,-1,86,89,84,-1,92,93,94,-1,94,93,95,-1,96,92,97,-1,97,92,94,-1,96,97,98,-1,96,98,99,-1,99,98,100,-1,99,100,101,-1,101,100,102,-1,101,102,103,-1,103,102,104,-1,103,104,105,-1,105,104,106,-1,105,106,107,-1,107,106,108,-1,107,108,109,-1,109,108,110,-1,109,110,111,-1,111,110,112,-1,111,112,113,-1,113,112,114,-1,113,114,115,-1,115,114,116,-1,115,116,117,-1,117,116,118,-1,117,118,119,-1,119,118,120,-1,119,120,121,-1,122,121,123,-1,123,121,120,-1,124,122,125,-1,125,122,123,-1,123,95,125,-1,125,95,126,-1,125,126,127,-1,120,97,123,-1,123,97,94,-1,123,94,95,-1,112,110,108,-1,106,104,116,-1,116,104,102,-1,116,102,100,-1,106,116,108,-1,108,116,114,-1,108,114,112,-1,120,118,97,-1,97,118,116,-1,97,116,98,-1,98,116,100,-1,124,128,129,-1,124,129,122,-1,129,93,122,-1,122,93,92,-1,122,92,121,-1,121,92,96,-1,121,96,119,-1,101,103,117,-1,103,105,117,-1,117,105,107,-1,117,107,109,-1,119,96,117,-1,117,96,99,-1,117,99,101,-1,111,113,109,-1,109,113,115,-1,109,115,117,-1,126,95,129,-1,129,95,93,-1,128,124,127,-1,127,124,125,-1,130,131,132,-1,132,131,133,-1,134,131,135,-1,135,131,130,-1,134,135,136,-1,136,135,137,-1,131,134,133,-1,133,134,136,-1,137,135,132,-1,132,135,130,-1,
        ]
    }
}
Shape{
    appearance Appearance {
        material  Material 	{
            diffuseColor 0.2235294117647059 0.2235294117647059 0.2235294117647059
            specularColor 0.11372549019607843 0.11372549019607843 0.11372549019607843
            ambientIntensity 0.2235
            transparency 0.0
            shininess 0.5
        }
    }
    geometry IndexedFaceSet {
        ccw TRUE
        solid FALSE
        coord DEF co Coordinate {
            point [
                0.7478 0.0853 0.4724, 0.7478 0.4331 0.4724, 0.7478 0.0853 1.106, 0.7478 0.4331 1.4173, 0.7478 -0.0853 1.106, 0.7478 -0.4331 1.4173, 0.7478 -0.0853 0.4724, 0.7478 -0.4331 0.4724, -1.5356 -0.0853 0.4724, -1.5356 -0.4331 0.4724, -1.5356 -0.0853 1.106, -1.5356 -0.4331 1.4173, -1.5356 0.0853 1.106, -1.5356 0.4331 1.4173, -1.5356 0.0853 0.4724, -1.5356 0.4331 0.4724, -0.0986 0.2953 1.4173, -0.6892 0.2953 1.4173, -0.6892 -0.2953 1.4173, -0.0986 -0.2953 1.4173, -0.6892 0.2953 2.5984, -0.6892 -0.2953 2.5984, -0.5711 -0.1772 2.7165, -0.2167 -0.1772 2.7165, -0.5711 0.1772 2.7165, -0.2167 0.1772 2.7165, -0.0986 -0.2953 2.5984, -0.0986 0.2953 2.5984
            ]
        }
        coordIndex [
            0,1,2,-1,2,1,3,-1,2,3,4,-1,4,3,5,-1,4,5,6,-1,6,5,7,-1,8,9,10,-1,10,9,11,-1,10,11,12,-1,12,11,13,-1,12,13,14,-1,14,13,15,-1,6,7,8,-1,8,7,9,-1,13,3,15,-1,15,3,1,-1,5,11,7,-1,7,11,9,-1,16,3,17,-1,17,3,13,-1,17,13,18,-1,18,13,11,-1,18,11,19,-1,19,11,5,-1,19,5,16,-1,16,5,3,-1,15,1,14,-1,14,1,0,-1,2,4,12,-1,12,4,10,-1,4,6,10,-1,10,6,8,-1,2,12,0,-1,0,12,14,-1,20,17,21,-1,21,17,18,-1,22,23,24,-1,24,23,25,-1,26,19,27,-1,27,19,16,-1,27,16,20,-1,20,16,17,-1,21,18,26,-1,26,18,19,-1,27,25,26,-1,26,25,23,-1,20,24,27,-1,27,24,25,-1,22,21,23,-1,23,21,26,-1,21,22,20,-1,20,22,24,-1,
        ]
    }
}
Shape{
    appearance Appearance {
        material  Material 	{
            diffuseColor 0.8509803921568627 0.8509803921568627 0.8509803921568627
            specularColor 0.4235294117647059 0.4235294117647059 0.4235294117647059
            ambientIntensity 0.851
            transparency 0.0
            shininess 0.5
        }
    }
    geometry IndexedFaceSet {
        ccw TRUE
        solid FALSE
        coord DEF co Coordinate {
            point [
                1.7321 -0.0341 0.8295, 1.7321 -0.0341 0.8041, 1.7321 0.0276 0.8041, 1.7321 -0.0341 0.9311, 1.7321 -0.0341 0.9123, 1.7321 0.0276 0.9123, 1.7321 0.1283 0.8173, 1.7321 0.1298 0.8189, 1.7321 0.1298 0.8295, 1.7321 0.0521 0.9957, 1.7321 0.0569 0.9963, 1.7321 0.0314 0.9963, 1.7321 0.0686 0.9315, 1.7321 0.0644 0.9311, 1.7321 0.0856 0.9311, 1.7321 0.6074 1.3744, 1.7321 0.5935 1.3976, 1.7321 0.2101 1.3976, 1.7321 0.0976 0.9884, 1.7321 0.0976 0.9679, 1.7321 0.1149 0.9679, 1.7321 0.2401 0.9317, 1.7321 0.2336 0.9492, 1.7321 0.2101 0.9492, 1.7321 0.1006 0.8296, 1.7321 0.0998 0.8295, 1.7321 0.1149 0.8295, 1.7321 0.087 0.8298, 1.7321 0.0856 0.8303, 1.7321 0.0856 0.8295, 1.7321 0.1778 0.8867, 1.7321 0.1778 0.8662, 1.7321 0.1898 0.8662, 1.7321 -0.0896 0.9458, 1.7321 -0.0772 0.9353, 1.7321 -0.0341 0.9963, 1.7321 -0.1402 0.9963, 1.7321 -0.13 0.9892, 1.7321 -0.1146 0.9713, 1.7321 -0.1054 0.9532, 1.7321 -0.1031 0.9525, 1.7321 -0.2342 1.0027, 1.7321 -0.2132 1.0104, 1.7321 -0.5101 1.3976, 1.7321 -0.0341 1.3976, 1.7321 -0.1711 1.0105, 1.7321 -0.1484 1.0019, 1.7321 -0.1919 1.0129, 1.7321 -0.2447 0.9963, 1.7321 -0.5101 0.9963, 1.7321 -0.2466 0.9951, 1.7321 -0.5101 0.9311, 1.7321 -0.3444 0.9311, 1.7321 -0.3404 0.9401, 1.7321 -0.3295 0.9542, 1.7321 -0.295 0.9738, 1.7321 -0.2771 0.976, 1.7321 -0.2573 0.986, 1.7321 -0.2718 0.9757, 1.7321 -0.2666 0.9751, 1.7321 -0.3264 0.9571, 1.7321 -0.3119 0.9673, 1.7321 -0.3175 0.8405, 1.7321 -0.3317 0.8526, 1.7321 -0.5101 0.8295, 1.7321 -0.301 0.8325, 1.7321 -0.3421 0.8675, 1.7321 -0.3487 0.8844, 1.7321 -0.5101 0.9123, 1.7321 -0.3509 0.9022, 1.7321 -0.3507 0.9066, 1.7321 -0.3497 0.9123, 1.7321 -0.3477 0.9237, 1.7321 -0.2953 0.8307, 1.7321 -0.2947 0.8295, 1.7321 -0.2907 0.821, 1.7321 -0.5101 0.8041, 1.7321 -0.284 0.8126, 1.7321 -0.275 0.8059, 1.7321 -0.5101 0.4724, 1.7321 -0.2645 0.8015, 1.7321 -0.2709 0.8041, 1.7321 -0.2332 0.8041, 1.7321 -0.241 0.8011, 1.7321 -0.0341 0.4724, 1.7321 -0.252 0.7998, 1.7321 -0.2538 0.7998, 1.7321 -0.2094 0.8295, 1.7321 -0.2094 0.8293, 1.7321 -0.2148 0.8192, 1.7321 -0.2218 0.8113, 1.7321 -0.2308 0.805, 1.7321 -0.0624 0.9085, 1.7321 -0.0603 0.8936, 1.7321 -0.1512 0.8564, 1.7321 -0.1481 0.8576, 1.7321 -0.1427 0.8836, 1.7321 -0.0771 0.8503, 1.7321 -0.0895 0.8398, 1.7321 -0.2179 0.8758, 1.7321 -0.1568 0.9077, 1.7321 -0.2258 0.8831, 1.7321 -0.2355 0.8883, 1.7321 -0.154 0.8544, 1.7321 -0.0681 0.8629, 1.7321 -0.0888 0.8971, 1.7321 -0.0909 0.9059, 1.7321 -0.0944 0.9123, 1.7321 -0.321 0.9123, 1.7321 -0.0624 0.8773, 1.7321 -0.1445 0.8581, 1.7321 -0.1441 0.858, 1.7321 -0.1427 0.8577, 1.7321 -0.3184 0.885, 1.7321 -0.3129 0.8758, 1.7321 -0.2898 0.871, 1.7321 -0.3048 0.8674, 1.7321 -0.2948 0.8613, 1.7321 -0.273 0.8861, 1.7321 -0.2823 0.8796, 1.7321 -0.3222 0.9032, 1.7321 -0.3216 0.8961, 1.7321 -0.2629 0.89, 1.7321 -0.252 0.8913, 1.7321 -0.2465 0.891, 1.7321 -0.1587 0.8439, 1.7321 -0.1586 0.8457, 1.7321 -0.2065 0.8499, 1.7321 -0.1576 0.8492, 1.7321 -0.1559 0.8523, 1.7321 -0.0978 0.869, 1.7321 -0.0928 0.8761, 1.7321 -0.0896 0.8843, 1.7321 -0.0885 0.8931, 1.7321 -0.148 0.8302, 1.7321 -0.151 0.8314, 1.7321 -0.154 0.8335, 1.7321 -0.1551 0.8346, 1.7321 -0.157 0.8375, 1.7321 -0.1582 0.8406, 1.7321 -0.2067 0.8406, 1.7321 -0.2065 0.8453, 1.7321 -0.1034 0.833, 1.7321 -0.1186 0.8298, 1.7321 -0.1455 0.8298, 1.7321 -0.1418 0.8576, 1.7321 -0.1213 0.8576, 1.7321 -0.1131 0.8592, 1.7321 -0.1051 0.8629, 1.7321 -0.0984 0.8684, 1.7321 -0.1277 0.9287, 1.7321 -0.3169 0.9243, 1.7321 -0.3208 0.9142, 1.7321 -0.1241 0.9287, 1.7321 -0.0951 0.9137, 1.7321 -0.1004 0.9196, 1.7321 -0.1074 0.9245, 1.7321 -0.1154 0.9276, 1.7321 -0.1375 0.956, 1.7321 -0.1478 0.9683, 1.7321 -0.2525 0.9419, 1.7321 -0.1489 0.9693, 1.7321 -0.1617 0.9782, 1.7321 -0.2455 0.9563, 1.7321 -0.3122 0.9311, 1.7321 -0.2557 0.9436, 1.7321 -0.1282 0.9311, 1.7321 -0.1305 0.9414, 1.7321 -0.2659 0.9474, 1.7321 -0.2766 0.9487, 1.7321 -0.2814 0.9484, 1.7321 -0.2353 0.9685, 1.7321 -0.176 0.9837, 1.7321 -0.2231 0.9774, 1.7321 -0.1915 0.9856, 1.7321 -0.2082 0.9834, 1.7321 -0.2926 0.9458, 1.7321 -0.3028 0.9404, 1.7321 -0.3106 0.9334, 1.7321 -0.0742 0.9311, 1.7321 -0.0679 0.9224, 1.7321 -0.0639 0.9123, 1.7321 0.204 0.8374, 1.7321 0.204 0.83, 1.7321 0.2101 0.8295, 1.7321 0.1898 0.8295, 1.7321 0.2007 0.8589, 1.7321 0.1898 0.8589, 1.7321 0.1898 0.8374, 1.7321 0.1778 0.8589, 1.7321 0.1778 0.8374, 1.7321 0.2007 0.8662, 1.7321 0.2026 0.8867, 1.7321 0.1898 0.8867, 1.7321 0.1898 0.83, 1.7321 0.1696 0.83, 1.7321 0.1652 0.8295, 1.7321 0.1696 0.8941, 1.7321 0.0376 0.8519, 1.7321 0.0388 0.8648, 1.7321 0.036 0.8496, 1.7321 0.0348 0.8468, 1.7321 0.059 0.8325, 1.7321 0.0562 0.8306, 1.7321 0.063 0.83, 1.7321 0.0532 0.8295, 1.7321 0.0711 0.83, 1.7321 0.0314 0.8295, 1.7321 0.0357 0.8359, 1.7321 0.0347 0.8386, 1.7321 0.0464 0.8759, 1.7321 0.0314 0.9123, 1.7321 0.0404 0.8736, 1.7321 0.0388 0.8726, 1.7321 0.0819 0.8399, 1.7321 0.0711 0.8595, 1.7321 0.0819 0.8317, 1.7321 0.0314 0.8041, 1.7321 0.0442 0.8295, 1.7321 0.044 0.8295, 1.7321 0.0409 0.8307, 1.7321 0.0401 0.854, 1.7321 0.0435 0.8558, 1.7321 0.0436 0.868, 1.7321 0.0495 0.8572, 1.7321 0.0565 0.87, 1.7321 0.0538 0.8703, 1.7321 0.0486 0.8698, 1.7321 0.063 0.8371, 1.7321 0.0628 0.8371, 1.7321 0.0615 0.8352, 1.7321 0.0382 0.8326, 1.7321 0.0373 0.8335, 1.7321 0.085 0.838, 1.7321 0.0856 0.8378, 1.7321 0.0856 0.8548, 1.7321 0.0832 0.8689, 1.7321 0.0654 0.8739, 1.7321 0.0675 0.8718, 1.7321 0.0343 0.8423, 1.7321 0.0343 0.8434, 1.7321 0.0704 0.8656, 1.7321 0.0823 0.8603, 1.7321 0.0823 0.8663, 1.7321 0.0545 0.8768, 1.7321 0.0594 0.8764, 1.7321 0.0627 0.8754, 1.7321 0.063 0.8591, 1.7321 0.0628 0.8627, 1.7321 0.0619 0.8655, 1.7321 0.061 0.8672, 1.7321 0.0692 0.8692, 1.7321 0.082 0.8635, 1.7321 0.0856 0.8548, 1.7321 0.0843 0.8562, 1.7321 0.0832 0.8579, 1.7321 0.0598 0.8685, 1.7321 0.0583 0.8694, 1.7321 0.0896 0.8295, 1.7321 0.0856 0.8041, 1.7321 0.0943 0.829, 1.7321 0.1106 0.8748, 1.7321 0.1106 0.867, 1.7321 0.1124 0.8393, 1.7321 0.1115 0.8367, 1.7321 0.11 0.8346, 1.7321 0.0847 0.8711, 1.7321 0.0856 0.8719, 1.7321 0.0856 0.9123, 1.7321 0.0871 0.8732, 1.7321 0.0896 0.8747, 1.7321 0.094 0.8762, 1.7321 0.0998 0.8768, 1.7321 0.1149 0.9123, 1.7321 0.1053 0.8764, 1.7321 0.1101 0.8501, 1.7321 0.1116 0.8478, 1.7321 0.1125 0.8455, 1.7321 0.1128 0.8425, 1.7321 0.1077 0.8326, 1.7321 0.105 0.8311, 1.7321 0.099 0.8703, 1.7321 0.0966 0.8702, 1.7321 0.0902 0.8642, 1.7321 0.0945 0.8696, 1.7321 0.0927 0.8686, 1.7321 0.0903 0.8631, 1.7321 0.0906 0.8619, 1.7321 0.0912 0.8608, 1.7321 0.092 0.8599, 1.7321 0.0948 0.8581, 1.7321 0.1043 0.8697, 1.7321 0.0998 0.856, 1.7321 0.1088 0.8681, 1.7321 0.1029 0.8547, 1.7321 0.1082 0.8518, 1.7321 0.0915 0.8676, 1.7321 0.0908 0.8665, 1.7321 0.0904 0.8655, 1.7321 0.09 0.8361, 1.7321 0.0941 0.8502, 1.7321 0.0893 0.8523, 1.7321 0.0951 0.8355, 1.7321 0.0955 0.8355, 1.7321 0.0994 0.848, 1.7321 0.0996 0.836, 1.7321 0.1046 0.8417, 1.7321 0.1045 0.8427, 1.7321 0.1017 0.8367, 1.7321 0.1024 0.8372, 1.7321 0.1033 0.838, 1.7321 0.104 0.839, 1.7321 0.1044 0.8402, 1.7321 0.1041 0.844, 1.7321 0.1035 0.845, 1.7321 0.1025 0.8461, 1.7321 0.2492 0.9317, 1.7321 0.2101 0.9311, 1.7321 0.6693 0.9311, 1.7321 0.6693 0.9963, 1.7321 0.2248 0.9957, 1.7321 0.2101 0.9963, 1.7321 0.2069 0.9492, 1.7321 0.2007 0.9317, 1.7321 0.1898 0.9311, 1.7321 0.1916 0.9317, 1.7321 0.1898 0.9963, 1.7321 0.2101 0.9801, 1.7321 0.216 0.9957, 1.7321 0.1652 0.9311, 1.7321 0.1644 0.933, 1.7321 0.1535 0.9317, 1.7321 0.1359 0.9317, 1.7321 0.1359 0.9957, 1.7321 0.1298 0.9963, 1.7321 0.1542 0.9957, 1.7321 0.1652 0.9963, 1.7321 0.1298 0.9311, 1.7321 0.1863 0.9529, 1.7321 0.1831 0.9463, 1.7321 0.1807 0.985, 1.7321 0.1846 0.9794, 1.7321 0.1784 0.9406, 1.7321 0.1717 0.9358, 1.7321 0.1652 0.9333, 1.7321 0.1784 0.9872, 1.7321 0.164 0.9946, 1.7321 0.1652 0.9942, 1.7321 0.1717 0.9918, 1.7321 0.187 0.9733, 1.7321 0.188 0.9645, 1.7321 0.1879 0.9604, 1.7321 0.1238 0.939, 1.7321 0.1238 0.9317, 1.7321 0.1149 0.9311, 1.7321 0.1149 0.9963, 1.7321 0.1223 0.9957, 1.7321 0.1149 0.9957, 1.7321 0.1223 0.9884, 1.7321 0.1205 0.9605, 1.7321 0.1149 0.9605, 1.7321 0.1149 0.939, 1.7321 0.0976 0.9605, 1.7321 0.0976 0.939, 1.7321 0.1205 0.9679, 1.7321 0.1149 0.9884, 1.7321 0.0893 0.9957, 1.7321 0.0856 0.9963, 1.7321 0.0893 0.9317, 1.7321 0.6693 1.2636, 1.7321 0.6664 1.2895, 1.7321 0.658 1.3141, 1.7321 0.6443 1.3363, 1.7321 0.6262 1.3549, 1.7321 -0.5935 1.3976, 1.7321 -0.6074 1.3744, 1.7321 -0.6262 1.3549, 1.7321 -0.6443 1.3363, 1.7321 -0.658 1.3141, 1.7321 -0.6664 1.2895, 1.7321 0.0697 0.9961, 1.7321 0.0765 0.9942, 1.7321 0.1149 0.9317, 1.7321 0.0765 0.9855, 1.7321 0.0754 0.9338, 1.7321 0.0614 0.9893, 1.7321 0.0586 0.9892, 1.7321 0.0542 0.9386, 1.7321 0.06 0.938, 1.7321 0.0642 0.9382, 1.7321 0.0758 0.9859, 1.7321 0.0713 0.9398, 1.7321 0.0765 0.9422, 1.7321 0.0765 0.9343, 1.7321 0.0452 0.9431, 1.7321 0.0373 0.9603, 1.7321 0.0435 0.9447, 1.7321 0.0384 0.954, 1.7321 0.0405 0.9488, 1.7321 0.0693 0.9884, 1.7321 0.0531 0.9881, 1.7321 0.0481 0.9857, 1.7321 0.044 0.9822, 1.7321 0.0435 0.9817, 1.7321 0.0404 0.9773, 1.7321 0.0383 0.9717, 1.7321 0.0372 0.963, 1.7321 0.0495 0.9402, 1.7321 0.0613 0.9968, 1.7321 0.0314 1.3976, 1.7321 0.0682 0.9963, 1.7321 0.0856 1.3976, 1.7321 0.0332 0.9813, 1.7321 0.0378 0.9874, 1.7321 0.0394 0.9889, 1.7321 0.0454 0.9931, 1.7321 0.0314 0.9479, 1.7321 0.0298 0.9521, 1.7321 0.0276 0.9311, 1.7321 0.0286 0.9625, 1.7321 0.0287 0.9658, 1.7321 0.0276 0.9963, 1.7321 0.0301 0.9742, 1.7321 0.0314 0.9772, 1.7321 0.0412 0.9355, 1.7321 0.0368 0.9393, 1.7321 0.0314 0.9311, 1.7321 0.0362 0.9399, 1.7321 0.0324 0.9454, 1.7321 0.0588 0.9306, 1.7321 0.0539 0.9309, 1.7321 0.0529 0.9311, 1.7321 0.0471 0.9325, 1.7321 0.053 0.8294, 1.7321 0.0488 0.829, 1.7321 0.1526 0.8758, 1.7321 0.1609 0.8758, 1.7321 0.1652 0.9123, 1.7321 0.2026 0.8941, 1.7321 0.2101 0.9123, 1.7321 0.1898 0.8941, 1.7321 0.1898 0.9123, 1.7321 0.1427 0.8295, 1.7321 0.1379 0.8414, 1.7321 0.1389 0.8376, 1.7321 0.1391 0.8376, 1.7321 0.1298 0.9123, 1.7321 0.1298 0.8647, 1.7321 0.1401 0.8413, 1.7321 0.1395 0.8392, 1.7321 0.1298 0.8431, 1.7321 0.117 0.8758, 1.7321 0.126 0.8758, 1.7321 0.1349 0.8301, 1.7321 0.1347 0.8295, 1.7321 0.1314 0.8218, 1.7321 0.1149 0.8041, 1.7321 0.1187 0.8092, 1.7321 0.1187 0.8163, 1.7321 0.1203 0.8158, 1.7321 0.1232 0.8154, 1.7321 0.1298 0.8099, 1.7321 0.1271 0.8089, 1.7321 0.1298 0.8041, 1.7321 0.1238 0.8085, 1.7321 0.1221 0.8086, 1.7321 0.1252 0.8156, 1.7321 0.1269 0.8163, 1.7321 0.1402 0.8231, 1.7321 0.1365 0.8161, 1.7321 0.1652 0.8041, 1.7321 0.1336 0.8125, 1.7321 0.133 0.812, 1.7321 0.1302 0.8101, 1.7321 -0.6693 0.4724, 1.7321 -0.6693 0.8041, 1.7321 -0.6693 0.8295, 1.7321 -0.6693 0.9123, 1.7321 -0.6693 0.9311, 1.7321 -0.6693 0.9963, 1.7321 -0.6693 1.2636, 1.7321 0.0259 0.939, 1.7321 0.0259 0.9317, 1.7321 -0.0078 0.9317, 1.7321 0.0004 0.9957, 1.7321 0.0004 0.939, 1.7321 -0.0078 0.9957, 1.7321 0.0004 0.8589, 1.7321 0.0004 0.8374, 1.7321 0.0233 0.8589, 1.7321 0.0266 0.8374, 1.7321 0.0233 0.8662, 1.7321 0.0004 0.8867, 1.7321 0.0004 0.8662, 1.7321 0.0252 0.8867, 1.7321 0.0276 0.8295, 1.7321 0.0266 0.83, 1.7321 -0.0078 0.83, 1.7321 -0.0078 0.8941, 1.7321 0.0252 0.8941, 1.7321 0.0276 1.3976, 1.7321 0.1898 1.3976, 1.7321 0.1652 1.3976, 1.7321 0.1298 1.3976, 1.7321 0.1149 1.3976, 1.7321 0.6693 0.9123, 1.7321 0.2161 0.83, 1.7321 0.2161 0.8941, 1.7321 0.2337 0.83, 1.7321 0.2962 0.8941, 1.7321 0.3051 0.8941, 1.7321 0.2718 0.83, 1.7321 0.2634 0.8447, 1.7321 0.2586 0.839, 1.7321 0.3203 0.83, 1.7321 0.3295 0.83, 1.7321 0.6693 0.8295, 1.7321 0.3138 0.8476, 1.7321 0.2871 0.8476, 1.7321 0.281 0.83, 1.7321 0.2519 0.8342, 1.7321 0.2446 0.8314, 1.7321 0.2586 0.8856, 1.7321 0.2609 0.8834, 1.7321 0.2648 0.8778, 1.7321 0.2672 0.8717, 1.7321 0.2344 0.8941, 1.7321 0.2442 0.893, 1.7321 0.2519 0.8902, 1.7321 0.2683 0.8629, 1.7321 0.2681 0.8588, 1.7321 0.2665 0.8513, 1.7321 0.1898 0.8041, 1.7321 0.2101 0.8041, 1.7321 0.6693 0.8041, 1.7321 0.0276 0.4724, 1.7321 0.0314 0.4724, 1.7321 0.0856 0.4724, 1.7321 0.1149 0.4724, 1.7321 0.1298 0.4724, 1.7321 0.1652 0.4724, 1.7321 0.1898 0.4724, 1.7321 0.2101 0.4724, 1.7321 0.6693 0.4724, -1.7325 -0.7677 1.2282, -1.7325 -0.7677 0.4724, -1.1419 -0.7677 0.4724, -1.1419 -0.7677 0.1988, -0.6301 -0.7677 0.1988, -0.6301 -0.7677 0.4724, 0.6297 -0.7677 0.1988, 1.1415 -0.7677 0.1988, 0.6297 -0.7677 0.4724, 1.1415 -0.7677 0.4724, -1.5735 -0.7677 1.3976, -1.5855 -0.7677 1.3805, -1.6038 -0.7677 1.3628, -1.6256 -0.7677 1.3495, 0.4329 -0.7677 1.1811, 0.4329 -0.7677 1.1022, 0.4329 -0.7677 1.0236, 0.4329 -0.7677 0.4724, -0.4333 -0.7677 0.4724, -0.4333 -0.7677 1.0236, -0.4333 -0.7677 1.1022, 0.0564 -0.7677 1.2595, 0.0778 -0.7677 1.2582, 1.5731 -0.7677 1.3976, 0.1113 -0.7677 1.2532, 0.1267 -0.7677 1.2509, 0.1651 -0.7677 1.242, 1.7321 -0.7677 0.4724, 1.7321 -0.7677 1.2282, -1.6452 -0.7677 1.3422, -1.6736 -0.7677 1.3304, -1.698 -0.7677 1.3116, -0.2868 -0.7677 1.2119, -0.2182 -0.7677 1.2324, -0.1095 -0.7677 1.2537, -0.0961 -0.7677 1.2558, -0.0543 -0.7677 1.2592, -1.7167 -0.7677 1.2872, -1.7285 -0.7677 1.2587, -0.1641 -0.7677 1.2448, -0.159 -0.7677 1.246, -0.0331 -0.7677 1.2609, 0.001 -0.7677 1.2612, 0.0253 -0.7677 1.2615, 0.197 -0.7677 1.2347, 0.2185 -0.7677 1.2287, 0.3155 -0.7677 1.2016, 0.3245 -0.7677 1.1993, 0.3729 -0.7677 1.1874, 0.378 -0.7677 1.1867, 1.6252 -0.7677 1.3495, 1.6035 -0.7677 1.3628, 1.5851 -0.7677 1.3805, 0.408 -0.7677 1.1824, 1.6976 -0.7677 1.3116, 1.6732 -0.7677 1.3304, 1.6448 -0.7677 1.3422, 1.7281 -0.7677 1.2587, 1.7163 -0.7677 1.2872, -0.4333 -0.7677 1.1811, -0.3907 -0.7677 1.1844, -0.3781 -0.7677 1.1871, -0.3515 -0.7677 1.1927, -0.3244 -0.7677 1.2007, 0.6297 0.689 0.1988, 1.1415 0.689 0.1988, 0.6297 0.689 0.4724, 1.1415 0.689 0.4724, -1.7325 0.689 1.2282, -1.7325 0.689 0.4724, -1.1419 0.689 0.4724, 0.4329 0.689 1.1811, 0.4329 0.689 1.1023, 0.4329 0.689 1.0236, 0.4329 0.689 0.4724, -0.4333 0.689 0.4724, -0.4333 0.689 1.0236, -0.6301 0.689 0.4724, -0.6301 0.689 0.1988, -1.1419 0.689 0.1988, -1.5735 0.689 1.3976, -1.5855 0.689 1.3805, -1.6038 0.689 1.3628, -1.6256 0.689 1.3495, 1.6448 0.689 1.3422, 1.6252 0.689 1.3495, 0.0543 0.689 1.2283, 0.0945 0.689 1.2266, 1.5731 0.689 1.3976, 0.1088 0.689 1.2252, 1.6732 0.689 1.3304, 0.1686 0.689 1.2194, 0.2171 0.689 1.2125, 0.2492 0.689 1.2079, -1.6452 0.689 1.3422, -1.6736 0.689 1.3304, -1.698 0.689 1.3116, -0.2176 0.689 1.2136, -0.1465 0.689 1.2224, -0.1092 0.689 1.2251, -0.062 0.689 1.2284, -0.0002 0.689 1.2293, 0.0233 0.689 1.2296, 1.7321 0.689 0.4724, 1.7321 0.689 1.2282, 1.7281 0.689 1.2587, -1.7167 0.689 1.2872, -1.7285 0.689 1.2587, 0.3247 0.689 1.1947, 0.3378 0.689 1.1924, 0.3785 0.689 1.1857, 1.6035 0.689 1.3628, 1.5851 0.689 1.3805, 0.3885 0.689 1.1841, -0.4333 0.689 1.1023, -0.4333 0.689 1.1811, -0.3903 0.689 1.1839, -0.3789 0.689 1.1858, -0.3258 0.689 1.1948, -0.2235 0.689 1.2128, 1.7163 0.689 1.2872, 1.6976 0.689 1.3116, -1.1419 0.7677 0.1988, -1.1419 0.7677 0.4724, 1.1415 0.7677 0.1988, 1.1415 0.7677 0.4724, 0.6297 0.7677 0.1988, 0.6297 0.7677 0.4724, -0.6301 0.7677 0.1988, -0.6301 0.7677 0.4724, -1.5819 0.6299 1.4567, -1.5947 0.6156 1.4567, -1.5819 0.6299 1.4961, -1.5947 0.6156 1.5354, -1.5819 0.6299 1.5354, -0.7089 0.315 1.4567, 0.7085 0.315 1.4567, 1.5815 0.6299 1.4567, -0.7089 -0.315 1.4567, -1.5947 -0.6156 1.4567, 1.5943 0.6156 1.4567, 1.5943 -0.6156 1.4567, 0.7085 -0.315 1.4567, 1.5815 -0.6299 1.4567, -1.5819 -0.6299 1.4567, -1.5819 -0.6299 1.5354, -1.5947 -0.6156 1.5354, -1.5819 -0.6299 1.4961, -0.7089 0.315 1.5354, 0.7085 0.315 1.5354, 1.5815 0.6299 1.5354, 1.5943 0.6156 1.5354, 0.7085 -0.315 1.5354, 1.5943 -0.6156 1.5354, -0.7089 -0.315 1.5354, 1.5815 -0.6299 1.5354, -0.4333 0.7677 1.1811, -0.4333 0.7677 1.1029, -0.4333 0.7677 1.0236, -0.4333 0.7677 0.4724, 1.7321 0.7677 1.2282, 1.7321 0.7677 0.4724, -1.6452 0.7677 1.3422, -1.6256 0.7677 1.3495, 0.4329 0.7677 0.4724, 0.4329 0.7677 1.0236, -1.6736 0.7677 1.3304, -1.6038 0.7677 1.3628, -1.5855 0.7677 1.3805, -1.5735 0.7677 1.3976, -0.4008 0.7677 1.1831, 1.5731 0.7677 1.3976, 1.5851 0.7677 1.3805, 1.6035 0.7677 1.3628, 1.6252 0.7677 1.3495, 0.1652 0.7677 1.2424, 0.1188 0.7677 1.2523, 0.1113 0.7677 1.2534, 0.0713 0.7677 1.2588, 0.2676 0.7677 1.2152, 0.2184 0.7677 1.2285, 0.1741 0.7677 1.2404, -1.7325 0.7677 0.4724, -1.7325 0.7677 1.2282, -1.7285 0.7677 1.2587, 0.0565 0.7677 1.2596, 0.0146 0.7677 1.2617, 0.001 0.7677 1.2614, -0.0417 0.7677 1.2605, -0.0544 0.7677 1.2593, -0.1031 0.7677 1.2549, -0.1095 0.7677 1.2539, -0.1642 0.7677 1.2449, -0.1656 0.7677 1.2447, -0.218 0.7677 1.2322, -1.7167 0.7677 1.2872, -1.698 0.7677 1.3116, 1.6448 0.7677 1.3422, 1.6732 0.7677 1.3304, 1.6976 0.7677 1.3116, 0.4329 0.7677 1.1029, 0.4329 0.7677 1.1811, 0.3912 0.7677 1.1843, 0.378 0.7677 1.1869, 0.3491 0.7677 1.1928, 0.3246 0.7677 1.1995, 1.7163 0.7677 1.2872, 1.7281 0.7677 1.2587, -0.2269 0.7677 1.2301, -0.316 0.7677 1.2029, -0.3244 0.7677 1.2006, -0.3634 0.7677 1.1897, -0.3781 0.7677 1.1871, 0.38 0.7617 0.4724, 0.3976 0.685 0.4724, 0.3297 0.744 0.4724, 0.3641 0.6732 0.4724, 0.1029 0.6339 0.4724, 0.1373 0.5631 0.4724, 0.0527 0.6162 0.4724, 0.0773 0.5412 0.4724, -0.0002 0.6102 0.4724, -0.0002 0.5315 0.4724, -0.0531 0.6162 0.4724, -0.0777 0.5412 0.4724, -0.1033 0.6339 0.4724, -0.1377 0.5631 0.4724, -0.3301 0.744 0.4724, -0.3645 0.6732 0.4724, -0.3804 0.7617 0.4724, -0.398 0.685 0.4724, 1.5731 0.7283 1.3976, -1.5735 0.7283 1.3976, 1.5815 -0.6299 1.4961, 1.5815 0.6299 1.4961, -1.5711 0.7666 1.4102, -1.571 0.7279 1.4066, -1.5689 0.7655 1.4221, -1.5691 0.7656 1.4207, -1.569 0.6877 1.4084, -1.5751 0.6473 1.4945, -1.5723 0.6558 1.4925, -1.573 0.6441 1.455, -1.5783 0.6386 1.4957, -1.5757 0.6529 1.5326, -1.5754 0.6542 1.5325, -1.5731 0.6625 1.5314, -1.5699 0.6642 1.4898, -1.5702 0.6777 1.5257, -1.5687 0.6852 1.5229, -1.5693 0.6879 1.4075, -1.5708 0.6887 1.4035, -1.571 0.6887 1.403, -1.5663 0.6861 1.4157, -1.5658 0.7582 1.4457, -1.5688 0.7653 1.4226, -1.5657 0.685 1.4183, -1.5651 0.6837 1.4213, -1.5648 0.7558 1.4532, -1.5639 0.6814 1.4266, -1.5648 0.7556 1.4538, -1.5641 0.748 1.4667, -1.5638 0.6808 1.4274, -1.5633 0.7395 1.4812, -1.5634 0.6763 1.4338, -1.5633 0.7385 1.4822, -1.5633 0.6752 1.4354, -1.5634 0.7354 1.4855, -1.5633 0.6747 1.4361, -1.5639 0.7214 1.5007, -1.5641 0.6684 1.4422, -1.5641 0.7198 1.5018, -1.5647 0.7142 1.5056, -1.5644 0.6664 1.4441, -1.5664 0.6998 1.5155, -1.5645 0.6662 1.4442, -1.5664 0.66 1.4482, -1.5671 0.6936 1.5197, -1.5675 0.6562 1.4505, -1.568 0.6892 1.5214, -1.5679 0.6554 1.4508, -1.5687 0.6537 1.4515, -1.5701 0.6505 1.4526, -1.5724 0.6455 1.4545, -1.5785 0.6352 1.456, -1.5757 0.6398 1.4555, -1.5753 0.6404 1.4554, 1.5686 0.7268 1.4147, 1.5688 0.7648 1.4214, 1.5672 0.7638 1.4299, 1.58 0.6321 1.4566, 1.58 0.6335 1.496, 1.5801 0.6349 1.535, 1.5767 0.6418 1.4953, 1.5753 0.6398 1.4556, 1.5738 0.65 1.4939, 1.574 0.642 1.4551, 1.5712 0.6582 1.4918, 1.5752 0.6523 1.5335, 1.575 0.653 1.5334, 1.574 0.6579 1.5319, 1.569 0.6808 1.5252, 1.5689 0.6663 1.489, 1.5658 0.7012 1.5145, 1.5673 0.6911 1.5202, 1.5673 0.6562 1.4502, 1.5689 0.7649 1.4206, 1.577 0.6365 1.4563, 1.5713 0.6469 1.454, 1.57 0.6493 1.4534, 1.5691 0.6517 1.4523, 1.5683 0.6536 1.4514, 1.5682 0.6853 1.5234, 1.5684 0.6837 1.5244, 1.5657 0.6603 1.4483, 1.5656 0.6606 1.448, 1.5644 0.711 1.509, 1.5643 0.6661 1.444, 1.5642 0.7143 1.506, 1.5639 0.7193 1.5014, 1.5637 0.6684 1.4423, 1.5634 0.6697 1.4413, 1.5629 0.7341 1.4878, 1.563 0.6751 1.4353, 1.5629 0.7355 1.4858, 1.563 0.6764 1.4339, 1.5631 0.738 1.4819, 1.5629 0.6775 1.4327, 1.5636 0.7487 1.466, 1.5636 0.6808 1.427, 1.5638 0.7525 1.4604, 1.5642 0.6835 1.4226, 1.5647 0.7552 1.4529, 1.5645 0.6839 1.4214, 1.5656 0.7585 1.4443, 1.5656 0.6851 1.4177, 1.5675 0.6875 1.4109, 1.5689 0.6879 1.4075, 1.5687 0.6878 1.4079, -1.569 -0.7268 1.4147, -1.5692 -0.7648 1.4214, -1.5676 -0.7638 1.4299, -1.5804 -0.6321 1.4566, -1.5756 -0.6398 1.4556, -1.5742 -0.65 1.4939, -1.5771 -0.6418 1.4953, -1.5694 -0.6808 1.5252, -1.5744 -0.6579 1.5319, -1.5754 -0.653 1.5334, -1.5756 -0.6523 1.5335, -1.5804 -0.6335 1.496, -1.5805 -0.6349 1.535, -1.5662 -0.7012 1.5145, -1.5677 -0.6911 1.5202, -1.5677 -0.6562 1.4502, -1.5693 -0.7649 1.4206, -1.5735 -0.7283 1.3976, -1.5774 -0.6365 1.4563, -1.5744 -0.642 1.4551, -1.5717 -0.6469 1.454, -1.5716 -0.6582 1.4918, -1.5704 -0.6493 1.4534, -1.5693 -0.6663 1.489, -1.5695 -0.6517 1.4523, -1.5687 -0.6536 1.4514, -1.5685 -0.6853 1.5234, -1.5688 -0.6837 1.5244, -1.5661 -0.6603 1.4483, -1.566 -0.6606 1.448, -1.5648 -0.711 1.509, -1.5647 -0.6661 1.444, -1.5646 -0.7143 1.506, -1.5643 -0.7193 1.5014, -1.5641 -0.6684 1.4423, -1.5638 -0.6697 1.4413, -1.5633 -0.7341 1.4878, -1.5634 -0.6751 1.4353, -1.5633 -0.7355 1.4858, -1.5634 -0.6764 1.4339, -1.5635 -0.738 1.4819, -1.5633 -0.6775 1.4327, -1.564 -0.7487 1.466, -1.564 -0.6808 1.427, -1.5642 -0.7525 1.4604, -1.5646 -0.6835 1.4226, -1.565 -0.7552 1.4529, -1.5649 -0.6839 1.4214, -1.566 -0.7585 1.4443, -1.5659 -0.6851 1.4177, -1.5679 -0.6875 1.4109, -1.5735 -0.689 1.3976, -1.5693 -0.6879 1.4075, -1.5691 -0.6878 1.4079, 1.5707 -0.7666 1.4102, 1.5706 -0.7279 1.4066, 1.5731 -0.7283 1.3976, 1.5704 -0.6887 1.4035, 1.5689 -0.6879 1.4075, 1.5687 -0.7656 1.4207, 1.5747 -0.6473 1.4945, 1.5719 -0.6558 1.4925, 1.5726 -0.6441 1.455, 1.5779 -0.6386 1.4957, 1.5753 -0.6529 1.5326, 1.575 -0.6542 1.5325, 1.5727 -0.6625 1.5314, 1.5695 -0.6642 1.4898, 1.5698 -0.6777 1.5257, 1.5684 -0.6852 1.5229, 1.5706 -0.6887 1.403, 1.5731 -0.689 1.3976, 1.5659 -0.6861 1.4157, 1.5654 -0.7582 1.4457, 1.5686 -0.6877 1.4084, 1.5684 -0.7653 1.4226, 1.5685 -0.7655 1.4221, 1.5653 -0.685 1.4183, 1.5647 -0.6837 1.4213, 1.5644 -0.7558 1.4532, 1.5635 -0.6814 1.4266, 1.5644 -0.7556 1.4538, 1.5637 -0.748 1.4667, 1.5634 -0.6808 1.4274, 1.5629 -0.7395 1.4812, 1.563 -0.6763 1.4338, 1.5629 -0.7385 1.4822, 1.5629 -0.6752 1.4354, 1.563 -0.7354 1.4855, 1.5629 -0.6747 1.4361, 1.5635 -0.7214 1.5007, 1.5637 -0.6684 1.4422, 1.5637 -0.7198 1.5018, 1.5643 -0.7142 1.5056, 1.564 -0.6664 1.4441, 1.566 -0.6998 1.5155, 1.5641 -0.6662 1.4442, 1.566 -0.66 1.4482, 1.5667 -0.6936 1.5197, 1.5671 -0.6562 1.4505, 1.5676 -0.6892 1.5214, 1.5675 -0.6554 1.4508, 1.5683 -0.6537 1.4515, 1.5697 -0.6505 1.4526, 1.572 -0.6455 1.4545, 1.5782 -0.6352 1.456, 1.5753 -0.6398 1.4555, 1.5749 -0.6404 1.4554, -1.7325 -0.689 1.2282, -1.7285 -0.689 1.2587, -1.7167 -0.689 1.2872, -1.698 -0.689 1.3116, -1.6736 -0.689 1.3304, -1.6452 -0.689 1.3422, -1.7325 -0.689 0.4724, -1.1419 -0.689 0.4724, -1.1419 -0.689 0.1988, -0.6301 -0.689 0.4724, -0.6301 -0.689 0.1988, -0.4333 -0.689 0.4724, -0.3804 -0.7617 0.4724, -0.398 -0.685 0.4724, -0.3301 -0.744 0.4724, -0.3645 -0.6732 0.4724, -0.1033 -0.6339 0.4724, -0.1377 -0.5631 0.4724, -0.0531 -0.6162 0.4724, -0.0777 -0.5412 0.4724, -0.0002 -0.6102 0.4724, -0.0002 -0.5315 0.4724, 0.0527 -0.6162 0.4724, 0.0773 -0.5412 0.4724, 0.1029 -0.6339 0.4724, 0.1373 -0.5631 0.4724, 0.3297 -0.744 0.4724, 0.3641 -0.6732 0.4724, 0.38 -0.7617 0.4724, 0.3976 -0.685 0.4724, 0.4329 -0.689 0.4724, 0.6297 -0.689 0.4724, 0.6297 -0.689 0.1988, 1.1415 -0.689 0.4724, 1.1415 -0.689 0.1988, 1.7321 -0.689 0.4724, 1.7321 -0.689 1.2282, 1.6448 -0.689 1.3422, 1.6732 -0.689 1.3304, 1.6976 -0.689 1.3116, 1.7163 -0.689 1.2872, 1.7281 -0.689 1.2587, 1.5851 -0.689 1.3805, 1.6035 -0.689 1.3628, 1.6252 -0.689 1.3495, -0.4333 -0.689 1.1811, -0.4333 -0.689 1.1023, -0.4333 -0.689 1.0236, 0.4329 -0.689 1.0236, 0.4329 -0.689 1.1023, 0.4329 -0.689 1.1811, -1.6256 -0.689 1.3495, 0.1282 -0.689 1.2237, 0.1088 -0.689 1.2251, -1.6038 -0.689 1.3628, -1.5855 -0.689 1.3805, -0.4019 -0.689 1.1826, 0.3247 -0.689 1.1949, 0.3153 -0.689 1.1965, -0.0234 -0.689 1.2295, -0.1026 -0.689 1.2261, -0.1092 -0.689 1.2255, -0.1859 -0.689 1.218, 0.2171 -0.689 1.2128, 0.2124 -0.689 1.2136, 0.0569 -0.689 1.2287, 0.0544 -0.689 1.2287, -0.0002 -0.689 1.2293, -0.2175 -0.689 1.2132, -0.2609 -0.689 1.2067, -0.3251 -0.689 1.1949, 0.3871 -0.689 1.1842, 0.3785 -0.689 1.1857, -0.3568 -0.689 1.1891, -0.3789 -0.689 1.1859, 1.61 -0.614 1.5341, 1.599 -0.6145 1.4565, 1.6356 -0.6113 1.5279, 1.6178 -0.6132 1.5334, 1.6121 -0.6113 1.4538, 1.6174 -0.6132 1.5334, 1.6041 -0.6132 1.4554, 1.601 -0.614 1.4561, 1.6594 -0.6086 1.518, 1.6509 -0.6096 1.5231, 1.6222 -0.6086 1.4492, 1.6498 -0.6097 1.5235, 1.6179 -0.6097 1.4513, 1.6137 -0.6109 1.4534, 1.6789 -0.6063 1.5063, 1.6271 -0.6073 1.4467, 1.6793 -0.6062 1.5061, 1.6304 -0.6063 1.444, 1.6806 -0.606 1.5048, 1.6311 -0.606 1.4434, 1.6951 -0.604 1.4915, 1.6369 -0.6042 1.4385, 1.6374 -0.604 1.4378, 1.6956 -0.604 1.4911, 1.6405 -0.6028 1.4337, 1.6533 -0.5935 1.3976, 1.6521 -0.5958 1.4075, 1.7292 -0.5958 1.4206, 1.652 -0.596 1.4083, 1.729 -0.596 1.4225, 1.6515 -0.597 1.4125, 1.7279 -0.5969 1.4309, 1.649 -0.5986 1.4186, 1.7219 -0.5986 1.4466, 1.6479 -0.5993 1.4213, 1.7195 -0.5993 1.4529, 1.6459 -0.6006 1.4264, 1.7157 -0.6004 1.4625, 1.6442 -0.6013 1.4287, 1.7104 -0.6013 1.47, 1.7021 -0.6028 1.4818, 1.6521 0.5958 1.4074, 1.6504 0.5978 1.4154, 1.7245 0.5978 1.4389, 1.7307 0.5951 1.4133, 1.6533 0.5935 1.3976, 1.6532 0.5946 1.4023, 1.6527 0.5951 1.4043, 1.7301 0.5958 1.4207, 1.73 0.5959 1.4211, 1.7147 0.6005 1.4628, 1.7198 0.5994 1.4542, 1.6458 0.6005 1.4255, 1.7201 0.5993 1.4531, 1.648 0.5993 1.4213, 1.6501 0.5982 1.417, 1.7029 0.6028 1.4823, 1.6434 0.6018 1.4304, 1.7027 0.6028 1.4826, 1.6406 0.6028 1.4337, 1.7015 0.603 1.484, 1.64 0.603 1.4345, 1.6881 0.605 1.4985, 1.6352 0.6048 1.4403, 1.6345 0.605 1.4408, 1.6877 0.6051 1.4989, 1.6303 0.6063 1.4438, 1.6041 0.6132 1.4554, 1.6173 0.6132 1.5326, 1.6049 0.613 1.4553, 1.6191 0.613 1.5323, 1.6091 0.612 1.4548, 1.6276 0.6121 1.5313, 1.6153 0.6104 1.4523, 1.6433 0.6104 1.5252, 1.6179 0.6097 1.4513, 1.6495 0.6097 1.5228, 1.6231 0.6084 1.4492, 1.6592 0.6087 1.5191, 1.6254 0.6077 1.4475, 1.6667 0.6077 1.5138, 1.6784 0.6063 1.5055, 1.6533 -0.6693 1.2636, 1.6533 -0.6664 1.2895, 1.6533 -0.658 1.3141, 1.6533 -0.6443 1.3363, 1.6533 -0.6262 1.3549, 1.6533 -0.6693 0.4724, 1.6533 0.6693 0.4724, 1.6533 0.6693 1.2636, 1.6533 0.6262 1.3549, 1.6533 0.6443 1.3363, 1.6533 0.658 1.3141, 1.6533 0.6664 1.2895, 1.6533 -0.6074 1.3744, 1.6533 0.6074 1.3744, -1.7311 -0.5951 1.4133, -1.7325 -0.5935 1.3976, -1.6537 -0.5935 1.3976, -1.6536 -0.5946 1.4023, -1.6531 -0.5951 1.4043, -1.7304 -0.5958 1.4207, -1.6525 -0.5958 1.4074, -1.7304 -0.5959 1.4211, -1.7249 -0.5978 1.4389, -1.6508 -0.5978 1.4154, -1.6505 -0.5982 1.417, -1.7205 -0.5993 1.4531, -1.6484 -0.5993 1.4213, -1.7202 -0.5994 1.4542, -1.7151 -0.6005 1.4628, -1.6462 -0.6005 1.4255, -1.7033 -0.6028 1.4823, -1.6438 -0.6018 1.4304, -1.7031 -0.6028 1.4826, -1.641 -0.6028 1.4337, -1.7019 -0.603 1.484, -1.6404 -0.603 1.4345, -1.6885 -0.605 1.4985, -1.6356 -0.6048 1.4403, -1.6349 -0.605 1.4408, -1.6045 -0.6132 1.4554, -1.6176 -0.6132 1.5326, -1.6053 -0.613 1.4553, -1.6195 -0.613 1.5323, -1.6095 -0.612 1.4548, -1.628 -0.6121 1.5313, -1.6157 -0.6104 1.4523, -1.6437 -0.6104 1.5252, -1.6183 -0.6097 1.4513, -1.6499 -0.6097 1.5228, -1.6235 -0.6084 1.4492, -1.6596 -0.6087 1.5191, -1.6258 -0.6077 1.4475, -1.6671 -0.6077 1.5138, -1.6307 -0.6063 1.4438, -1.6788 -0.6063 1.5055, -1.6881 -0.6051 1.4989, -1.6104 0.614 1.5341, -1.5993 0.6145 1.4565, -1.6014 0.614 1.4561, -1.6178 0.6132 1.5334, -1.6045 0.6132 1.4554, -1.6182 0.6132 1.5334, -1.636 0.6113 1.5279, -1.6125 0.6113 1.4538, -1.6141 0.6109 1.4534, -1.6502 0.6097 1.5235, -1.6183 0.6097 1.4513, -1.6513 0.6096 1.5231, -1.6598 0.6086 1.518, -1.6226 0.6086 1.4492, -1.6793 0.6063 1.5063, -1.6275 0.6073 1.4467, -1.6797 0.6062 1.5061, -1.6308 0.6063 1.444, -1.681 0.606 1.5048, -1.6315 0.606 1.4434, -1.6955 0.604 1.4915, -1.6373 0.6042 1.4385, -1.6378 0.604 1.4378, -1.696 0.604 1.4911, -1.6409 0.6028 1.4337, -1.6537 0.5935 1.3976, -1.7325 0.5935 1.3976, -1.6525 0.5958 1.4075, -1.7296 0.5958 1.4206, -1.6524 0.596 1.4083, -1.7294 0.596 1.4225, -1.6519 0.597 1.4125, -1.7283 0.5969 1.4309, -1.6494 0.5986 1.4186, -1.7223 0.5986 1.4466, -1.6483 0.5993 1.4213, -1.7199 0.5993 1.4529, -1.6463 0.6006 1.4264, -1.7161 0.6004 1.4625, -1.6445 0.6013 1.4287, -1.7108 0.6013 1.47, -1.7025 0.6028 1.4818, -1.6537 0.6693 1.2636, -1.7325 0.6693 1.2636, -1.7325 0.6664 1.2895, -1.6537 0.6664 1.2895, -1.7325 0.658 1.3141, -1.6537 0.658 1.3141, -1.7325 0.6443 1.3363, -1.6537 0.6443 1.3363, -1.7325 0.6262 1.3549, -1.6537 0.6262 1.3549, -1.6537 0.6693 0.4724, -1.7325 0.6693 0.4724, -1.6537 -0.6693 0.4724, -1.7325 -0.6693 0.4724, -1.7325 -0.6693 1.2636, -1.6537 -0.6693 1.2636, -1.6537 -0.6262 1.3549, -1.7325 -0.6262 1.3549, -1.7325 -0.6443 1.3363, -1.6537 -0.6443 1.3363, -1.7325 -0.658 1.3141, -1.6537 -0.658 1.3141, -1.7325 -0.6664 1.2895, -1.6537 -0.6664 1.2895, -1.6537 0.6074 1.3744, -1.6537 -0.6074 1.3744, -1.7325 -0.6074 1.3744, -1.7325 0.6074 1.3744, 0.4041 -0.7643 1.0236, 0.3863 -0.7621 1.0236, 0.3804 -0.7604 1.0236, 0.3758 -0.759 1.0236, 0.3297 -0.744 1.0145, 0.3305 -0.7444 1.0151, 0.3411 -0.7487 1.0236, 0.1252 -0.6448 0.9911, 0.1029 -0.6339 0.9879, 0.3191 -0.7389 1.0091, 0.305 -0.732 1.0046, 0.2868 -0.7232 1.0014, 0.2839 -0.7218 1.001, 0.2466 -0.7037 0.9985, 0.2379 -0.6995 0.9981, 0.1943 -0.6783 0.9963, 0.1563 -0.6598 0.9938, -0.0426 -0.6141 0.9813, -0.053 -0.6166 0.9819, -0.0951 -0.6301 0.9859, -0.1033 -0.6339 0.9871, -0.0697 -0.6207 0.983, -0.0002 -0.6104 0.9809, -0.0261 -0.6117 0.9808, 0.0526 -0.6166 0.9831, 0.0462 -0.6148 0.9826, 0.0322 -0.6125 0.9818, 0.0029 -0.6103 0.9809, 0.0751 -0.6226 0.9849, -0.2156 -0.6884 1.0077, -0.2463 -0.7033 1.0099, -0.1953 -0.6786 1.0055, -0.2729 -0.7162 1.0113, -0.2966 -0.7275 1.0156, -0.3154 -0.7365 1.019, -0.3182 -0.7378 1.0195, -0.3298 -0.7434 1.0216, -0.3407 -0.7486 1.0236, -0.1479 -0.6556 0.9979, -0.3768 -0.7561 1.0236, -0.4051 -0.7619 1.0236, -0.3813 -0.757 1.0236, -0.3645 -0.6732 1.0236, -0.377 -0.6773 1.0236, -0.4047 -0.6852 1.0236, -0.3983 -0.6844 1.0236, -0.3982 -0.6843 1.0236, -0.1377 -0.5631 1.0236, -0.1655 -0.5747 1.0236, -0.219 -0.5971 1.0236, -0.2233 -0.5988 1.0236, -0.2712 -0.6244 1.0236, -0.3355 -0.6587 1.0236, -0.3236 -0.6524 1.0236, 0.1115 -0.5537 1.0236, 0.1373 -0.5631 1.0236, -0.0766 -0.5448 1.0236, -0.1116 -0.5553 1.0236, 0.0166 -0.5329 1.0236, 0.0565 -0.5384 1.0236, 0.0773 -0.5413 1.0236, 0.0773 -0.5413 1.0236, -0.0565 -0.5389 1.0236, -0.0479 -0.5363 1.0236, -0.0001 -0.5337 1.0236, 0.0001 -0.5337 1.0236, 0.3232 -0.6527 1.0236, 0.3641 -0.6732 1.0236, 0.1655 -0.5746 1.0236, 0.2893 -0.6358 1.0236, 0.1768 -0.5791 1.0236, 0.218 -0.5999 1.0236, 0.2704 -0.6263 1.0236, 0.4043 -0.6854 1.0236, 0.3996 -0.6848 1.0236, 0.3978 -0.6842 1.0236, 0.3766 -0.6773 1.0236, 0.4043 0.6852 1.0236, 0.3979 0.6844 1.0236, 0.3641 0.6732 1.0236, 0.3766 0.6773 1.0236, 0.3978 0.6844 1.0236, 0.165 0.5758 1.0236, 0.1373 0.5631 1.0236, 0.2179 0.6002 1.0236, 0.3446 0.6638 1.0236, 0.3232 0.6528 1.0236, 0.2706 0.6259 1.0236, 0.2418 0.6111 1.0236, -0.1377 0.5631 1.0236, -0.1117 0.5546 1.0236, -0.077 0.5432 1.0236, -0.0637 0.5389 1.0236, 0.1252 0.5571 1.0236, 0.1118 0.553 1.0236, 0.0769 0.5424 1.0236, 0.0636 0.5383 1.0236, 0.0567 0.5377 1.0236, 0.0022 0.5326 1.0236, 0.0 0.5328 1.0236, -0.0001 0.5328 1.0236, -0.0568 0.5382 1.0236, -0.3237 0.6521 1.0236, -0.3645 0.6732 1.0236, -0.181 0.578 1.0236, -0.1662 0.5729 1.0236, -0.2187 0.5976 1.0236, -0.271 0.6248 1.0236, -0.2931 0.6363 1.0236, -0.3982 0.6842 1.0236, -0.377 0.6773 1.0236, -0.4047 0.6854 1.0236, -0.4001 0.6848 1.0236, -0.3294 0.7439 1.0254, -0.3759 0.7601 1.0237, -0.3804 0.7617 1.0236, -0.4045 0.7645 1.0236, -0.3148 0.7367 1.0199, -0.2968 0.7279 1.0131, -0.3282 0.7433 1.025, -0.3174 0.738 1.0209, -0.2729 0.7162 1.0113, -0.2463 0.7033 1.0099, -0.2156 0.6884 1.0077, -0.1033 0.6339 0.9871, -0.1479 0.6556 0.9979, -0.1953 0.6786 1.0055, 0.0889 0.6277 0.9863, 0.1029 0.6339 0.9879, -0.0002 0.6106 0.9809, 0.0199 0.6111 0.9813, 0.031 0.6123 0.9818, 0.0526 0.6166 0.9831, 0.0605 0.6182 0.9836, -0.052 0.616 0.9817, -0.0381 0.6133 0.9811, -0.0093 0.6104 0.9807, -0.0531 0.6163 0.9818, -0.0784 0.6236 0.9838, 0.3297 0.744 1.0145, 0.328 0.7432 1.0135, 0.3159 0.7373 1.0079, 0.2525 0.7065 0.9987, 0.2829 0.7213 1.0009, 0.3012 0.7302 1.0038, 0.1229 0.6436 0.9909, 0.1881 0.6753 0.9959, 0.217 0.6893 0.9973, 0.4041 0.7645 1.0236, 0.38 0.7617 1.0236, 0.3754 0.7602 1.0236, 0.3411 0.7487 1.0236, 0.3305 0.7444 1.0151, -0.0729 -0.6569 1.1469, -0.0549 -0.6563 1.1468, -0.0556 -0.6133 1.1023, 0.1648 -0.6028 1.0629, 0.1111 -0.5863 1.0629, -0.1105 -0.6201 1.1023, -0.3775 -0.6804 1.0629, -0.4054 -0.6874 1.1023, -0.1655 -0.6009 1.0629, -0.2185 -0.6198 1.0629, -0.2711 -0.6406 1.0629, 0.0553 -0.613 1.1023, 0.1101 -0.6205 1.1023, 0.3234 -0.6621 1.0629, 0.2705 -0.6418 1.0629, 0.405 -0.6874 1.1023, 0.4211 -0.689 1.1808, 0.3806 -0.6887 1.177, 0.4054 -0.6889 1.1793, 0.3787 -0.6886 1.1767, 0.3782 -0.6861 1.1417, 0.3772 -0.6885 1.1765, 0.3242 -0.68 1.1417, 0.3267 -0.6861 1.1681, 0.2705 -0.6732 1.1417, 0.3196 -0.6854 1.167, 0.3245 -0.6859 1.1678, 0.2168 -0.6665 1.1417, 0.2632 -0.6794 1.1586, 0.2699 -0.6803 1.1594, 0.1629 -0.6662 1.1499, 0.2014 -0.671 1.152, 0.2083 -0.672 1.1527, 0.2167 -0.6731 1.1536, 0.1021 -0.6595 1.1475, 0.0675 -0.6565 1.1468, 0.0545 -0.6561 1.1467, 0.0513 -0.656 1.1467, -0.0001 -0.6108 1.1023, -0.0018 -0.6547 1.1465, -0.0002 -0.6547 1.1465, -0.0 -0.6547 1.1465, -0.1035 -0.6596 1.1476, -0.1093 -0.6601 1.1477, -0.1095 -0.6545 1.1417, -0.1502 -0.6637 1.1486, -0.1636 -0.6596 1.1417, -0.1634 -0.6654 1.1494, -0.2085 -0.6713 1.1522, -0.2173 -0.6659 1.1417, -0.2142 -0.672 1.1525, -0.2759 -0.6806 1.1597, -0.2709 -0.6799 1.1591, -0.271 -0.6728 1.1417, -0.2632 -0.6788 1.1582, -0.2172 -0.6724 1.1529, -0.3197 -0.685 1.1669, -0.3246 -0.6799 1.1417, -0.3249 -0.6855 1.1677, -0.3786 -0.6861 1.1417, -0.3791 -0.6884 1.1763, -0.3776 -0.6883 1.1761, -0.3398 -0.687 1.1702, -0.4058 -0.6889 1.1794, -0.3939 -0.6889 1.1786, 0.1639 -0.6315 1.1023, 0.1091 -0.6548 1.1417, 0.1089 -0.6601 1.1476, 0.2178 -0.6216 1.0629, 0.3776 -0.6833 1.1023, 0.3771 -0.6805 1.0629, 0.3238 -0.671 1.1023, 0.2705 -0.6575 1.1023, 0.2173 -0.6441 1.1023, 0.1254 -0.6615 1.1479, 0.1631 -0.6602 1.1417, -0.2711 -0.6567 1.1023, -0.3243 -0.6708 1.1023, -0.378 -0.6833 1.1023, -0.1646 -0.6302 1.1023, -0.2179 -0.6428 1.1023, -0.3239 -0.6616 1.0629, 0.4049 -0.7666 1.1022, -0.3759 -0.7672 1.1747, -0.379 -0.7673 1.1754, -0.3784 -0.7657 1.1422, -0.3298 -0.7441 1.0261, -0.3213 -0.7406 1.028, -0.3223 -0.7462 1.0623, 0.0336 -0.6411 1.0512, 0.0562 -0.6452 1.0522, 0.0553 -0.6927 1.1022, 0.3352 -0.7477 1.0355, 0.3216 -0.7471 1.0623, 0.3208 -0.7413 1.0286, 0.322 -0.7418 1.029, 0.268 -0.7294 1.0623, 0.2673 -0.718 1.0271, 0.2804 -0.7234 1.0248, 0.2832 -0.7245 1.0245, 0.3003 -0.7319 1.0238, 0.313 -0.7376 1.0256, 0.2151 -0.7098 1.0623, 0.234 -0.7047 1.033, 0.2431 -0.7082 1.0312, 0.1626 -0.6787 1.0455, 0.1875 -0.6875 1.0419, 0.2148 -0.6976 1.0367, 0.1458 -0.6728 1.0479, 0.1626 -0.6896 1.0623, 0.1115 -0.6609 1.051, 0.1099 -0.6696 1.0623, 0.1101 -0.6604 1.0511, 0.0567 -0.6452 1.0522, 0.0801 -0.6514 1.0529, 0.0825 -0.6967 1.1022, 0.0834 -0.6523 1.0527, 0.1025 -0.6577 1.0516, 0.0285 -0.6405 1.051, 0.0278 -0.6906 1.1022, 0.0227 -0.6398 1.0507, 0.0002 -0.6901 1.1022, -0.0275 -0.6911 1.1022, -0.021 -0.6392 1.0495, 0.0004 -0.6386 1.0499, -0.0526 -0.6439 1.0502, -0.0331 -0.6404 1.0495, -0.0277 -0.6399 1.0495, -0.1291 -0.6696 1.0575, -0.1108 -0.6631 1.0558, -0.1108 -0.668 1.0623, -0.0764 -0.6508 1.0527, -0.0552 -0.6934 1.1022, -0.0706 -0.6488 1.0518, -0.0558 -0.6447 1.0505, -0.1643 -0.6817 1.0562, -0.1644 -0.6854 1.0623, -0.1843 -0.6885 1.0554, -0.2169 -0.7058 1.0623, -0.2075 -0.6965 1.0524, -0.2693 -0.7268 1.0623, -0.2417 -0.7087 1.046, -0.2169 -0.6998 1.0506, -0.3182 -0.7394 1.0287, -0.3154 -0.7382 1.0294, -0.3131 -0.7373 1.0299, -0.2959 -0.7302 1.0339, -0.2921 -0.7286 1.0348, -0.2698 -0.7195 1.0399, -0.3769 -0.7614 1.0623, -0.3776 -0.7635 1.1022, -0.4199 -0.7677 1.1807, -0.4053 -0.7666 1.1022, -0.4053 -0.7676 1.179, -0.3847 -0.7675 1.1767, -0.2903 -0.7598 1.1528, -0.3241 -0.7607 1.1422, -0.2705 -0.7557 1.1478, -0.2703 -0.7543 1.1422, -0.2489 -0.7512 1.1422, -0.312 -0.7624 1.1588, -0.3246 -0.7639 1.1624, -0.3399 -0.7657 1.1666, -0.2698 -0.7406 1.1022, -0.2477 -0.751 1.1419, -0.1638 -0.7131 1.1022, -0.1634 -0.7314 1.1287, -0.2168 -0.7266 1.1022, -0.1892 -0.7371 1.131, -0.1913 -0.7376 1.1314, -0.2169 -0.7438 1.1358, -0.2377 -0.7489 1.1394, -0.0549 -0.7144 1.124, -0.0855 -0.7172 1.1243, -0.11 -0.7015 1.1022, -0.0923 -0.7183 1.1246, -0.1095 -0.7211 1.1253, -0.1393 -0.7261 1.1265, -0.0448 -0.7134 1.1239, 0.0549 -0.7135 1.1237, 0.0469 -0.713 1.1237, 0.0226 -0.7113 1.1236, 0.0017 -0.7116 1.1236, 0.0001 -0.7116 1.1236, -0.0296 -0.712 1.1237, 0.1089 -0.7212 1.1247, 0.1067 -0.7207 1.1246, 0.1093 -0.7026 1.1022, 0.0896 -0.7179 1.1242, 0.0673 -0.7144 1.1238, 0.1383 -0.7281 1.1273, 0.1625 -0.7159 1.1022, 0.1622 -0.7337 1.1294, 0.1927 -0.741 1.1342, 0.2155 -0.7293 1.1022, 0.2159 -0.7466 1.1378, 0.2763 -0.7587 1.1513, 0.2699 -0.7574 1.1499, 0.2697 -0.7552 1.1422, 0.2516 -0.7538 1.1457, 0.2361 -0.7507 1.1422, 0.3142 -0.7632 1.1609, 0.3236 -0.761 1.1422, 0.3242 -0.7644 1.1634, 0.3809 -0.7675 1.1762, 0.3786 -0.7674 1.1757, 0.378 -0.7657 1.1422, 0.3759 -0.7673 1.1751, 0.331 -0.7652 1.1652, 0.4049 -0.7676 1.1792, 0.4193 -0.7677 1.181, 0.3229 -0.7422 1.0295, 0.3764 -0.7615 1.0623, 0.3772 -0.7636 1.1022, 0.3226 -0.754 1.1022, 0.2688 -0.7423 1.1022, 0.2186 -0.7472 1.1382, -0.3232 -0.7534 1.1022, 0.2019 0.6711 1.152, 0.1629 0.6662 1.1499, 0.1631 0.6602 1.1417, -0.3776 0.6884 1.1762, -0.3791 0.6885 1.1765, -0.3786 0.6861 1.1417, 0.1648 0.6028 1.0629, 0.3771 0.6805 1.0629, 0.405 0.6874 1.1023, 0.2178 0.6216 1.0629, 0.2705 0.6418 1.0629, -0.0556 0.6133 1.1023, -0.2711 0.6406 1.0629, -0.3239 0.6616 1.0629, -0.3775 0.6804 1.0629, -0.4054 0.6874 1.1023, -0.4058 0.6889 1.1792, -0.3886 0.6888 1.178, -0.3394 0.6869 1.1701, -0.3246 0.6799 1.1417, -0.3249 0.6855 1.1677, -0.2632 0.6787 1.1583, -0.2709 0.6798 1.1592, -0.271 0.6728 1.1417, -0.2812 0.6812 1.1604, -0.3197 0.685 1.1668, -0.2159 0.6722 1.1527, -0.2172 0.6724 1.1528, -0.2173 0.6659 1.1417, -0.1636 0.6596 1.1417, -0.1095 0.6545 1.1417, -0.1093 0.66 1.1477, -0.1429 0.6629 1.1484, -0.1634 0.6655 1.1496, -0.2085 0.6713 1.1522, -0.1105 0.6201 1.1023, -0.0712 0.6568 1.1469, -0.1035 0.6595 1.1475, -0.0001 0.6548 1.1465, -0.0002 0.6548 1.1465, -0.0001 0.6108 1.1023, -0.0034 0.6547 1.1465, -0.0549 0.6563 1.1468, 0.0553 0.613 1.1023, 0.0513 0.656 1.1467, 0.102 0.6596 1.1475, 0.0654 0.6563 1.1467, 0.0545 0.6561 1.1467, 0.1302 0.662 1.1481, 0.1091 0.6548 1.1417, 0.1101 0.6205 1.1023, 0.2705 0.6803 1.1595, 0.2683 0.6801 1.1591, 0.2705 0.6732 1.1417, 0.2632 0.6794 1.1586, 0.2168 0.6665 1.1417, 0.2167 0.6731 1.1536, 0.2083 0.672 1.1527, 0.3196 0.6852 1.1672, 0.3242 0.68 1.1417, 0.3245 0.6857 1.1679, 0.3933 0.6889 1.1786, 0.3787 0.6883 1.1764, 0.3782 0.6861 1.1417, 0.3773 0.6883 1.1761, 0.3359 0.6868 1.1697, 0.4054 0.6889 1.1794, 0.1089 0.6602 1.1477, 0.1111 0.5863 1.0629, 0.3234 0.6621 1.0629, 0.3776 0.6833 1.1023, 0.3238 0.671 1.1023, 0.2705 0.6575 1.1023, 0.2173 0.6441 1.1023, 0.1639 0.6315 1.1023, -0.2179 0.6428 1.1023, -0.2711 0.6567 1.1023, -0.3243 0.6707 1.1023, -0.378 0.6833 1.1023, -0.1646 0.6302 1.1023, -0.2185 0.6198 1.0629, -0.1655 0.6009 1.0629, 0.1626 0.6902 1.0632, 0.1099 0.6704 1.0632, 0.1093 0.7031 1.1029, 0.322 0.7418 1.029, 0.3208 0.7412 1.0284, 0.3217 0.7473 1.0632, -0.3769 0.7615 1.0632, 0.3143 0.7632 1.1609, 0.3242 0.7642 1.1634, 0.3236 0.761 1.1425, 0.376 0.7672 1.1749, 0.3786 0.7673 1.1755, 0.378 0.7657 1.1425, 0.4192 0.7677 1.181, 0.4049 0.7677 1.1793, 0.4049 0.7666 1.1029, 0.3869 0.7676 1.1772, 0.3445 0.7662 1.1685, 0.2439 0.7527 1.1435, 0.2516 0.754 1.1454, 0.2697 0.7553 1.1425, 0.2699 0.7572 1.1499, 0.291 0.7609 1.155, 0.2385 0.7515 1.1425, 0.2689 0.7425 1.1029, 0.2156 0.7296 1.1029, 0.1624 0.7338 1.13, 0.1854 0.7394 1.1325, 0.1927 0.741 1.1339, 0.216 0.7463 1.1383, 0.1232 0.7244 1.1256, 0.1383 0.728 1.1273, 0.1625 0.7163 1.1029, 0.1089 0.7215 1.125, 0.0896 0.7177 1.1242, 0.0825 0.6973 1.1029, 0.0389 0.712 1.1236, 0.0553 0.6934 1.1029, 0.0017 0.7115 1.1236, 0.0002 0.6907 1.1029, 0.0001 0.7115 1.1236, 0.0469 0.7128 1.1237, 0.0549 0.7136 1.1237, 0.0818 0.7162 1.1239, -0.0641 0.7147 1.124, -0.0549 0.7141 1.1239, -0.0552 0.694 1.1029, -0.0449 0.7135 1.1238, -0.0117 0.7113 1.1236, -0.0922 0.7185 1.1247, -0.11 0.7021 1.1029, -0.1096 0.7209 1.1251, -0.1689 0.7324 1.1288, -0.1634 0.7313 1.1284, -0.1638 0.7135 1.1029, -0.1404 0.7267 1.1269, -0.1159 0.7217 1.1253, -0.1913 0.7377 1.1317, -0.2168 0.7269 1.1029, -0.2138 0.7431 1.1347, -0.2698 0.7408 1.1029, -0.2477 0.751 1.1421, -0.2168 0.7438 1.1354, -0.2497 0.7515 1.1425, -0.2703 0.7544 1.1425, -0.2632 0.7546 1.1455, -0.2705 0.7558 1.1475, -0.3119 0.7628 1.1589, -0.3241 0.7607 1.1425, -0.314 0.7632 1.1595, -0.3784 0.7657 1.1425, -0.3625 0.767 1.1722, -0.3246 0.764 1.1623, -0.398 0.7677 1.1787, -0.379 0.7673 1.1752, -0.3759 0.7672 1.1747, -0.4053 0.7677 1.1792, -0.4053 0.7666 1.1029, -0.3224 0.7464 1.0632, -0.3213 0.7405 1.0277, -0.3239 0.7416 1.027, -0.3281 0.7433 1.0258, -0.2693 0.7271 1.0632, -0.2698 0.7195 1.0399, -0.2936 0.7292 1.0355, -0.3091 0.7355 1.0311, -0.3136 0.7374 1.0298, -0.3165 0.7386 1.029, -0.2169 0.7063 1.0632, -0.1643 0.6861 1.0632, -0.1843 0.6885 1.0554, -0.2075 0.6965 1.0524, -0.2169 0.6998 1.0506, -0.2417 0.7087 1.046, -0.0764 0.6508 1.0527, -0.1108 0.6631 1.0558, -0.1108 0.6688 1.0632, -0.1291 0.6696 1.0575, -0.1643 0.6817 1.0562, 0.0133 0.639 1.0504, 0.0005 0.6388 1.05, -0.0086 0.6386 1.0497, -0.0298 0.64 1.0495, -0.0399 0.6414 1.0497, -0.0558 0.6447 1.0505, -0.0589 0.6454 1.0506, 0.0681 0.648 1.0526, 0.0561 0.6454 1.0521, 0.0449 0.6429 1.0517, 0.0218 0.6397 1.0507, 0.11 0.6604 1.0511, 0.1089 0.66 1.0512, 0.1025 0.6577 1.0516, 0.0834 0.6523 1.0527, 0.0801 0.6514 1.0529, 0.212 0.6964 1.0374, 0.1807 0.6851 1.043, 0.1625 0.6787 1.0451, 0.2149 0.6975 1.0369, 0.2152 0.7103 1.0632, 0.2491 0.7106 1.03, 0.268 0.7297 1.0632, 0.2673 0.718 1.027, 0.2795 0.723 1.0249, 0.3206 0.7411 1.0283, 0.3102 0.7364 1.025, 0.2968 0.7304 1.0238, 0.3765 0.7616 1.0632, 0.3352 0.7477 1.0355, 0.3229 0.7422 1.0295, 0.3772 0.7636 1.1029, 0.3226 0.7542 1.1029, -0.3232 0.7536 1.1029, -0.3776 0.7636 1.1029, 0.0016 0.735 1.153, 0.3219 0.7675 1.1895, 0.3774 0.7677 1.1837, 0.2564 0.7601 1.1619, -0.1975 0.7505 1.1547, -0.4053 0.7677 1.1803, -0.4054 0.7677 1.181, -0.0981 0.7477 1.1683, -0.1003 0.7549 1.1848, 0.0014 0.753 1.1871, -0.0518 0.7642 1.2227, 0.0012 0.7641 1.224, -0.1049 0.7645 1.2191, -0.1579 0.7651 1.2134, -0.3212 0.7674 1.1899, -0.3775 0.7677 1.1838, -0.2111 0.7658 1.206, -0.0469 0.7361 1.1529, -0.0961 0.7391 1.1527, -0.3764 0.7675 1.178, -0.3769 0.7676 1.1809, -0.3149 0.765 1.1691, -0.318 0.7665 1.1795, -0.2534 0.7584 1.1597, -0.2593 0.7635 1.1785, -0.1458 0.7439 1.1529, -0.2008 0.7557 1.1671, -0.2042 0.76 1.1798, 0.3167 0.7655 1.1704, 0.2614 0.7643 1.1791, 0.3764 0.7675 1.1781, 0.1988 0.7526 1.1559, 0.1444 0.7449 1.1528, 0.0944 0.7387 1.1522, 0.049 0.7358 1.1528, 0.2052 0.761 1.1796, 0.1511 0.7575 1.1815, 0.0998 0.7547 1.1842, 0.0513 0.7534 1.1865, 0.405 0.7677 1.181, 0.419 0.7677 1.1812, 0.405 0.7677 1.1803, 0.3769 0.7676 1.1809, 0.2118 0.766 1.2042, 0.1581 0.7652 1.2118, 0.1055 0.7645 1.2186, 0.0539 0.7642 1.2229, 0.3193 0.7667 1.1799, -0.3775 -0.7677 1.1838, 0.0016 -0.735 1.153, -0.0469 -0.7361 1.1529, -0.1458 -0.7439 1.1529, -0.1975 -0.7505 1.1547, -0.2534 -0.7584 1.1597, -0.3764 -0.7675 1.178, -0.4053 -0.7677 1.1803, -0.3149 -0.765 1.1691, 0.0012 -0.7641 1.224, -0.0518 -0.7642 1.2227, -0.1049 -0.7645 1.2191, -0.2111 -0.7658 1.206, -0.3212 -0.7674 1.1899, -0.4054 -0.7677 1.181, -0.3769 -0.7676 1.1809, -0.318 -0.7665 1.1795, -0.2593 -0.7635 1.1785, -0.2042 -0.76 1.1798, -0.2008 -0.7557 1.1671, -0.0981 -0.7477 1.1683, -0.0961 -0.7391 1.1527, 0.0014 -0.753 1.1871, -0.1003 -0.7549 1.1848, -0.1579 -0.7651 1.2134, 0.2118 -0.766 1.2042, 0.2052 -0.761 1.1796, 0.2614 -0.7643 1.1791, 0.3219 -0.7675 1.1895, 0.3774 -0.7677 1.1837, 0.3193 -0.7667 1.1799, 0.1581 -0.7652 1.2118, 0.0539 -0.7642 1.2229, 0.1055 -0.7645 1.2186, 0.1511 -0.7575 1.1815, 0.0998 -0.7547 1.1842, 0.0513 -0.7534 1.1865, 0.405 -0.7677 1.1803, 0.3764 -0.7675 1.1781, 0.3167 -0.7655 1.1704, 0.2564 -0.7601 1.1619, 0.419 -0.7677 1.1812, 0.405 -0.7677 1.181, 0.3769 -0.7676 1.1809, 0.1988 -0.7526 1.1559, 0.1444 -0.7449 1.1528, 0.0944 -0.7387 1.1522, 0.049 -0.7358 1.1528, -0.4194 -0.7677 1.181, 0.3782 0.689 1.1832, 0.3234 0.6888 1.1877, 0.3221 0.6881 1.1807, 0.4055 0.689 1.1804, -0.4058 0.689 1.1804, 0.3209 0.687 1.1738, 0.2093 0.6759 1.1594, 0.0535 0.6868 1.2064, -0.0002 0.6868 1.207, 0.2148 0.6879 1.1972, 0.107 0.6871 1.2044, 0.2125 0.6846 1.1816, 0.1052 0.6813 1.1837, -0.0001 0.6801 1.1847, 0.1028 0.6658 1.1555, 0.1035 0.6717 1.1643, 0.0519 0.6697 1.1642, 0.1044 0.6769 1.1737, 0.2114 0.6822 1.174, 0.2103 0.6793 1.1666, 0.2651 0.6835 1.1695, 0.3215 0.6876 1.1772, 0.3775 0.6888 1.1788, 0.3778 0.6889 1.181, -0.3782 0.6889 1.181, -0.3779 0.6888 1.1787, -0.3211 0.687 1.1736, -0.3217 0.6876 1.1771, -0.2652 0.6833 1.1692, -0.2118 0.6819 1.1739, -0.2096 0.6752 1.159, -0.1041 0.6657 1.1555, -0.3224 0.6881 1.1807, -0.2129 0.6844 1.1816, -0.1055 0.6769 1.1738, -0.1062 0.6812 1.1837, -0.2107 0.6788 1.1663, -0.1048 0.6717 1.1644, -0.0001 0.6691 1.1642, -0.3785 0.689 1.1832, -0.3238 0.6888 1.1878, -0.2153 0.6878 1.1976, -0.1077 0.6871 1.2045, 0.0535 -0.6868 1.2064, 0.107 -0.6871 1.2044, 0.1052 -0.6813 1.1837, -0.0001 -0.6691 1.1642, 0.1028 -0.6658 1.1555, 0.3209 -0.687 1.1738, -0.4058 -0.689 1.1804, -0.3782 -0.6889 1.181, -0.0001 -0.6868 1.207, -0.1077 -0.6871 1.2045, -0.3785 -0.689 1.1832, -0.3238 -0.6888 1.1878, -0.2152 -0.6878 1.1976, -0.2106 -0.6788 1.1663, -0.1048 -0.6717 1.1644, -0.2096 -0.6752 1.159, -0.1041 -0.6657 1.1555, -0.0001 -0.6801 1.1847, -0.1055 -0.6769 1.1738, -0.1062 -0.6812 1.1837, -0.2118 -0.6819 1.1739, -0.2129 -0.6844 1.1816, -0.3217 -0.6876 1.1771, -0.2652 -0.6832 1.1692, -0.3779 -0.6888 1.1787, -0.3211 -0.687 1.1736, -0.3224 -0.6881 1.1807, 0.4055 -0.689 1.1804, 0.3778 -0.6889 1.181, 0.4192 -0.689 1.181, 0.3775 -0.6888 1.1788, 0.3215 -0.6876 1.1772, 0.2651 -0.6835 1.1695, 0.2114 -0.6822 1.174, 0.052 -0.6697 1.1642, 0.2093 -0.6759 1.1594, 0.2104 -0.6793 1.1666, 0.1036 -0.6717 1.1643, 0.1044 -0.6769 1.1737, 0.3234 -0.6888 1.1877, 0.2148 -0.6879 1.1972, 0.3782 -0.689 1.1832, 0.2126 -0.6847 1.1816, 0.3221 -0.6881 1.1807, -0.0873 0.6398 1.0333, -0.0964 0.6341 1.011, -0.1434 0.656 1.0191, -0.3169 0.7378 1.0232, -0.2949 0.7282 1.0281, -0.2713 0.7175 1.0305, -0.2438 0.7056 1.0343, -0.2112 0.6917 1.0381, -0.1892 0.6825 1.0397, -0.137 0.6608 1.0393, -0.3142 0.7365 1.0226, -0.296 0.7278 1.0206, -0.2723 0.7165 1.0209, -0.2454 0.7037 1.0222, -0.2139 0.6889 1.0231, -0.1929 0.6791 1.0229, -0.0735 0.6252 1.0081, 0.0767 0.6359 1.033, 0.0974 0.6346 1.0115, 0.0896 0.6405 1.0336, 0.0838 0.6289 1.0104, 0.0566 0.6205 1.0085, 0.0286 0.6153 1.007, 0.0513 0.6289 1.0317, 0.0254 0.6247 1.0305, 0.0158 0.6238 1.0301, 0.0181 0.6143 1.0065, -0.0093 0.6137 1.0059, -0.0491 0.6186 1.0065, -0.045 0.6273 1.0296, -0.0362 0.6162 1.0061, -0.0333 0.6254 1.0294, -0.0091 0.6233 1.0294, -0.0669 0.6326 1.0309, 0.3247 0.7423 1.0242, 0.3273 0.743 1.0193, 0.3257 0.7422 1.0184, 0.3232 0.7415 1.0234, 0.3122 0.7363 1.0193, 0.2985 0.7299 1.0172, 0.2809 0.7218 1.017, 0.2507 0.7082 1.0198, 0.1868 0.6761 1.0122, 0.1843 0.6794 1.0281, 0.2162 0.69 1.011, 0.2145 0.6923 1.0245, 0.2519 0.7069 1.0093, 0.2821 0.7213 1.009, 0.3 0.7298 1.0105, 0.3142 0.7367 1.0136, 0.1201 0.6449 1.0124, 0.1154 0.6505 1.0328, -0.2723 -0.7165 1.0209, -0.296 -0.7278 1.0206, -0.2438 -0.7056 1.0343, -0.2713 -0.7175 1.0305, -0.2112 -0.6917 1.0381, -0.1892 -0.6825 1.0397, -0.2454 -0.7037 1.0222, -0.2139 -0.6889 1.0231, -0.1929 -0.6791 1.0229, -0.1434 -0.656 1.0191, -0.137 -0.6608 1.0393, -0.0964 -0.6341 1.011, -0.0873 -0.6398 1.0333, 0.0706 -0.6244 1.0094, 0.0297 -0.6154 1.007, 0.043 -0.6175 1.0077, 0.0387 -0.6265 1.031, -0.0889 -0.6308 1.0099, -0.0655 -0.6227 1.0074, -0.0404 -0.6169 1.0062, -0.0372 -0.6259 1.0294, -0.0597 -0.6306 1.0303, -0.0805 -0.6372 1.0323, -0.025 -0.6148 1.0059, 0.0021 -0.6135 1.0061, -0.0233 -0.6242 1.0293, 0.0012 -0.6232 1.0296, 0.0264 -0.6248 1.0305, 0.0643 -0.6321 1.0323, 0.0896 -0.6405 1.0336, 0.0974 -0.6346 1.0115, 0.1908 -0.6822 1.0274, 0.1225 -0.6461 1.0124, 0.1179 -0.6515 1.0327, 0.1508 -0.6653 1.031, 0.2359 -0.7017 1.0217, 0.2448 -0.7056 1.0205, 0.1543 -0.6609 1.0128, 0.1931 -0.6791 1.012, 0.2372 -0.6999 1.01, 0.246 -0.7041 1.0096, 0.2831 -0.7217 1.009, 0.2858 -0.7231 1.0091, 0.3036 -0.7316 1.0111, 0.3172 -0.7381 1.0147, 0.3152 -0.7377 1.0201, 0.3021 -0.7316 1.0175, 0.2846 -0.7235 1.0169, 0.2819 -0.7222 1.017, 0.3247 -0.7423 1.0242, 0.3273 -0.743 1.0193, -1.1419 0.6872 0.1845, -1.1419 0.7636 0.1655, -1.1419 0.6821 0.1711, -1.1419 0.7516 0.1341, -1.1419 0.6738 0.1593, -1.1419 0.7323 0.1066, -1.1419 0.6629 0.1499, -1.1419 0.707 0.0846, -1.1419 0.6501 0.1433, -1.1419 0.677 0.0693, -0.6301 0.6501 0.1433, -0.6301 0.677 0.0693, -0.6301 0.6629 0.1499, -0.6301 0.707 0.0846, -0.6301 0.6738 0.1593, -0.6301 0.7323 0.1066, -0.6301 0.6821 0.1711, -0.6301 0.7516 0.1341, -0.6301 0.6872 0.1845, -0.6301 0.7636 0.1655, 0.6297 0.6872 0.1845, 0.6297 0.7636 0.1655, 0.6297 0.6821 0.1711, 0.6297 0.7516 0.1341, 0.6297 0.6738 0.1593, 0.6297 0.7323 0.1066, 0.6297 0.6629 0.1499, 0.6297 0.707 0.0846, 0.6297 0.6501 0.1433, 0.6297 0.677 0.0693, 1.1415 0.6501 0.1433, 1.1415 0.677 0.0693, 1.1415 0.6629 0.1499, 1.1415 0.707 0.0846, 1.1415 0.6738 0.1593, 1.1415 0.7323 0.1066, 1.1415 0.6821 0.1711, 1.1415 0.7516 0.1341, 1.1415 0.6872 0.1845, 1.1415 0.7636 0.1655, -0.7089 0.4472 0.0695, -0.7089 0.4741 -0.0045, -0.6885 0.4766 -0.0036, -0.6885 0.4497 0.0704, -0.6695 0.484 -0.0009, -0.6695 0.4571 0.0731, -0.6532 0.4958 0.0034, -0.6532 0.4688 0.0774, -0.6407 0.5111 0.0089, -0.6407 0.4842 0.0829, -0.6328 0.5289 0.0154, -0.6328 0.502 0.0894, -0.6301 0.5481 0.0224, -0.6301 0.5212 0.0964, -1.0632 0.4472 0.0695, -1.0632 0.4741 -0.0045, -1.1419 0.5212 0.0964, -1.1419 0.5481 0.0224, -1.1392 0.5289 0.0154, -1.1392 0.502 0.0894, -1.1314 0.5111 0.0089, -1.1314 0.4842 0.0829, -1.1189 0.4958 0.0034, -1.1189 0.4688 0.0774, -1.1026 0.484 -0.0009, -1.1026 0.4571 0.0731, -1.0836 0.4766 -0.0036, -1.0836 0.4497 0.0704, 1.0628 0.4472 0.0695, 1.0628 0.4741 -0.0045, 1.0832 0.4766 -0.0036, 1.0832 0.4497 0.0704, 1.1022 0.484 -0.0009, 1.1022 0.4571 0.0731, 1.1185 0.4958 0.0034, 1.1185 0.4688 0.0774, 1.131 0.5111 0.0089, 1.131 0.4842 0.0829, 1.1389 0.5289 0.0154, 1.1389 0.502 0.0894, 1.1415 0.5481 0.0224, 1.1415 0.5212 0.0964, 0.7085 0.4472 0.0695, 0.7085 0.4741 -0.0045, 0.6297 0.5212 0.0964, 0.6297 0.5481 0.0224, 0.6324 0.5289 0.0154, 0.6324 0.502 0.0894, 0.6403 0.5111 0.0089, 0.6403 0.4842 0.0829, 0.6528 0.4958 0.0034, 0.6528 0.4688 0.0774, 0.6691 0.484 -0.0009, 0.6691 0.4571 0.0731, 0.6881 0.4766 -0.0036, 0.6881 0.4497 0.0704, -1.1419 -0.6501 0.1433, -1.1419 -0.6771 0.0693, -1.1419 -0.6629 0.1499, -1.1419 -0.707 0.0846, -1.1419 -0.6738 0.1593, -1.1419 -0.7323 0.1066, -1.1419 -0.6821 0.1711, -1.1419 -0.7516 0.1341, -1.1419 -0.6872 0.1845, -1.1419 -0.7636 0.1655, -0.6301 -0.6872 0.1845, -0.6301 -0.7636 0.1655, -0.6301 -0.6821 0.1711, -0.6301 -0.7516 0.1341, -0.6301 -0.6738 0.1593, -0.6301 -0.7323 0.1066, -0.6301 -0.6629 0.1499, -0.6301 -0.707 0.0846, -0.6301 -0.6501 0.1433, -0.6301 -0.6771 0.0693, 0.6297 -0.6501 0.1433, 0.6297 -0.6771 0.0693, 0.6297 -0.6629 0.1499, 0.6297 -0.707 0.0846, 0.6297 -0.6738 0.1593, 0.6297 -0.7323 0.1066, 0.6297 -0.6821 0.1711, 0.6297 -0.7516 0.1341, 0.6297 -0.6872 0.1845, 0.6297 -0.7636 0.1655, 1.1415 -0.6872 0.1845, 1.1415 -0.7636 0.1655, 1.1415 -0.6821 0.1711, 1.1415 -0.7516 0.1341, 1.1415 -0.6738 0.1593, 1.1415 -0.7323 0.1066, 1.1415 -0.6629 0.1499, 1.1415 -0.707 0.0846, 1.1415 -0.6501 0.1433, 1.1415 -0.6771 0.0693, -1.0632 -0.4472 0.0695, -1.0632 -0.4741 -0.0045, -1.0807 -0.4759 -0.0038, -1.0807 -0.449 0.0701, -1.0974 -0.4814 -0.0019, -1.0974 -0.4545 0.0721, -1.1123 -0.4902 0.0014, -1.1123 -0.4633 0.0753, -1.1248 -0.5019 0.0056, -1.1248 -0.475 0.0796, -1.1341 -0.516 0.0107, -1.1341 -0.489 0.0847, -1.14 -0.5316 0.0164, -1.14 -0.5047 0.0904, -1.1419 -0.5481 0.0224, -1.1419 -0.5212 0.0964, -0.7089 -0.4472 0.0695, -0.7089 -0.4741 -0.0045, -0.6301 -0.5212 0.0964, -0.6301 -0.5481 0.0224, -0.6328 -0.5289 0.0154, -0.6328 -0.502 0.0894, -0.6407 -0.5111 0.0089, -0.6407 -0.4842 0.0829, -0.6532 -0.4958 0.0034, -0.6532 -0.4688 0.0774, -0.6695 -0.484 -0.0009, -0.6695 -0.4571 0.0731, -0.6885 -0.4766 -0.0036, -0.6885 -0.4497 0.0704, 0.7085 -0.4472 0.0695, 0.7085 -0.4741 -0.0045, 0.6881 -0.4766 -0.0036, 0.6881 -0.4497 0.0704, 0.6691 -0.484 -0.0009, 0.6691 -0.4571 0.0731, 0.6528 -0.4958 0.0034, 0.6528 -0.4688 0.0774, 0.6403 -0.5111 0.0089, 0.6403 -0.4842 0.0829, 0.6324 -0.5289 0.0154, 0.6324 -0.502 0.0894, 0.6297 -0.5481 0.0224, 0.6297 -0.5212 0.0964, 1.0628 -0.4472 0.0695, 1.0628 -0.4741 -0.0045, 1.1415 -0.5212 0.0964, 1.1415 -0.5481 0.0224, 1.1389 -0.5289 0.0154, 1.1389 -0.502 0.0894, 1.131 -0.5111 0.0089, 1.131 -0.4842 0.0829, 1.1185 -0.4958 0.0034, 1.1185 -0.4688 0.0774, 1.1022 -0.484 -0.0009, 1.1022 -0.4571 0.0731, 1.0832 -0.4766 -0.0036, 1.0832 -0.4497 0.0704
            ]
        }
        coordIndex [
            0,1,2,-1,3,4,5,-1,6,7,8,-1,9,10,11,-1,12,13,14,-1,15,16,17,-1,18,19,20,-1,21,22,23,-1,24,25,26,-1,27,28,29,-1,30,31,32,-1,33,34,35,-1,35,34,3,-1,36,37,35,-1,35,37,38,-1,38,39,35,-1,35,39,40,-1,35,40,33,-1,41,42,43,-1,44,45,46,-1,43,42,44,-1,44,42,47,-1,44,47,45,-1,41,43,48,-1,48,43,49,-1,48,49,50,-1,51,52,49,-1,49,52,53,-1,49,53,54,-1,49,55,50,-1,50,55,56,-1,50,56,57,-1,57,56,58,-1,57,58,59,-1,54,60,49,-1,49,60,61,-1,49,61,55,-1,62,63,64,-1,62,64,65,-1,63,66,64,-1,64,66,67,-1,64,67,68,-1,68,67,69,-1,69,70,68,-1,68,70,71,-1,68,71,51,-1,51,71,72,-1,51,72,52,-1,73,65,74,-1,74,65,64,-1,74,64,75,-1,75,64,76,-1,75,76,77,-1,77,76,78,-1,79,80,76,-1,76,80,81,-1,76,81,78,-1,82,83,84,-1,84,83,85,-1,84,85,79,-1,79,85,86,-1,79,86,80,-1,0,87,1,-1,1,87,88,-1,1,88,89,-1,89,90,1,-1,1,90,91,-1,1,91,82,-1,92,93,4,-1,94,95,96,-1,97,98,0,-1,99,100,101,-1,101,100,102,-1,94,96,103,-1,97,0,104,-1,105,106,100,-1,100,106,107,-1,100,107,108,-1,4,93,0,-1,0,93,109,-1,0,109,104,-1,95,110,96,-1,96,110,111,-1,96,111,112,-1,113,114,115,-1,115,114,116,-1,115,116,117,-1,118,108,119,-1,119,108,120,-1,119,120,115,-1,115,120,121,-1,115,121,113,-1,118,122,108,-1,108,122,123,-1,108,123,100,-1,100,123,124,-1,100,124,102,-1,125,126,127,-1,127,126,128,-1,127,128,96,-1,96,128,129,-1,96,129,103,-1,130,131,96,-1,96,131,132,-1,96,132,100,-1,100,132,133,-1,100,133,105,-1,134,135,87,-1,87,135,136,-1,87,136,137,-1,137,138,87,-1,87,138,139,-1,87,139,140,-1,140,139,125,-1,140,125,141,-1,141,125,127,-1,98,142,0,-1,0,142,143,-1,0,143,87,-1,87,143,144,-1,87,144,134,-1,112,145,96,-1,96,145,146,-1,96,146,147,-1,147,148,96,-1,96,148,149,-1,96,149,130,-1,150,151,152,-1,152,108,150,-1,150,108,107,-1,150,107,153,-1,153,107,154,-1,154,155,153,-1,153,155,156,-1,153,156,157,-1,158,159,160,-1,159,161,160,-1,160,161,162,-1,160,162,163,-1,164,160,165,-1,151,150,164,-1,164,150,166,-1,164,166,160,-1,160,166,167,-1,160,167,158,-1,165,168,164,-1,164,168,169,-1,164,169,170,-1,163,162,171,-1,171,162,172,-1,171,172,173,-1,173,172,174,-1,173,174,175,-1,176,177,170,-1,170,177,178,-1,170,178,164,-1,34,179,3,-1,3,179,180,-1,3,180,4,-1,4,180,181,-1,4,181,92,-1,182,183,184,-1,184,183,185,-1,186,187,188,-1,188,187,189,-1,188,189,190,-1,188,182,186,-1,186,182,184,-1,186,184,191,-1,191,184,192,-1,191,192,32,-1,32,192,193,-1,32,193,30,-1,183,194,185,-1,185,194,195,-1,185,195,196,-1,196,195,197,-1,198,199,200,-1,200,199,201,-1,202,203,204,-1,204,203,205,-1,204,205,206,-1,207,208,209,-1,210,211,212,-1,212,211,213,-1,214,215,216,-1,216,215,206,-1,216,206,28,-1,217,218,207,-1,207,218,219,-1,207,219,220,-1,198,221,199,-1,199,221,222,-1,199,222,223,-1,223,222,224,-1,225,226,224,-1,224,226,227,-1,224,227,223,-1,228,229,204,-1,204,229,230,-1,204,230,202,-1,220,231,207,-1,207,231,232,-1,207,232,208,-1,233,234,235,-1,236,237,238,-1,209,239,207,-1,207,239,240,-1,207,240,211,-1,211,240,201,-1,211,201,213,-1,213,201,199,-1,241,215,242,-1,236,238,243,-1,210,244,211,-1,211,244,245,-1,211,245,246,-1,247,248,224,-1,224,248,249,-1,224,249,250,-1,233,235,214,-1,238,251,243,-1,243,251,241,-1,243,241,252,-1,252,241,242,-1,235,253,214,-1,214,253,254,-1,214,254,215,-1,215,254,255,-1,215,255,242,-1,250,256,224,-1,224,256,257,-1,224,257,225,-1,27,29,258,-1,258,29,259,-1,258,259,260,-1,261,262,26,-1,263,264,26,-1,26,264,265,-1,266,267,268,-1,268,267,269,-1,268,269,270,-1,270,271,268,-1,268,271,272,-1,268,272,273,-1,273,272,274,-1,273,274,261,-1,275,276,262,-1,262,276,277,-1,262,277,26,-1,26,277,278,-1,26,278,263,-1,265,279,26,-1,26,279,280,-1,26,280,24,-1,281,282,283,-1,283,282,284,-1,283,284,285,-1,283,286,281,-1,281,286,287,-1,281,287,288,-1,288,289,281,-1,281,289,290,-1,281,290,291,-1,291,290,292,-1,291,292,293,-1,293,292,294,-1,293,294,262,-1,262,294,295,-1,262,295,275,-1,296,297,285,-1,285,297,298,-1,285,298,283,-1,299,300,234,-1,234,300,301,-1,234,301,235,-1,299,302,300,-1,300,302,303,-1,300,303,304,-1,304,303,305,-1,304,306,307,-1,305,308,304,-1,304,308,309,-1,304,309,310,-1,310,311,304,-1,304,311,312,-1,304,312,306,-1,307,313,304,-1,304,313,314,-1,304,314,315,-1,316,21,317,-1,318,319,320,-1,320,319,321,-1,21,23,317,-1,317,23,322,-1,317,322,323,-1,324,325,326,-1,326,325,327,-1,326,327,321,-1,321,327,328,-1,321,328,320,-1,329,330,331,-1,332,333,334,-1,334,333,335,-1,334,335,336,-1,329,331,337,-1,338,339,324,-1,340,341,326,-1,339,342,324,-1,324,342,343,-1,324,343,329,-1,329,343,344,-1,329,344,330,-1,340,326,345,-1,335,346,336,-1,336,346,347,-1,336,347,326,-1,326,347,348,-1,326,348,345,-1,341,349,326,-1,326,349,350,-1,326,350,324,-1,324,350,351,-1,324,351,338,-1,352,353,337,-1,337,353,354,-1,334,355,356,-1,356,355,357,-1,331,332,337,-1,337,332,334,-1,337,334,358,-1,358,334,356,-1,359,360,361,-1,361,360,362,-1,361,362,363,-1,361,352,359,-1,359,352,337,-1,359,337,364,-1,364,337,358,-1,364,358,20,-1,20,358,365,-1,20,365,18,-1,357,355,366,-1,366,355,367,-1,366,367,368,-1,319,369,321,-1,321,369,370,-1,321,370,371,-1,371,372,321,-1,321,372,373,-1,321,373,15,-1,43,374,49,-1,49,374,375,-1,49,375,376,-1,376,377,49,-1,49,377,378,-1,49,378,379,-1,380,381,367,-1,353,382,354,-1,354,382,368,-1,354,368,14,-1,14,368,367,-1,14,367,383,-1,383,367,381,-1,12,14,384,-1,385,386,387,-1,388,389,390,-1,390,389,391,-1,390,391,383,-1,383,391,392,-1,383,392,14,-1,14,392,393,-1,14,393,384,-1,394,395,396,-1,396,395,397,-1,396,397,398,-1,388,390,387,-1,387,390,399,-1,387,399,385,-1,386,400,387,-1,387,400,401,-1,387,401,402,-1,402,403,387,-1,387,403,404,-1,387,404,405,-1,405,406,387,-1,387,406,395,-1,387,395,407,-1,407,395,394,-1,10,408,409,-1,409,408,410,-1,409,410,411,-1,11,412,413,-1,413,414,11,-1,11,414,415,-1,11,415,9,-1,416,417,418,-1,419,420,421,-1,421,420,422,-1,421,422,11,-1,11,422,423,-1,11,423,412,-1,424,425,426,-1,426,425,427,-1,426,427,428,-1,429,430,211,-1,211,430,431,-1,211,431,426,-1,426,431,432,-1,426,432,424,-1,237,236,246,-1,246,236,266,-1,246,266,211,-1,211,266,268,-1,211,268,429,-1,28,206,29,-1,29,206,205,-1,29,205,259,-1,259,205,433,-1,259,433,217,-1,217,433,434,-1,217,434,218,-1,435,436,437,-1,438,439,440,-1,440,439,441,-1,440,441,197,-1,197,441,437,-1,197,437,196,-1,196,437,436,-1,196,436,442,-1,443,444,445,-1,437,446,435,-1,435,446,447,-1,435,447,448,-1,448,447,443,-1,448,443,449,-1,449,443,445,-1,8,450,26,-1,26,450,451,-1,261,26,273,-1,273,26,451,-1,273,451,446,-1,446,451,452,-1,446,452,447,-1,453,450,454,-1,454,450,8,-1,454,8,455,-1,455,8,7,-1,456,457,458,-1,260,259,25,-1,25,259,456,-1,25,456,26,-1,26,456,458,-1,26,458,8,-1,8,458,459,-1,8,459,460,-1,461,462,463,-1,463,462,464,-1,463,464,456,-1,456,464,465,-1,456,465,457,-1,460,466,8,-1,8,466,467,-1,8,467,6,-1,468,469,470,-1,468,470,442,-1,469,471,470,-1,470,471,472,-1,470,472,463,-1,463,472,473,-1,463,473,461,-1,474,79,475,-1,475,79,76,-1,475,76,476,-1,476,76,64,-1,476,64,477,-1,477,64,68,-1,477,68,478,-1,478,68,51,-1,478,51,479,-1,479,51,49,-1,479,49,480,-1,480,49,379,-1,481,482,418,-1,418,482,483,-1,484,421,35,-1,417,419,418,-1,418,419,421,-1,418,421,481,-1,481,421,484,-1,481,484,485,-1,5,418,3,-1,3,418,483,-1,3,483,35,-1,35,483,486,-1,35,486,484,-1,487,488,489,-1,489,488,490,-1,489,490,491,-1,492,493,494,-1,494,493,491,-1,494,491,5,-1,5,491,490,-1,5,490,495,-1,495,490,496,-1,495,496,497,-1,2,495,0,-1,0,495,497,-1,0,497,4,-1,4,497,498,-1,4,498,5,-1,5,498,499,-1,5,499,494,-1,10,409,11,-1,11,409,500,-1,11,500,421,-1,421,500,44,-1,421,44,35,-1,35,44,46,-1,35,46,36,-1,2,217,495,-1,495,217,207,-1,495,207,5,-1,5,207,211,-1,5,211,418,-1,418,211,426,-1,418,426,416,-1,416,426,428,-1,439,324,441,-1,441,324,329,-1,441,329,437,-1,437,329,337,-1,437,337,446,-1,446,337,354,-1,446,354,273,-1,273,354,14,-1,273,14,268,-1,268,14,13,-1,268,13,429,-1,15,17,321,-1,321,17,501,-1,321,501,326,-1,326,501,502,-1,326,502,336,-1,336,502,503,-1,336,503,334,-1,334,503,504,-1,334,504,355,-1,355,504,411,-1,355,411,367,-1,367,411,410,-1,367,410,380,-1,320,316,318,-1,318,316,317,-1,318,317,505,-1,506,507,439,-1,438,192,439,-1,439,192,184,-1,439,184,506,-1,506,184,508,-1,439,509,510,-1,511,512,513,-1,514,184,515,-1,515,184,516,-1,515,516,510,-1,510,516,505,-1,510,505,439,-1,439,505,317,-1,439,317,324,-1,324,317,323,-1,324,323,325,-1,517,518,514,-1,514,518,519,-1,514,519,184,-1,184,519,511,-1,184,511,508,-1,513,520,511,-1,511,520,521,-1,511,521,508,-1,522,523,509,-1,509,523,524,-1,509,524,525,-1,507,526,439,-1,439,526,527,-1,439,527,509,-1,509,527,528,-1,509,528,522,-1,525,529,509,-1,509,529,530,-1,509,530,511,-1,511,530,531,-1,511,531,512,-1,442,470,196,-1,196,470,532,-1,196,532,185,-1,185,532,533,-1,185,533,184,-1,184,533,534,-1,184,534,516,-1,82,84,1,-1,1,84,535,-1,1,535,2,-1,2,535,536,-1,2,536,217,-1,217,536,537,-1,217,537,259,-1,259,537,538,-1,259,538,456,-1,456,538,539,-1,456,539,463,-1,463,539,540,-1,463,540,470,-1,470,540,541,-1,470,541,532,-1,532,541,542,-1,532,542,533,-1,533,542,543,-1,533,543,534,-1,544,545,546,-1,547,548,546,-1,546,548,549,-1,550,551,552,-1,552,551,553,-1,554,555,549,-1,549,555,556,-1,549,556,546,-1,546,556,557,-1,558,559,553,-1,553,559,560,-1,553,560,552,-1,552,560,561,-1,549,562,554,-1,554,562,563,-1,554,563,564,-1,565,566,567,-1,566,568,567,-1,567,568,569,-1,567,569,570,-1,553,571,572,-1,557,573,546,-1,546,573,574,-1,546,574,575,-1,576,577,554,-1,578,579,554,-1,554,579,580,-1,575,581,546,-1,546,581,582,-1,546,582,544,-1,577,583,554,-1,554,583,584,-1,554,584,578,-1,580,585,554,-1,554,585,586,-1,554,586,567,-1,567,586,587,-1,567,587,565,-1,570,588,567,-1,567,588,589,-1,567,589,590,-1,590,591,567,-1,567,591,592,-1,567,592,593,-1,594,595,553,-1,553,595,596,-1,553,596,558,-1,558,596,567,-1,558,567,597,-1,597,567,593,-1,598,599,553,-1,553,599,600,-1,553,600,594,-1,572,601,553,-1,553,601,602,-1,553,602,598,-1,564,603,554,-1,554,603,604,-1,554,604,605,-1,605,606,554,-1,554,606,607,-1,554,607,576,-1,608,609,610,-1,610,609,611,-1,612,613,614,-1,615,616,611,-1,611,616,617,-1,611,617,610,-1,610,617,618,-1,619,620,621,-1,621,620,614,-1,621,614,622,-1,622,614,623,-1,624,625,614,-1,614,625,626,-1,614,626,627,-1,628,629,611,-1,630,631,632,-1,632,631,633,-1,628,611,634,-1,633,635,632,-1,632,635,636,-1,632,636,637,-1,627,638,614,-1,614,638,639,-1,614,639,640,-1,641,642,624,-1,624,642,643,-1,643,644,624,-1,624,644,645,-1,624,645,632,-1,632,645,646,-1,632,646,630,-1,647,648,611,-1,611,648,649,-1,640,650,614,-1,614,650,651,-1,614,651,612,-1,637,652,632,-1,632,652,653,-1,632,653,654,-1,629,655,611,-1,611,655,656,-1,611,656,615,-1,615,656,632,-1,615,632,657,-1,657,632,654,-1,620,658,614,-1,614,658,659,-1,614,659,624,-1,624,659,660,-1,624,660,661,-1,661,662,624,-1,624,662,663,-1,624,663,641,-1,649,664,611,-1,611,664,665,-1,611,665,634,-1,623,614,666,-1,666,614,667,-1,668,669,609,-1,609,669,611,-1,608,610,670,-1,670,610,671,-1,672,673,622,-1,622,673,621,-1,674,675,676,-1,676,675,677,-1,676,677,678,-1,679,674,680,-1,680,674,681,-1,682,683,679,-1,679,683,675,-1,679,675,674,-1,681,684,680,-1,680,684,685,-1,680,685,686,-1,686,685,687,-1,686,687,682,-1,682,687,688,-1,682,688,683,-1,689,690,691,-1,691,690,683,-1,691,683,688,-1,692,693,694,-1,694,693,695,-1,695,693,696,-1,695,696,697,-1,698,689,696,-1,696,689,699,-1,696,699,697,-1,694,678,692,-1,692,678,677,-1,692,677,698,-1,698,677,690,-1,698,690,689,-1,672,666,673,-1,673,666,667,-1,700,701,667,-1,667,701,702,-1,667,702,673,-1,673,702,703,-1,704,705,669,-1,706,707,667,-1,708,709,671,-1,671,709,669,-1,671,669,670,-1,670,669,668,-1,706,667,710,-1,707,711,667,-1,667,711,712,-1,667,712,700,-1,700,712,713,-1,700,713,714,-1,715,716,669,-1,669,716,717,-1,669,717,718,-1,719,720,715,-1,715,720,721,-1,715,721,722,-1,723,724,715,-1,715,724,725,-1,715,725,719,-1,726,727,667,-1,667,727,728,-1,722,729,715,-1,715,729,730,-1,715,730,713,-1,713,730,731,-1,713,731,732,-1,732,733,713,-1,713,733,734,-1,713,734,735,-1,735,736,713,-1,713,736,737,-1,713,737,738,-1,728,739,667,-1,667,739,740,-1,667,740,710,-1,718,741,669,-1,669,741,742,-1,669,742,743,-1,709,744,669,-1,669,744,745,-1,669,745,715,-1,715,745,746,-1,715,746,747,-1,747,748,715,-1,715,748,749,-1,715,749,723,-1,743,750,669,-1,669,750,751,-1,669,751,704,-1,738,752,713,-1,713,752,753,-1,713,753,754,-1,754,755,713,-1,713,755,756,-1,713,756,714,-1,671,610,708,-1,708,610,618,-1,708,618,757,-1,757,618,758,-1,757,758,759,-1,759,758,760,-1,759,760,761,-1,761,760,762,-1,761,762,763,-1,763,762,764,-1,763,764,765,-1,765,764,766,-1,765,766,767,-1,767,766,768,-1,767,768,769,-1,769,768,770,-1,769,770,771,-1,771,770,772,-1,771,772,773,-1,773,772,774,-1,773,774,703,-1,703,774,619,-1,703,619,673,-1,673,619,621,-1,647,611,705,-1,705,611,669,-1,648,647,704,-1,704,647,705,-1,775,632,656,-1,775,656,715,-1,628,741,629,-1,629,741,718,-1,629,718,655,-1,655,718,717,-1,655,717,656,-1,656,717,716,-1,656,716,715,-1,776,713,712,-1,776,712,624,-1,706,638,707,-1,707,638,627,-1,707,627,711,-1,711,627,626,-1,711,626,712,-1,712,626,625,-1,712,625,624,-1,727,726,612,-1,612,726,613,-1,614,613,667,-1,667,613,726,-1,648,704,751,-1,648,751,649,-1,649,751,750,-1,649,750,664,-1,664,750,743,-1,664,743,665,-1,665,743,742,-1,665,742,634,-1,634,742,741,-1,634,741,628,-1,638,706,710,-1,638,710,639,-1,639,710,740,-1,639,740,640,-1,640,740,739,-1,640,739,650,-1,650,739,728,-1,650,728,651,-1,651,728,727,-1,651,727,612,-1,687,685,777,-1,777,685,697,-1,777,697,699,-1,684,681,695,-1,695,681,778,-1,695,778,694,-1,779,713,780,-1,780,713,776,-1,781,782,783,-1,784,785,786,-1,676,678,787,-1,787,678,788,-1,787,788,784,-1,784,788,789,-1,784,789,785,-1,785,789,790,-1,785,790,791,-1,791,790,792,-1,791,792,793,-1,783,782,794,-1,794,782,779,-1,794,779,795,-1,795,779,780,-1,795,780,796,-1,796,780,776,-1,796,776,624,-1,797,798,783,-1,783,798,799,-1,783,799,781,-1,797,800,798,-1,798,800,801,-1,798,801,802,-1,802,801,803,-1,802,803,804,-1,804,803,805,-1,805,803,806,-1,805,806,807,-1,807,806,808,-1,807,808,809,-1,809,808,810,-1,809,810,811,-1,811,810,812,-1,811,812,813,-1,813,812,814,-1,813,814,815,-1,815,814,816,-1,816,814,817,-1,816,817,818,-1,817,819,818,-1,818,819,820,-1,818,820,821,-1,821,820,822,-1,821,822,823,-1,823,822,824,-1,823,824,793,-1,793,824,825,-1,793,825,791,-1,791,825,826,-1,791,826,785,-1,785,826,827,-1,785,827,786,-1,674,676,828,-1,828,676,787,-1,828,787,829,-1,829,787,784,-1,829,784,830,-1,830,784,786,-1,831,832,833,-1,778,681,834,-1,835,836,694,-1,837,838,839,-1,839,838,840,-1,839,840,841,-1,836,835,842,-1,842,835,837,-1,842,837,843,-1,843,837,839,-1,843,839,844,-1,844,839,845,-1,845,839,841,-1,845,841,846,-1,847,848,849,-1,832,831,850,-1,850,831,775,-1,850,775,715,-1,694,778,835,-1,835,778,834,-1,835,834,837,-1,837,834,851,-1,837,851,838,-1,840,852,841,-1,841,852,853,-1,841,853,846,-1,846,853,854,-1,846,854,855,-1,849,848,855,-1,855,848,856,-1,855,856,846,-1,846,856,857,-1,846,857,845,-1,849,858,847,-1,847,858,859,-1,847,859,860,-1,860,859,861,-1,860,861,862,-1,862,861,863,-1,861,864,863,-1,863,864,865,-1,863,865,866,-1,866,865,867,-1,866,867,868,-1,868,867,869,-1,868,869,870,-1,870,869,871,-1,870,871,872,-1,872,871,873,-1,872,873,874,-1,874,873,875,-1,874,875,876,-1,876,875,877,-1,876,877,878,-1,878,877,879,-1,878,879,833,-1,833,879,880,-1,833,880,831,-1,632,775,881,-1,881,775,831,-1,881,831,882,-1,882,831,880,-1,834,681,674,-1,796,624,632,-1,879,877,801,-1,797,783,881,-1,881,783,794,-1,881,794,632,-1,632,794,795,-1,632,795,796,-1,797,881,800,-1,800,881,882,-1,800,882,801,-1,801,882,880,-1,801,880,879,-1,873,808,875,-1,875,808,806,-1,875,806,877,-1,877,806,803,-1,877,803,801,-1,865,819,867,-1,867,819,817,-1,867,817,869,-1,869,817,814,-1,869,814,812,-1,873,871,808,-1,808,871,869,-1,808,869,810,-1,810,869,812,-1,865,864,819,-1,819,864,861,-1,819,861,820,-1,855,825,849,-1,849,825,858,-1,858,825,859,-1,859,825,824,-1,859,824,861,-1,861,824,822,-1,861,822,820,-1,830,786,855,-1,830,855,829,-1,855,854,829,-1,829,854,853,-1,829,853,852,-1,786,827,855,-1,855,827,826,-1,855,826,825,-1,852,840,829,-1,829,840,838,-1,829,838,828,-1,828,838,674,-1,674,838,851,-1,674,851,834,-1,790,843,844,-1,844,845,790,-1,790,845,857,-1,790,857,792,-1,792,857,856,-1,792,856,793,-1,694,836,678,-1,678,836,842,-1,678,842,788,-1,788,842,843,-1,788,843,789,-1,789,843,790,-1,848,847,821,-1,821,847,860,-1,821,860,818,-1,818,860,862,-1,818,862,816,-1,848,821,856,-1,856,821,823,-1,856,823,793,-1,862,863,816,-1,816,863,866,-1,816,866,815,-1,815,866,813,-1,813,866,811,-1,811,866,868,-1,811,868,809,-1,809,868,870,-1,809,870,807,-1,872,802,804,-1,872,804,870,-1,870,804,805,-1,870,805,807,-1,872,874,802,-1,802,874,876,-1,802,876,798,-1,833,782,878,-1,878,782,781,-1,878,781,876,-1,876,781,799,-1,876,799,798,-1,850,715,713,-1,833,832,782,-1,782,832,850,-1,782,850,779,-1,779,850,713,-1,883,884,885,-1,691,688,886,-1,887,888,889,-1,890,891,888,-1,888,891,892,-1,888,892,889,-1,889,892,893,-1,889,893,894,-1,894,893,895,-1,894,895,689,-1,896,897,898,-1,884,883,899,-1,899,883,900,-1,899,900,554,-1,689,691,894,-1,894,691,886,-1,894,886,889,-1,889,886,901,-1,889,901,887,-1,902,903,904,-1,904,903,905,-1,904,905,906,-1,906,905,907,-1,906,907,908,-1,898,897,908,-1,908,897,909,-1,908,909,906,-1,887,902,888,-1,888,902,904,-1,888,904,890,-1,890,904,906,-1,890,906,910,-1,910,906,909,-1,898,911,896,-1,896,911,912,-1,896,912,913,-1,913,912,914,-1,913,914,915,-1,915,914,916,-1,914,917,916,-1,916,917,918,-1,916,918,919,-1,919,918,920,-1,919,920,921,-1,921,920,922,-1,921,922,923,-1,923,922,924,-1,923,924,925,-1,925,924,926,-1,925,926,927,-1,927,926,928,-1,927,928,929,-1,929,928,930,-1,929,930,931,-1,931,930,932,-1,931,932,885,-1,885,932,933,-1,885,933,883,-1,934,900,935,-1,935,900,883,-1,935,883,936,-1,936,883,933,-1,937,567,938,-1,938,567,939,-1,940,941,942,-1,943,944,945,-1,777,699,946,-1,946,699,947,-1,946,947,943,-1,943,947,948,-1,943,948,944,-1,944,948,949,-1,944,949,950,-1,950,949,951,-1,950,951,952,-1,942,937,940,-1,940,937,938,-1,940,938,953,-1,953,938,939,-1,953,939,954,-1,955,956,957,-1,957,956,958,-1,957,958,941,-1,941,958,959,-1,941,959,942,-1,955,960,956,-1,956,960,961,-1,956,961,962,-1,962,961,963,-1,962,963,964,-1,964,963,965,-1,965,963,966,-1,965,966,967,-1,967,966,968,-1,967,968,969,-1,969,968,970,-1,969,970,971,-1,971,970,972,-1,971,972,973,-1,973,972,974,-1,973,974,975,-1,975,974,976,-1,976,974,977,-1,976,977,978,-1,977,979,978,-1,978,979,980,-1,978,980,981,-1,981,980,982,-1,981,982,983,-1,983,982,984,-1,983,984,952,-1,952,984,985,-1,952,985,950,-1,950,985,986,-1,950,986,944,-1,944,986,987,-1,944,987,945,-1,687,777,988,-1,988,777,946,-1,988,946,989,-1,989,946,943,-1,989,943,990,-1,990,943,945,-1,953,954,934,-1,886,688,687,-1,988,989,887,-1,988,887,687,-1,687,887,901,-1,687,901,886,-1,907,905,989,-1,907,989,908,-1,905,903,989,-1,989,903,902,-1,989,902,887,-1,989,990,908,-1,908,990,945,-1,908,945,987,-1,912,911,985,-1,912,985,914,-1,914,985,984,-1,914,984,982,-1,987,986,908,-1,908,986,985,-1,908,985,898,-1,898,985,911,-1,982,980,914,-1,914,980,979,-1,914,979,917,-1,917,979,918,-1,918,979,920,-1,920,979,977,-1,920,977,922,-1,922,977,974,-1,922,974,972,-1,966,930,928,-1,972,970,922,-1,922,970,968,-1,922,968,924,-1,966,928,968,-1,968,928,926,-1,968,926,924,-1,966,963,930,-1,930,963,961,-1,930,961,932,-1,955,935,960,-1,960,935,936,-1,960,936,961,-1,961,936,933,-1,961,933,932,-1,955,957,935,-1,935,957,941,-1,935,941,934,-1,934,941,940,-1,934,940,953,-1,949,892,891,-1,891,890,949,-1,949,890,910,-1,949,910,951,-1,951,910,909,-1,951,909,952,-1,689,895,699,-1,699,895,893,-1,699,893,947,-1,947,893,892,-1,947,892,948,-1,948,892,949,-1,897,896,981,-1,981,896,913,-1,981,913,978,-1,978,913,915,-1,978,915,976,-1,897,981,909,-1,909,981,983,-1,909,983,952,-1,915,916,976,-1,976,916,919,-1,976,919,975,-1,975,919,973,-1,973,919,971,-1,971,919,921,-1,971,921,969,-1,969,921,923,-1,969,923,967,-1,925,962,964,-1,925,964,923,-1,923,964,965,-1,923,965,967,-1,925,927,962,-1,962,927,929,-1,962,929,956,-1,885,942,931,-1,931,942,959,-1,931,959,929,-1,929,959,958,-1,929,958,956,-1,899,554,567,-1,885,884,942,-1,942,884,899,-1,942,899,937,-1,937,899,567,-1,991,544,582,-1,991,582,992,-1,992,582,581,-1,992,581,993,-1,993,581,575,-1,993,575,994,-1,994,575,574,-1,994,574,995,-1,995,574,573,-1,995,573,996,-1,991,997,544,-1,544,997,545,-1,997,998,545,-1,545,998,546,-1,546,998,547,-1,547,998,999,-1,1000,549,1001,-1,1001,549,548,-1,549,1000,562,-1,562,1000,1002,-1,562,1002,1003,-1,1003,1002,1004,-1,1003,1004,1005,-1,1005,1004,1006,-1,1005,1006,1007,-1,1007,1006,1008,-1,1007,1008,1009,-1,1009,1008,1010,-1,1009,1010,1011,-1,1011,1010,1012,-1,1011,1012,1013,-1,1013,1012,1014,-1,1013,1014,1015,-1,1015,1014,1016,-1,1015,1016,1017,-1,1017,1016,1018,-1,1017,1018,1019,-1,1019,1018,1020,-1,1019,1020,561,-1,561,1020,1021,-1,561,1021,552,-1,552,1021,1022,-1,552,1022,550,-1,550,1022,1023,-1,1024,553,1025,-1,1025,553,551,-1,1024,1026,553,-1,553,1026,571,-1,572,571,1027,-1,1027,571,1026,-1,1028,600,599,-1,1028,599,1029,-1,1029,599,598,-1,1029,598,1030,-1,1030,598,602,-1,1030,602,1031,-1,1031,602,601,-1,1031,601,1032,-1,1032,601,572,-1,1032,572,1027,-1,1027,1026,1024,-1,1025,1023,1024,-1,1024,1023,1022,-1,1001,999,1000,-1,1000,999,998,-1,954,1022,1021,-1,954,1033,1022,-1,1022,1033,1034,-1,1022,1034,1024,-1,1024,1034,1035,-1,1036,1037,998,-1,998,1037,1038,-1,998,1038,1000,-1,1000,1038,1002,-1,1021,1039,954,-1,954,1039,1040,-1,954,1040,1041,-1,996,1042,998,-1,954,1043,1044,-1,996,998,995,-1,1042,1045,998,-1,998,1045,1046,-1,998,1046,1036,-1,1036,1046,934,-1,1036,934,1047,-1,1035,1028,1024,-1,1024,1028,1029,-1,1024,1029,1030,-1,1048,1049,954,-1,1050,1051,934,-1,934,1051,1052,-1,934,1052,1053,-1,1030,1031,1024,-1,1024,1031,1032,-1,1024,1032,1027,-1,1049,1054,954,-1,954,1054,1055,-1,954,1055,1043,-1,997,991,998,-1,998,991,992,-1,1044,1056,954,-1,954,1056,1057,-1,954,1057,934,-1,934,1057,1058,-1,934,1058,1050,-1,1053,1059,934,-1,934,1059,1060,-1,934,1060,1061,-1,1041,1062,954,-1,954,1062,1063,-1,954,1063,1048,-1,1061,1064,934,-1,934,1064,1065,-1,934,1065,1047,-1,992,993,998,-1,998,993,994,-1,998,994,995,-1,939,567,596,-1,939,596,954,-1,600,1028,594,-1,594,1028,1035,-1,594,1035,595,-1,595,1035,1034,-1,595,1034,596,-1,596,1034,1033,-1,596,1033,954,-1,900,934,1046,-1,996,573,1042,-1,1042,573,557,-1,1042,557,1045,-1,1045,557,556,-1,1045,556,1046,-1,1046,556,555,-1,1046,555,900,-1,900,555,554,-1,697,685,1066,-1,1066,685,1067,-1,1068,1069,1070,-1,1070,1069,1071,-1,1070,1071,1072,-1,1072,1071,1066,-1,1072,1066,1073,-1,1073,1066,1067,-1,1074,1075,1076,-1,1076,1075,1077,-1,1076,1077,1078,-1,1078,1077,1068,-1,1078,1068,1079,-1,1079,1068,1070,-1,1074,1076,1080,-1,1080,1076,1081,-1,1080,1081,1082,-1,1082,1081,1083,-1,1082,1083,1084,-1,1084,1083,1085,-1,1084,1085,1086,-1,1085,1087,1086,-1,1086,1087,1088,-1,1086,1088,1089,-1,1089,1088,1090,-1,1091,374,1092,-1,1092,374,1093,-1,1092,1093,1094,-1,1094,1093,1095,-1,1094,1095,1096,-1,1096,1095,1097,-1,1096,1097,1098,-1,1098,1097,1099,-1,1098,1099,1100,-1,1100,1099,1101,-1,1100,1101,1102,-1,1102,1101,1103,-1,1102,1103,1104,-1,1104,1103,1105,-1,1104,1105,1090,-1,1090,1105,1106,-1,1090,1106,1089,-1,1107,1108,1109,-1,1110,16,1111,-1,1111,1112,1110,-1,1110,1112,1113,-1,1110,1113,1114,-1,1114,1113,1107,-1,1114,1107,1115,-1,1115,1107,1109,-1,1116,1117,1118,-1,1118,1117,1119,-1,1118,1119,1120,-1,1120,1119,1109,-1,1120,1109,1121,-1,1121,1109,1108,-1,1116,1118,1122,-1,1122,1118,1123,-1,1122,1123,1124,-1,1124,1123,1125,-1,1124,1125,1126,-1,1126,1125,1127,-1,1126,1127,1128,-1,1127,1129,1128,-1,1128,1129,1130,-1,1128,1130,1131,-1,1131,1130,1132,-1,684,695,1133,-1,1133,695,1134,-1,1133,1134,1135,-1,1135,1134,1136,-1,1135,1136,1137,-1,1137,1136,1138,-1,1137,1138,1139,-1,1139,1138,1140,-1,1139,1140,1141,-1,1141,1140,1142,-1,1141,1142,1143,-1,1143,1142,1144,-1,1143,1144,1145,-1,1145,1144,1146,-1,1145,1146,1132,-1,1132,1146,1147,-1,1132,1147,1131,-1,684,1133,1072,-1,1072,1073,684,-1,684,1073,1067,-1,684,1067,685,-1,1137,1078,1135,-1,1135,1078,1079,-1,1135,1079,1133,-1,1133,1079,1070,-1,1133,1070,1072,-1,1137,1139,1078,-1,1078,1139,1141,-1,1078,1141,1076,-1,1076,1141,1081,-1,1081,1141,1143,-1,1081,1143,1083,-1,1130,1129,1090,-1,1143,1145,1083,-1,1083,1145,1132,-1,1083,1132,1085,-1,1085,1132,1087,-1,1130,1090,1132,-1,1132,1090,1088,-1,1132,1088,1087,-1,1129,1127,1090,-1,1090,1127,1125,-1,1090,1125,1104,-1,1104,1125,1102,-1,1102,1125,1123,-1,1102,1123,1100,-1,1100,1123,1118,-1,1100,1118,1120,-1,1121,1092,1120,-1,1120,1092,1094,-1,1094,1096,1120,-1,1120,1096,1098,-1,1120,1098,1100,-1,1112,1111,1091,-1,1121,1108,1092,-1,1092,1108,1107,-1,1092,1107,1091,-1,1091,1107,1113,-1,1091,1113,1112,-1,1138,1071,1140,-1,1140,1071,1069,-1,1140,1069,1142,-1,1138,1136,1071,-1,1071,1136,1134,-1,1071,1134,1066,-1,1066,1134,695,-1,1066,695,697,-1,1069,1068,1142,-1,1142,1068,1077,-1,1142,1077,1144,-1,1144,1077,1146,-1,1146,1077,1075,-1,1146,1075,1147,-1,1147,1075,1074,-1,1147,1074,1080,-1,1126,1128,1080,-1,1080,1128,1131,-1,1080,1131,1147,-1,1126,1080,1124,-1,1124,1080,1082,-1,1124,1082,1122,-1,1122,1082,1084,-1,1122,1084,1086,-1,1086,1089,1122,-1,1122,1089,1106,-1,1122,1106,1116,-1,1106,1105,1116,-1,1116,1105,1103,-1,1116,1103,1117,-1,1117,1103,1101,-1,1117,1101,1119,-1,1119,1101,1099,-1,1119,1099,1109,-1,1099,1097,1109,-1,1109,1097,1095,-1,1109,1095,1115,-1,1115,1095,1093,-1,1115,1093,1114,-1,1114,1093,1110,-1,1110,1093,374,-1,1110,374,16,-1,1148,480,379,-1,1148,379,1149,-1,1149,379,378,-1,1149,378,1150,-1,1150,378,377,-1,1150,377,1151,-1,1151,377,376,-1,1151,376,1152,-1,1148,1153,480,-1,480,1153,474,-1,1153,1154,474,-1,474,1154,543,-1,369,543,1155,-1,1155,543,1154,-1,1156,373,372,-1,1156,372,1157,-1,1157,372,371,-1,1157,371,1158,-1,1158,371,370,-1,1158,370,1159,-1,1159,370,369,-1,1159,369,1155,-1,1155,1154,1160,-1,1160,1091,1111,-1,1153,1148,1154,-1,1154,1148,1149,-1,1154,1149,1150,-1,1150,1151,1154,-1,1154,1151,1152,-1,1154,1152,1160,-1,1111,1161,1160,-1,1160,1161,1156,-1,1160,1156,1157,-1,1157,1158,1160,-1,1160,1158,1159,-1,1160,1159,1155,-1,1111,16,1161,-1,1161,16,15,-1,1161,15,1156,-1,1156,15,373,-1,1152,376,1160,-1,1160,376,375,-1,1160,375,1091,-1,1091,375,374,-1,1162,1163,1164,-1,1164,1165,1162,-1,1162,1165,1166,-1,1162,1166,1167,-1,1167,1166,1168,-1,1167,1168,1169,-1,1169,1168,1170,-1,1168,1171,1170,-1,1170,1171,1172,-1,1170,1172,1173,-1,1173,1172,1174,-1,1173,1174,1175,-1,1175,1174,1176,-1,1176,1174,1177,-1,1176,1177,1178,-1,1178,1177,1179,-1,1178,1179,1180,-1,1180,1179,1181,-1,1180,1181,1182,-1,1182,1181,1183,-1,1182,1183,1184,-1,1184,1183,1185,-1,1184,1185,1186,-1,683,690,1187,-1,1187,690,1188,-1,1187,1188,1189,-1,1189,1188,1190,-1,1189,1190,1191,-1,1191,1190,1192,-1,1191,1192,1193,-1,1193,1192,1194,-1,1193,1194,1195,-1,1195,1194,1196,-1,1195,1196,1197,-1,1197,1196,1198,-1,1197,1198,1199,-1,1199,1198,1200,-1,1199,1200,1201,-1,1201,1200,1202,-1,1201,1202,1186,-1,1186,1202,1203,-1,1186,1203,1184,-1,1204,677,675,-1,675,1205,1204,-1,1204,1205,1206,-1,1204,1206,1207,-1,1207,1206,1208,-1,1207,1208,1209,-1,1209,1208,1210,-1,1208,1211,1210,-1,1210,1211,1212,-1,1210,1212,1213,-1,1213,1212,1214,-1,1213,1214,1215,-1,1215,1214,1216,-1,1216,1214,1217,-1,1216,1217,1218,-1,1218,1217,1219,-1,1218,1219,1220,-1,1220,1219,1221,-1,1220,1221,1222,-1,1222,1221,1223,-1,1222,1223,1224,-1,1223,1225,1224,-1,1224,1225,1226,-1,1224,1226,1227,-1,1227,1226,1228,-1,1229,1230,1231,-1,1231,1230,1232,-1,1231,1232,1233,-1,1233,1232,1234,-1,1233,1234,1235,-1,1235,1234,1236,-1,1235,1236,1237,-1,1237,1236,1238,-1,1237,1238,1239,-1,1239,1238,1240,-1,1239,1240,1241,-1,1241,1240,1242,-1,1241,1242,1243,-1,1243,1242,1244,-1,1243,1244,1228,-1,1228,1244,1245,-1,1228,1245,1227,-1,1205,675,683,-1,1165,1164,1229,-1,1172,1231,1174,-1,1174,1231,1233,-1,1174,1233,1235,-1,1172,1171,1231,-1,1231,1171,1168,-1,1231,1168,1229,-1,1229,1168,1166,-1,1229,1166,1165,-1,1239,1241,1179,-1,1179,1241,1181,-1,1235,1237,1174,-1,1174,1237,1239,-1,1174,1239,1177,-1,1177,1239,1179,-1,1186,1185,1228,-1,1186,1228,1201,-1,1201,1228,1226,-1,1201,1226,1225,-1,1241,1243,1181,-1,1181,1243,1228,-1,1181,1228,1183,-1,1183,1228,1185,-1,1221,1219,1197,-1,1197,1219,1195,-1,1225,1223,1201,-1,1201,1223,1221,-1,1201,1221,1199,-1,1199,1221,1197,-1,1191,1214,1189,-1,1189,1214,1212,-1,1189,1212,1187,-1,1219,1217,1195,-1,1195,1217,1214,-1,1195,1214,1193,-1,1193,1214,1191,-1,1212,1211,1187,-1,1187,1211,1208,-1,1187,1208,683,-1,683,1208,1206,-1,683,1206,1205,-1,1192,1207,1194,-1,1194,1207,1209,-1,1194,1209,1196,-1,1192,1190,1207,-1,1207,1190,1188,-1,1207,1188,1204,-1,1204,1188,690,-1,1204,690,677,-1,1209,1210,1196,-1,1196,1210,1213,-1,1196,1213,1198,-1,1198,1213,1200,-1,1200,1213,1215,-1,1200,1215,1202,-1,1202,1215,1216,-1,1202,1216,1218,-1,1182,1184,1218,-1,1218,1184,1203,-1,1218,1203,1202,-1,1182,1218,1180,-1,1180,1218,1220,-1,1180,1220,1178,-1,1178,1220,1222,-1,1178,1222,1224,-1,1224,1227,1178,-1,1178,1227,1245,-1,1178,1245,1176,-1,1245,1244,1176,-1,1176,1244,1242,-1,1176,1242,1175,-1,1175,1242,1240,-1,1175,1240,1173,-1,1173,1240,1238,-1,1173,1238,1170,-1,1238,1236,1170,-1,1170,1236,1234,-1,1170,1234,1169,-1,1169,1234,1232,-1,1169,1232,1167,-1,1167,1232,1162,-1,1162,1232,1230,-1,1162,1230,1163,-1,1246,1247,1248,-1,1246,1248,1249,-1,1249,1248,1250,-1,1249,1250,1251,-1,1251,1250,1252,-1,1251,1252,1253,-1,1253,1252,1254,-1,1253,1254,1255,-1,1246,1256,1247,-1,1247,1256,1257,-1,1256,1258,1257,-1,1257,1258,1259,-1,1260,1259,1261,-1,1261,1259,1258,-1,1262,1263,1264,-1,1262,1264,1265,-1,1265,1264,1266,-1,1265,1266,1267,-1,1267,1266,1268,-1,1267,1268,1269,-1,1269,1268,1260,-1,1269,1260,1261,-1,1229,1164,1270,-1,1270,1164,1271,-1,1270,1271,1255,-1,1256,1246,1271,-1,1271,1246,1249,-1,1271,1262,1256,-1,1256,1262,1265,-1,1256,1265,1267,-1,1267,1269,1256,-1,1256,1269,1261,-1,1256,1261,1258,-1,1249,1251,1271,-1,1271,1251,1253,-1,1271,1253,1255,-1,1164,1163,1271,-1,1271,1163,1272,-1,1271,1272,1262,-1,1262,1272,1263,-1,1264,1263,1257,-1,1257,1263,1272,-1,1257,1272,1247,-1,1272,1163,1230,-1,1257,1259,1260,-1,1260,1268,1257,-1,1257,1268,1266,-1,1257,1266,1264,-1,1230,1273,1272,-1,1272,1273,1254,-1,1272,1254,1252,-1,1252,1250,1272,-1,1272,1250,1248,-1,1272,1248,1247,-1,1255,1254,1270,-1,1270,1254,1273,-1,1270,1273,1229,-1,1229,1273,1230,-1,561,560,1019,-1,1019,560,1274,-1,1274,1275,1019,-1,1019,1275,1276,-1,1019,1276,1277,-1,1278,1017,1279,-1,1279,1017,1019,-1,1279,1019,1280,-1,1280,1019,1277,-1,1281,1282,1015,-1,1278,1283,1017,-1,1017,1283,1284,-1,1284,1285,1017,-1,1017,1285,1286,-1,1017,1286,1287,-1,1287,1288,1017,-1,1017,1288,1289,-1,1017,1289,1015,-1,1015,1289,1290,-1,1015,1290,1281,-1,1291,1292,1009,-1,1293,1294,1007,-1,1009,1292,1007,-1,1007,1292,1295,-1,1007,1295,1293,-1,1011,1296,1009,-1,1009,1296,1297,-1,1009,1297,1291,-1,1298,1299,1013,-1,1013,1299,1300,-1,1013,1300,1011,-1,1011,1300,1301,-1,1011,1301,1296,-1,1298,1013,1302,-1,1302,1013,1015,-1,1302,1015,1282,-1,1303,1304,1005,-1,1303,1005,1305,-1,1304,1306,1005,-1,1005,1306,1307,-1,1005,1307,1308,-1,1308,1309,1005,-1,1005,1309,1310,-1,1005,1310,1311,-1,1305,1005,1312,-1,1312,1005,1007,-1,1312,1007,1294,-1,1311,1313,1005,-1,1005,1313,1003,-1,563,562,1314,-1,1314,562,1003,-1,1314,1003,1315,-1,1315,1003,1313,-1,1316,1006,1317,-1,1317,1006,1004,-1,1002,1038,1004,-1,1004,1038,1318,-1,1318,1319,1004,-1,1004,1319,1320,-1,1004,1320,1317,-1,1321,1008,1322,-1,1322,1008,1323,-1,1323,1008,1324,-1,1324,1008,1006,-1,1324,1006,1325,-1,1316,1326,1006,-1,1006,1326,1327,-1,1006,1327,1325,-1,1328,1329,1016,-1,1330,1010,1331,-1,1331,1010,1008,-1,1331,1008,1321,-1,1332,1333,1014,-1,1014,1333,1334,-1,1014,1334,1016,-1,1016,1334,1335,-1,1016,1335,1328,-1,1330,1336,1010,-1,1010,1336,1337,-1,1010,1337,1012,-1,1012,1337,1338,-1,1012,1338,1014,-1,1014,1338,1339,-1,1014,1339,1332,-1,1340,1341,1018,-1,1016,1329,1342,-1,1340,1018,1343,-1,1342,1344,1016,-1,1016,1344,1345,-1,1016,1345,1018,-1,1018,1345,1346,-1,1018,1346,1343,-1,1039,1021,1347,-1,1347,1021,1020,-1,1347,1020,1348,-1,1348,1020,1349,-1,1349,1020,1350,-1,1350,1020,1018,-1,1350,1018,1341,-1,618,617,758,-1,758,617,1351,-1,758,1351,1352,-1,1353,760,1354,-1,1354,760,758,-1,1354,758,1355,-1,1355,758,1352,-1,1356,1357,762,-1,1356,762,1358,-1,760,1353,1359,-1,1359,1360,760,-1,760,1360,1361,-1,760,1361,762,-1,762,1361,1362,-1,762,1362,1358,-1,1363,770,1364,-1,1364,770,768,-1,1364,768,1365,-1,1365,768,1366,-1,1357,1367,762,-1,762,1367,1368,-1,762,1368,764,-1,764,1368,1369,-1,764,1369,1370,-1,1370,1371,764,-1,764,1371,1372,-1,764,1372,766,-1,1372,1373,766,-1,766,1373,1374,-1,766,1374,768,-1,768,1374,1375,-1,768,1375,1366,-1,1376,1377,772,-1,1378,770,1379,-1,1379,770,1363,-1,1378,1380,770,-1,770,1380,1381,-1,770,1381,772,-1,772,1381,1382,-1,772,1382,1376,-1,1383,774,1384,-1,1384,774,772,-1,1384,772,1377,-1,620,619,1385,-1,1385,619,774,-1,1385,774,1386,-1,1386,774,1383,-1,1387,771,1388,-1,1388,771,773,-1,1388,773,1389,-1,1389,773,1390,-1,1390,773,703,-1,1390,703,702,-1,1391,1392,771,-1,1387,1393,771,-1,771,1393,1394,-1,771,1394,1391,-1,1392,1395,771,-1,771,1395,1396,-1,771,1396,1397,-1,1398,769,1399,-1,1399,769,771,-1,1399,771,1400,-1,1400,771,1397,-1,1401,1402,761,-1,765,1403,763,-1,763,1403,1404,-1,1404,1405,763,-1,763,1405,1406,-1,763,1406,761,-1,761,1406,1407,-1,761,1407,1401,-1,1408,1409,765,-1,765,1409,1410,-1,765,1410,1403,-1,1408,765,1411,-1,1411,765,767,-1,1411,767,1412,-1,1412,767,769,-1,1412,769,1398,-1,1413,759,1414,-1,1414,759,1415,-1,1416,1417,759,-1,759,1417,1418,-1,759,1418,1415,-1,1402,1419,761,-1,761,1419,1420,-1,761,1420,759,-1,759,1420,1421,-1,759,1421,1416,-1,709,708,1422,-1,1422,708,757,-1,1422,757,1423,-1,1423,757,1424,-1,1425,1424,1426,-1,1426,1424,757,-1,1426,757,1413,-1,1413,757,759,-1,1427,1428,1429,-1,1344,1342,1430,-1,1329,1328,1431,-1,1330,1331,1432,-1,1317,1320,1433,-1,1433,1320,1434,-1,1321,1322,1435,-1,1435,1322,1323,-1,1435,1323,1436,-1,1436,1323,1324,-1,1436,1324,1437,-1,1429,1336,1330,-1,1336,1429,1337,-1,1438,1439,1431,-1,1431,1328,1438,-1,1438,1328,1335,-1,1438,1335,1334,-1,1440,1340,1441,-1,1441,1340,1343,-1,1347,1348,1442,-1,1442,1348,1349,-1,1442,1349,1350,-1,1443,1041,1040,-1,1444,1445,1442,-1,1442,1445,1443,-1,1444,1442,1446,-1,1446,1442,1447,-1,1446,1447,1448,-1,1448,1447,1449,-1,1448,1449,1450,-1,1451,1452,1449,-1,1449,1452,1453,-1,1449,1453,1450,-1,1454,1455,1451,-1,1451,1455,1456,-1,1451,1456,1452,-1,1457,1458,1454,-1,1458,1459,1454,-1,1454,1459,1460,-1,1454,1460,1455,-1,1461,1439,1462,-1,1462,1439,1438,-1,1462,1438,1463,-1,1463,1438,1464,-1,1429,1428,1465,-1,1428,1466,1465,-1,1465,1466,1467,-1,1465,1467,1438,-1,1438,1467,1468,-1,1438,1468,1464,-1,1330,1432,1429,-1,1429,1432,1469,-1,1429,1469,1427,-1,1470,1471,1472,-1,1472,1471,1473,-1,1472,1473,1474,-1,1474,1473,1475,-1,1475,1473,1476,-1,1475,1476,1477,-1,1478,1479,1480,-1,1480,1479,1481,-1,1480,1481,1476,-1,1476,1481,1482,-1,1476,1482,1477,-1,1478,1480,1483,-1,1483,1480,1484,-1,1483,1484,1485,-1,1486,1487,1488,-1,1486,1488,1484,-1,1484,1488,1489,-1,1484,1489,1485,-1,1037,1036,1434,-1,1434,1036,1490,-1,1434,1490,1491,-1,1334,1333,1438,-1,1438,1333,1332,-1,1438,1332,1465,-1,1465,1332,1339,-1,1465,1339,1429,-1,1429,1339,1338,-1,1429,1338,1337,-1,1342,1329,1430,-1,1430,1329,1431,-1,1430,1431,1492,-1,1492,1431,1439,-1,1492,1439,1493,-1,1493,1439,1461,-1,1493,1461,1494,-1,1343,1346,1441,-1,1441,1346,1345,-1,1441,1345,1495,-1,1496,1497,1440,-1,1440,1497,1341,-1,1440,1341,1340,-1,1496,1440,1498,-1,1498,1440,1441,-1,1498,1441,1499,-1,1499,1441,1495,-1,1499,1495,1500,-1,1494,1501,1493,-1,1493,1501,1502,-1,1493,1502,1492,-1,1492,1502,1500,-1,1492,1500,1430,-1,1430,1500,1495,-1,1430,1495,1344,-1,1344,1495,1345,-1,1501,1457,1502,-1,1502,1457,1454,-1,1502,1454,1500,-1,1500,1454,1451,-1,1500,1451,1499,-1,1499,1451,1449,-1,1499,1449,1498,-1,1498,1449,1447,-1,1498,1447,1496,-1,1496,1447,1442,-1,1496,1442,1497,-1,1497,1442,1350,-1,1497,1350,1341,-1,1476,1503,1480,-1,1480,1503,1504,-1,1480,1504,1484,-1,1484,1504,1505,-1,1484,1505,1486,-1,1470,1469,1471,-1,1471,1469,1432,-1,1471,1432,1473,-1,1473,1432,1506,-1,1473,1506,1476,-1,1476,1506,1507,-1,1476,1507,1503,-1,1038,1037,1318,-1,1318,1037,1434,-1,1318,1434,1319,-1,1319,1434,1320,-1,1324,1325,1437,-1,1437,1325,1327,-1,1437,1327,1508,-1,1508,1327,1326,-1,1508,1326,1433,-1,1433,1326,1316,-1,1433,1316,1317,-1,1331,1321,1432,-1,1432,1321,1435,-1,1432,1435,1506,-1,1506,1435,1436,-1,1506,1436,1507,-1,1507,1436,1437,-1,1507,1437,1503,-1,1503,1437,1508,-1,1503,1508,1504,-1,1504,1508,1433,-1,1504,1433,1505,-1,1505,1433,1434,-1,1505,1434,1486,-1,1486,1434,1491,-1,1486,1491,1487,-1,1443,1040,1442,-1,1442,1040,1039,-1,1442,1039,1347,-1,560,559,1509,-1,1510,1511,1512,-1,1513,1514,1515,-1,1516,1517,1518,-1,1519,1280,1277,-1,1520,1521,1522,-1,1523,1524,1525,-1,1525,1526,1523,-1,1523,1526,1527,-1,1523,1527,1520,-1,1520,1527,1528,-1,1520,1528,1521,-1,1529,1530,1523,-1,1523,1530,1531,-1,1523,1531,1524,-1,1532,1533,1529,-1,1529,1533,1534,-1,1529,1534,1530,-1,1535,1536,1537,-1,1537,1536,1538,-1,1537,1538,1539,-1,1517,1540,1518,-1,1518,1540,1541,-1,1518,1541,1542,-1,1542,1541,1543,-1,1542,1543,1538,-1,1538,1543,1544,-1,1538,1544,1539,-1,1545,1546,1547,-1,1547,1546,1548,-1,1549,1550,1548,-1,1548,1550,1551,-1,1548,1551,1547,-1,1552,1553,1549,-1,1549,1553,1554,-1,1549,1554,1550,-1,1555,1556,1557,-1,1557,1556,1558,-1,1557,1558,1559,-1,1559,1558,1560,-1,1559,1560,1561,-1,1555,1557,1562,-1,1562,1557,1563,-1,1562,1563,1564,-1,1564,1563,1565,-1,1564,1565,1566,-1,1567,1568,1565,-1,1565,1568,1569,-1,1565,1569,1566,-1,1514,1570,1515,-1,1515,1570,1571,-1,1515,1571,1572,-1,1572,1573,1515,-1,1515,1573,1574,-1,1515,1574,1567,-1,1567,1574,1575,-1,1567,1575,1568,-1,1513,1515,1311,-1,1311,1515,1576,-1,1311,1576,1313,-1,1314,1315,1577,-1,603,564,1578,-1,1578,564,1579,-1,1578,1579,1580,-1,1512,1511,1579,-1,1579,1511,1581,-1,1579,1581,1580,-1,1582,1583,1584,-1,1584,1583,1585,-1,1584,1585,1586,-1,1582,1587,1583,-1,1583,1587,1588,-1,1583,1588,1512,-1,1512,1588,1589,-1,1512,1589,1510,-1,1590,1591,1586,-1,1592,1593,1594,-1,1594,1593,1595,-1,1595,1596,1594,-1,1594,1596,1597,-1,1594,1597,1590,-1,1590,1597,1598,-1,1590,1598,1591,-1,1599,1600,1601,-1,1600,1602,1601,-1,1601,1602,1603,-1,1601,1603,1592,-1,1592,1603,1604,-1,1592,1604,1593,-1,1561,1552,1559,-1,1559,1552,1549,-1,1559,1549,1605,-1,1606,1607,1518,-1,1518,1607,1546,-1,1518,1546,1516,-1,1516,1546,1545,-1,1607,1608,1546,-1,1546,1608,1609,-1,1546,1609,1548,-1,1548,1609,1610,-1,1548,1610,1549,-1,1549,1610,1611,-1,1549,1611,1605,-1,1612,1613,1614,-1,1614,1613,1615,-1,1606,1518,1616,-1,1616,1518,1542,-1,1616,1542,1615,-1,1612,1614,1617,-1,1617,1614,1618,-1,1617,1618,1619,-1,1619,1618,1620,-1,1620,1618,1621,-1,1620,1621,1622,-1,1623,1624,1625,-1,1625,1624,1626,-1,1625,1626,1627,-1,1623,1625,1628,-1,1628,1625,1629,-1,1628,1629,1630,-1,1631,1632,1633,-1,1633,1632,1634,-1,1633,1634,1629,-1,1629,1634,1635,-1,1629,1635,1630,-1,1636,1509,1637,-1,1637,1509,559,-1,1637,559,558,-1,1522,1638,1520,-1,1520,1638,1519,-1,1520,1519,1639,-1,1639,1519,1277,-1,1639,1277,1276,-1,1640,1275,1509,-1,1509,1275,1274,-1,1509,1274,560,-1,1636,1631,1509,-1,1509,1631,1633,-1,1509,1633,1640,-1,1640,1633,1629,-1,1640,1629,1641,-1,1641,1629,1625,-1,1641,1625,1642,-1,1642,1625,1627,-1,1642,1627,1621,-1,1621,1627,1643,-1,1621,1643,1622,-1,1615,1542,1614,-1,1614,1542,1538,-1,1614,1538,1618,-1,1618,1538,1536,-1,1618,1536,1621,-1,1535,1532,1536,-1,1536,1532,1529,-1,1536,1529,1621,-1,1621,1529,1523,-1,1621,1523,1642,-1,1642,1523,1520,-1,1642,1520,1641,-1,1641,1520,1639,-1,1641,1639,1640,-1,1640,1639,1276,-1,1640,1276,1275,-1,1605,1599,1559,-1,1559,1599,1601,-1,1559,1601,1557,-1,1557,1601,1592,-1,1557,1592,1563,-1,1563,1592,1594,-1,1563,1594,1565,-1,1565,1594,1590,-1,1565,1590,1567,-1,1567,1590,1644,-1,1567,1644,1515,-1,1515,1644,1577,-1,1515,1577,1576,-1,1576,1577,1315,-1,1576,1315,1313,-1,1586,1585,1590,-1,1590,1585,1583,-1,1590,1583,1644,-1,1644,1583,1512,-1,1644,1512,1577,-1,1577,1512,1579,-1,1577,1579,1314,-1,1314,1579,564,-1,1314,564,563,-1,1645,1646,1647,-1,1648,1649,1650,-1,1357,1356,1651,-1,1354,1355,1652,-1,1652,1355,1653,-1,1654,1358,1362,-1,1654,1362,1655,-1,1364,1365,1656,-1,1656,1365,1366,-1,1382,1657,1376,-1,1376,1657,1658,-1,1376,1658,1377,-1,1377,1658,1659,-1,1377,1659,1384,-1,1385,1386,1660,-1,1660,1386,1383,-1,1661,659,658,-1,1650,1649,1660,-1,1660,1649,1662,-1,1660,1662,1661,-1,1648,1650,1663,-1,1663,1650,1664,-1,1663,1664,1665,-1,1666,1667,1668,-1,1668,1667,1669,-1,1668,1669,1664,-1,1664,1669,1670,-1,1664,1670,1665,-1,1671,1672,1673,-1,1673,1672,1666,-1,1674,1675,1676,-1,1676,1677,1674,-1,1674,1677,1678,-1,1674,1678,1673,-1,1673,1678,1679,-1,1673,1679,1671,-1,1364,1656,1680,-1,1680,1656,1681,-1,1680,1681,1682,-1,1683,1684,1685,-1,1685,1684,1686,-1,1685,1686,1656,-1,1656,1686,1687,-1,1656,1687,1681,-1,1688,1689,1683,-1,1690,1691,1688,-1,1688,1691,1692,-1,1688,1692,1689,-1,1646,1693,1647,-1,1647,1693,1694,-1,1647,1694,1695,-1,1696,1697,1698,-1,1698,1697,1699,-1,1698,1699,1700,-1,1700,1699,1701,-1,1700,1701,1702,-1,1696,1698,1703,-1,1703,1698,1704,-1,1703,1704,1705,-1,1706,1707,1708,-1,1708,1707,1709,-1,1708,1709,1704,-1,1704,1709,1710,-1,1704,1710,1705,-1,616,615,1653,-1,1653,615,1711,-1,1683,1685,1688,-1,1688,1685,1372,-1,1688,1372,1371,-1,1371,1370,1688,-1,1688,1370,1369,-1,1688,1369,1368,-1,1693,1712,1694,-1,1694,1712,1690,-1,1694,1690,1695,-1,1695,1690,1688,-1,1695,1688,1713,-1,1713,1688,1368,-1,1713,1368,1367,-1,1362,1361,1655,-1,1655,1361,1360,-1,1655,1360,1714,-1,1714,1360,1359,-1,1714,1359,1652,-1,1652,1359,1353,-1,1652,1353,1354,-1,1653,1715,1652,-1,1652,1715,1716,-1,1652,1716,1714,-1,1714,1716,1717,-1,1714,1717,1655,-1,1655,1717,1718,-1,1655,1718,1654,-1,1367,1357,1713,-1,1713,1357,1651,-1,1713,1651,1695,-1,1695,1651,1719,-1,1695,1719,1647,-1,1647,1719,1700,-1,1647,1700,1645,-1,1645,1700,1702,-1,1711,1706,1653,-1,1653,1706,1708,-1,1653,1708,1715,-1,1715,1708,1704,-1,1715,1704,1716,-1,1716,1704,1698,-1,1716,1698,1717,-1,1717,1698,1700,-1,1717,1700,1718,-1,1718,1700,1719,-1,1718,1719,1654,-1,1654,1719,1651,-1,1654,1651,1358,-1,1358,1651,1356,-1,1720,1668,1721,-1,1721,1668,1664,-1,1721,1664,1722,-1,1722,1664,1650,-1,1722,1650,1723,-1,1723,1650,1660,-1,1666,1668,1673,-1,1673,1668,1720,-1,1673,1720,1674,-1,1674,1720,1724,-1,1674,1724,1675,-1,1661,658,1660,-1,1660,658,620,-1,1660,620,1385,-1,1382,1381,1657,-1,1657,1381,1380,-1,1657,1380,1725,-1,1725,1380,1378,-1,1725,1378,1726,-1,1726,1378,1379,-1,1726,1379,1680,-1,1680,1379,1363,-1,1680,1363,1364,-1,1383,1384,1660,-1,1660,1384,1659,-1,1660,1659,1723,-1,1723,1659,1658,-1,1723,1658,1722,-1,1722,1658,1657,-1,1722,1657,1721,-1,1721,1657,1725,-1,1721,1725,1720,-1,1720,1725,1726,-1,1720,1726,1724,-1,1724,1726,1680,-1,1724,1680,1675,-1,1675,1680,1682,-1,1675,1682,1676,-1,617,616,1351,-1,1351,616,1653,-1,1351,1653,1352,-1,1352,1653,1355,-1,1366,1375,1656,-1,1656,1375,1374,-1,1656,1374,1685,-1,1685,1374,1373,-1,1685,1373,1372,-1,1390,702,701,-1,1727,1728,1729,-1,1730,1731,1732,-1,1389,1390,1733,-1,1734,1735,1736,-1,1737,1738,1739,-1,1740,745,744,-1,1741,1740,1742,-1,1742,1740,744,-1,1742,744,709,-1,1739,1738,1742,-1,1742,1738,1743,-1,1742,1743,1741,-1,1736,1735,1739,-1,1739,1735,1744,-1,1739,1744,1737,-1,1745,1746,1747,-1,1747,1746,1748,-1,1747,1748,1736,-1,1736,1748,1749,-1,1736,1749,1734,-1,1750,1751,1752,-1,1753,1754,1752,-1,1754,1755,1752,-1,1752,1755,1756,-1,1752,1756,1750,-1,1757,1758,1759,-1,1760,1729,1761,-1,1761,1729,1762,-1,1763,1764,1765,-1,1765,1764,1766,-1,1765,1766,1767,-1,1763,1768,1764,-1,1764,1768,1769,-1,1764,1769,1762,-1,1762,1769,1770,-1,1762,1770,1761,-1,1771,1772,1773,-1,1773,1772,1774,-1,1773,1774,1766,-1,1766,1774,1775,-1,1766,1775,1767,-1,1771,1773,1776,-1,1776,1773,1777,-1,1776,1777,1778,-1,1779,1780,1781,-1,1781,1780,1782,-1,1781,1782,1777,-1,1777,1782,1783,-1,1777,1783,1778,-1,1779,1781,1784,-1,1784,1781,1785,-1,1784,1785,1786,-1,1787,1788,1785,-1,1785,1788,1789,-1,1785,1789,1786,-1,1790,1791,1792,-1,1792,1791,1793,-1,1793,1791,1794,-1,1794,1791,1795,-1,1794,1795,1796,-1,1797,1798,1795,-1,1795,1798,1799,-1,1795,1799,1796,-1,1800,1801,1797,-1,1797,1801,1802,-1,1797,1802,1798,-1,700,1803,1804,-1,1805,1806,1807,-1,1807,1808,1805,-1,1805,1808,1387,-1,1805,1387,1733,-1,1733,1387,1388,-1,1733,1388,1389,-1,1809,1810,1805,-1,1805,1810,1811,-1,1805,1811,1812,-1,1812,1813,1805,-1,1805,1813,1814,-1,1805,1814,1806,-1,1815,1816,1817,-1,1817,1818,1815,-1,1815,1818,1819,-1,1815,1819,1809,-1,1809,1819,1820,-1,1809,1820,1810,-1,1821,1822,1823,-1,1823,1822,1824,-1,1823,1824,1816,-1,1816,1824,1825,-1,1816,1825,1817,-1,1826,1827,1766,-1,1766,1827,1828,-1,1828,1829,1766,-1,1766,1829,1830,-1,1766,1830,1773,-1,1773,1830,1831,-1,1773,1831,1832,-1,1833,1834,1764,-1,1764,1834,1835,-1,1764,1835,1766,-1,1766,1835,1836,-1,1766,1836,1826,-1,1727,1837,1728,-1,1728,1837,1838,-1,1728,1838,1729,-1,1729,1838,1839,-1,1729,1839,1762,-1,1762,1839,1840,-1,1762,1840,1764,-1,1764,1840,1841,-1,1764,1841,1833,-1,1842,1843,1727,-1,1727,1843,1844,-1,1727,1844,1837,-1,1845,1846,1847,-1,1847,1846,1848,-1,1847,1848,1849,-1,1849,1848,1850,-1,1731,1851,1732,-1,1732,1851,1852,-1,1732,1852,1848,-1,1848,1852,1853,-1,1848,1853,1850,-1,1424,1425,1854,-1,1854,1425,1855,-1,1854,1855,1732,-1,1732,1855,1856,-1,1732,1856,1730,-1,1422,1423,1857,-1,1760,1757,1729,-1,1729,1757,1759,-1,1729,1759,1727,-1,1727,1759,1846,-1,1727,1846,1842,-1,1842,1846,1845,-1,1758,1753,1759,-1,1759,1753,1752,-1,1759,1752,1846,-1,1846,1752,1751,-1,1846,1751,1848,-1,1848,1751,1858,-1,1848,1858,1732,-1,1732,1858,1857,-1,1732,1857,1854,-1,1854,1857,1423,-1,1854,1423,1424,-1,1832,1821,1773,-1,1773,1821,1823,-1,1773,1823,1777,-1,1777,1823,1816,-1,1777,1816,1781,-1,1781,1816,1815,-1,1781,1815,1785,-1,1785,1815,1809,-1,1785,1809,1787,-1,1787,1809,1805,-1,1787,1805,1859,-1,1859,1805,1733,-1,1859,1733,1860,-1,1860,1733,1390,-1,1860,1390,1804,-1,1804,1390,701,-1,1804,701,700,-1,1803,1800,1804,-1,1804,1800,1797,-1,1804,1797,1860,-1,1860,1797,1795,-1,1860,1795,1859,-1,1859,1795,1791,-1,1859,1791,1787,-1,1787,1791,1790,-1,1787,1790,1788,-1,709,1422,1742,-1,1742,1422,1857,-1,1742,1857,1739,-1,1739,1857,1858,-1,1739,1858,1736,-1,1736,1858,1751,-1,1736,1751,1747,-1,1747,1751,1750,-1,1747,1750,1745,-1,1763,1765,1861,-1,723,749,1862,-1,748,747,1863,-1,1748,1746,1864,-1,1779,1784,1865,-1,1866,700,1867,-1,1800,1803,1866,-1,1866,1803,700,-1,1868,1869,1870,-1,734,733,1871,-1,1871,733,732,-1,1871,732,1872,-1,735,1873,736,-1,736,1873,1874,-1,736,1874,737,-1,755,1875,1876,-1,755,754,1875,-1,1875,754,753,-1,1875,753,1877,-1,1877,753,752,-1,1877,752,738,-1,738,737,1877,-1,1877,737,1874,-1,1877,1874,1869,-1,1869,1874,1873,-1,1869,1873,1870,-1,700,714,1876,-1,1876,714,756,-1,1876,756,755,-1,1867,700,1876,-1,1774,1878,1775,-1,1775,1878,1861,-1,1775,1861,1767,-1,1767,1861,1765,-1,1879,1778,1783,-1,1774,1772,1878,-1,1878,1772,1771,-1,1878,1771,1879,-1,1879,1771,1776,-1,1879,1776,1778,-1,1880,1881,1882,-1,1882,1881,1883,-1,1882,1883,1884,-1,1884,1883,1885,-1,1880,1801,1800,-1,1796,1799,1882,-1,1882,1799,1798,-1,1882,1798,1880,-1,1880,1798,1802,-1,1880,1802,1801,-1,1784,1786,1865,-1,1865,1786,1789,-1,1865,1789,1884,-1,1884,1789,1788,-1,1884,1788,1790,-1,1790,1792,1884,-1,1884,1792,1793,-1,1884,1793,1882,-1,1882,1793,1794,-1,1882,1794,1796,-1,1886,1782,1780,-1,1780,1779,1886,-1,1886,1779,1865,-1,1886,1865,1887,-1,1887,1865,1884,-1,1887,1884,1888,-1,1888,1884,1885,-1,1889,1864,1890,-1,1737,1891,1738,-1,1738,1891,1743,-1,1744,1735,1889,-1,1889,1735,1734,-1,1889,1734,1864,-1,1864,1734,1749,-1,1864,1749,1748,-1,1892,1755,1754,-1,1892,1754,1893,-1,1760,1761,1894,-1,1894,1761,1770,-1,1894,1770,1895,-1,1895,1770,1769,-1,1895,1769,1768,-1,1754,1753,1893,-1,1893,1753,1758,-1,1893,1758,1894,-1,1894,1758,1757,-1,1894,1757,1760,-1,1746,1745,1864,-1,1864,1745,1750,-1,1864,1750,1892,-1,1892,1750,1756,-1,1892,1756,1755,-1,1890,1864,1896,-1,1896,1864,1892,-1,1896,1892,1897,-1,1897,1892,1893,-1,1897,1893,1898,-1,1898,1893,1894,-1,1898,1894,1899,-1,1899,1894,1895,-1,1899,1895,1870,-1,1863,745,1900,-1,747,746,1863,-1,1863,746,745,-1,1901,1900,745,-1,1901,1902,1900,-1,1900,1902,1903,-1,1900,1903,1863,-1,1863,1903,1862,-1,1863,1862,748,-1,748,1862,749,-1,724,1904,725,-1,725,1904,1905,-1,1906,1907,722,-1,722,721,1906,-1,1906,721,720,-1,1906,720,1905,-1,1905,720,719,-1,1905,719,725,-1,732,731,1872,-1,1872,731,730,-1,1872,730,1907,-1,1907,730,729,-1,1907,729,722,-1,1741,1743,1902,-1,1902,1743,1891,-1,1902,1891,1903,-1,1903,1891,1908,-1,1903,1908,1862,-1,1862,1908,1904,-1,1862,1904,723,-1,723,1904,724,-1,1741,1902,1740,-1,1740,1902,1901,-1,1740,1901,745,-1,1800,1866,1880,-1,1880,1866,1867,-1,1880,1867,1881,-1,1881,1867,1876,-1,1881,1876,1883,-1,1883,1876,1875,-1,1883,1875,1885,-1,1885,1875,1877,-1,1885,1877,1888,-1,1888,1877,1869,-1,1888,1869,1887,-1,1887,1869,1868,-1,1887,1868,1886,-1,1768,1763,1895,-1,1895,1763,1861,-1,1895,1861,1870,-1,1870,1861,1878,-1,1870,1878,1868,-1,1868,1878,1879,-1,1868,1879,1886,-1,1886,1879,1783,-1,1886,1783,1782,-1,735,734,1873,-1,1873,734,1871,-1,1873,1871,1870,-1,1870,1871,1872,-1,1870,1872,1899,-1,1899,1872,1907,-1,1899,1907,1898,-1,1898,1907,1906,-1,1898,1906,1897,-1,1897,1906,1905,-1,1897,1905,1896,-1,1896,1905,1904,-1,1896,1904,1890,-1,1890,1904,1908,-1,1890,1908,1889,-1,1889,1908,1891,-1,1889,1891,1744,-1,1744,1891,1737,-1,604,603,1909,-1,1610,1910,1611,-1,1611,1910,1911,-1,1912,1604,1603,-1,1600,1599,1911,-1,1911,1599,1605,-1,1911,1605,1611,-1,1597,1913,1598,-1,1598,1913,1914,-1,1915,1916,1581,-1,1581,1916,1580,-1,1581,1511,1915,-1,1915,1511,1510,-1,1915,1510,1917,-1,1917,1510,1589,-1,1589,1588,1917,-1,1917,1588,1587,-1,1917,1587,1914,-1,1914,1587,1582,-1,1914,1582,1584,-1,1584,1586,1914,-1,1914,1586,1591,-1,1914,1591,1598,-1,1597,1596,1913,-1,1913,1596,1595,-1,1913,1595,1912,-1,1912,1595,1593,-1,1912,1593,1604,-1,587,586,1918,-1,1918,586,585,-1,1918,585,1919,-1,585,580,1919,-1,1919,580,579,-1,1919,579,1920,-1,1920,579,578,-1,1920,578,584,-1,1921,577,576,-1,1921,576,1922,-1,603,1923,1909,-1,1909,1923,1924,-1,1909,1924,1922,-1,1922,1924,1925,-1,1922,1925,1921,-1,1921,1925,1926,-1,1921,1926,1927,-1,1927,1926,1928,-1,1927,1928,1929,-1,1930,1931,1929,-1,1929,1931,1932,-1,1929,1932,1927,-1,1927,1932,1933,-1,1927,1933,1921,-1,1921,1933,583,-1,1921,583,577,-1,1934,1935,1936,-1,1934,1936,1937,-1,593,1938,597,-1,597,1938,558,-1,593,592,1938,-1,1938,592,1937,-1,1938,1937,1939,-1,1939,1937,1936,-1,1940,1934,588,-1,565,1941,566,-1,566,1941,1942,-1,588,570,1940,-1,1940,570,569,-1,1940,569,1942,-1,1942,569,568,-1,1942,568,566,-1,592,591,1937,-1,1937,591,590,-1,1937,590,1934,-1,1934,590,589,-1,1934,589,588,-1,1935,1934,1943,-1,1943,1934,1940,-1,1943,1940,1944,-1,1944,1940,1942,-1,1944,1942,1945,-1,1945,1942,1941,-1,1945,1941,1931,-1,1636,1946,1631,-1,1631,1946,1947,-1,1631,1947,1632,-1,1628,1948,1623,-1,1623,1948,1949,-1,1623,1949,1624,-1,1628,1630,1948,-1,1948,1630,1635,-1,1948,1635,1947,-1,1947,1635,1634,-1,1947,1634,1632,-1,1950,558,1951,-1,1637,558,1950,-1,1939,1952,1938,-1,1938,1952,1951,-1,1938,1951,558,-1,1622,1643,1953,-1,1953,1643,1627,-1,1953,1627,1949,-1,1949,1627,1626,-1,1949,1626,1624,-1,1954,1619,1953,-1,1953,1619,1620,-1,1953,1620,1622,-1,1615,1955,1616,-1,1616,1955,1956,-1,1616,1956,1606,-1,1615,1613,1955,-1,1955,1613,1612,-1,1955,1612,1954,-1,1954,1612,1617,-1,1954,1617,1619,-1,1610,1609,1910,-1,1910,1609,1608,-1,1910,1608,1956,-1,1956,1608,1607,-1,1956,1607,1606,-1,576,607,1922,-1,1922,607,606,-1,1922,606,1909,-1,1909,606,605,-1,1909,605,604,-1,603,1957,1923,-1,1923,1957,1916,-1,1923,1916,1924,-1,1924,1916,1915,-1,1924,1915,1925,-1,1925,1915,1917,-1,1925,1917,1926,-1,1926,1917,1914,-1,1926,1914,1928,-1,1928,1914,1913,-1,1928,1913,1929,-1,1929,1913,1912,-1,1929,1912,1930,-1,1930,1912,1603,-1,1930,1603,1602,-1,1580,1916,1578,-1,1578,1916,1957,-1,1578,1957,603,-1,565,587,1941,-1,1941,587,1918,-1,1941,1918,1931,-1,1931,1918,1919,-1,1931,1919,1932,-1,1932,1919,1920,-1,1932,1920,1933,-1,1933,1920,584,-1,1933,584,583,-1,1602,1600,1930,-1,1930,1600,1911,-1,1930,1911,1931,-1,1931,1911,1910,-1,1931,1910,1945,-1,1945,1910,1956,-1,1945,1956,1944,-1,1944,1956,1955,-1,1944,1955,1943,-1,1943,1955,1954,-1,1943,1954,1935,-1,1935,1954,1953,-1,1935,1953,1936,-1,1936,1953,1949,-1,1936,1949,1939,-1,1939,1949,1948,-1,1939,1948,1952,-1,1952,1948,1947,-1,1952,1947,1951,-1,1951,1947,1946,-1,1951,1946,1950,-1,1950,1946,1636,-1,1950,1636,1637,-1,1958,1959,1960,-1,1711,615,1961,-1,1962,659,1661,-1,1696,1703,1963,-1,1701,1699,1964,-1,631,630,1965,-1,1965,630,1966,-1,1967,1959,652,-1,652,637,1967,-1,1967,637,636,-1,1967,636,1968,-1,1968,636,635,-1,1968,635,633,-1,1960,1959,1969,-1,1969,1959,1967,-1,1969,1967,1970,-1,1970,1967,1968,-1,1970,1968,1971,-1,615,657,1958,-1,1958,657,654,-1,1958,654,1959,-1,1959,654,653,-1,1959,653,652,-1,1972,1973,1974,-1,1974,1973,1975,-1,1683,1689,1974,-1,1689,1692,1974,-1,1974,1692,1691,-1,1974,1691,1972,-1,1976,1977,1978,-1,1976,1978,1979,-1,1711,1961,1706,-1,1706,1961,1980,-1,1706,1980,1707,-1,1703,1705,1963,-1,1963,1705,1710,-1,1963,1710,1980,-1,1980,1710,1709,-1,1980,1709,1707,-1,1697,1978,1699,-1,1699,1978,1977,-1,1699,1977,1964,-1,1697,1696,1978,-1,1978,1696,1963,-1,1978,1963,1979,-1,1979,1963,1980,-1,1979,1980,1981,-1,1981,1980,1961,-1,1981,1961,615,-1,1691,1690,1972,-1,1972,1690,1712,-1,1972,1712,1693,-1,1646,1645,1964,-1,1964,1645,1702,-1,1964,1702,1701,-1,1693,1646,1972,-1,1972,1646,1964,-1,1972,1964,1973,-1,1973,1964,1977,-1,1973,1977,1975,-1,1975,1977,1976,-1,659,1962,1982,-1,1983,1984,1985,-1,1985,1984,1986,-1,1985,1986,1987,-1,1662,1649,1983,-1,1983,1649,1648,-1,1983,1648,1984,-1,1984,1648,1663,-1,1663,1665,1984,-1,1984,1665,1670,-1,1984,1670,1986,-1,1986,1670,1669,-1,1986,1669,1667,-1,1988,1678,1989,-1,1989,1678,1677,-1,1989,1677,1676,-1,1988,1666,1672,-1,1672,1671,1988,-1,1988,1671,1679,-1,1988,1679,1678,-1,1661,1662,1962,-1,1962,1662,1983,-1,1962,1983,1982,-1,1982,1983,1985,-1,1982,1985,1990,-1,1990,1985,1987,-1,1990,1987,1991,-1,1991,1987,1992,-1,1991,1992,1993,-1,1993,1992,1971,-1,1986,1994,1987,-1,1987,1994,1995,-1,1987,1995,1992,-1,1992,1995,1996,-1,1992,1996,1971,-1,659,1997,660,-1,660,1997,661,-1,661,1997,662,-1,662,1997,1998,-1,662,1998,663,-1,663,1998,1999,-1,663,1999,641,-1,641,1999,642,-1,642,1999,2000,-1,642,2000,643,-1,630,646,1966,-1,1966,646,645,-1,1966,645,2000,-1,2000,645,644,-1,2000,644,643,-1,1684,1683,1996,-1,1996,1683,1974,-1,1996,1974,1971,-1,1971,1974,1975,-1,1971,1975,1970,-1,1970,1975,1976,-1,1970,1976,1969,-1,1969,1976,1979,-1,1969,1979,1960,-1,1960,1979,1981,-1,1960,1981,1958,-1,1958,1981,615,-1,1676,1682,1989,-1,1989,1682,1681,-1,1989,1681,1687,-1,1667,1666,1986,-1,1986,1666,1988,-1,1986,1988,1994,-1,1994,1988,1989,-1,1994,1989,1995,-1,1995,1989,1687,-1,1995,1687,1996,-1,1996,1687,1686,-1,1996,1686,1684,-1,633,631,1968,-1,1968,631,1965,-1,1968,1965,1971,-1,1971,1965,1966,-1,1971,1966,1993,-1,1993,1966,2000,-1,1993,2000,1991,-1,1991,2000,1999,-1,1991,1999,1990,-1,1990,1999,1998,-1,1990,1998,1982,-1,1982,1998,1997,-1,1982,1997,659,-1,2001,2002,2003,-1,1464,1468,2004,-1,1494,1461,2005,-1,1453,1452,2006,-1,2007,1036,2008,-1,1491,1490,2007,-1,2007,1490,1036,-1,1050,2009,1051,-1,1051,2009,2010,-1,2011,1064,2012,-1,2012,1064,1061,-1,2012,1061,2013,-1,2013,1061,1060,-1,1060,1059,2013,-1,2013,1059,1053,-1,2013,1053,2010,-1,2010,1053,1052,-1,2010,1052,1051,-1,1036,1047,2011,-1,2011,1047,1065,-1,2011,1065,1064,-1,2014,2015,2016,-1,2016,2015,2017,-1,1468,1467,2004,-1,2004,1467,1466,-1,2004,1466,2015,-1,2015,1466,1428,-1,2015,1428,2017,-1,2018,2019,2020,-1,2020,2019,2021,-1,2020,2021,2022,-1,2022,2021,2023,-1,2024,2014,1481,-1,1481,2014,2016,-1,1481,2016,1482,-1,1482,2016,1477,-1,1491,2025,1487,-1,1487,2025,1488,-1,1485,1489,2026,-1,1481,1479,2024,-1,2024,1479,1478,-1,2024,1478,2026,-1,2026,1478,1483,-1,2026,1483,1485,-1,1491,2007,2025,-1,2025,2007,2008,-1,2025,2008,2023,-1,2023,2008,2027,-1,2023,2027,2022,-1,1428,1427,2017,-1,2017,1427,1469,-1,2017,1469,1470,-1,1470,1472,2017,-1,2017,1472,1474,-1,2017,1474,2016,-1,2016,1474,1475,-1,2016,1475,1477,-1,2028,2029,2030,-1,2030,2029,1041,-1,2031,2006,2032,-1,1445,1444,2031,-1,1452,1456,2006,-1,2006,1456,2033,-1,2006,2033,2032,-1,2032,2033,2034,-1,1444,1446,2031,-1,2031,1446,1448,-1,2031,1448,2006,-1,2006,1448,1450,-1,2006,1450,1453,-1,2005,1461,2035,-1,2035,1461,1462,-1,2035,1462,1463,-1,2036,1458,1457,-1,2036,1457,2005,-1,2005,1457,1501,-1,2005,1501,1494,-1,1455,1460,2036,-1,2036,1460,1459,-1,2036,1459,1458,-1,2033,2037,2034,-1,2034,2037,2038,-1,2034,2038,2039,-1,2039,2038,2018,-1,1456,1455,2033,-1,2033,1455,2036,-1,2033,2036,2037,-1,2037,2036,2005,-1,2037,2005,2038,-1,2038,2005,2035,-1,2038,2035,2018,-1,2040,2041,1054,-1,1054,1049,2040,-1,2040,1049,1048,-1,2040,1048,2042,-1,2042,1048,1063,-1,2042,1063,1062,-1,2002,1043,2041,-1,2041,1043,1055,-1,2041,1055,1054,-1,1058,1057,2001,-1,2001,1057,1056,-1,2001,1056,2002,-1,2002,1056,1044,-1,2002,1044,1043,-1,2003,2002,2043,-1,2043,2002,2041,-1,2043,2041,2044,-1,2044,2041,2040,-1,2044,2040,2029,-1,2029,2040,2042,-1,2029,2042,1041,-1,1062,1041,2042,-1,2009,2018,2010,-1,2010,2018,2020,-1,2010,2020,2013,-1,2013,2020,2022,-1,2013,2022,2012,-1,2012,2022,2027,-1,2012,2027,2011,-1,2011,2027,2008,-1,2011,2008,1036,-1,1463,1464,2035,-1,2035,1464,2004,-1,2035,2004,2018,-1,2018,2004,2015,-1,2018,2015,2019,-1,2019,2015,2014,-1,2019,2014,2021,-1,2021,2014,2024,-1,2021,2024,2023,-1,2023,2024,2026,-1,2023,2026,2025,-1,2025,2026,1489,-1,2025,1489,1488,-1,1050,1058,2009,-1,2009,1058,2001,-1,2009,2001,2018,-1,2018,2001,2003,-1,2018,2003,2039,-1,2039,2003,2043,-1,2039,2043,2034,-1,2034,2043,2044,-1,2034,2044,2032,-1,2032,2044,2029,-1,2032,2029,2031,-1,2031,2029,2028,-1,2031,2028,1445,-1,1445,2028,2030,-1,1445,2030,1443,-1,1443,2030,1041,-1,2045,2046,2047,-1,2048,1807,1806,-1,1807,1394,1808,-1,1808,1394,1393,-1,1808,1393,1387,-1,1812,1811,2049,-1,2049,1811,1810,-1,2049,1810,2050,-1,2050,1810,1820,-1,2050,1820,2051,-1,2051,1820,1819,-1,2051,1819,2052,-1,1819,1818,2052,-1,2052,1818,1817,-1,2052,1817,2053,-1,2053,1817,1825,-1,2053,1825,2054,-1,2054,1825,1824,-1,2054,1824,1822,-1,1806,1814,2048,-1,2048,1814,1813,-1,2048,1813,2055,-1,2055,1813,1812,-1,2055,1812,2056,-1,2056,1812,2049,-1,2056,2049,2057,-1,2057,2049,2050,-1,2057,2050,2058,-1,2058,2050,2051,-1,2058,2051,2059,-1,2059,2051,2052,-1,2059,2052,2060,-1,2060,2052,2053,-1,2060,2053,2047,-1,2047,2053,2054,-1,2047,2054,2045,-1,2045,2054,1822,-1,2045,1822,1821,-1,1807,2048,1394,-1,1394,2048,2055,-1,1394,2055,1391,-1,1391,2055,2056,-1,1391,2056,1392,-1,1392,2056,2057,-1,1392,2057,1395,-1,1395,2057,2058,-1,1395,2058,1396,-1,1396,2058,2059,-1,1396,2059,1397,-1,1397,2059,2060,-1,1397,2060,1400,-1,1400,2060,2047,-1,1400,2047,1399,-1,1399,2047,2046,-1,1399,2046,1398,-1,1411,1412,2061,-1,2062,1833,1841,-1,2063,1402,1401,-1,2064,2063,2065,-1,2063,1401,2065,-1,2065,1401,1407,-1,2065,1407,2066,-1,2066,1407,1406,-1,2066,1406,2067,-1,1833,2062,1834,-1,1834,2062,2068,-1,1834,2068,1835,-1,1835,2068,2069,-1,1835,2069,1836,-1,1836,2069,2070,-1,1836,2070,1826,-1,1406,1405,2067,-1,2067,1405,1404,-1,2067,1404,2071,-1,2071,1404,1403,-1,2071,1403,2072,-1,2073,2074,2075,-1,2075,2074,2076,-1,2075,2076,2072,-1,2072,2076,2077,-1,2072,2077,2071,-1,2071,2077,2070,-1,2071,2070,2067,-1,2067,2070,2069,-1,2067,2069,2066,-1,2066,2069,2068,-1,2066,2068,2065,-1,2065,2068,2062,-1,2065,2062,2064,-1,2064,2062,1841,-1,1826,2070,1827,-1,1827,2070,2077,-1,1827,2077,1828,-1,1828,2077,2076,-1,1828,2076,1829,-1,1829,2076,2074,-1,1829,2074,1830,-1,1403,1410,2072,-1,2072,1410,1409,-1,2072,1409,2075,-1,2075,1409,1408,-1,2075,1408,2073,-1,2073,1408,1411,-1,2078,1832,1831,-1,1411,2061,2073,-1,2073,2061,2078,-1,2073,2078,2074,-1,2074,2078,1831,-1,2074,1831,1830,-1,1821,1832,2045,-1,2045,1832,2078,-1,2045,2078,2046,-1,2046,2078,2061,-1,2046,2061,1398,-1,1398,2061,1412,-1,2079,2080,2081,-1,1731,2082,1851,-1,1851,2082,2083,-1,1851,2083,1852,-1,1852,2083,2084,-1,1852,2084,1853,-1,1853,2084,2085,-1,2086,1849,2085,-1,2085,1849,1850,-1,2085,1850,1853,-1,2087,2088,2089,-1,2089,2088,2090,-1,2089,2090,2091,-1,2091,2090,2086,-1,2091,2086,2092,-1,2092,2086,2085,-1,2092,2085,2093,-1,2093,2085,2084,-1,2093,2084,2094,-1,2094,2084,2083,-1,2094,2083,2081,-1,2081,2083,2082,-1,2081,2082,2079,-1,2079,2082,1731,-1,2079,1731,1730,-1,1844,1843,2088,-1,2088,1843,1842,-1,2088,1842,2090,-1,2090,1842,1845,-1,2090,1845,2086,-1,2086,1845,1847,-1,2086,1847,1849,-1,1419,2087,1420,-1,1420,2087,2089,-1,1420,2089,1421,-1,1421,2089,2091,-1,1421,2091,1416,-1,1416,2091,2092,-1,1416,2092,1417,-1,1417,2092,2093,-1,1417,2093,1418,-1,1418,2093,2094,-1,1418,2094,1415,-1,1415,2094,2081,-1,1415,2081,1414,-1,1414,2081,2080,-1,1414,2080,1413,-1,1419,2095,2087,-1,2087,2095,2096,-1,2087,2096,2088,-1,2088,2096,1837,-1,2088,1837,1844,-1,1840,1839,2096,-1,2096,1839,1838,-1,2096,1838,1837,-1,1841,1840,2064,-1,2064,1840,2096,-1,2064,2096,2063,-1,2063,2096,2095,-1,2063,2095,1402,-1,1402,2095,1419,-1,2079,1730,1856,-1,1856,1855,1426,-1,1426,1855,1425,-1,2079,1856,2080,-1,2080,1856,1426,-1,2080,1426,1413,-1,1311,1310,1513,-1,1513,1310,1514,-1,1514,1310,1309,-1,1514,1309,1570,-1,1570,1309,1308,-1,1570,1308,1571,-1,2097,1574,2098,-1,2098,1574,1573,-1,2098,1573,1572,-1,1568,1575,2099,-1,2099,1575,2100,-1,1568,2099,1569,-1,1569,2099,2101,-1,1569,2101,1566,-1,1566,2101,2102,-1,1566,2102,1564,-1,1571,1308,1572,-1,1572,1308,1307,-1,1572,1307,2098,-1,2098,1307,1306,-1,2098,1306,2097,-1,2097,1306,1304,-1,2097,1304,2103,-1,2103,1304,1303,-1,2103,1303,2104,-1,2104,1303,1305,-1,2104,1305,2105,-1,2105,1305,1312,-1,2105,1312,2106,-1,2106,2107,2105,-1,2105,2107,2102,-1,2105,2102,2104,-1,2104,2102,2101,-1,2104,2101,2103,-1,2103,2101,2099,-1,2103,2099,2097,-1,2097,2099,2100,-1,2097,2100,1574,-1,1574,2100,1575,-1,1312,1294,2106,-1,2106,1294,2108,-1,2106,2108,2107,-1,2107,2108,2109,-1,2107,2109,1558,-1,1558,1556,2107,-1,2107,1556,1555,-1,2107,1555,2102,-1,2102,1555,1562,-1,2102,1562,1564,-1,1298,1302,2110,-1,2111,2112,2113,-1,2108,1294,1293,-1,2109,2108,2114,-1,2108,1293,2114,-1,2114,1293,1295,-1,2114,1295,2115,-1,2115,1295,1292,-1,2115,1292,2116,-1,2117,1552,2118,-1,2118,1552,1561,-1,2118,1561,2119,-1,2119,1561,1560,-1,2119,1560,1558,-1,1292,1291,2116,-1,2116,1291,1297,-1,2116,1297,2120,-1,2120,1297,1296,-1,2120,1296,2121,-1,1558,2109,2119,-1,2119,2109,2114,-1,2119,2114,2118,-1,2118,2114,2115,-1,2118,2115,2117,-1,2117,2115,2116,-1,2117,2116,2122,-1,2122,2116,2120,-1,2122,2120,2123,-1,2123,2120,2121,-1,2123,2121,2124,-1,1545,1547,2124,-1,2124,1547,1551,-1,2124,1551,2123,-1,2123,1551,1550,-1,2123,1550,2122,-1,2122,1550,1554,-1,2122,1554,2117,-1,2117,1554,1553,-1,2117,1553,1552,-1,1516,1545,2113,-1,2113,1545,2124,-1,2113,2124,2111,-1,2111,2124,2121,-1,1296,1301,2121,-1,2121,1301,1300,-1,2121,1300,2111,-1,2111,1300,1299,-1,2111,1299,2112,-1,2112,1299,1298,-1,2125,1540,1517,-1,1298,2110,2112,-1,2112,2110,2125,-1,2112,2125,2113,-1,2113,2125,1517,-1,2113,1517,1516,-1,1541,1540,2126,-1,2126,1540,2125,-1,2126,2125,2127,-1,2127,2125,2110,-1,2127,2110,1282,-1,1282,2110,1302,-1,1534,1533,2128,-1,1543,1541,2126,-1,2127,1282,1281,-1,2126,2127,2129,-1,1539,1544,2130,-1,1539,2130,1537,-1,1537,2130,2131,-1,1537,2131,1535,-1,2128,1533,2131,-1,2131,1533,1532,-1,2131,1532,1535,-1,1534,2128,1530,-1,1530,2128,2132,-1,1530,2132,2133,-1,2127,1281,2129,-1,2129,1281,1290,-1,2129,1290,2134,-1,2134,1290,1289,-1,2134,1289,2135,-1,2135,1289,1288,-1,2135,1288,2136,-1,2136,1288,1287,-1,2136,1287,2137,-1,2137,1287,1286,-1,2137,1286,2138,-1,2138,1286,1285,-1,2138,1285,2139,-1,2139,1285,1284,-1,2139,1284,2140,-1,2140,1284,1283,-1,2140,1283,2141,-1,2141,2142,2140,-1,2140,2142,2143,-1,2140,2143,2139,-1,2139,2143,2144,-1,2139,2144,2138,-1,2138,2144,2145,-1,2138,2145,2137,-1,2137,2145,2133,-1,2137,2133,2136,-1,2136,2133,2132,-1,2136,2132,2135,-1,2135,2132,2128,-1,2135,2128,2134,-1,2134,2128,2131,-1,2134,2131,2129,-1,2129,2131,2130,-1,2129,2130,2126,-1,2126,2130,1544,-1,2126,1544,1543,-1,1521,1528,2142,-1,2142,1528,1527,-1,2142,1527,2143,-1,2143,1527,1526,-1,2143,1526,2144,-1,2144,1526,1525,-1,2144,1525,2145,-1,2145,1525,1524,-1,2145,1524,2133,-1,2133,1524,1531,-1,2133,1531,1530,-1,1522,1521,2146,-1,2146,1521,2142,-1,2146,2142,2147,-1,2147,2142,2141,-1,2147,2141,1278,-1,1278,2141,1283,-1,2147,1278,1279,-1,1638,1522,2146,-1,1280,1519,1279,-1,1279,1519,1638,-1,1279,1638,2147,-1,2147,1638,2146,-1,623,666,2148,-1,2148,666,2149,-1,2148,2149,2150,-1,2150,2149,2151,-1,2150,2151,2152,-1,2152,2151,2153,-1,2152,2153,2154,-1,2154,2153,2155,-1,2154,2155,2156,-1,2156,2155,2157,-1,2158,2159,2160,-1,2160,2159,2161,-1,2160,2161,2162,-1,2162,2161,2163,-1,2162,2163,2164,-1,2164,2163,2165,-1,2164,2165,2166,-1,2166,2165,2167,-1,2166,2167,622,-1,622,2167,672,-1,2156,2158,2154,-1,2154,2158,2160,-1,2154,2160,2152,-1,2152,2160,2162,-1,2152,2162,2150,-1,2150,2162,2164,-1,2150,2164,2148,-1,2148,2164,2166,-1,2148,2166,623,-1,623,2166,622,-1,666,672,2167,-1,666,2167,2149,-1,2149,2167,2165,-1,2149,2165,2151,-1,2151,2165,2163,-1,2151,2163,2153,-1,2153,2163,2161,-1,2153,2161,2155,-1,2155,2161,2159,-1,2155,2159,2157,-1,608,670,2168,-1,2168,670,2169,-1,2168,2169,2170,-1,2170,2169,2171,-1,2170,2171,2172,-1,2172,2171,2173,-1,2172,2173,2174,-1,2174,2173,2175,-1,2174,2175,2176,-1,2176,2175,2177,-1,2178,2179,2180,-1,2180,2179,2181,-1,2180,2181,2182,-1,2182,2181,2183,-1,2182,2183,2184,-1,2184,2183,2185,-1,2184,2185,2186,-1,2186,2185,2187,-1,2186,2187,609,-1,609,2187,668,-1,2176,2178,2174,-1,2174,2178,2180,-1,2174,2180,2172,-1,2172,2180,2182,-1,2172,2182,2170,-1,2170,2182,2184,-1,2170,2184,2168,-1,2168,2184,2186,-1,2168,2186,608,-1,608,2186,609,-1,670,668,2187,-1,670,2187,2169,-1,2169,2187,2185,-1,2169,2185,2171,-1,2171,2185,2183,-1,2171,2183,2173,-1,2173,2183,2181,-1,2173,2181,2175,-1,2175,2181,2179,-1,2175,2179,2177,-1,2188,2189,2190,-1,2188,2190,2191,-1,2191,2190,2192,-1,2191,2192,2193,-1,2193,2192,2194,-1,2193,2194,2195,-1,2195,2194,2196,-1,2195,2196,2197,-1,2197,2196,2198,-1,2197,2198,2199,-1,2199,2198,2200,-1,2199,2200,2201,-1,2188,2202,2189,-1,2189,2202,2203,-1,2204,2205,2206,-1,2204,2206,2207,-1,2207,2206,2208,-1,2207,2208,2209,-1,2209,2208,2210,-1,2209,2210,2211,-1,2211,2210,2212,-1,2211,2212,2213,-1,2213,2212,2214,-1,2213,2214,2215,-1,2215,2214,2203,-1,2215,2203,2202,-1,2191,2201,2188,-1,2188,2201,2158,-1,2188,2158,2202,-1,2158,2156,2202,-1,2202,2156,2204,-1,2202,2204,2207,-1,2191,2193,2195,-1,2207,2209,2211,-1,2195,2197,2191,-1,2191,2197,2199,-1,2191,2199,2201,-1,2211,2213,2207,-1,2207,2213,2215,-1,2207,2215,2202,-1,2205,2204,2157,-1,2157,2204,2156,-1,2205,2157,2159,-1,2159,2200,2189,-1,2189,2200,2198,-1,2189,2198,2196,-1,2210,2208,2206,-1,2196,2194,2189,-1,2189,2194,2192,-1,2189,2192,2190,-1,2210,2206,2212,-1,2159,2189,2205,-1,2205,2189,2203,-1,2205,2203,2206,-1,2206,2203,2214,-1,2206,2214,2212,-1,2201,2200,2158,-1,2158,2200,2159,-1,2216,2217,2218,-1,2216,2218,2219,-1,2219,2218,2220,-1,2219,2220,2221,-1,2221,2220,2222,-1,2221,2222,2223,-1,2223,2222,2224,-1,2223,2224,2225,-1,2225,2224,2226,-1,2225,2226,2227,-1,2227,2226,2228,-1,2227,2228,2229,-1,2216,2230,2217,-1,2217,2230,2231,-1,2232,2233,2234,-1,2232,2234,2235,-1,2235,2234,2236,-1,2235,2236,2237,-1,2237,2236,2238,-1,2237,2238,2239,-1,2239,2238,2240,-1,2239,2240,2241,-1,2241,2240,2242,-1,2241,2242,2243,-1,2243,2242,2231,-1,2243,2231,2230,-1,2178,2176,2229,-1,2229,2176,2232,-1,2229,2232,2230,-1,2230,2232,2235,-1,2230,2235,2237,-1,2237,2239,2230,-1,2230,2239,2241,-1,2230,2241,2243,-1,2223,2225,2227,-1,2230,2216,2229,-1,2229,2216,2219,-1,2229,2219,2227,-1,2227,2219,2221,-1,2227,2221,2223,-1,2233,2232,2177,-1,2177,2232,2176,-1,2177,2179,2233,-1,2233,2179,2228,-1,2242,2240,2231,-1,2231,2240,2238,-1,2231,2238,2236,-1,2226,2224,2222,-1,2236,2234,2231,-1,2231,2234,2233,-1,2231,2233,2217,-1,2217,2233,2228,-1,2217,2228,2218,-1,2218,2228,2226,-1,2218,2226,2220,-1,2220,2226,2222,-1,2229,2228,2178,-1,2178,2228,2179,-1,2244,2245,2246,-1,2246,2245,2247,-1,2246,2247,2248,-1,2248,2247,2249,-1,2248,2249,2250,-1,2250,2249,2251,-1,2250,2251,2252,-1,2252,2251,2253,-1,2252,2253,999,-1,999,2253,547,-1,1001,548,2254,-1,2254,548,2255,-1,2254,2255,2256,-1,2256,2255,2257,-1,2256,2257,2258,-1,2258,2257,2259,-1,2258,2259,2260,-1,2260,2259,2261,-1,2260,2261,2262,-1,2262,2261,2263,-1,2262,2244,2260,-1,2260,2244,2246,-1,2260,2246,2258,-1,2258,2246,2248,-1,2258,2248,2256,-1,2256,2248,2250,-1,2256,2250,2254,-1,2254,2250,2252,-1,2254,2252,1001,-1,1001,2252,999,-1,548,547,2253,-1,548,2253,2255,-1,2255,2253,2251,-1,2255,2251,2257,-1,2257,2251,2249,-1,2257,2249,2259,-1,2259,2249,2247,-1,2259,2247,2261,-1,2261,2247,2245,-1,2261,2245,2263,-1,2264,2265,2266,-1,2266,2265,2267,-1,2266,2267,2268,-1,2268,2267,2269,-1,2268,2269,2270,-1,2270,2269,2271,-1,2270,2271,2272,-1,2272,2271,2273,-1,2272,2273,1023,-1,1023,2273,550,-1,1025,551,2274,-1,2274,551,2275,-1,2274,2275,2276,-1,2276,2275,2277,-1,2276,2277,2278,-1,2278,2277,2279,-1,2278,2279,2280,-1,2280,2279,2281,-1,2280,2281,2282,-1,2282,2281,2283,-1,2282,2264,2280,-1,2280,2264,2266,-1,2280,2266,2278,-1,2278,2266,2268,-1,2278,2268,2276,-1,2276,2268,2270,-1,2276,2270,2274,-1,2274,2270,2272,-1,2274,2272,1025,-1,1025,2272,1023,-1,551,550,2273,-1,551,2273,2275,-1,2275,2273,2271,-1,2275,2271,2277,-1,2277,2271,2269,-1,2277,2269,2279,-1,2279,2269,2267,-1,2279,2267,2281,-1,2281,2267,2265,-1,2281,2265,2283,-1,2284,2285,2286,-1,2284,2286,2287,-1,2287,2286,2288,-1,2287,2288,2289,-1,2289,2288,2290,-1,2289,2290,2291,-1,2291,2290,2292,-1,2291,2292,2293,-1,2293,2292,2294,-1,2293,2294,2295,-1,2295,2294,2296,-1,2295,2296,2297,-1,2297,2296,2298,-1,2297,2298,2299,-1,2284,2300,2285,-1,2285,2300,2301,-1,2302,2303,2304,-1,2302,2304,2305,-1,2305,2304,2306,-1,2305,2306,2307,-1,2307,2306,2308,-1,2307,2308,2309,-1,2309,2308,2310,-1,2309,2310,2311,-1,2311,2310,2312,-1,2311,2312,2313,-1,2313,2312,2301,-1,2313,2301,2300,-1,2311,2313,2300,-1,2289,2291,2299,-1,2262,2302,2300,-1,2300,2302,2305,-1,2262,2300,2244,-1,2244,2300,2284,-1,2244,2284,2299,-1,2299,2284,2287,-1,2299,2287,2289,-1,2291,2293,2299,-1,2299,2293,2295,-1,2299,2295,2297,-1,2305,2307,2300,-1,2300,2307,2309,-1,2300,2309,2311,-1,2263,2303,2262,-1,2262,2303,2302,-1,2296,2294,2298,-1,2298,2294,2292,-1,2298,2292,2290,-1,2290,2288,2298,-1,2298,2288,2286,-1,2298,2286,2285,-1,2312,2303,2301,-1,2301,2303,2263,-1,2301,2263,2285,-1,2285,2263,2245,-1,2285,2245,2298,-1,2312,2310,2303,-1,2303,2310,2308,-1,2303,2308,2304,-1,2304,2308,2306,-1,2244,2299,2245,-1,2245,2299,2298,-1,2314,2315,2316,-1,2314,2316,2317,-1,2317,2316,2318,-1,2317,2318,2319,-1,2319,2318,2320,-1,2319,2320,2321,-1,2321,2320,2322,-1,2321,2322,2323,-1,2323,2322,2324,-1,2323,2324,2325,-1,2325,2324,2326,-1,2325,2326,2327,-1,2314,2328,2315,-1,2315,2328,2329,-1,2330,2331,2332,-1,2330,2332,2333,-1,2333,2332,2334,-1,2333,2334,2335,-1,2335,2334,2336,-1,2335,2336,2337,-1,2337,2336,2338,-1,2337,2338,2339,-1,2339,2338,2340,-1,2339,2340,2341,-1,2341,2340,2329,-1,2341,2329,2328,-1,2328,2314,2264,-1,2317,2319,2314,-1,2314,2319,2321,-1,2314,2321,2323,-1,2339,2330,2337,-1,2337,2330,2333,-1,2337,2333,2335,-1,2323,2325,2314,-1,2314,2325,2327,-1,2314,2327,2264,-1,2264,2282,2328,-1,2328,2282,2330,-1,2328,2330,2341,-1,2341,2330,2339,-1,2283,2331,2282,-1,2282,2331,2330,-1,2331,2283,2329,-1,2329,2283,2315,-1,2324,2322,2326,-1,2326,2322,2320,-1,2326,2320,2318,-1,2283,2265,2315,-1,2315,2265,2326,-1,2315,2326,2316,-1,2316,2326,2318,-1,2336,2329,2338,-1,2338,2329,2340,-1,2336,2334,2329,-1,2329,2334,2332,-1,2329,2332,2331,-1,2264,2327,2265,-1,2265,2327,2326,-1,
        ]
    }
}
Shape{
    appearance Appearance {
        material  Material 	{
            diffuseColor 1.0 1.0 1.0
            specularColor 0.8784313725490196 0.8784313725490196 0.8784313725490196
            ambientIntensity 1.0
            transparency 0.0
            shininess 0.5
        }
    }
    geometry IndexedFaceSet {
        ccw TRUE
        solid FALSE
        coord DEF co Coordinate {
            point [
                0.7085 -0.315 1.5354, 0.7085 0.315 1.5354, 0.7085 -0.315 1.4567, 0.7085 0.315 1.4567, -0.7089 -0.315 1.5354, -0.7089 -0.315 1.4567, -0.7089 0.315 1.5354, -0.7089 0.315 1.4567
            ]
        }
        coordIndex [
            0,1,2,-1,2,1,3,-1,4,0,5,-1,5,0,2,-1,6,4,7,-1,7,4,5,-1,1,6,3,-1,3,6,7,-1,
        ]
    }
}
Shape{
    appearance Appearance {
        material  Material 	{
            diffuseColor 0.0 0.0 0.0
            specularColor 0.0 0.0 0.0
            ambientIntensity 0.0
            transparency 0.0
            shininess 0.5
        }
    }
    geometry IndexedFaceSet {
        ccw TRUE
        solid FALSE
        coord DEF co Coordinate {
            point [
                1.7325 0.0259 0.939, 1.7325 0.0259 0.9317, 1.7321 0.0259 0.939, 1.7321 0.0259 0.9317, 1.7325 0.0004 0.939, 1.7321 0.0004 0.939, 1.7325 0.0004 0.9957, 1.7321 0.0004 0.9957, 1.7325 -0.0078 0.9957, 1.7321 -0.0078 0.9957, 1.7325 -0.0078 0.9317, 1.7321 -0.0078 0.9317, 1.7325 0.0686 0.9315, 1.7325 0.0588 0.9306, 1.7321 0.0644 0.9311, 1.7321 0.0588 0.9306, 1.7321 0.0686 0.9315, 1.7321 0.0754 0.9338, 1.7325 0.0754 0.9338, 1.7321 0.0765 0.9343, 1.7325 0.0765 0.9343, 1.7325 0.0765 0.9422, 1.7321 0.0765 0.9422, 1.7321 0.0713 0.9398, 1.7325 0.0713 0.9398, 1.7321 0.0642 0.9382, 1.7325 0.0642 0.9382, 1.7321 0.06 0.938, 1.7325 0.06 0.938, 1.7321 0.0542 0.9386, 1.7325 0.0542 0.9386, 1.7321 0.0495 0.9402, 1.7325 0.0495 0.9402, 1.7321 0.0452 0.9431, 1.7325 0.0452 0.9431, 1.7321 0.0435 0.9447, 1.7325 0.0435 0.9447, 1.7321 0.0405 0.9488, 1.7325 0.0405 0.9488, 1.7321 0.0384 0.954, 1.7325 0.0384 0.954, 1.7321 0.0373 0.9603, 1.7325 0.0373 0.9603, 1.7321 0.0372 0.963, 1.7325 0.0372 0.963, 1.7321 0.0383 0.9717, 1.7325 0.0383 0.9717, 1.7321 0.0404 0.9773, 1.7325 0.0404 0.9773, 1.7321 0.0435 0.9817, 1.7325 0.0435 0.9817, 1.7321 0.044 0.9822, 1.7325 0.044 0.9822, 1.7321 0.0481 0.9857, 1.7325 0.0481 0.9857, 1.7321 0.0531 0.9881, 1.7325 0.0531 0.9881, 1.7321 0.0586 0.9892, 1.7325 0.0586 0.9892, 1.7321 0.0614 0.9893, 1.7325 0.0614 0.9893, 1.7321 0.0693 0.9884, 1.7325 0.0693 0.9884, 1.7321 0.0758 0.9859, 1.7325 0.0758 0.9859, 1.7321 0.0765 0.9855, 1.7325 0.0765 0.9855, 1.7325 0.0765 0.9942, 1.7321 0.0765 0.9942, 1.7321 0.0613 0.9968, 1.7325 0.0613 0.9968, 1.7321 0.0682 0.9963, 1.7325 0.0697 0.9961, 1.7321 0.0697 0.9961, 1.7321 0.0569 0.9963, 1.7325 0.0521 0.9957, 1.7321 0.0521 0.9957, 1.7321 0.0454 0.9931, 1.7325 0.0454 0.9931, 1.7321 0.0394 0.9889, 1.7325 0.0394 0.9889, 1.7321 0.0378 0.9874, 1.7325 0.0378 0.9874, 1.7321 0.0332 0.9813, 1.7325 0.0332 0.9813, 1.7321 0.0314 0.9772, 1.7325 0.0301 0.9742, 1.7321 0.0301 0.9742, 1.7321 0.0287 0.9658, 1.7325 0.0287 0.9658, 1.7321 0.0286 0.9625, 1.7325 0.0286 0.9625, 1.7321 0.0298 0.9521, 1.7325 0.0298 0.9521, 1.7321 0.0314 0.9479, 1.7325 0.0324 0.9454, 1.7321 0.0324 0.9454, 1.7321 0.0362 0.9399, 1.7325 0.0362 0.9399, 1.7321 0.0368 0.9393, 1.7325 0.0368 0.9393, 1.7321 0.0471 0.9325, 1.7325 0.0412 0.9355, 1.7321 0.0412 0.9355, 1.7321 0.0529 0.9311, 1.7325 0.0539 0.9309, 1.7325 0.0471 0.9325, 1.7321 0.0539 0.9309, 1.7325 0.1238 0.939, 1.7325 0.1238 0.9317, 1.7321 0.1238 0.939, 1.7321 0.1238 0.9317, 1.7321 0.0976 0.939, 1.7325 0.0976 0.939, 1.7321 0.1149 0.939, 1.7325 0.0976 0.9605, 1.7321 0.0976 0.9605, 1.7321 0.1205 0.9605, 1.7325 0.1205 0.9605, 1.7321 0.1149 0.9605, 1.7325 0.1205 0.9679, 1.7321 0.1205 0.9679, 1.7321 0.0976 0.9679, 1.7325 0.0976 0.9679, 1.7321 0.1149 0.9679, 1.7325 0.0976 0.9884, 1.7321 0.0976 0.9884, 1.7321 0.1223 0.9884, 1.7325 0.1223 0.9884, 1.7321 0.1149 0.9884, 1.7325 0.1223 0.9957, 1.7321 0.1223 0.9957, 1.7321 0.0893 0.9957, 1.7325 0.0893 0.9957, 1.7321 0.1149 0.9957, 1.7325 0.0893 0.9317, 1.7321 0.0893 0.9317, 1.7321 0.1149 0.9317, 1.7325 0.1756 0.9495, 1.7325 0.1725 0.9457, 1.7325 0.1784 0.9406, 1.7325 0.1717 0.9449, 1.7325 0.1717 0.9358, 1.7325 0.1676 0.9421, 1.7325 0.1644 0.933, 1.7325 0.1623 0.94, 1.7325 0.1535 0.9317, 1.7325 0.1535 0.939, 1.7325 0.1359 0.9317, 1.7325 0.1442 0.939, 1.7325 0.1359 0.9957, 1.7325 0.1442 0.9884, 1.7325 0.1542 0.9957, 1.7325 0.1538 0.9884, 1.7325 0.164 0.9946, 1.7325 0.1625 0.9873, 1.7325 0.1717 0.9918, 1.7325 0.168 0.9853, 1.7325 0.1784 0.9872, 1.7325 0.1723 0.9823, 1.7325 0.1807 0.985, 1.7325 0.1741 0.9805, 1.7325 0.1846 0.9794, 1.7325 0.1766 0.9769, 1.7325 0.187 0.9733, 1.7325 0.1784 0.9723, 1.7325 0.188 0.9645, 1.7325 0.1794 0.9643, 1.7325 0.1879 0.9604, 1.7325 0.1791 0.9601, 1.7325 0.1863 0.9529, 1.7325 0.1779 0.9543, 1.7325 0.1831 0.9463, 1.7321 0.1535 0.9317, 1.7321 0.1359 0.9317, 1.7321 0.1784 0.9406, 1.7321 0.1644 0.933, 1.7321 0.1652 0.9333, 1.7321 0.1717 0.9358, 1.7321 0.1831 0.9463, 1.7321 0.1863 0.9529, 1.7321 0.1879 0.9604, 1.7321 0.188 0.9645, 1.7321 0.187 0.9733, 1.7321 0.1846 0.9794, 1.7321 0.1807 0.985, 1.7321 0.1784 0.9872, 1.7321 0.1542 0.9957, 1.7321 0.1717 0.9918, 1.7321 0.1652 0.9942, 1.7321 0.164 0.9946, 1.7321 0.1359 0.9957, 1.7321 0.1538 0.9884, 1.7321 0.1442 0.9884, 1.7321 0.1442 0.939, 1.7321 0.1535 0.939, 1.7321 0.1725 0.9457, 1.7321 0.1717 0.9449, 1.7321 0.1676 0.9421, 1.7321 0.1623 0.94, 1.7321 0.1794 0.9643, 1.7321 0.1791 0.9601, 1.7321 0.1779 0.9543, 1.7321 0.1756 0.9495, 1.7321 0.1723 0.9823, 1.7321 0.1741 0.9805, 1.7321 0.1766 0.9769, 1.7321 0.1784 0.9723, 1.7321 0.1625 0.9873, 1.7321 0.168 0.9853
            ]
        }
        coordIndex [
            0,1,2,-1,2,1,3,-1,4,0,5,-1,5,0,2,-1,6,4,7,-1,7,4,5,-1,8,6,9,-1,9,6,7,-1,10,8,11,-1,11,8,9,-1,1,10,3,-1,3,10,11,-1,6,8,4,-1,4,8,10,-1,4,10,0,-1,0,10,1,-1,12,13,14,-1,14,13,15,-1,14,16,12,-1,12,16,17,-1,12,17,18,-1,18,17,19,-1,18,19,20,-1,21,20,22,-1,22,20,19,-1,21,22,23,-1,21,23,24,-1,24,23,25,-1,24,25,26,-1,26,25,27,-1,26,27,28,-1,28,27,29,-1,28,29,30,-1,30,29,31,-1,30,31,32,-1,32,31,33,-1,32,33,34,-1,34,33,35,-1,34,35,36,-1,36,35,37,-1,36,37,38,-1,38,37,39,-1,38,39,40,-1,40,39,41,-1,40,41,42,-1,42,41,43,-1,42,43,44,-1,44,43,45,-1,44,45,46,-1,46,45,47,-1,46,47,48,-1,48,47,49,-1,48,49,50,-1,50,49,51,-1,50,51,52,-1,52,51,53,-1,52,53,54,-1,54,53,55,-1,54,55,56,-1,56,55,57,-1,56,57,58,-1,58,57,59,-1,58,59,60,-1,60,59,61,-1,60,61,62,-1,62,61,63,-1,62,63,64,-1,64,63,65,-1,64,65,66,-1,67,66,68,-1,68,66,65,-1,69,70,71,-1,71,70,72,-1,71,72,73,-1,73,72,67,-1,73,67,68,-1,70,69,74,-1,70,74,75,-1,74,76,75,-1,75,76,77,-1,75,77,78,-1,78,77,79,-1,78,79,80,-1,80,79,81,-1,80,81,82,-1,82,81,83,-1,82,83,84,-1,84,83,85,-1,84,85,86,-1,85,87,86,-1,86,87,88,-1,86,88,89,-1,89,88,90,-1,89,90,91,-1,91,90,92,-1,91,92,93,-1,93,92,94,-1,93,94,95,-1,94,96,95,-1,95,96,97,-1,95,97,98,-1,98,97,99,-1,98,99,100,-1,101,102,103,-1,103,102,100,-1,103,100,99,-1,104,105,101,-1,101,105,106,-1,101,106,102,-1,104,107,105,-1,105,107,15,-1,105,15,13,-1,82,52,80,-1,80,52,54,-1,80,54,78,-1,91,44,89,-1,89,44,46,-1,89,46,86,-1,86,46,84,-1,84,46,48,-1,84,48,82,-1,82,48,50,-1,82,50,52,-1,78,54,75,-1,75,54,56,-1,75,56,70,-1,20,21,18,-1,18,21,24,-1,18,24,12,-1,12,24,26,-1,12,26,13,-1,13,26,28,-1,13,28,105,-1,105,28,30,-1,105,30,106,-1,106,30,32,-1,106,32,102,-1,102,32,34,-1,102,34,100,-1,100,34,36,-1,100,36,98,-1,98,36,38,-1,98,38,95,-1,95,38,93,-1,93,38,40,-1,93,40,91,-1,91,40,42,-1,91,42,44,-1,56,58,70,-1,70,58,60,-1,70,60,72,-1,72,60,62,-1,72,62,67,-1,67,62,64,-1,67,64,66,-1,108,109,110,-1,110,109,111,-1,112,113,114,-1,114,113,108,-1,114,108,110,-1,115,113,116,-1,116,113,112,-1,117,118,119,-1,119,118,115,-1,119,115,116,-1,120,118,121,-1,121,118,117,-1,122,123,124,-1,124,123,120,-1,124,120,121,-1,125,123,126,-1,126,123,122,-1,127,128,129,-1,129,128,125,-1,129,125,126,-1,130,128,131,-1,131,128,127,-1,132,133,134,-1,134,133,130,-1,134,130,131,-1,135,133,136,-1,136,133,132,-1,111,109,137,-1,137,109,135,-1,137,135,136,-1,135,109,108,-1,108,113,135,-1,135,113,115,-1,135,115,133,-1,128,130,125,-1,125,130,133,-1,125,133,123,-1,123,133,115,-1,123,115,120,-1,120,115,118,-1,138,139,140,-1,140,139,141,-1,140,141,142,-1,142,141,143,-1,142,143,144,-1,144,143,145,-1,144,145,146,-1,146,145,147,-1,146,147,148,-1,148,147,149,-1,148,149,150,-1,150,149,151,-1,150,151,152,-1,152,151,153,-1,152,153,154,-1,154,153,155,-1,154,155,156,-1,156,155,157,-1,156,157,158,-1,158,157,159,-1,158,159,160,-1,160,159,161,-1,160,161,162,-1,162,161,163,-1,162,163,164,-1,164,163,165,-1,164,165,166,-1,166,165,167,-1,166,167,168,-1,168,167,169,-1,168,169,170,-1,170,169,171,-1,170,171,172,-1,172,171,138,-1,172,138,140,-1,146,148,173,-1,173,148,174,-1,175,140,142,-1,146,173,176,-1,146,176,144,-1,144,176,177,-1,144,177,142,-1,142,177,178,-1,142,178,175,-1,140,175,179,-1,140,179,172,-1,172,179,180,-1,172,180,170,-1,170,180,181,-1,170,181,168,-1,168,181,182,-1,168,182,166,-1,166,182,183,-1,166,183,164,-1,164,183,184,-1,164,184,162,-1,162,184,185,-1,162,185,160,-1,160,185,186,-1,160,186,158,-1,187,152,154,-1,158,186,188,-1,158,188,156,-1,156,188,189,-1,156,189,154,-1,154,189,190,-1,154,190,187,-1,150,152,191,-1,191,152,187,-1,148,150,174,-1,174,150,191,-1,153,151,192,-1,192,151,193,-1,151,149,193,-1,193,149,194,-1,149,147,194,-1,194,147,195,-1,139,196,197,-1,139,197,141,-1,141,197,198,-1,141,198,143,-1,143,198,199,-1,143,199,145,-1,145,199,195,-1,145,195,147,-1,167,200,201,-1,167,201,169,-1,169,201,202,-1,169,202,171,-1,171,202,203,-1,171,203,138,-1,138,203,196,-1,138,196,139,-1,159,204,205,-1,159,205,161,-1,161,205,206,-1,161,206,163,-1,163,206,207,-1,163,207,165,-1,165,207,200,-1,165,200,167,-1,153,192,208,-1,153,208,155,-1,155,208,209,-1,155,209,157,-1,157,209,204,-1,157,204,159,-1,
        ]
    }
}
Shape{
    appearance Appearance {
        material  Material 	{
            diffuseColor 0.8509803921568627 0.8509803921568627 0.8509803921568627
            specularColor 0.4235294117647059 0.4235294117647059 0.4235294117647059
            ambientIntensity 0.851
            transparency 0.0
            shininess 0.5
        }
    }
    geometry IndexedFaceSet {
        ccw TRUE
        solid FALSE
        coord DEF co Coordinate {
            point [
                1.7321 0.1442 0.9884, 1.7321 0.1442 0.939, 1.7321 0.1538 0.9884, 1.7321 0.1535 0.939, 1.7321 0.1623 0.94, 1.7321 0.1676 0.9421, 1.7321 0.1717 0.9449, 1.7321 0.1725 0.9457, 1.7321 0.1756 0.9495, 1.7321 0.1779 0.9543, 1.7321 0.1794 0.9643, 1.7321 0.1723 0.9823, 1.7321 0.168 0.9853, 1.7321 0.1784 0.9723, 1.7321 0.1766 0.9769, 1.7321 0.1741 0.9805, 1.7321 0.1791 0.9601, 1.7321 0.1625 0.9873
            ]
        }
        coordIndex [
            0,1,2,-1,2,1,3,-1,3,4,2,-1,2,4,5,-1,2,5,6,-1,6,7,2,-1,2,7,8,-1,2,8,9,-1,10,11,12,-1,13,14,10,-1,10,14,15,-1,10,15,11,-1,9,16,2,-1,2,16,10,-1,2,10,17,-1,17,10,12,-1,
        ]
    }
}
Shape{
    appearance Appearance {
        material  Material 	{
            diffuseColor 0.0 0.0 0.0
            specularColor 0.0 0.0 0.0
            ambientIntensity 0.0
            transparency 0.0
            shininess 0.5
        }
    }
    geometry IndexedFaceSet {
        ccw TRUE
        solid FALSE
        coord DEF co Coordinate {
            point [
                1.7325 0.2095 0.9564, 1.7325 0.2069 0.9492, 1.7325 0.231 0.9564, 1.7325 0.2336 0.9492, 1.7325 0.2191 0.983, 1.7325 0.216 0.9957, 1.7325 0.1916 0.9317, 1.7325 0.2007 0.9317, 1.7325 0.2196 0.985, 1.7325 0.2201 0.9875, 1.7325 0.2248 0.9957, 1.7325 0.2203 0.9875, 1.7325 0.2209 0.9848, 1.7325 0.2213 0.983, 1.7325 0.2492 0.9317, 1.7325 0.2401 0.9317, 1.7321 0.2248 0.9957, 1.7321 0.2492 0.9317, 1.7321 0.216 0.9957, 1.7321 0.1916 0.9317, 1.7321 0.2101 0.9801, 1.7321 0.2007 0.9317, 1.7321 0.2069 0.9492, 1.7321 0.2336 0.9492, 1.7321 0.2101 0.9492, 1.7321 0.2401 0.9317, 1.7321 0.2095 0.9564, 1.7321 0.231 0.9564, 1.7321 0.2213 0.983, 1.7321 0.2203 0.9875, 1.7321 0.2209 0.9848, 1.7321 0.2201 0.9875, 1.7321 0.2191 0.983, 1.7321 0.2196 0.985
            ]
        }
        coordIndex [
            0,1,2,-1,2,1,3,-1,4,5,0,-1,0,5,6,-1,0,6,1,-1,1,6,7,-1,4,8,5,-1,5,8,9,-1,5,9,10,-1,10,9,11,-1,10,11,12,-1,12,13,10,-1,10,13,2,-1,10,2,14,-1,14,2,3,-1,14,3,15,-1,10,14,16,-1,16,14,17,-1,5,10,18,-1,18,10,16,-1,19,6,20,-1,20,6,5,-1,20,5,18,-1,7,6,21,-1,21,6,19,-1,1,7,22,-1,22,7,21,-1,23,3,24,-1,24,3,1,-1,24,1,22,-1,15,3,25,-1,25,3,23,-1,14,15,17,-1,17,15,25,-1,0,2,26,-1,26,2,27,-1,2,13,27,-1,27,13,28,-1,11,29,30,-1,11,30,12,-1,12,30,28,-1,12,28,13,-1,11,9,29,-1,29,9,31,-1,4,32,33,-1,4,33,8,-1,8,33,31,-1,8,31,9,-1,4,0,32,-1,32,0,26,-1,
        ]
    }
}
Shape{
    appearance Appearance {
        material  Material 	{
            diffuseColor 0.8509803921568627 0.8509803921568627 0.8509803921568627
            specularColor 0.4235294117647059 0.4235294117647059 0.4235294117647059
            ambientIntensity 0.851
            transparency 0.0
            shininess 0.5
        }
    }
    geometry IndexedFaceSet {
        ccw TRUE
        solid FALSE
        coord DEF co Coordinate {
            point [
                1.7321 0.2203 0.9875, 1.7321 0.2201 0.9875, 1.7321 0.2209 0.9848, 1.7321 0.2196 0.985, 1.7321 0.2213 0.983, 1.7321 0.2191 0.983, 1.7321 0.231 0.9564, 1.7321 0.2095 0.9564
            ]
        }
        coordIndex [
            0,1,2,-1,2,1,3,-1,2,3,4,-1,4,3,5,-1,4,5,6,-1,6,5,7,-1,
        ]
    }
}
Shape{
    appearance Appearance {
        material  Material 	{
            diffuseColor 0.0 0.0 0.0
            specularColor 0.0 0.0 0.0
            ambientIntensity 0.0
            transparency 0.0
            shininess 0.5
        }
    }
    geometry IndexedFaceSet {
        ccw TRUE
        solid FALSE
        coord DEF co Coordinate {
            point [
                1.7325 0.0266 0.8374, 1.7325 0.0266 0.83, 1.7321 0.0266 0.8374, 1.7321 0.0266 0.83, 1.7325 0.0004 0.8374, 1.7321 0.0004 0.8374, 1.7325 0.0004 0.8589, 1.7321 0.0004 0.8589, 1.7325 0.0233 0.8589, 1.7321 0.0233 0.8589, 1.7325 0.0233 0.8662, 1.7321 0.0233 0.8662, 1.7325 0.0004 0.8662, 1.7321 0.0004 0.8662, 1.7325 0.0004 0.8867, 1.7321 0.0004 0.8867, 1.7325 0.0252 0.8867, 1.7321 0.0252 0.8867, 1.7325 0.0252 0.8941, 1.7321 0.0252 0.8941, 1.7325 -0.0078 0.8941, 1.7321 -0.0078 0.8941, 1.7325 -0.0078 0.83, 1.7321 -0.0078 0.83, 1.7325 0.0628 0.8371, 1.7325 0.063 0.8371, 1.7325 0.0625 0.8445, 1.7325 0.063 0.8481, 1.7325 0.0711 0.8595, 1.7325 0.063 0.8486, 1.7325 0.063 0.853, 1.7325 0.063 0.83, 1.7325 0.0711 0.83, 1.7325 0.0425 0.8442, 1.7325 0.0429 0.8461, 1.7325 0.036 0.8496, 1.7325 0.0613 0.8416, 1.7325 0.0596 0.8393, 1.7325 0.0615 0.8352, 1.7325 0.0586 0.8383, 1.7325 0.059 0.8325, 1.7325 0.0563 0.8368, 1.7325 0.0562 0.8306, 1.7325 0.0539 0.8359, 1.7325 0.053 0.8294, 1.7325 0.0509 0.8356, 1.7325 0.0488 0.829, 1.7325 0.0482 0.8359, 1.7325 0.044 0.8295, 1.7325 0.0464 0.8365, 1.7325 0.0409 0.8307, 1.7325 0.0448 0.8376, 1.7325 0.0382 0.8326, 1.7325 0.0441 0.8383, 1.7325 0.0376 0.8519, 1.7325 0.0436 0.8476, 1.7325 0.0401 0.854, 1.7325 0.0446 0.8487, 1.7325 0.0435 0.8558, 1.7325 0.0456 0.8495, 1.7325 0.0474 0.8504, 1.7325 0.0495 0.8572, 1.7325 0.0523 0.8516, 1.7325 0.063 0.8591, 1.7325 0.0348 0.8468, 1.7325 0.0343 0.8434, 1.7325 0.0424 0.843, 1.7325 0.0343 0.8423, 1.7325 0.0426 0.8411, 1.7325 0.0347 0.8386, 1.7325 0.0432 0.8397, 1.7325 0.0357 0.8359, 1.7325 0.0373 0.8335, 1.7325 0.0388 0.8726, 1.7325 0.0388 0.8648, 1.7325 0.0404 0.8736, 1.7325 0.0436 0.868, 1.7325 0.0464 0.8759, 1.7325 0.0486 0.8698, 1.7325 0.0545 0.8768, 1.7325 0.0538 0.8703, 1.7325 0.0594 0.8764, 1.7325 0.0565 0.87, 1.7325 0.0627 0.8754, 1.7325 0.0583 0.8694, 1.7325 0.0654 0.8739, 1.7325 0.0598 0.8685, 1.7325 0.0675 0.8718, 1.7325 0.061 0.8672, 1.7325 0.0692 0.8692, 1.7325 0.0619 0.8655, 1.7325 0.0704 0.8656, 1.7325 0.0628 0.8627, 1.7321 0.0545 0.8768, 1.7321 0.0464 0.8759, 1.7321 0.0404 0.8736, 1.7321 0.0388 0.8726, 1.7321 0.0388 0.8648, 1.7321 0.0436 0.868, 1.7321 0.0486 0.8698, 1.7321 0.0538 0.8703, 1.7321 0.0565 0.87, 1.7321 0.0583 0.8694, 1.7321 0.0598 0.8685, 1.7321 0.061 0.8672, 1.7321 0.0619 0.8655, 1.7321 0.0628 0.8627, 1.7321 0.063 0.8591, 1.7321 0.0495 0.8572, 1.7321 0.0435 0.8558, 1.7321 0.0401 0.854, 1.7321 0.0376 0.8519, 1.7321 0.036 0.8496, 1.7321 0.0348 0.8468, 1.7321 0.0343 0.8434, 1.7321 0.0343 0.8423, 1.7321 0.0347 0.8386, 1.7321 0.0357 0.8359, 1.7321 0.0373 0.8335, 1.7321 0.0382 0.8326, 1.7321 0.0488 0.829, 1.7321 0.0442 0.8295, 1.7321 0.044 0.8295, 1.7321 0.0409 0.8307, 1.7321 0.053 0.8294, 1.7321 0.0532 0.8295, 1.7321 0.0562 0.8306, 1.7321 0.059 0.8325, 1.7321 0.0615 0.8352, 1.7321 0.0628 0.8371, 1.7321 0.063 0.8371, 1.7321 0.063 0.83, 1.7321 0.0711 0.83, 1.7321 0.0711 0.8595, 1.7321 0.0704 0.8656, 1.7321 0.0692 0.8692, 1.7321 0.0675 0.8718, 1.7321 0.0654 0.8739, 1.7321 0.0627 0.8754, 1.7321 0.0594 0.8764, 1.7321 0.0446 0.8487, 1.7321 0.0456 0.8495, 1.7321 0.0474 0.8504, 1.7321 0.0523 0.8516, 1.7321 0.0424 0.843, 1.7321 0.0425 0.8442, 1.7321 0.0429 0.8461, 1.7321 0.0436 0.8476, 1.7321 0.0448 0.8376, 1.7321 0.0441 0.8383, 1.7321 0.0432 0.8397, 1.7321 0.0426 0.8411, 1.7321 0.0509 0.8356, 1.7321 0.0482 0.8359, 1.7321 0.0464 0.8365, 1.7321 0.0596 0.8393, 1.7321 0.0586 0.8383, 1.7321 0.0563 0.8368, 1.7321 0.0539 0.8359, 1.7321 0.063 0.8486, 1.7321 0.063 0.8481, 1.7321 0.0625 0.8445, 1.7321 0.0613 0.8416, 1.7321 0.063 0.853
            ]
        }
        coordIndex [
            0,1,2,-1,2,1,3,-1,4,0,5,-1,5,0,2,-1,6,4,7,-1,7,4,5,-1,8,6,9,-1,9,6,7,-1,10,8,11,-1,11,8,9,-1,12,10,13,-1,13,10,11,-1,14,12,15,-1,15,12,13,-1,16,14,17,-1,17,14,15,-1,18,16,19,-1,19,16,17,-1,20,18,21,-1,21,18,19,-1,22,20,23,-1,23,20,21,-1,1,22,3,-1,3,22,23,-1,22,1,0,-1,0,4,22,-1,22,4,6,-1,22,6,20,-1,16,18,14,-1,14,18,20,-1,14,20,12,-1,12,20,6,-1,12,6,10,-1,10,6,8,-1,24,25,26,-1,27,28,29,-1,29,28,30,-1,31,32,25,-1,25,32,28,-1,25,28,26,-1,26,28,27,-1,33,34,35,-1,26,36,24,-1,24,36,37,-1,24,37,38,-1,38,37,39,-1,38,39,40,-1,40,39,41,-1,40,41,42,-1,42,41,43,-1,42,43,44,-1,44,43,45,-1,44,45,46,-1,46,45,47,-1,46,47,48,-1,48,47,49,-1,48,49,50,-1,50,49,51,-1,50,51,52,-1,52,51,53,-1,35,34,54,-1,54,34,55,-1,54,55,56,-1,56,55,57,-1,56,57,58,-1,57,59,58,-1,58,59,60,-1,58,60,61,-1,61,60,62,-1,61,62,63,-1,35,64,33,-1,33,64,65,-1,33,65,66,-1,66,65,67,-1,66,67,68,-1,68,67,69,-1,68,69,70,-1,70,69,71,-1,70,71,53,-1,53,71,72,-1,53,72,52,-1,73,74,75,-1,75,74,76,-1,75,76,77,-1,77,76,78,-1,77,78,79,-1,79,78,80,-1,79,80,81,-1,81,80,82,-1,81,82,83,-1,83,82,84,-1,83,84,85,-1,85,84,86,-1,85,86,87,-1,87,86,88,-1,87,88,89,-1,89,88,90,-1,89,90,91,-1,91,90,92,-1,91,92,28,-1,28,92,63,-1,28,63,30,-1,30,63,62,-1,79,93,94,-1,79,94,77,-1,77,94,95,-1,77,95,75,-1,75,95,96,-1,75,96,73,-1,74,73,97,-1,97,73,96,-1,74,97,98,-1,74,98,76,-1,76,98,99,-1,76,99,78,-1,78,99,100,-1,78,100,80,-1,80,100,101,-1,80,101,82,-1,82,101,102,-1,82,102,84,-1,84,102,103,-1,84,103,86,-1,86,103,104,-1,86,104,88,-1,88,104,105,-1,88,105,90,-1,90,105,106,-1,90,106,92,-1,92,106,107,-1,92,107,63,-1,61,63,108,-1,108,63,107,-1,61,108,109,-1,61,109,58,-1,58,109,110,-1,58,110,56,-1,56,110,111,-1,56,111,54,-1,54,111,112,-1,54,112,35,-1,35,112,113,-1,35,113,64,-1,64,113,114,-1,64,114,65,-1,65,114,115,-1,65,115,67,-1,67,115,116,-1,67,116,69,-1,69,116,117,-1,69,117,71,-1,71,117,118,-1,71,118,72,-1,72,118,119,-1,72,119,52,-1,120,46,121,-1,121,46,48,-1,121,48,122,-1,122,48,50,-1,122,50,123,-1,123,50,52,-1,123,52,119,-1,46,120,124,-1,46,124,44,-1,44,124,125,-1,44,125,42,-1,125,126,42,-1,42,126,127,-1,42,127,40,-1,40,127,128,-1,40,128,38,-1,38,128,129,-1,38,129,24,-1,25,24,130,-1,130,24,129,-1,31,25,131,-1,131,25,130,-1,32,31,132,-1,132,31,131,-1,28,32,133,-1,133,32,132,-1,28,133,134,-1,28,134,91,-1,91,134,135,-1,91,135,89,-1,89,135,136,-1,89,136,87,-1,87,136,137,-1,87,137,85,-1,85,137,138,-1,85,138,83,-1,83,138,139,-1,83,139,81,-1,81,139,93,-1,81,93,79,-1,57,140,141,-1,57,141,59,-1,59,141,142,-1,59,142,60,-1,60,142,143,-1,60,143,62,-1,66,144,145,-1,66,145,33,-1,33,145,146,-1,33,146,34,-1,34,146,147,-1,34,147,55,-1,55,147,140,-1,55,140,57,-1,51,148,149,-1,51,149,53,-1,53,149,150,-1,53,150,70,-1,70,150,151,-1,70,151,68,-1,68,151,144,-1,68,144,66,-1,45,152,153,-1,45,153,47,-1,47,153,154,-1,47,154,49,-1,49,154,148,-1,49,148,51,-1,37,155,156,-1,37,156,39,-1,39,156,157,-1,39,157,41,-1,41,157,158,-1,41,158,43,-1,43,158,152,-1,43,152,45,-1,29,159,160,-1,29,160,27,-1,27,160,161,-1,27,161,26,-1,26,161,162,-1,26,162,36,-1,36,162,155,-1,36,155,37,-1,29,30,159,-1,159,30,163,-1,30,62,163,-1,163,62,143,-1,
        ]
    }
}
Shape{
    appearance Appearance {
        material  Material 	{
            diffuseColor 0.8509803921568627 0.8509803921568627 0.8509803921568627
            specularColor 0.4235294117647059 0.4235294117647059 0.4235294117647059
            ambientIntensity 0.851
            transparency 0.0
            shininess 0.5
        }
    }
    geometry IndexedFaceSet {
        ccw TRUE
        solid FALSE
        coord DEF co Coordinate {
            point [
                1.7321 0.063 0.8481, 1.7321 0.063 0.8486, 1.7321 0.0446 0.8487, 1.7321 0.063 0.853, 1.7321 0.0523 0.8516, 1.7321 0.0474 0.8504, 1.7321 0.0456 0.8495, 1.7321 0.0625 0.8445, 1.7321 0.0436 0.8476, 1.7321 0.0613 0.8416, 1.7321 0.0441 0.8383, 1.7321 0.0448 0.8376, 1.7321 0.0586 0.8383, 1.7321 0.0432 0.8397, 1.7321 0.0563 0.8368, 1.7321 0.0539 0.8359, 1.7321 0.0509 0.8356, 1.7321 0.0429 0.8461, 1.7321 0.0425 0.8442, 1.7321 0.0596 0.8393, 1.7321 0.0424 0.843, 1.7321 0.0426 0.8411, 1.7321 0.0464 0.8365, 1.7321 0.0482 0.8359
            ]
        }
        coordIndex [
            0,1,2,-1,1,3,4,-1,4,5,1,-1,1,5,6,-1,1,6,2,-1,0,2,7,-1,7,2,8,-1,7,8,9,-1,10,11,12,-1,10,12,13,-1,14,12,15,-1,15,12,16,-1,8,17,9,-1,9,17,18,-1,9,18,19,-1,19,18,20,-1,19,20,12,-1,12,20,21,-1,12,21,13,-1,11,22,12,-1,12,22,23,-1,12,23,16,-1,
        ]
    }
}
Shape{
    appearance Appearance {
        material  Material 	{
            diffuseColor 0.0 0.0 0.0
            specularColor 0.0 0.0 0.0
            ambientIntensity 0.0
            transparency 0.0
            shininess 0.5
        }
    }
    geometry IndexedFaceSet {
        ccw TRUE
        solid FALSE
        coord DEF co Coordinate {
            point [
                1.7325 0.0951 0.8355, 1.7321 0.0951 0.8355, 1.7321 0.09 0.8361, 1.7321 0.0856 0.8378, 1.7325 0.085 0.838, 1.7325 0.09 0.8361, 1.7321 0.085 0.838, 1.7321 0.0819 0.8399, 1.7325 0.0819 0.8399, 1.7325 0.0819 0.8317, 1.7321 0.0819 0.8317, 1.7325 0.087 0.8298, 1.7321 0.0856 0.8303, 1.7321 0.0943 0.829, 1.7325 0.0943 0.829, 1.7321 0.0896 0.8295, 1.7321 0.087 0.8298, 1.7325 0.1006 0.8296, 1.7321 0.0998 0.8295, 1.7321 0.1006 0.8296, 1.7321 0.105 0.8311, 1.7325 0.105 0.8311, 1.7321 0.1077 0.8326, 1.7325 0.1077 0.8326, 1.7321 0.11 0.8346, 1.7325 0.11 0.8346, 1.7321 0.1115 0.8367, 1.7325 0.1115 0.8367, 1.7321 0.1124 0.8393, 1.7325 0.1124 0.8393, 1.7321 0.1128 0.8425, 1.7325 0.1128 0.8425, 1.7321 0.1125 0.8455, 1.7325 0.1125 0.8455, 1.7321 0.1116 0.8478, 1.7325 0.1116 0.8478, 1.7321 0.1101 0.8501, 1.7325 0.1101 0.8501, 1.7321 0.1082 0.8518, 1.7325 0.1082 0.8518, 1.7321 0.1029 0.8547, 1.7325 0.1029 0.8547, 1.7321 0.0998 0.856, 1.7325 0.0998 0.856, 1.7321 0.0948 0.8581, 1.7325 0.0948 0.8581, 1.7321 0.092 0.8599, 1.7325 0.092 0.8599, 1.7321 0.0912 0.8608, 1.7325 0.0912 0.8608, 1.7321 0.0906 0.8619, 1.7325 0.0906 0.8619, 1.7321 0.0903 0.8631, 1.7325 0.0903 0.8631, 1.7321 0.0902 0.8642, 1.7325 0.0902 0.8642, 1.7321 0.0904 0.8655, 1.7325 0.0904 0.8655, 1.7321 0.0908 0.8665, 1.7325 0.0908 0.8665, 1.7321 0.0915 0.8676, 1.7325 0.0915 0.8676, 1.7321 0.0927 0.8686, 1.7325 0.0927 0.8686, 1.7321 0.0945 0.8696, 1.7325 0.0945 0.8696, 1.7321 0.0966 0.8702, 1.7325 0.0966 0.8702, 1.7321 0.099 0.8703, 1.7325 0.099 0.8703, 1.7321 0.1043 0.8697, 1.7325 0.1043 0.8697, 1.7321 0.1088 0.8681, 1.7325 0.1088 0.8681, 1.7321 0.1106 0.867, 1.7325 0.1106 0.867, 1.7325 0.1106 0.8748, 1.7321 0.1106 0.8748, 1.7321 0.1053 0.8764, 1.7325 0.1053 0.8764, 1.7321 0.0998 0.8768, 1.7325 0.0998 0.8768, 1.7321 0.094 0.8762, 1.7325 0.094 0.8762, 1.7321 0.0896 0.8747, 1.7325 0.0896 0.8747, 1.7321 0.0871 0.8732, 1.7325 0.0871 0.8732, 1.7325 0.0847 0.8711, 1.7321 0.0856 0.8719, 1.7321 0.0847 0.8711, 1.7321 0.0832 0.8689, 1.7325 0.0832 0.8689, 1.7321 0.0823 0.8663, 1.7325 0.0823 0.8663, 1.7321 0.082 0.8635, 1.7325 0.082 0.8635, 1.7321 0.0823 0.8603, 1.7325 0.0823 0.8603, 1.7321 0.0832 0.8579, 1.7325 0.0832 0.8579, 1.7321 0.0843 0.8562, 1.7325 0.0843 0.8562, 1.7321 0.0941 0.8502, 1.7325 0.0941 0.8502, 1.7325 0.0893 0.8523, 1.7321 0.0856 0.8548, 1.7325 0.0856 0.8548, 1.7321 0.0856 0.8548, 1.7321 0.0893 0.8523, 1.7321 0.0994 0.848, 1.7325 0.0994 0.848, 1.7321 0.1025 0.8461, 1.7325 0.1025 0.8461, 1.7321 0.1035 0.845, 1.7325 0.1035 0.845, 1.7321 0.1041 0.844, 1.7325 0.1041 0.844, 1.7321 0.1045 0.8427, 1.7325 0.1045 0.8427, 1.7321 0.1046 0.8417, 1.7325 0.1046 0.8417, 1.7321 0.1044 0.8402, 1.7325 0.1044 0.8402, 1.7321 0.104 0.839, 1.7325 0.104 0.839, 1.7321 0.1033 0.838, 1.7325 0.1033 0.838, 1.7321 0.1024 0.8372, 1.7325 0.1024 0.8372, 1.7321 0.1017 0.8367, 1.7325 0.1017 0.8367, 1.7321 0.0996 0.836, 1.7325 0.0996 0.836, 1.7321 0.0955 0.8355, 1.7325 0.0955 0.8355, 1.7325 0.1526 0.8758, 1.7325 0.1609 0.8758, 1.7321 0.1526 0.8758, 1.7321 0.1609 0.8758, 1.7325 0.1401 0.8413, 1.7321 0.1401 0.8413, 1.7321 0.1395 0.8392, 1.7325 0.1395 0.8392, 1.7321 0.1391 0.8376, 1.7325 0.1391 0.8376, 1.7325 0.1389 0.8376, 1.7321 0.1389 0.8376, 1.7325 0.1379 0.8414, 1.7321 0.1379 0.8414, 1.7321 0.126 0.8758, 1.7325 0.126 0.8758, 1.7321 0.1298 0.8647, 1.7325 0.117 0.8758, 1.7321 0.117 0.8758, 1.7321 0.1349 0.8301, 1.7325 0.1349 0.8301, 1.7321 0.1298 0.8431, 1.7321 0.1314 0.8218, 1.7325 0.1314 0.8218, 1.7321 0.1347 0.8295, 1.7321 0.1298 0.8189, 1.7325 0.1298 0.8189, 1.7321 0.1283 0.8173, 1.7325 0.1283 0.8173, 1.7321 0.1269 0.8163, 1.7325 0.1269 0.8163, 1.7321 0.1252 0.8156, 1.7325 0.1252 0.8156, 1.7321 0.1232 0.8154, 1.7325 0.1232 0.8154, 1.7321 0.1203 0.8158, 1.7325 0.1203 0.8158, 1.7321 0.1187 0.8163, 1.7325 0.1187 0.8163, 1.7325 0.1187 0.8092, 1.7321 0.1187 0.8092, 1.7321 0.1221 0.8086, 1.7325 0.1221 0.8086, 1.7321 0.1238 0.8085, 1.7325 0.1238 0.8085, 1.7321 0.1271 0.8089, 1.7321 0.1298 0.8099, 1.7325 0.1302 0.8101, 1.7325 0.1271 0.8089, 1.7321 0.1302 0.8101, 1.7321 0.133 0.812, 1.7325 0.133 0.812, 1.7321 0.1336 0.8125, 1.7325 0.1336 0.8125, 1.7321 0.1365 0.8161, 1.7325 0.1365 0.8161, 1.7321 0.1402 0.8231, 1.7325 0.1402 0.8231, 1.7321 0.1427 0.8295, 1.7325 0.204 0.8374, 1.7325 0.204 0.83, 1.7321 0.204 0.8374, 1.7321 0.204 0.83, 1.7321 0.1778 0.8374, 1.7325 0.1778 0.8374, 1.7321 0.1898 0.8374, 1.7325 0.1778 0.8589, 1.7321 0.1778 0.8589, 1.7321 0.2007 0.8589, 1.7325 0.2007 0.8589, 1.7321 0.1898 0.8589, 1.7325 0.2007 0.8662, 1.7321 0.2007 0.8662, 1.7321 0.1778 0.8662, 1.7325 0.1778 0.8662, 1.7321 0.1898 0.8662, 1.7325 0.1778 0.8867, 1.7321 0.1778 0.8867, 1.7321 0.2026 0.8867, 1.7325 0.2026 0.8867, 1.7321 0.1898 0.8867, 1.7325 0.2026 0.8941, 1.7321 0.2026 0.8941, 1.7321 0.1696 0.8941, 1.7325 0.1696 0.8941, 1.7321 0.1898 0.8941, 1.7325 0.1696 0.83, 1.7321 0.1696 0.83, 1.7321 0.1898 0.83, 1.7325 0.2559 0.8479, 1.7325 0.2527 0.844, 1.7325 0.2586 0.839, 1.7325 0.252 0.8433, 1.7325 0.2519 0.8342, 1.7325 0.2478 0.8404, 1.7325 0.2446 0.8314, 1.7325 0.2425 0.8384, 1.7325 0.2337 0.83, 1.7325 0.2337 0.8374, 1.7325 0.2161 0.83, 1.7325 0.2244 0.8374, 1.7325 0.2161 0.8941, 1.7325 0.2244 0.8867, 1.7325 0.2344 0.8941, 1.7325 0.2341 0.8867, 1.7325 0.2442 0.893, 1.7325 0.2427 0.8857, 1.7325 0.2519 0.8902, 1.7325 0.2482 0.8836, 1.7325 0.2586 0.8856, 1.7325 0.2525 0.8807, 1.7325 0.2609 0.8834, 1.7325 0.2544 0.8789, 1.7325 0.2648 0.8778, 1.7325 0.2568 0.8753, 1.7325 0.2672 0.8717, 1.7325 0.2586 0.8706, 1.7325 0.2683 0.8629, 1.7325 0.2596 0.8627, 1.7325 0.2681 0.8588, 1.7325 0.2593 0.8585, 1.7325 0.2665 0.8513, 1.7325 0.2581 0.8526, 1.7325 0.2634 0.8447, 1.7321 0.2337 0.83, 1.7321 0.2161 0.83, 1.7321 0.2446 0.8314, 1.7321 0.2519 0.8342, 1.7321 0.2586 0.839, 1.7321 0.2634 0.8447, 1.7321 0.2665 0.8513, 1.7321 0.2681 0.8588, 1.7321 0.2683 0.8629, 1.7321 0.2672 0.8717, 1.7321 0.2648 0.8778, 1.7321 0.2609 0.8834, 1.7321 0.2586 0.8856, 1.7321 0.2519 0.8902, 1.7321 0.2442 0.893, 1.7321 0.2344 0.8941, 1.7321 0.2161 0.8941, 1.7321 0.2341 0.8867, 1.7321 0.2244 0.8867, 1.7321 0.2244 0.8374, 1.7321 0.2337 0.8374, 1.7321 0.2527 0.844, 1.7321 0.252 0.8433, 1.7321 0.2478 0.8404, 1.7321 0.2425 0.8384, 1.7321 0.2596 0.8627, 1.7321 0.2593 0.8585, 1.7321 0.2581 0.8526, 1.7321 0.2559 0.8479, 1.7321 0.2525 0.8807, 1.7321 0.2544 0.8789, 1.7321 0.2568 0.8753, 1.7321 0.2586 0.8706, 1.7321 0.2427 0.8857, 1.7321 0.2482 0.8836
            ]
        }
        coordIndex [
            0,1,2,-1,3,4,2,-1,2,4,5,-1,2,5,0,-1,3,6,4,-1,4,6,7,-1,4,7,8,-1,9,8,10,-1,10,8,7,-1,11,9,12,-1,12,9,10,-1,13,14,15,-1,15,14,11,-1,15,11,16,-1,16,11,12,-1,14,13,17,-1,17,13,18,-1,18,19,17,-1,17,19,20,-1,17,20,21,-1,21,20,22,-1,21,22,23,-1,23,22,24,-1,23,24,25,-1,25,24,26,-1,25,26,27,-1,27,26,28,-1,27,28,29,-1,29,28,30,-1,29,30,31,-1,31,30,32,-1,31,32,33,-1,33,32,34,-1,33,34,35,-1,35,34,36,-1,35,36,37,-1,37,36,38,-1,37,38,39,-1,39,38,40,-1,39,40,41,-1,41,40,42,-1,41,42,43,-1,43,42,44,-1,43,44,45,-1,45,44,46,-1,45,46,47,-1,47,46,48,-1,47,48,49,-1,49,48,50,-1,49,50,51,-1,51,50,52,-1,51,52,53,-1,53,52,54,-1,53,54,55,-1,55,54,56,-1,55,56,57,-1,57,56,58,-1,57,58,59,-1,59,58,60,-1,59,60,61,-1,61,60,62,-1,61,62,63,-1,63,62,64,-1,63,64,65,-1,65,64,66,-1,65,66,67,-1,67,66,68,-1,67,68,69,-1,69,68,70,-1,69,70,71,-1,71,70,72,-1,71,72,73,-1,73,72,74,-1,73,74,75,-1,76,75,77,-1,77,75,74,-1,76,77,78,-1,76,78,79,-1,79,78,80,-1,79,80,81,-1,81,80,82,-1,81,82,83,-1,83,82,84,-1,83,84,85,-1,85,84,86,-1,85,86,87,-1,87,86,88,-1,88,86,89,-1,89,90,88,-1,88,90,91,-1,88,91,92,-1,92,91,93,-1,92,93,94,-1,94,93,95,-1,94,95,96,-1,96,95,97,-1,96,97,98,-1,98,97,99,-1,98,99,100,-1,100,99,101,-1,100,101,102,-1,103,104,105,-1,102,101,106,-1,102,106,107,-1,107,106,108,-1,107,108,105,-1,105,108,109,-1,105,109,103,-1,104,103,110,-1,104,110,111,-1,111,110,112,-1,111,112,113,-1,113,112,114,-1,113,114,115,-1,115,114,116,-1,115,116,117,-1,117,116,118,-1,117,118,119,-1,119,118,120,-1,119,120,121,-1,121,120,122,-1,121,122,123,-1,123,122,124,-1,123,124,125,-1,125,124,126,-1,125,126,127,-1,127,126,128,-1,127,128,129,-1,129,128,130,-1,129,130,131,-1,131,130,132,-1,131,132,133,-1,133,132,134,-1,133,134,135,-1,135,134,1,-1,135,1,0,-1,61,63,85,-1,85,63,83,-1,45,104,43,-1,43,104,111,-1,43,111,41,-1,14,0,11,-1,11,0,5,-1,11,5,9,-1,9,5,4,-1,9,4,8,-1,63,65,83,-1,83,65,67,-1,83,67,81,-1,81,67,69,-1,81,69,79,-1,79,69,71,-1,79,71,76,-1,76,71,73,-1,76,73,75,-1,41,111,39,-1,39,111,113,-1,39,113,37,-1,37,113,115,-1,37,115,35,-1,35,115,117,-1,35,117,33,-1,33,117,119,-1,33,119,31,-1,31,119,121,-1,31,121,29,-1,29,121,123,-1,29,123,27,-1,27,123,125,-1,27,125,25,-1,25,125,127,-1,25,127,23,-1,23,127,129,-1,23,129,21,-1,21,129,131,-1,21,131,17,-1,17,131,133,-1,17,133,14,-1,14,133,135,-1,14,135,0,-1,85,87,61,-1,61,87,88,-1,61,88,59,-1,59,88,92,-1,59,92,57,-1,57,92,94,-1,57,94,55,-1,55,94,96,-1,55,96,53,-1,53,96,98,-1,53,98,51,-1,51,98,100,-1,51,100,49,-1,49,100,102,-1,49,102,47,-1,47,102,107,-1,47,107,45,-1,45,107,105,-1,45,105,104,-1,136,137,138,-1,138,137,139,-1,140,136,141,-1,141,136,138,-1,140,141,142,-1,140,142,143,-1,143,142,144,-1,143,144,145,-1,146,145,147,-1,147,145,144,-1,148,146,149,-1,149,146,147,-1,150,151,152,-1,152,151,148,-1,152,148,149,-1,153,151,154,-1,154,151,150,-1,155,156,157,-1,157,156,153,-1,157,153,154,-1,158,159,160,-1,160,159,156,-1,160,156,155,-1,159,158,161,-1,159,161,162,-1,162,161,163,-1,162,163,164,-1,164,163,165,-1,164,165,166,-1,166,165,167,-1,166,167,168,-1,168,167,169,-1,168,169,170,-1,170,169,171,-1,170,171,172,-1,172,171,173,-1,172,173,174,-1,175,174,176,-1,176,174,173,-1,175,176,177,-1,175,177,178,-1,178,177,179,-1,178,179,180,-1,180,179,181,-1,182,183,181,-1,181,183,184,-1,181,184,180,-1,182,185,183,-1,183,185,186,-1,183,186,187,-1,187,186,188,-1,187,188,189,-1,189,188,190,-1,189,190,191,-1,191,190,192,-1,191,192,193,-1,139,137,194,-1,194,137,193,-1,194,193,192,-1,143,145,193,-1,137,136,193,-1,193,136,140,-1,193,140,143,-1,151,153,148,-1,148,153,156,-1,148,156,146,-1,174,175,172,-1,172,175,178,-1,172,178,170,-1,170,178,180,-1,170,180,168,-1,168,180,184,-1,168,184,166,-1,166,184,183,-1,166,183,164,-1,145,146,193,-1,193,146,156,-1,193,156,191,-1,156,159,191,-1,191,159,162,-1,191,162,189,-1,189,162,164,-1,189,164,187,-1,187,164,183,-1,195,196,197,-1,197,196,198,-1,199,200,201,-1,201,200,195,-1,201,195,197,-1,202,200,203,-1,203,200,199,-1,204,205,206,-1,206,205,202,-1,206,202,203,-1,207,205,208,-1,208,205,204,-1,209,210,211,-1,211,210,207,-1,211,207,208,-1,212,210,213,-1,213,210,209,-1,214,215,216,-1,216,215,212,-1,216,212,213,-1,217,215,218,-1,218,215,214,-1,219,220,221,-1,221,220,217,-1,221,217,218,-1,222,220,223,-1,223,220,219,-1,198,196,224,-1,224,196,222,-1,224,222,223,-1,205,207,202,-1,202,207,210,-1,196,195,222,-1,222,195,200,-1,215,217,212,-1,212,217,220,-1,212,220,210,-1,210,220,222,-1,210,222,202,-1,202,222,200,-1,225,226,227,-1,227,226,228,-1,227,228,229,-1,229,228,230,-1,229,230,231,-1,231,230,232,-1,231,232,233,-1,233,232,234,-1,233,234,235,-1,235,234,236,-1,235,236,237,-1,237,236,238,-1,237,238,239,-1,239,238,240,-1,239,240,241,-1,241,240,242,-1,241,242,243,-1,243,242,244,-1,243,244,245,-1,245,244,246,-1,245,246,247,-1,247,246,248,-1,247,248,249,-1,249,248,250,-1,249,250,251,-1,251,250,252,-1,251,252,253,-1,253,252,254,-1,253,254,255,-1,255,254,256,-1,255,256,257,-1,257,256,258,-1,257,258,259,-1,259,258,225,-1,259,225,227,-1,233,235,260,-1,260,235,261,-1,233,260,262,-1,233,262,231,-1,231,262,263,-1,231,263,229,-1,229,263,264,-1,229,264,227,-1,227,264,265,-1,227,265,259,-1,259,265,266,-1,259,266,257,-1,257,266,267,-1,257,267,255,-1,255,267,268,-1,255,268,253,-1,253,268,269,-1,253,269,251,-1,251,269,270,-1,251,270,249,-1,249,270,271,-1,249,271,247,-1,247,271,272,-1,247,272,245,-1,245,272,273,-1,245,273,243,-1,243,273,274,-1,243,274,241,-1,241,274,275,-1,241,275,239,-1,237,239,276,-1,276,239,275,-1,235,237,261,-1,261,237,276,-1,240,238,277,-1,277,238,278,-1,238,236,278,-1,278,236,279,-1,236,234,279,-1,279,234,280,-1,226,281,282,-1,226,282,228,-1,228,282,283,-1,228,283,230,-1,230,283,284,-1,230,284,232,-1,232,284,280,-1,232,280,234,-1,254,285,286,-1,254,286,256,-1,256,286,287,-1,256,287,258,-1,258,287,288,-1,258,288,225,-1,225,288,281,-1,225,281,226,-1,246,289,290,-1,246,290,248,-1,248,290,291,-1,248,291,250,-1,250,291,292,-1,250,292,252,-1,252,292,285,-1,252,285,254,-1,240,277,293,-1,240,293,242,-1,242,293,294,-1,242,294,244,-1,244,294,289,-1,244,289,246,-1,
        ]
    }
}
Shape{
    appearance Appearance {
        material  Material 	{
            diffuseColor 0.8509803921568627 0.8509803921568627 0.8509803921568627
            specularColor 0.4235294117647059 0.4235294117647059 0.4235294117647059
            ambientIntensity 0.851
            transparency 0.0
            shininess 0.5
        }
    }
    geometry IndexedFaceSet {
        ccw TRUE
        solid FALSE
        coord DEF co Coordinate {
            point [
                1.7321 0.2244 0.8867, 1.7321 0.2244 0.8374, 1.7321 0.2341 0.8867, 1.7321 0.2337 0.8374, 1.7321 0.2425 0.8384, 1.7321 0.2478 0.8404, 1.7321 0.252 0.8433, 1.7321 0.2527 0.844, 1.7321 0.2559 0.8479, 1.7321 0.2581 0.8526, 1.7321 0.2596 0.8627, 1.7321 0.2525 0.8807, 1.7321 0.2482 0.8836, 1.7321 0.2586 0.8706, 1.7321 0.2568 0.8753, 1.7321 0.2544 0.8789, 1.7321 0.2593 0.8585, 1.7321 0.2427 0.8857
            ]
        }
        coordIndex [
            0,1,2,-1,2,1,3,-1,3,4,2,-1,2,4,5,-1,2,5,6,-1,6,7,2,-1,2,7,8,-1,2,8,9,-1,10,11,12,-1,13,14,10,-1,10,14,15,-1,10,15,11,-1,9,16,2,-1,2,16,10,-1,2,10,17,-1,17,10,12,-1,
        ]
    }
}
Shape{
    appearance Appearance {
        material  Material 	{
            diffuseColor 0.0 0.0 0.0
            specularColor 0.0 0.0 0.0
            ambientIntensity 0.0
            transparency 0.0
            shininess 0.5
        }
    }
    geometry IndexedFaceSet {
        ccw TRUE
        solid FALSE
        coord DEF co Coordinate {
            point [
                1.7325 0.2897 0.8548, 1.7325 0.2871 0.8476, 1.7325 0.3112 0.8548, 1.7325 0.3138 0.8476, 1.7325 0.2993 0.8814, 1.7325 0.2962 0.8941, 1.7325 0.2718 0.83, 1.7325 0.281 0.83, 1.7325 0.2999 0.8833, 1.7325 0.3004 0.8859, 1.7325 0.3051 0.8941, 1.7325 0.3006 0.8859, 1.7325 0.3011 0.8832, 1.7325 0.3016 0.8814, 1.7325 0.3295 0.83, 1.7325 0.3203 0.83, 1.7321 0.3051 0.8941, 1.7321 0.3295 0.83, 1.7321 0.2962 0.8941, 1.7321 0.2718 0.83, 1.7321 0.281 0.83, 1.7321 0.2871 0.8476, 1.7321 0.3138 0.8476, 1.7321 0.3203 0.83, 1.7321 0.2897 0.8548, 1.7321 0.3112 0.8548, 1.7321 0.3016 0.8814, 1.7321 0.3006 0.8859, 1.7321 0.3011 0.8832, 1.7321 0.3004 0.8859, 1.7321 0.2993 0.8814, 1.7321 0.2999 0.8833
            ]
        }
        coordIndex [
            0,1,2,-1,2,1,3,-1,4,5,0,-1,0,5,6,-1,0,6,1,-1,1,6,7,-1,4,8,5,-1,5,8,9,-1,5,9,10,-1,10,9,11,-1,10,11,12,-1,12,13,10,-1,10,13,2,-1,10,2,14,-1,14,2,3,-1,14,3,15,-1,10,14,16,-1,16,14,17,-1,5,10,18,-1,18,10,16,-1,6,5,19,-1,19,5,18,-1,7,6,20,-1,20,6,19,-1,1,7,21,-1,21,7,20,-1,3,1,22,-1,22,1,21,-1,15,3,23,-1,23,3,22,-1,14,15,17,-1,17,15,23,-1,0,2,24,-1,24,2,25,-1,2,13,25,-1,25,13,26,-1,11,27,28,-1,11,28,12,-1,12,28,26,-1,12,26,13,-1,11,9,27,-1,27,9,29,-1,4,30,31,-1,4,31,8,-1,8,31,29,-1,8,29,9,-1,4,0,30,-1,30,0,24,-1,
        ]
    }
}
Shape{
    appearance Appearance {
        material  Material 	{
            diffuseColor 0.8509803921568627 0.8509803921568627 0.8509803921568627
            specularColor 0.4235294117647059 0.4235294117647059 0.4235294117647059
            ambientIntensity 0.851
            transparency 0.0
            shininess 0.5
        }
    }
    geometry IndexedFaceSet {
        ccw TRUE
        solid FALSE
        coord DEF co Coordinate {
            point [
                1.7321 0.3006 0.8859, 1.7321 0.3004 0.8859, 1.7321 0.3011 0.8832, 1.7321 0.2999 0.8833, 1.7321 0.3016 0.8814, 1.7321 0.2993 0.8814, 1.7321 0.3112 0.8548, 1.7321 0.2897 0.8548
            ]
        }
        coordIndex [
            0,1,2,-1,2,1,3,-1,2,3,4,-1,4,3,5,-1,4,5,6,-1,6,5,7,-1,
        ]
    }
}
Shape{
    appearance Appearance {
        material  Material 	{
            diffuseColor 0.0 0.0 0.0
            specularColor 0.0 0.0 0.0
            ambientIntensity 0.0
            transparency 0.0
            shininess 0.5
        }
    }
    geometry IndexedFaceSet {
        ccw TRUE
        solid FALSE
        coord DEF co Coordinate {
            point [
                1.7325 -0.3028 0.9404, 1.7325 -0.2926 0.9458, 1.7325 -0.295 0.9738, 1.7325 -0.2148 0.8192, 1.7325 -0.2094 0.8293, 1.7325 -0.2067 0.8406, 1.7325 -0.2666 0.9751, 1.7325 -0.2525 0.9419, 1.7325 -0.2455 0.9563, 1.7325 -0.2694 0.8393, 1.7325 -0.2702 0.8435, 1.7325 -0.2948 0.8613, 1.7325 -0.2953 0.8307, 1.7325 -0.301 0.8325, 1.7325 -0.3048 0.8674, 1.7325 -0.2771 0.976, 1.7325 -0.1427 0.8836, 1.7325 -0.1568 0.9077, 1.7325 -0.2065 0.8499, 1.7325 -0.2179 0.8758, 1.7325 -0.2065 0.8453, 1.7325 -0.2308 0.805, 1.7325 -0.2218 0.8113, 1.7325 -0.2361 0.8516, 1.7325 -0.2349 0.8475, 1.7325 -0.2348 0.843, 1.7325 -0.2358 0.8387, 1.7325 -0.2379 0.8347, 1.7325 -0.2676 0.8355, 1.7325 -0.284 0.8126, 1.7325 -0.2907 0.821, 1.7325 -0.1277 0.9287, 1.7325 -0.1241 0.9287, 1.7325 -0.1054 0.9532, 1.7325 -0.1154 0.9276, 1.7325 -0.1031 0.9525, 1.7325 -0.1074 0.9245, 1.7325 -0.0896 0.9458, 1.7325 -0.0772 0.9353, 1.7325 -0.2573 0.986, 1.7325 -0.2353 0.9685, 1.7325 -0.2466 0.9951, 1.7325 -0.2231 0.9774, 1.7325 -0.2342 1.0027, 1.7325 -0.2814 0.9484, 1.7325 -0.2766 0.9487, 1.7325 -0.2718 0.9757, 1.7325 -0.2659 0.9474, 1.7325 -0.2557 0.9436, 1.7325 -0.2406 0.8317, 1.7325 -0.244 0.8292, 1.7325 -0.241 0.8011, 1.7325 -0.248 0.8277, 1.7325 -0.252 0.7998, 1.7325 -0.2525 0.8271, 1.7325 -0.2538 0.7998, 1.7325 -0.2533 0.8271, 1.7325 -0.2645 0.8015, 1.7325 -0.2574 0.8278, 1.7325 -0.275 0.8059, 1.7325 -0.2615 0.8295, 1.7325 -0.265 0.8322, 1.7325 -0.0771 0.8503, 1.7325 -0.0984 0.8684, 1.7325 -0.0895 0.8398, 1.7325 -0.1051 0.8629, 1.7325 -0.1034 0.833, 1.7325 -0.1131 0.8592, 1.7325 -0.1186 0.8298, 1.7325 -0.1213 0.8576, 1.7325 -0.1455 0.8298, 1.7325 -0.1418 0.8576, 1.7325 -0.148 0.8302, 1.7325 -0.1004 0.9196, 1.7325 -0.0951 0.9137, 1.7325 -0.0679 0.9224, 1.7325 -0.0909 0.9059, 1.7325 -0.0624 0.9085, 1.7325 -0.0888 0.8971, 1.7325 -0.0603 0.8936, 1.7325 -0.0885 0.8931, 1.7325 -0.0624 0.8773, 1.7325 -0.0896 0.8843, 1.7325 -0.0681 0.8629, 1.7325 -0.0928 0.8761, 1.7325 -0.0978 0.869, 1.7325 -0.13 0.9892, 1.7325 -0.1478 0.9683, 1.7325 -0.1146 0.9713, 1.7325 -0.1375 0.956, 1.7325 -0.1305 0.9414, 1.7325 -0.3208 0.9142, 1.7325 -0.3507 0.9066, 1.7325 -0.3222 0.9032, 1.7325 -0.3509 0.9022, 1.7325 -0.3216 0.8961, 1.7325 -0.3487 0.8844, 1.7325 -0.3184 0.885, 1.7325 -0.3421 0.8675, 1.7325 -0.3129 0.8758, 1.7325 -0.3317 0.8526, 1.7325 -0.3175 0.8405, 1.7325 -0.27 0.848, 1.7325 -0.2686 0.8523, 1.7325 -0.2898 0.871, 1.7325 -0.2663 0.856, 1.7325 -0.2823 0.8796, 1.7325 -0.2645 0.8579, 1.7325 -0.273 0.8861, 1.7325 -0.2609 0.8605, 1.7325 -0.2629 0.89, 1.7325 -0.2569 0.862, 1.7325 -0.252 0.8913, 1.7325 -0.2525 0.8626, 1.7325 -0.2465 0.891, 1.7325 -0.2492 0.8623, 1.7325 -0.2355 0.8883, 1.7325 -0.2449 0.8609, 1.7325 -0.2258 0.8831, 1.7325 -0.2412 0.8585, 1.7325 -0.2381 0.8553, 1.7325 -0.2132 1.0104, 1.7325 -0.2082 0.9834, 1.7325 -0.1919 1.0129, 1.7325 -0.1915 0.9856, 1.7325 -0.1711 1.0105, 1.7325 -0.176 0.9837, 1.7325 -0.1484 1.0019, 1.7325 -0.1617 0.9782, 1.7325 -0.1489 0.9693, 1.7325 -0.3119 0.9673, 1.7325 -0.3264 0.9571, 1.7325 -0.3106 0.9334, 1.7325 -0.3295 0.9542, 1.7325 -0.3169 0.9243, 1.7325 -0.3404 0.9401, 1.7325 -0.3477 0.9237, 1.7325 -0.1441 0.858, 1.7325 -0.1551 0.8346, 1.7325 -0.154 0.8335, 1.7325 -0.1427 0.8577, 1.7325 -0.151 0.8314, 1.7325 -0.1587 0.8439, 1.7325 -0.1582 0.8406, 1.7325 -0.157 0.8375, 1.7325 -0.1481 0.8576, 1.7325 -0.1512 0.8564, 1.7325 -0.1586 0.8457, 1.7325 -0.154 0.8544, 1.7325 -0.1559 0.8523, 1.7325 -0.1576 0.8492, 1.7325 -0.1445 0.8581, 1.7321 -0.0603 0.8936, 1.7321 -0.0624 0.9085, 1.7321 -0.0742 0.9311, 1.7321 -0.0639 0.9123, 1.7321 -0.0679 0.9224, 1.7321 -0.0772 0.9353, 1.7321 -0.0896 0.9458, 1.7321 -0.1031 0.9525, 1.7321 -0.1054 0.9532, 1.7321 -0.1146 0.9713, 1.7321 -0.13 0.9892, 1.7321 -0.1402 0.9963, 1.7321 -0.1484 1.0019, 1.7321 -0.1711 1.0105, 1.7321 -0.1919 1.0129, 1.7321 -0.2466 0.9951, 1.7321 -0.2447 0.9963, 1.7321 -0.2342 1.0027, 1.7321 -0.2132 1.0104, 1.7321 -0.2573 0.986, 1.7321 -0.2666 0.9751, 1.7321 -0.2718 0.9757, 1.7321 -0.2771 0.976, 1.7321 -0.295 0.9738, 1.7321 -0.3119 0.9673, 1.7321 -0.3264 0.9571, 1.7321 -0.3295 0.9542, 1.7321 -0.3509 0.9022, 1.7321 -0.3404 0.9401, 1.7321 -0.3444 0.9311, 1.7321 -0.3477 0.9237, 1.7321 -0.3497 0.9123, 1.7321 -0.3507 0.9066, 1.7321 -0.3487 0.8844, 1.7321 -0.3421 0.8675, 1.7321 -0.3317 0.8526, 1.7321 -0.3175 0.8405, 1.7321 -0.301 0.8325, 1.7321 -0.2953 0.8307, 1.7321 -0.2947 0.8295, 1.7321 -0.2907 0.821, 1.7321 -0.284 0.8126, 1.7321 -0.275 0.8059, 1.7321 -0.2709 0.8041, 1.7321 -0.2645 0.8015, 1.7321 -0.2538 0.7998, 1.7321 -0.252 0.7998, 1.7321 -0.2065 0.8453, 1.7321 -0.241 0.8011, 1.7321 -0.2332 0.8041, 1.7321 -0.2308 0.805, 1.7321 -0.2218 0.8113, 1.7321 -0.2148 0.8192, 1.7321 -0.2094 0.8293, 1.7321 -0.2094 0.8295, 1.7321 -0.2067 0.8406, 1.7321 -0.2065 0.8499, 1.7321 -0.1427 0.8836, 1.7321 -0.1568 0.9077, 1.7321 -0.2179 0.8758, 1.7321 -0.2258 0.8831, 1.7321 -0.2355 0.8883, 1.7321 -0.2465 0.891, 1.7321 -0.252 0.8913, 1.7321 -0.2629 0.89, 1.7321 -0.273 0.8861, 1.7321 -0.2823 0.8796, 1.7321 -0.2898 0.871, 1.7321 -0.2948 0.8613, 1.7321 -0.3048 0.8674, 1.7321 -0.3129 0.8758, 1.7321 -0.3184 0.885, 1.7321 -0.3216 0.8961, 1.7321 -0.3222 0.9032, 1.7321 -0.321 0.9123, 1.7321 -0.3208 0.9142, 1.7321 -0.3169 0.9243, 1.7321 -0.3122 0.9311, 1.7321 -0.3106 0.9334, 1.7321 -0.3028 0.9404, 1.7321 -0.2926 0.9458, 1.7321 -0.2814 0.9484, 1.7321 -0.2766 0.9487, 1.7321 -0.2659 0.9474, 1.7321 -0.2557 0.9436, 1.7321 -0.2525 0.9419, 1.7321 -0.2455 0.9563, 1.7321 -0.2353 0.9685, 1.7321 -0.2231 0.9774, 1.7321 -0.2082 0.9834, 1.7321 -0.1915 0.9856, 1.7321 -0.1277 0.9287, 1.7321 -0.1282 0.9311, 1.7321 -0.1305 0.9414, 1.7321 -0.1375 0.956, 1.7321 -0.1478 0.9683, 1.7321 -0.1489 0.9693, 1.7321 -0.1617 0.9782, 1.7321 -0.176 0.9837, 1.7321 -0.1241 0.9287, 1.7321 -0.1154 0.9276, 1.7321 -0.1074 0.9245, 1.7321 -0.1004 0.9196, 1.7321 -0.0951 0.9137, 1.7321 -0.0944 0.9123, 1.7321 -0.0909 0.9059, 1.7321 -0.0888 0.8971, 1.7321 -0.0885 0.8931, 1.7321 -0.0896 0.8843, 1.7321 -0.0928 0.8761, 1.7321 -0.0978 0.869, 1.7321 -0.0984 0.8684, 1.7321 -0.1051 0.8629, 1.7321 -0.1131 0.8592, 1.7321 -0.1213 0.8576, 1.7321 -0.1418 0.8576, 1.7321 -0.1427 0.8577, 1.7321 -0.1441 0.858, 1.7321 -0.1445 0.8581, 1.7321 -0.1481 0.8576, 1.7321 -0.1512 0.8564, 1.7321 -0.154 0.8544, 1.7321 -0.1559 0.8523, 1.7321 -0.1576 0.8492, 1.7321 -0.1586 0.8457, 1.7321 -0.1587 0.8439, 1.7321 -0.1582 0.8406, 1.7321 -0.157 0.8375, 1.7321 -0.1551 0.8346, 1.7321 -0.154 0.8335, 1.7321 -0.151 0.8314, 1.7321 -0.148 0.8302, 1.7321 -0.1455 0.8298, 1.7321 -0.1186 0.8298, 1.7321 -0.1034 0.833, 1.7321 -0.0895 0.8398, 1.7321 -0.0771 0.8503, 1.7321 -0.0681 0.8629, 1.7321 -0.0624 0.8773, 1.7321 -0.2525 0.8626, 1.7321 -0.2492 0.8623, 1.7321 -0.2449 0.8609, 1.7321 -0.2412 0.8585, 1.7321 -0.2381 0.8553, 1.7321 -0.2361 0.8516, 1.7321 -0.2349 0.8475, 1.7321 -0.2348 0.843, 1.7321 -0.2358 0.8387, 1.7321 -0.2379 0.8347, 1.7321 -0.2406 0.8317, 1.7321 -0.244 0.8292, 1.7321 -0.248 0.8277, 1.7321 -0.2525 0.8271, 1.7321 -0.2533 0.8271, 1.7321 -0.2574 0.8278, 1.7321 -0.2615 0.8295, 1.7321 -0.265 0.8322, 1.7321 -0.2676 0.8355, 1.7321 -0.2694 0.8393, 1.7321 -0.2702 0.8435, 1.7321 -0.27 0.848, 1.7321 -0.2686 0.8523, 1.7321 -0.2663 0.856, 1.7321 -0.2645 0.8579, 1.7321 -0.2609 0.8605, 1.7321 -0.2569 0.862
            ]
        }
        coordIndex [
            0,1,2,-1,3,4,5,-1,6,7,8,-1,9,10,11,-1,12,11,13,-1,13,11,14,-1,2,1,15,-1,16,17,18,-1,18,17,19,-1,18,19,20,-1,20,19,21,-1,20,21,5,-1,5,21,22,-1,5,22,3,-1,23,24,19,-1,19,24,25,-1,19,25,21,-1,21,25,26,-1,21,26,27,-1,28,9,29,-1,29,9,11,-1,29,11,30,-1,30,11,12,-1,31,32,33,-1,33,32,34,-1,33,34,35,-1,35,34,36,-1,35,36,37,-1,37,36,38,-1,6,8,39,-1,39,8,40,-1,39,40,41,-1,41,40,42,-1,41,42,43,-1,1,44,15,-1,15,44,45,-1,15,45,46,-1,46,45,47,-1,46,47,6,-1,6,47,48,-1,6,48,7,-1,27,49,21,-1,21,49,50,-1,21,50,51,-1,51,50,52,-1,51,52,53,-1,53,52,54,-1,53,54,55,-1,55,54,56,-1,55,56,57,-1,57,56,58,-1,57,58,59,-1,59,58,60,-1,59,60,29,-1,29,60,61,-1,29,61,28,-1,62,63,64,-1,64,63,65,-1,64,65,66,-1,66,65,67,-1,66,67,68,-1,68,67,69,-1,68,69,70,-1,70,69,71,-1,70,71,72,-1,36,73,38,-1,38,73,74,-1,38,74,75,-1,75,74,76,-1,75,76,77,-1,77,76,78,-1,77,78,79,-1,79,78,80,-1,79,80,81,-1,81,80,82,-1,81,82,83,-1,83,82,84,-1,83,84,62,-1,62,84,85,-1,62,85,63,-1,86,87,88,-1,88,87,89,-1,88,89,33,-1,33,89,90,-1,33,90,31,-1,91,92,93,-1,93,92,94,-1,93,94,95,-1,95,94,96,-1,95,96,97,-1,97,96,98,-1,97,98,99,-1,99,98,100,-1,99,100,14,-1,14,100,101,-1,14,101,13,-1,10,102,11,-1,11,102,103,-1,11,103,104,-1,104,103,105,-1,104,105,106,-1,106,105,107,-1,106,107,108,-1,108,107,109,-1,108,109,110,-1,110,109,111,-1,110,111,112,-1,112,111,113,-1,112,113,114,-1,114,113,115,-1,114,115,116,-1,116,115,117,-1,116,117,118,-1,118,117,119,-1,118,119,19,-1,19,119,120,-1,19,120,23,-1,43,42,121,-1,121,42,122,-1,121,122,123,-1,123,122,124,-1,123,124,125,-1,125,124,126,-1,125,126,127,-1,127,126,128,-1,127,128,86,-1,86,128,129,-1,86,129,87,-1,2,130,0,-1,0,130,131,-1,0,131,132,-1,132,131,133,-1,132,133,134,-1,134,133,135,-1,134,135,91,-1,91,135,136,-1,91,136,92,-1,137,138,139,-1,71,140,72,-1,72,140,137,-1,72,137,141,-1,141,137,139,-1,142,143,137,-1,137,143,144,-1,137,144,138,-1,145,146,147,-1,146,148,147,-1,147,148,149,-1,147,149,150,-1,142,137,147,-1,147,137,151,-1,147,151,145,-1,79,152,153,-1,154,38,75,-1,79,153,77,-1,77,153,155,-1,77,155,75,-1,75,155,156,-1,75,156,154,-1,154,157,38,-1,38,157,158,-1,38,158,37,-1,37,158,159,-1,37,159,35,-1,35,159,160,-1,35,160,33,-1,33,160,161,-1,33,161,88,-1,88,161,162,-1,88,162,86,-1,127,86,163,-1,163,86,162,-1,163,164,127,-1,127,164,165,-1,127,165,125,-1,125,165,166,-1,125,166,123,-1,167,41,168,-1,168,41,43,-1,168,43,169,-1,169,43,121,-1,169,121,170,-1,170,121,123,-1,170,123,166,-1,41,167,171,-1,41,171,39,-1,39,171,172,-1,39,172,6,-1,6,172,173,-1,6,173,46,-1,46,173,174,-1,46,174,15,-1,15,174,175,-1,15,175,2,-1,2,175,176,-1,2,176,130,-1,130,176,177,-1,130,177,131,-1,131,177,178,-1,131,178,133,-1,179,94,92,-1,133,178,180,-1,133,180,135,-1,135,180,181,-1,135,181,136,-1,181,182,136,-1,136,182,183,-1,136,183,92,-1,92,183,184,-1,92,184,179,-1,94,179,185,-1,94,185,96,-1,96,185,186,-1,96,186,98,-1,98,186,187,-1,98,187,100,-1,100,187,188,-1,100,188,101,-1,101,188,189,-1,101,189,13,-1,13,189,190,-1,13,190,12,-1,12,190,191,-1,12,191,30,-1,191,192,30,-1,30,192,193,-1,30,193,29,-1,29,193,194,-1,29,194,59,-1,59,194,195,-1,59,195,57,-1,195,196,57,-1,57,196,197,-1,57,197,55,-1,55,197,198,-1,55,198,53,-1,199,20,5,-1,53,198,200,-1,53,200,51,-1,51,200,201,-1,51,201,21,-1,201,202,21,-1,21,202,203,-1,21,203,22,-1,22,203,204,-1,22,204,3,-1,3,204,205,-1,3,205,4,-1,4,205,206,-1,4,206,5,-1,5,206,207,-1,5,207,199,-1,18,20,208,-1,208,20,199,-1,16,18,209,-1,209,18,208,-1,17,16,210,-1,210,16,209,-1,19,17,211,-1,211,17,210,-1,19,211,212,-1,19,212,118,-1,118,212,213,-1,118,213,116,-1,116,213,214,-1,116,214,114,-1,114,214,215,-1,114,215,112,-1,112,215,216,-1,112,216,110,-1,110,216,217,-1,110,217,108,-1,108,217,218,-1,108,218,106,-1,106,218,219,-1,106,219,104,-1,104,219,220,-1,104,220,11,-1,11,220,221,-1,11,221,14,-1,14,221,222,-1,14,222,99,-1,99,222,223,-1,99,223,97,-1,97,223,224,-1,97,224,95,-1,95,224,225,-1,95,225,93,-1,91,93,226,-1,226,93,225,-1,226,227,91,-1,91,227,228,-1,91,228,134,-1,134,228,229,-1,134,229,132,-1,229,230,132,-1,132,230,231,-1,132,231,0,-1,0,231,232,-1,0,232,1,-1,1,232,233,-1,1,233,44,-1,44,233,234,-1,44,234,45,-1,45,234,235,-1,45,235,47,-1,47,235,236,-1,47,236,48,-1,48,236,237,-1,48,237,7,-1,7,237,238,-1,7,238,8,-1,8,238,239,-1,8,239,40,-1,40,239,240,-1,40,240,42,-1,42,240,241,-1,42,241,122,-1,122,241,242,-1,122,242,124,-1,243,31,244,-1,244,31,90,-1,244,90,245,-1,245,90,89,-1,245,89,246,-1,246,89,87,-1,246,87,247,-1,247,87,129,-1,247,129,248,-1,248,129,128,-1,248,128,249,-1,249,128,126,-1,249,126,250,-1,250,126,124,-1,250,124,242,-1,32,31,251,-1,251,31,243,-1,32,251,252,-1,32,252,34,-1,34,252,253,-1,34,253,36,-1,36,253,254,-1,36,254,73,-1,73,254,255,-1,73,255,74,-1,74,255,256,-1,74,256,76,-1,256,257,76,-1,76,257,258,-1,76,258,78,-1,78,258,259,-1,78,259,80,-1,80,259,260,-1,80,260,82,-1,82,260,261,-1,82,261,84,-1,84,261,262,-1,84,262,85,-1,85,262,263,-1,85,263,63,-1,63,263,264,-1,63,264,65,-1,65,264,265,-1,65,265,67,-1,67,265,266,-1,67,266,69,-1,71,69,267,-1,267,69,266,-1,71,267,268,-1,71,268,140,-1,140,268,269,-1,140,269,137,-1,137,269,270,-1,137,270,151,-1,151,270,271,-1,151,271,145,-1,145,271,272,-1,145,272,146,-1,146,272,273,-1,146,273,148,-1,148,273,274,-1,148,274,149,-1,149,274,275,-1,149,275,150,-1,150,275,276,-1,150,276,147,-1,147,276,277,-1,147,277,142,-1,142,277,278,-1,142,278,143,-1,143,278,279,-1,143,279,144,-1,144,279,280,-1,144,280,138,-1,138,280,281,-1,138,281,139,-1,139,281,282,-1,139,282,141,-1,141,282,283,-1,141,283,72,-1,72,283,284,-1,72,284,70,-1,68,70,285,-1,285,70,284,-1,68,285,286,-1,68,286,66,-1,66,286,287,-1,66,287,64,-1,64,287,288,-1,64,288,62,-1,62,288,289,-1,62,289,83,-1,83,289,290,-1,83,290,81,-1,81,290,152,-1,81,152,79,-1,113,291,292,-1,113,292,115,-1,115,292,293,-1,115,293,117,-1,117,293,294,-1,117,294,119,-1,119,294,295,-1,119,295,120,-1,120,295,296,-1,120,296,23,-1,23,296,297,-1,23,297,24,-1,24,297,298,-1,24,298,25,-1,25,298,299,-1,25,299,26,-1,26,299,300,-1,26,300,27,-1,27,300,301,-1,27,301,49,-1,49,301,302,-1,49,302,50,-1,50,302,303,-1,50,303,52,-1,52,303,304,-1,52,304,54,-1,54,304,305,-1,54,305,56,-1,56,305,306,-1,56,306,58,-1,58,306,307,-1,58,307,60,-1,60,307,308,-1,60,308,61,-1,61,308,309,-1,61,309,28,-1,28,309,310,-1,28,310,9,-1,9,310,311,-1,9,311,10,-1,10,311,312,-1,10,312,102,-1,102,312,313,-1,102,313,103,-1,103,313,314,-1,103,314,105,-1,105,314,315,-1,105,315,107,-1,107,315,316,-1,107,316,109,-1,109,316,317,-1,109,317,111,-1,111,317,291,-1,111,291,113,-1,
        ]
    }
}
Shape{
    appearance Appearance {
        material  Material 	{
            diffuseColor 0.8509803921568627 0.8509803921568627 0.8509803921568627
            specularColor 0.4235294117647059 0.4235294117647059 0.4235294117647059
            ambientIntensity 0.851
            transparency 0.0
            shininess 0.5
        }
    }
    geometry IndexedFaceSet {
        ccw TRUE
        solid FALSE
        coord DEF co Coordinate {
            point [
                1.7321 -0.2533 0.8271, 1.7321 -0.2645 0.8579, 1.7321 -0.2663 0.856, 1.7321 -0.248 0.8277, 1.7321 -0.244 0.8292, 1.7321 -0.2492 0.8623, 1.7321 -0.2525 0.8626, 1.7321 -0.2569 0.862, 1.7321 -0.2609 0.8605, 1.7321 -0.2694 0.8393, 1.7321 -0.2676 0.8355, 1.7321 -0.265 0.8322, 1.7321 -0.2525 0.8271, 1.7321 -0.2361 0.8516, 1.7321 -0.2381 0.8553, 1.7321 -0.2379 0.8347, 1.7321 -0.2412 0.8585, 1.7321 -0.2686 0.8523, 1.7321 -0.27 0.848, 1.7321 -0.2702 0.8435, 1.7321 -0.2615 0.8295, 1.7321 -0.2574 0.8278, 1.7321 -0.2406 0.8317, 1.7321 -0.2449 0.8609, 1.7321 -0.2358 0.8387, 1.7321 -0.2348 0.843, 1.7321 -0.2349 0.8475
            ]
        }
        coordIndex [
            0,1,2,-1,3,4,5,-1,6,7,0,-1,0,7,8,-1,0,8,1,-1,9,10,2,-1,2,10,11,-1,6,0,5,-1,5,0,12,-1,5,12,3,-1,13,14,15,-1,15,14,16,-1,17,18,2,-1,2,18,19,-1,2,19,9,-1,11,20,2,-1,2,20,21,-1,2,21,0,-1,4,22,5,-1,5,22,15,-1,5,15,23,-1,23,15,16,-1,24,25,15,-1,15,25,26,-1,15,26,13,-1,
        ]
    }
}