#VRML V2.0 utf8
# 3D model generated by easyeda2kicad.py (https://github.com/uPesy/easyeda2kicad.py)

Shape{
    appearance Appearance {
        material  Material 	{
            diffuseColor 0.8509803921568627 0.8509803921568627 0.8509803921568627
            specularColor 0.4235294117647059 0.4235294117647059 0.4235294117647059
            ambientIntensity 0.851
            transparency 0.0
            shininess 0.5
        }
    }
    geometry IndexedFaceSet {
        ccw TRUE
        solid FALSE
        coord DEF co Coordinate {
            point [
                1.6418 -1.1101 0.5433, 1.6418 -1.759 0.5433, 1.6418 -1.1079 0.5457, 1.6418 -1.759 0.7795, 1.6418 -1.0957 0.5551, 1.6418 -1.0814 0.561, 1.6418 0.2789 0.5974, 1.6418 0.2696 0.588, 1.6418 -0.5679 0.5571, 1.6418 0.8 0.7795, 1.6418 -0.5805 0.5615, 1.6418 0.4043 0.549, 1.6418 0.3985 0.5657, 1.6418 0.3891 0.5806, 1.6418 0.3767 0.5931, 1.6418 -1.0333 0.5615, 1.6418 -1.0464 0.563, 1.6418 -1.0661 0.563, 1.6418 0.4449 -0.346, 1.6418 0.4127 -0.2708, 1.6418 0.7936 -0.2708, 1.6418 -0.5937 0.563, 1.6418 -0.6134 0.563, 1.6418 -0.6265 0.5615, 1.6418 -0.639 0.5571, 1.6418 0.8 -0.2397, 1.6418 0.4063 -0.2397, 1.6418 0.4063 0.5315, 1.6418 0.7984 -0.2556, 1.6418 0.4079 -0.2556, 1.6418 0.3617 0.6024, 1.6418 0.3451 0.6083, 1.6418 0.3276 0.6102, 1.6418 0.3158 0.6102, 1.6418 0.3026 0.6088, 1.6418 0.2901 0.6044, 1.6418 0.2567 0.5433, 1.6418 -0.5497 0.5434, 1.6418 0.2567 0.5512, 1.6418 -0.5567 0.55, 1.6418 0.2582 0.5643, 1.6418 0.2626 0.5768, 1.6418 -0.6574 0.5433, 1.6418 -1.0024 0.5433, 1.6418 -0.6502 0.5501, 1.6418 -1.0096 0.5501, 1.6418 -1.0208 0.5571, 1.6418 0.4666 -0.3752, 1.6418 0.5173 -0.3937, 1.6418 0.4819 -0.3853, 1.6418 0.4991 -0.3916, 1.6418 0.454 -0.3619, 1.6418 0.689 -0.3937, 1.6418 0.7614 -0.346, 1.6418 0.7523 -0.3619, 1.6418 0.7397 -0.3752, 1.6418 0.7244 -0.3853, 1.6418 0.7072 -0.3916, -1.6417 -0.981 -0.2708, -1.6417 -0.6788 -0.2708, -1.6417 -0.9858 -0.2556, -1.6417 -0.9874 -0.2397, -1.6417 -0.9897 0.5204, -1.6417 -0.9889 0.5171, -1.6417 -0.6724 0.5204, -1.6417 -0.9874 0.5039, -1.6417 -0.6724 -0.2397, -1.6417 -0.674 -0.2556, -1.6417 -0.8764 -0.3937, -1.6417 -0.9488 -0.346, -1.6417 -0.9397 -0.3619, -1.6417 -0.7652 -0.3916, -1.6417 -0.711 -0.346, -1.6417 -0.7834 -0.3937, -1.6417 -0.748 -0.3853, -1.6417 -0.7327 -0.3752, -1.6417 -0.7202 -0.3619, -1.6417 -0.9271 -0.3752, -1.6417 -0.9118 -0.3853, -1.6417 -0.8946 -0.3916, -1.6415 -1.011 0.5319, -1.6417 -1.011 0.5433, -1.6417 -1.0024 0.5433, -1.6417 -1.011 0.5204, -1.6417 -0.9932 0.5296, -1.6417 -1.0003 0.5408
            ]
        }
        coordIndex [
            0,1,2,-1,2,1,3,-1,2,3,4,-1,4,3,5,-1,6,7,8,-1,3,9,10,-1,10,9,8,-1,11,12,9,-1,9,12,13,-1,9,13,14,-1,15,16,3,-1,3,16,17,-1,3,17,5,-1,18,19,20,-1,10,21,3,-1,3,21,22,-1,3,22,15,-1,15,22,23,-1,15,23,24,-1,25,26,9,-1,9,26,27,-1,9,27,11,-1,25,28,26,-1,26,28,20,-1,26,20,29,-1,29,20,19,-1,14,30,9,-1,9,30,31,-1,9,31,32,-1,32,33,9,-1,9,33,34,-1,9,34,8,-1,8,34,35,-1,8,35,6,-1,36,37,38,-1,38,37,39,-1,38,39,40,-1,40,39,8,-1,40,8,41,-1,41,8,7,-1,42,43,44,-1,44,43,45,-1,44,45,24,-1,24,45,46,-1,24,46,15,-1,47,48,49,-1,49,48,50,-1,47,51,48,-1,48,51,18,-1,48,18,52,-1,18,20,52,-1,52,20,53,-1,52,53,54,-1,54,55,52,-1,52,55,56,-1,52,56,57,-1,58,59,60,-1,60,59,61,-1,62,63,64,-1,64,63,65,-1,64,65,66,-1,66,65,61,-1,66,61,67,-1,67,61,59,-1,68,69,70,-1,71,72,73,-1,73,72,59,-1,73,59,68,-1,68,59,58,-1,68,58,69,-1,71,74,72,-1,72,74,75,-1,72,75,76,-1,70,77,68,-1,68,77,78,-1,68,78,79,-1,80,81,82,-1,62,83,84,-1,84,83,80,-1,84,80,85,-1,85,80,82,-1,
        ]
    }
}
Shape{
    appearance Appearance {
        material  Material 	{
            diffuseColor 0.2235294117647059 0.2235294117647059 0.2235294117647059
            specularColor 0.11372549019607843 0.11372549019607843 0.11372549019607843
            ambientIntensity 0.2235
            transparency 0.0
            shininess 0.5
        }
    }
    geometry IndexedFaceSet {
        ccw TRUE
        solid FALSE
        coord DEF co Coordinate {
            point [
                0.0709 0.6425 0.1614, -0.0136 0.6425 0.1614, -0.0136 0.6425 0.2743, -0.2623 0.6425 0.6271, -0.2626 0.6425 0.627, -0.2626 0.6425 0.6295, 1.2166 0.6425 1.1614, 1.2869 0.6425 1.1554, 1.2869 0.6425 0.6295, 0.9469 0.6425 0.1614, 0.8345 0.6425 0.1614, 0.8345 0.6425 0.2743, -0.1225 0.6425 0.6294, -0.1238 0.6425 0.6295, -0.0958 0.6425 0.6295, -0.0891 0.6425 0.4226, -0.0465 0.6425 0.4229, -0.0465 0.6425 0.4207, 0.2059 0.6425 0.4238, 0.2076 0.6425 0.4207, -0.0136 0.6425 0.4207, 0.0551 0.6425 0.5683, 0.0397 0.6425 0.5551, -0.0136 0.6425 0.6295, -0.0136 0.6425 0.5482, 0.1145 0.6425 0.6295, 0.1052 0.6425 0.6229, 0.0855 0.6425 0.5995, 0.0748 0.6425 0.5778, 0.072 0.6425 0.5768, 0.4836 0.6425 1.1614, 0.8345 0.6425 1.1614, 0.4836 0.6425 0.9252, 0.8345 0.6425 0.6295, 0.2344 0.6425 0.6412, 0.2079 0.6425 0.6504, 0.1271 0.6425 0.6384, -0.0136 0.6425 0.9252, 0.1552 0.6425 0.6496, 0.1824 0.6425 0.6531, 0.253 0.6425 0.6295, 0.2509 0.6425 0.6314, 0.8345 0.6425 0.5482, 0.3755 0.6425 0.5482, 0.3686 0.6425 0.5634, 0.3548 0.6425 0.5809, 0.3116 0.6425 0.6051, 0.2892 0.6425 0.6077, 0.2643 0.6425 0.62, 0.2826 0.6425 0.6073, 0.2761 0.6425 0.6065, 0.351 0.6425 0.5845, 0.3328 0.6425 0.5971, 0.3409 0.6425 0.4387, 0.3586 0.6425 0.4539, 0.8345 0.6425 0.4207, 0.3204 0.6425 0.4285, 0.3715 0.6425 0.4726, 0.3795 0.6425 0.4939, 0.8345 0.6425 0.5253, 0.382 0.6425 0.5162, 0.3818 0.6425 0.5216, 0.3812 0.6425 0.5253, 0.3779 0.6425 0.543, 0.3132 0.6425 0.4263, 0.3106 0.6425 0.4207, 0.3076 0.6425 0.414, 0.8345 0.6425 0.4073, 0.3022 0.6425 0.4073, 0.2329 0.6425 0.3936, 0.2456 0.6425 0.3888, 0.2992 0.6425 0.4035, 0.2881 0.6425 0.3951, 0.2594 0.6425 0.3872, 0.2616 0.6425 0.3873, 0.275 0.6425 0.3895, -0.0136 0.6425 0.4073, 0.2127 0.6425 0.4112, 0.2161 0.6425 0.4073, 0.2215 0.6425 0.4014, 0.0214 0.6425 0.5214, 0.0189 0.6425 0.5028, -0.0136 0.6425 0.5253, 0.1329 0.6425 0.4571, 0.129 0.6425 0.4586, 0.1221 0.6425 0.491, 0.2161 0.6425 0.482, 0.1395 0.6425 0.5213, 0.2259 0.6425 0.4911, 0.238 0.6425 0.4977, 0.1364 0.6425 0.4546, 0.0545 0.6425 0.5074, 0.0571 0.6425 0.5184, 0.0607 0.6425 0.5253, 0.3451 0.6425 0.5253, 0.056 0.6425 0.4358, 0.0734 0.6425 0.4275, 0.1246 0.6425 0.4591, 0.124 0.6425 0.4591, 0.1223 0.6425 0.4587, 0.0217 0.6425 0.4825, 0.029 0.6425 0.4645, 0.0404 0.6425 0.4488, 0.3416 0.6425 0.4943, 0.3349 0.6425 0.4827, 0.306 0.6425 0.4766, 0.3247 0.6425 0.4722, 0.3124 0.6425 0.4644, 0.2848 0.6425 0.4953, 0.2965 0.6425 0.4873, 0.3462 0.6425 0.5171, 0.3456 0.6425 0.5083, 0.2722 0.6425 0.5001, 0.2586 0.6425 0.5016, 0.2517 0.6425 0.5012, 0.066 0.6425 0.4724, 0.0597 0.6425 0.4813, 0.0557 0.6425 0.4914, 0.0542 0.6425 0.5025, 0.1423 0.6425 0.4416, 0.1422 0.6425 0.4438, 0.2021 0.6425 0.4494, 0.141 0.6425 0.4482, 0.1388 0.6425 0.452, 0.1329 0.6425 0.4259, 0.1366 0.6425 0.4285, 0.1379 0.6425 0.4299, 0.1403 0.6425 0.4335, 0.1418 0.6425 0.4374, 0.2024 0.6425 0.4378, 0.2021 0.6425 0.4437, 0.1211 0.6425 0.4585, 0.0955 0.6425 0.4583, 0.0853 0.6425 0.4602, 0.0924 0.6425 0.4236, 0.1259 0.6425 0.4238, 0.1291 0.6425 0.4244, 0.0752 0.6425 0.4648, 0.0668 0.6425 0.4716, 0.1029 0.6425 0.5472, 0.3394 0.6425 0.5435, 0.3444 0.6425 0.5308, 0.0983 0.6425 0.5472, 0.0623 0.6425 0.5283, 0.0688 0.6425 0.5356, 0.0776 0.6425 0.5419, 0.0875 0.6425 0.5458, 0.1149 0.6425 0.5815, 0.1276 0.6425 0.5969, 0.2587 0.6425 0.5648, 0.1291 0.6425 0.5982, 0.145 0.6425 0.6095, 0.2499 0.6425 0.5828, 0.3361 0.6425 0.5482, 0.2628 0.6425 0.5671, 0.1031 0.6425 0.5482, 0.1062 0.6425 0.5631, 0.2755 0.6425 0.5718, 0.2888 0.6425 0.5736, 0.2948 0.6425 0.5733, 0.237 0.6425 0.5979, 0.1628 0.6425 0.6164, 0.2217 0.6425 0.609, 0.1821 0.6425 0.6189, 0.203 0.6425 0.6164, 0.3088 0.6425 0.5701, 0.3216 0.6425 0.5634, 0.3314 0.6425 0.5548, 0.0349 0.6425 0.5482, 0.0282 0.6425 0.5388, 0.0229 0.6425 0.5253, -0.0567 0.6425 0.4589, -0.0565 0.6425 0.4319, -0.0853 0.6425 0.4587, -0.0892 0.6425 0.4317, -0.0854 0.6425 0.4678, -0.0878 0.6425 0.4935, -0.0567 0.6425 0.468, -0.0569 0.6425 0.4937, -0.0467 0.6425 0.503, -0.0879 0.6425 0.5027, -0.091 0.6425 0.5253, -0.091 0.6425 0.4207, -0.0461 0.6425 0.4229, -0.2942 0.6425 0.5482, -0.2963 0.6425 0.5482, -0.3185 0.6425 0.6052, -0.2963 0.6425 0.5481, -0.2942 0.6425 0.5253, -0.3077 0.6425 0.5481, -0.3185 0.6425 0.5253, -0.3077 0.6425 0.5482, -0.3185 0.6425 0.5482, -0.3185 0.6425 0.5699, -0.3155 0.6425 0.5699, -1.2868 0.6425 0.6295, -0.3384 0.6425 0.6279, -1.2868 0.6425 0.5482, -0.3681 0.6425 0.5482, -1.2868 0.6425 0.5253, -0.3683 0.6425 0.5476, -0.3489 0.6425 0.5697, -0.3567 0.6425 0.5482, -0.3569 0.6425 0.5477, -0.2077 0.6425 0.5848, -0.2191 0.6425 0.5482, -0.2077 0.6425 0.594, -0.2191 0.6425 0.6295, -0.1998 0.6425 0.5941, -0.2102 0.6425 0.6196, -0.2103 0.6425 0.6288, -0.1998 0.6425 0.6295, -0.1998 0.6425 0.6289, -0.1998 0.6425 0.6197, -0.1793 0.6425 0.6198, -0.1791 0.6425 0.5942, -0.1685 0.6425 0.549, -0.1634 0.6425 0.5482, -0.1998 0.6425 0.5482, -0.179 0.6425 0.585, -0.1789 0.6425 0.5581, -0.1998 0.6425 0.5849, -0.1998 0.6425 0.558, -0.2116 0.6425 0.5579, -0.2115 0.6425 0.5487, -0.1998 0.6425 0.5488, -0.169 0.6425 0.6291, -0.1634 0.6425 0.6295, -0.1454 0.6425 0.6295, -0.153 0.6425 0.6273, -0.1529 0.6425 0.6165, -0.1525 0.6425 0.5624, -0.1525 0.6425 0.5525, -0.1511 0.6425 0.5518, -0.1425 0.6425 0.549, -0.1327 0.6425 0.5482, -0.1439 0.6425 0.6201, -0.1341 0.6425 0.6214, -0.152 0.6425 0.617, -0.1302 0.6425 0.6212, -0.1233 0.6425 0.6198, -0.1171 0.6425 0.6167, -0.105 0.6425 0.5996, -0.1036 0.6425 0.5886, -0.1318 0.6425 0.5572, -0.1122 0.6425 0.6127, -0.1116 0.6425 0.6121, -0.1446 0.6425 0.5589, -0.1355 0.6425 0.5573, -0.1077 0.6425 0.6065, -0.1037 0.6425 0.5849, -0.1051 0.6425 0.5771, -0.1077 0.6425 0.5707, -0.1113 0.6425 0.5657, -0.1136 0.6425 0.5635, -0.1249 0.6425 0.5579, -0.119 0.6425 0.56, -0.1634 0.6425 0.9252, -0.1445 0.6425 0.6298, -0.0958 0.6425 0.6049, -0.0987 0.6425 0.6116, -0.1045 0.6425 0.6191, -0.1065 0.6425 0.621, -0.1141 0.6425 0.6262, -0.0958 0.6425 0.571, -0.0942 0.6425 0.5751, -0.091 0.6425 0.5482, -0.0928 0.6425 0.5881, -0.0948 0.6425 0.6027, -0.091 0.6425 0.6295, -0.0929 0.6425 0.5923, -0.1168 0.6425 0.5501, -0.1092 0.6425 0.5537, -0.0958 0.6425 0.5482, -0.1028 0.6425 0.5591, -0.1022 0.6425 0.5598, -0.0974 0.6425 0.5667, -0.1303 0.6425 0.548, -0.1634 0.6425 0.5253, -0.0958 0.6425 0.5253, -0.1262 0.6425 0.5482, -0.1254 0.6425 0.5482, -0.0892 0.6425 0.5496, -0.047 0.6425 0.5499, -0.0465 0.6425 0.5482, -0.0465 0.6425 0.6295, -0.0893 0.6425 0.5587, -0.0579 0.6425 0.6299, -0.0579 0.6425 0.6295, -0.0574 0.6425 0.559, -0.091 0.6425 0.9252, -0.0465 0.6425 0.9252, -0.0476 0.6425 0.63, -0.0475 0.6425 0.6295, -0.0958 0.6425 0.9252, -0.134 0.6425 0.6307, -0.1998 0.6425 0.9252, -0.2191 0.6425 0.9252, -0.2626 0.6425 0.9252, -0.2942 0.6425 0.6295, -0.2942 0.6425 0.9252, -0.3185 0.6425 0.6295, -0.3185 0.6425 0.9252, -0.4836 0.6425 0.9252, -1.2868 0.6425 1.1554, -1.2165 0.6425 1.1614, -0.3273 0.6425 0.628, -0.4836 0.6425 1.1614, -0.3185 0.6425 0.2743, -0.4606 0.6425 0.1614, -0.7362 0.6425 0.1614, -1.2868 0.6425 0.2743, -0.9508 0.6425 0.1614, -1.2126 0.6425 0.1614, -1.2165 0.6425 0.1614, -1.2732 0.6425 0.1653, -1.2868 0.6425 0.1674, 1.2185 0.6425 0.1614, 1.2869 0.6425 0.2743, 1.2869 0.6425 0.1674, 1.2732 0.6425 0.1653, -0.2898 0.6425 0.5748, -0.2858 0.6425 0.5665, -0.2918 0.6425 0.5841, -0.2909 0.6425 0.6003, -0.2921 0.6425 0.5892, -0.2626 0.6425 0.5502, -0.2626 0.6425 0.5482, -0.2714 0.6425 0.5535, -0.2798 0.6425 0.5595, -0.2803 0.6425 0.6177, -0.2831 0.6425 0.6149, -0.288 0.6425 0.6079, -0.2719 0.6425 0.6235, -0.2501 0.6425 0.6285, -0.2623 0.6425 0.55, -0.2487 0.6425 0.5485, -0.2266 0.6425 0.5486, -0.2272 0.6425 0.6287, -0.1225 0.6425 0.4217, -0.1169 0.6425 0.421, -0.1347 0.6425 0.4223, -0.1032 0.6425 0.4499, -0.1046 0.6425 0.4659, -0.1011 0.6425 0.4471, -0.0996 0.6425 0.4436, -0.1349 0.6425 0.4789, -0.1603 0.6425 0.4707, -0.1622 0.6425 0.4733, -0.1244 0.6425 0.4808, -0.1307 0.6425 0.4802, -0.1063 0.6425 0.4526, -0.1108 0.6425 0.4547, -0.1105 0.6425 0.4697, -0.118 0.6425 0.4564, -0.1268 0.6425 0.4723, -0.1234 0.6425 0.4727, -0.1168 0.6425 0.472, -0.1109 0.6425 0.4218, -0.107 0.6425 0.4233, -0.0958 0.6425 0.4207, -0.1005 0.6425 0.4299, -0.0993 0.6425 0.4332, -0.1047 0.6425 0.4757, -0.1068 0.6425 0.4768, -0.1143 0.6425 0.4797, -0.1347 0.6425 0.4311, -0.1345 0.6425 0.4311, -0.1319 0.6425 0.4276, -0.1382 0.6425 0.4769, -0.1408 0.6425 0.4743, -0.1591 0.6425 0.4674, -0.1428 0.6425 0.471, -0.1443 0.6425 0.4663, -0.1286 0.6425 0.4245, -0.1265 0.6425 0.4232, -0.1037 0.6425 0.4256, -0.1026 0.6425 0.4268, -0.1631 0.6425 0.4531, -0.1584 0.6425 0.4345, -0.1634 0.6425 0.4528, -0.1624 0.6425 0.4319, -0.1634 0.6425 0.4316, -0.1614 0.6425 0.4548, -0.1601 0.6425 0.4569, -0.145 0.6425 0.459, -0.159 0.6425 0.46, -0.1586 0.6425 0.4638, -0.1349 0.6425 0.4586, -0.1346 0.6425 0.463, -0.1336 0.6425 0.4666, -0.1324 0.6425 0.4687, -0.1583 0.6425 0.4241, -0.1447 0.6425 0.4222, -0.1634 0.6425 0.4222, -0.1634 0.6425 0.4207, -0.1643 0.6425 0.4218, -0.0989 0.6425 0.4378, -0.0989 0.6425 0.4394, -0.1309 0.6425 0.4703, -0.1292 0.6425 0.4715, -0.1736 0.6425 0.4207, -0.1634 0.6425 0.4073, -0.1738 0.6425 0.4206, -0.174 0.6425 0.4207, -0.1998 0.6425 0.4207, -0.1828 0.6425 0.4216, -0.1946 0.6425 0.4778, -0.1945 0.6425 0.4681, -0.1652 0.6425 0.476, -0.1685 0.6425 0.4779, -0.1634 0.6425 0.4744, -0.1965 0.6425 0.4333, -0.1953 0.6425 0.4302, -0.1934 0.6425 0.4275, -0.1741 0.6425 0.4798, -0.181 0.6425 0.4804, -0.1998 0.6425 0.5253, -0.1881 0.6425 0.4798, -0.1937 0.6425 0.4469, -0.1956 0.6425 0.4441, -0.1966 0.6425 0.4411, -0.197 0.6425 0.4374, -0.1905 0.6425 0.4251, -0.1881 0.6425 0.4236, -0.18 0.6425 0.4723, -0.177 0.6425 0.4721, -0.169 0.6425 0.4647, -0.1743 0.6425 0.4714, -0.1721 0.6425 0.4702, -0.1691 0.6425 0.4633, -0.1695 0.6425 0.4618, -0.1702 0.6425 0.4604, -0.1711 0.6425 0.4593, -0.1747 0.6425 0.4571, -0.1863 0.6425 0.4716, -0.1808 0.6425 0.4544, -0.192 0.6425 0.4695, -0.1847 0.6425 0.4528, -0.1914 0.6425 0.449, -0.1706 0.6425 0.4689, -0.1697 0.6425 0.4676, -0.1692 0.6425 0.4663, -0.1687 0.6425 0.4296, -0.1737 0.6425 0.4471, -0.1678 0.6425 0.4499, -0.1748 0.6425 0.4288, -0.1753 0.6425 0.4288, -0.1803 0.6425 0.4443, -0.1804 0.6425 0.4294, -0.1867 0.6425 0.4365, -0.1866 0.6425 0.4377, -0.183 0.6425 0.4303, -0.1839 0.6425 0.4308, -0.1851 0.6425 0.4318, -0.186 0.6425 0.4331, -0.1865 0.6425 0.4346, -0.1862 0.6425 0.4393, -0.1854 0.6425 0.4406, -0.1842 0.6425 0.4419, -0.247 0.6425 0.4787, -0.2574 0.6425 0.4786, -0.2626 0.6425 0.5253, -0.2284 0.6425 0.4358, -0.2296 0.6425 0.4311, -0.2298 0.6425 0.4311, -0.2191 0.6425 0.5253, -0.2191 0.6425 0.4631, -0.2311 0.6425 0.4357, -0.2303 0.6425 0.433, -0.2191 0.6425 0.4359, -0.2025 0.6425 0.479, -0.2137 0.6425 0.4789, -0.2246 0.6425 0.4217, -0.2241 0.6425 0.4207, -0.2191 0.6425 0.4207, -0.2201 0.6425 0.4114, -0.2191 0.6425 0.4096, -0.2181 0.6425 0.4077, -0.2185 0.6425 0.3967, -0.2145 0.6425 0.3952, -0.2191 0.6425 0.2743, -0.2105 0.6425 0.3948, -0.1998 0.6425 0.2743, -0.2123 0.6425 0.4037, -0.2145 0.6425 0.4045, -0.2098 0.6425 0.4034, -0.2061 0.6425 0.4039, -0.2162 0.6425 0.4057, -0.2177 0.6425 0.4073, -0.2041 0.6425 0.4046, -0.1998 0.6425 0.4073, -0.204 0.6425 0.3957, -0.2083 0.6425 0.3949, -0.2264 0.6425 0.4041, -0.2227 0.6425 0.3998, -0.2626 0.6425 0.2743, -0.222 0.6425 0.3991, -0.2191 0.6425 0.3971, -0.2341 0.6425 0.4207, -0.231 0.6425 0.4129, -0.2626 0.6425 0.4073, -0.2281 0.6425 0.4073, -0.2784 0.6425 0.4573, -0.2782 0.6425 0.4304, -0.2942 0.6425 0.4572, -0.2942 0.6425 0.4303, -0.3071 0.6425 0.4571, -0.311 0.6425 0.4301, -0.3185 0.6425 0.4207, -0.3109 0.6425 0.421, -0.2942 0.6425 0.4207, -0.3096 0.6425 0.5011, -0.3096 0.6425 0.4919, -0.3071 0.6425 0.4663, -0.2942 0.6425 0.4664, -0.2942 0.6425 0.492, -0.2787 0.6425 0.4921, -0.2785 0.6425 0.4665, -0.2942 0.6425 0.4211, -0.2678 0.6425 0.4213, -0.2626 0.6425 0.4207, -0.2684 0.6425 0.5014, -0.2942 0.6425 0.5012, -0.4267 0.6425 0.5003, -0.4378 0.6425 0.5002, -0.3852 0.6425 0.4388, -0.3792 0.6425 0.4317, -0.3957 0.6425 0.4207, -0.3708 0.6425 0.4258, -0.3266 0.6425 0.501, -0.326 0.6425 0.4209, -0.348 0.6425 0.4207, -0.3616 0.6425 0.4223, -0.3796 0.6425 0.49, -0.3824 0.6425 0.4872, -0.3873 0.6425 0.4802, -0.3902 0.6425 0.4725, -0.3494 0.6425 0.5008, -0.3616 0.6425 0.4994, -0.3713 0.6425 0.4958, -0.3915 0.6425 0.4615, -0.3912 0.6425 0.4564, -0.3892 0.6425 0.447, -0.4071 0.6425 0.4203, -0.3956 0.6425 0.4204, -0.3185 0.6425 0.4073, -0.4072 0.6425 0.4207, -0.4563 0.6425 0.42, -0.4677 0.6425 0.4199, -1.2868 0.6425 0.4073, -0.4674 0.6425 0.4207, -1.2868 0.6425 0.4207, -0.456 0.6425 0.4207, -0.4483 0.6425 0.4419, -0.4149 0.6425 0.4422, -0.0465 0.6425 0.5253, -0.0465 0.6425 0.4864, -0.2942 0.6425 0.4073, -0.2942 0.6425 0.2743, -0.1634 0.6425 0.2743, -0.0958 0.6425 0.2743, -0.0958 0.6425 0.4073, -0.091 0.6425 0.4073, -0.091 0.6425 0.2743, 1.2869 0.6425 0.5482, 1.2869 0.6425 0.5253, 1.2869 0.6425 0.4207, 1.2869 0.6425 0.4073, -0.0708 0.6425 0.1614, -0.091 0.6425 0.1614, -0.0958 0.6425 0.1614, -0.1634 0.6425 0.1614, -0.1998 0.6425 0.1614, -0.2191 0.6425 0.1614, -0.2626 0.6425 0.1614, -0.2942 0.6425 0.1614, -0.3185 0.6425 0.1614, -0.3228 0.6425 0.1614, -0.0465 0.6425 0.1614, -0.0465 0.6425 0.2743, -0.0465 0.6425 0.4073, 0.7362 0.6425 0.1614, 0.4606 0.6425 0.1614, 0.3229 0.6425 0.1614
            ]
        }
        coordIndex [
            0,1,2,-1,3,4,5,-1,6,7,8,-1,9,10,11,-1,12,13,14,-1,15,16,17,-1,18,19,20,-1,21,22,23,-1,23,22,24,-1,25,26,23,-1,23,26,27,-1,27,28,23,-1,23,28,29,-1,23,29,21,-1,30,31,32,-1,32,31,33,-1,34,35,32,-1,25,23,36,-1,36,23,37,-1,36,37,38,-1,32,35,37,-1,37,35,39,-1,37,39,38,-1,33,40,32,-1,32,40,41,-1,32,41,34,-1,42,43,33,-1,33,43,44,-1,33,44,45,-1,33,46,40,-1,40,46,47,-1,40,47,48,-1,48,47,49,-1,48,49,50,-1,45,51,33,-1,33,51,52,-1,33,52,46,-1,53,54,55,-1,53,55,56,-1,54,57,55,-1,55,57,58,-1,55,58,59,-1,59,58,60,-1,60,61,59,-1,59,61,62,-1,59,62,42,-1,42,62,63,-1,42,63,43,-1,64,56,65,-1,65,56,55,-1,65,55,66,-1,66,55,67,-1,66,67,68,-1,69,70,2,-1,68,67,71,-1,71,67,11,-1,71,11,72,-1,70,73,2,-1,2,73,74,-1,2,74,11,-1,11,74,75,-1,11,75,72,-1,20,19,76,-1,19,77,76,-1,76,77,78,-1,76,78,2,-1,2,78,79,-1,2,79,69,-1,80,81,82,-1,83,84,85,-1,86,87,88,-1,88,87,89,-1,83,85,90,-1,91,92,87,-1,87,92,93,-1,87,93,94,-1,20,95,96,-1,84,97,85,-1,85,97,98,-1,85,98,99,-1,100,101,20,-1,20,101,102,-1,20,102,95,-1,103,104,105,-1,105,104,106,-1,105,106,107,-1,108,94,109,-1,109,94,110,-1,109,110,105,-1,105,110,111,-1,105,111,103,-1,108,112,94,-1,94,112,113,-1,94,113,87,-1,87,113,114,-1,87,114,89,-1,115,116,85,-1,85,116,117,-1,85,117,87,-1,87,117,118,-1,87,118,91,-1,119,120,121,-1,121,120,122,-1,121,122,85,-1,85,122,123,-1,85,123,90,-1,124,125,18,-1,18,125,126,-1,126,127,18,-1,18,127,128,-1,18,128,129,-1,129,128,119,-1,129,119,130,-1,130,119,121,-1,99,131,85,-1,85,131,132,-1,85,132,133,-1,96,134,20,-1,20,134,135,-1,20,135,18,-1,18,135,136,-1,18,136,124,-1,133,137,85,-1,85,137,138,-1,85,138,115,-1,139,140,141,-1,141,94,139,-1,139,94,93,-1,139,93,142,-1,142,93,143,-1,143,144,142,-1,142,144,145,-1,142,145,146,-1,147,148,149,-1,148,150,149,-1,149,150,151,-1,149,151,152,-1,153,149,154,-1,140,139,153,-1,153,139,155,-1,153,155,149,-1,149,155,156,-1,149,156,147,-1,154,157,153,-1,153,157,158,-1,153,158,159,-1,152,151,160,-1,160,151,161,-1,160,161,162,-1,162,161,163,-1,162,163,164,-1,165,166,159,-1,159,166,167,-1,159,167,153,-1,22,168,24,-1,24,168,169,-1,24,169,82,-1,82,169,170,-1,82,170,80,-1,171,172,173,-1,173,172,174,-1,173,174,175,-1,175,174,176,-1,175,176,177,-1,177,176,178,-1,179,180,181,-1,181,180,176,-1,181,176,182,-1,182,176,174,-1,183,82,20,-1,20,82,81,-1,20,81,100,-1,184,185,186,-1,187,188,189,-1,189,188,190,-1,189,190,191,-1,190,192,191,-1,191,192,193,-1,191,193,194,-1,195,196,197,-1,197,196,198,-1,197,198,199,-1,199,198,200,-1,201,193,202,-1,202,193,192,-1,202,192,203,-1,203,192,190,-1,204,205,206,-1,206,205,207,-1,208,206,209,-1,209,206,207,-1,209,207,210,-1,210,207,211,-1,210,211,212,-1,209,213,208,-1,208,213,214,-1,208,214,215,-1,216,217,218,-1,219,220,221,-1,221,220,222,-1,221,222,204,-1,204,222,223,-1,204,223,205,-1,205,223,224,-1,205,224,218,-1,218,224,225,-1,218,225,216,-1,212,211,226,-1,226,211,227,-1,226,227,216,-1,228,229,227,-1,227,229,230,-1,231,232,217,-1,232,233,217,-1,217,233,234,-1,217,234,235,-1,236,237,231,-1,216,227,217,-1,217,227,230,-1,217,230,231,-1,231,230,238,-1,231,238,236,-1,237,239,231,-1,231,239,240,-1,231,240,241,-1,242,243,244,-1,241,245,231,-1,231,245,246,-1,231,246,247,-1,247,246,248,-1,248,246,244,-1,244,246,249,-1,244,249,242,-1,243,250,244,-1,244,250,251,-1,244,251,252,-1,252,253,244,-1,244,253,254,-1,244,254,255,-1,255,254,256,-1,257,258,228,-1,259,260,14,-1,14,260,261,-1,261,262,14,-1,14,262,263,-1,14,263,12,-1,264,265,266,-1,266,265,267,-1,259,14,268,-1,268,14,269,-1,268,269,270,-1,271,272,273,-1,272,274,273,-1,273,274,275,-1,273,275,276,-1,235,277,278,-1,278,277,279,-1,279,277,280,-1,279,280,273,-1,273,280,281,-1,273,281,271,-1,282,283,284,-1,284,283,285,-1,286,266,269,-1,269,266,267,-1,269,267,270,-1,287,288,269,-1,269,288,289,-1,269,289,286,-1,290,291,285,-1,287,290,292,-1,292,290,285,-1,292,285,293,-1,293,285,283,-1,287,269,290,-1,290,269,14,-1,290,14,294,-1,294,14,13,-1,294,13,257,-1,257,13,295,-1,257,295,258,-1,228,227,257,-1,257,227,211,-1,257,211,296,-1,296,211,207,-1,296,207,297,-1,297,5,298,-1,298,5,299,-1,298,299,300,-1,300,299,301,-1,300,301,302,-1,302,301,303,-1,195,304,305,-1,306,196,301,-1,301,196,195,-1,301,195,303,-1,303,195,305,-1,303,305,307,-1,308,309,310,-1,308,310,311,-1,311,310,312,-1,311,312,313,-1,313,314,311,-1,311,314,315,-1,311,315,316,-1,9,11,317,-1,318,319,320,-1,321,322,184,-1,321,184,323,-1,299,324,325,-1,326,327,328,-1,328,327,184,-1,328,184,329,-1,329,184,322,-1,330,331,299,-1,299,331,332,-1,299,332,324,-1,5,4,299,-1,299,4,333,-1,299,333,330,-1,306,301,186,-1,186,301,299,-1,186,299,184,-1,184,299,325,-1,184,325,323,-1,297,207,5,-1,5,207,334,-1,5,334,3,-1,326,335,327,-1,327,335,336,-1,327,336,205,-1,205,336,337,-1,205,337,207,-1,207,337,338,-1,207,338,334,-1,339,340,341,-1,342,343,344,-1,344,343,345,-1,346,347,348,-1,279,349,350,-1,342,351,343,-1,343,351,352,-1,343,352,353,-1,353,352,354,-1,355,356,354,-1,354,356,357,-1,354,357,353,-1,358,359,360,-1,360,361,362,-1,363,364,279,-1,279,364,365,-1,279,365,349,-1,366,367,341,-1,341,367,368,-1,346,369,347,-1,347,369,370,-1,347,370,371,-1,371,370,372,-1,371,372,373,-1,358,360,340,-1,368,374,341,-1,341,374,375,-1,341,375,339,-1,359,376,360,-1,360,376,377,-1,360,377,361,-1,378,379,380,-1,380,379,381,-1,380,381,382,-1,383,384,385,-1,385,384,386,-1,385,386,373,-1,373,386,387,-1,373,387,371,-1,388,389,354,-1,354,389,390,-1,354,390,391,-1,378,383,379,-1,379,383,385,-1,379,385,392,-1,392,385,393,-1,392,393,394,-1,394,393,395,-1,394,395,396,-1,362,397,360,-1,360,397,398,-1,360,398,279,-1,279,398,345,-1,279,345,363,-1,363,345,343,-1,391,399,354,-1,354,399,400,-1,354,400,355,-1,396,395,401,-1,401,395,402,-1,401,402,403,-1,403,402,404,-1,404,402,405,-1,404,405,406,-1,407,408,405,-1,409,410,278,-1,350,346,279,-1,279,346,348,-1,279,348,278,-1,278,348,411,-1,278,411,409,-1,412,413,405,-1,405,413,414,-1,410,415,278,-1,278,415,416,-1,278,416,417,-1,417,416,418,-1,417,418,407,-1,419,420,408,-1,408,420,421,-1,408,421,405,-1,405,421,422,-1,405,422,412,-1,414,423,405,-1,405,423,424,-1,405,424,406,-1,425,426,427,-1,427,426,428,-1,427,428,429,-1,427,430,425,-1,425,430,431,-1,425,431,432,-1,432,433,425,-1,425,433,434,-1,425,434,435,-1,435,434,436,-1,435,436,437,-1,437,436,438,-1,437,438,408,-1,408,438,439,-1,408,439,419,-1,440,441,429,-1,429,441,442,-1,429,442,427,-1,443,444,382,-1,382,444,445,-1,382,445,380,-1,443,446,444,-1,444,446,447,-1,444,447,448,-1,448,447,449,-1,448,450,451,-1,449,452,448,-1,448,452,453,-1,448,453,454,-1,454,455,448,-1,448,455,456,-1,448,456,450,-1,451,457,448,-1,448,457,458,-1,448,458,459,-1,460,461,462,-1,463,464,465,-1,462,466,460,-1,460,466,467,-1,460,467,468,-1,468,467,463,-1,468,463,469,-1,469,463,465,-1,470,471,405,-1,407,405,417,-1,417,405,471,-1,417,471,466,-1,466,471,472,-1,466,472,467,-1,473,470,474,-1,474,470,475,-1,474,475,476,-1,476,475,477,-1,470,405,475,-1,475,405,478,-1,475,478,477,-1,479,480,481,-1,481,480,482,-1,481,482,483,-1,484,485,486,-1,486,485,487,-1,485,488,487,-1,487,488,489,-1,487,489,490,-1,490,489,491,-1,490,491,492,-1,492,491,483,-1,492,483,493,-1,493,483,482,-1,494,495,496,-1,496,495,497,-1,496,497,481,-1,481,497,498,-1,481,498,479,-1,499,500,501,-1,501,500,502,-1,501,502,494,-1,503,504,505,-1,505,504,506,-1,505,506,507,-1,190,508,509,-1,509,508,510,-1,509,510,511,-1,190,512,513,-1,506,508,507,-1,507,508,190,-1,507,190,514,-1,514,190,513,-1,514,513,515,-1,513,516,515,-1,515,516,517,-1,515,517,518,-1,510,519,511,-1,511,519,520,-1,511,520,521,-1,521,520,522,-1,512,190,523,-1,523,190,188,-1,523,188,522,-1,522,188,462,-1,522,462,521,-1,521,462,461,-1,521,461,499,-1,190,524,525,-1,526,527,528,-1,528,527,529,-1,530,190,531,-1,531,190,509,-1,531,509,532,-1,532,509,528,-1,532,528,533,-1,533,528,529,-1,534,535,524,-1,524,535,536,-1,524,536,537,-1,530,538,190,-1,190,538,539,-1,190,539,524,-1,524,539,540,-1,524,540,534,-1,537,541,524,-1,524,541,542,-1,524,542,528,-1,528,542,543,-1,528,543,526,-1,544,545,546,-1,547,544,548,-1,548,544,546,-1,548,546,549,-1,549,546,550,-1,549,550,551,-1,551,550,552,-1,551,552,525,-1,525,552,199,-1,525,199,190,-1,190,199,200,-1,190,200,203,-1,548,553,547,-1,547,553,554,-1,547,554,555,-1,235,278,217,-1,217,278,417,-1,217,417,218,-1,218,417,466,-1,218,466,205,-1,205,466,462,-1,205,462,327,-1,327,462,188,-1,327,188,184,-1,184,188,187,-1,184,187,185,-1,286,282,266,-1,266,282,284,-1,266,284,181,-1,181,284,556,-1,181,556,179,-1,179,556,557,-1,291,37,285,-1,285,37,23,-1,285,23,284,-1,284,23,24,-1,284,24,556,-1,556,24,82,-1,556,82,557,-1,557,82,183,-1,499,501,521,-1,521,501,558,-1,521,558,511,-1,511,558,546,-1,511,546,509,-1,509,546,545,-1,509,545,528,-1,494,496,501,-1,501,496,559,-1,501,559,558,-1,558,559,308,-1,558,308,546,-1,546,308,311,-1,546,311,550,-1,560,483,402,-1,402,483,491,-1,402,491,405,-1,405,491,489,-1,405,489,478,-1,561,560,562,-1,562,560,402,-1,562,402,360,-1,360,402,395,-1,360,395,340,-1,340,395,393,-1,340,393,341,-1,276,264,273,-1,273,264,266,-1,273,266,279,-1,279,266,181,-1,279,181,360,-1,360,181,182,-1,360,182,562,-1,562,182,563,-1,562,563,561,-1,561,563,564,-1,31,6,33,-1,33,6,8,-1,33,8,42,-1,42,8,565,-1,42,565,59,-1,59,565,566,-1,59,566,55,-1,55,566,567,-1,55,567,67,-1,67,567,568,-1,67,568,11,-1,11,568,318,-1,11,318,317,-1,317,318,320,-1,569,570,564,-1,564,570,571,-1,564,571,561,-1,561,571,572,-1,561,572,560,-1,560,572,573,-1,560,573,483,-1,483,573,574,-1,483,574,481,-1,481,574,575,-1,481,575,496,-1,496,575,576,-1,496,576,559,-1,559,576,577,-1,559,577,308,-1,308,577,578,-1,308,578,309,-1,579,569,580,-1,580,569,564,-1,580,564,581,-1,581,564,563,-1,581,563,17,-1,17,563,182,-1,17,182,15,-1,15,182,174,-1,16,183,17,-1,17,183,20,-1,17,20,581,-1,581,20,76,-1,581,76,580,-1,580,76,2,-1,580,2,579,-1,579,2,1,-1,10,582,11,-1,11,582,583,-1,11,583,2,-1,2,583,584,-1,2,584,0,-1,
        ]
    }
}
Shape{
    appearance Appearance {
        material  Material 	{
            diffuseColor 0.8509803921568627 0.8509803921568627 0.8509803921568627
            specularColor 0.4235294117647059 0.4235294117647059 0.4235294117647059
            ambientIntensity 0.851
            transparency 0.0
            shininess 0.5
        }
    }
    geometry IndexedFaceSet {
        ccw TRUE
        solid FALSE
        coord DEF co Coordinate {
            point [
                0.4597 0.2488 0.1575, 0.4633 0.2488 0.1579, 0.6017 0.2488 0.1575, 0.4636 0.2488 0.158, 0.4674 0.2488 0.159, 0.4715 0.2488 0.1614, 0.6035 0.2488 0.1614, 0.4714 0.2488 0.1614, 0.4676 0.2488 0.1592, -0.9262 0.2488 0.1614, -0.7942 0.2488 0.1614, -0.9283 0.2488 0.16, -0.7959 0.2488 0.1575, -0.9325 0.2488 0.1583, -0.938 0.2488 0.1575, -0.938 0.2488 1.1654, -0.7959 0.2488 1.1654, -0.9338 0.2488 1.1647, -0.9317 0.2488 1.1644, -0.7942 0.2488 1.1614, -0.9262 0.2488 1.1614, -0.9276 0.2488 1.1624, -0.9282 0.2488 1.1627, -0.931 0.2488 1.164, -0.6017 0.2488 1.1654, -0.4596 0.2488 1.1654, -0.4635 0.2488 1.1649, -0.4714 0.2488 1.1614, -0.6034 0.2488 1.1614, -0.4714 0.2488 1.1615, -0.4676 0.2488 1.1637, 0.4597 0.2488 1.1654, 0.6017 0.2488 1.1654, 0.4636 0.2488 1.1649, 0.4676 0.2488 1.1637, 0.6035 0.2488 1.1614, 0.4715 0.2488 1.1614, 0.4714 0.2488 1.1615, 0.9262 0.2488 1.1614, 0.7942 0.2488 1.1614, 0.9283 0.2488 1.1628, 0.796 0.2488 1.1654, 0.9325 0.2488 1.1646, 0.938 0.2488 1.1654, -1.025 0.7424 1.2835, -1.025 0.7424 1.1654, -1.0548 0.7668 1.1654, -1.0548 0.7668 1.2835, -1.0889 0.785 1.1654, -1.0889 0.785 1.2835, -1.1258 0.7962 1.1654, -1.1258 0.7962 1.2835, -1.1642 0.8 1.1654, -1.1642 0.8 1.2835, -0.8436 0.6425 1.2835, -0.8436 0.6425 1.1654, -0.882 0.6463 1.2835, -0.882 0.6463 1.1654, -0.919 0.6575 1.2835, -0.919 0.6575 1.1654, -0.953 0.6757 1.2835, -0.953 0.6757 1.1654, -0.9828 0.7002 1.2835, -0.9828 0.7002 1.1654, 1.1642 0.8 1.2835, 1.1642 0.8 1.1654, 1.1133 0.7933 1.1654, 1.1133 0.7933 1.2835, 1.0658 0.7736 1.1654, 1.0658 0.7736 1.2835, 1.025 0.7424 1.1654, 1.025 0.7424 1.2835, 0.9829 0.7002 1.2835, 0.9829 0.7002 1.1654, 0.9421 0.6689 1.2835, 0.9421 0.6689 1.1654, 0.8946 0.6492 1.2835, 0.8946 0.6492 1.1654, 0.8437 0.6425 1.2835, 0.8437 0.6425 1.1654, -0.5551 0.4654 1.1654, -0.5551 0.4654 1.2835, -0.5704 0.4634 1.1654, -0.5704 0.4634 1.2835, -0.5846 0.4575 1.1654, -0.5846 0.4575 1.2835, -0.5969 0.4481 1.1654, -0.5969 0.4481 1.2835, -0.6062 0.4358 1.1654, -0.6062 0.4358 1.2835, -0.6121 0.4216 1.1654, -0.6121 0.4216 1.2835, -0.6142 0.4063 1.1654, -0.6142 0.4063 1.2835, 0.5551 0.4654 1.2835, 0.5551 0.4654 1.1654, 0.5704 0.4634 1.2835, 0.5704 0.4634 1.1654, 0.5847 0.4575 1.2835, 0.5847 0.4575 1.1654, 0.5969 0.4481 1.2835, 0.5969 0.4481 1.1654, 0.6063 0.4358 1.2835, 0.6063 0.4358 1.1654, 0.6122 0.4216 1.2835, 0.6122 0.4216 1.1654, 0.6142 0.4063 1.2835, 0.6142 0.4063 1.1654, -0.2417 0.4654 1.1137, -0.3305 0.4654 1.0359, -0.3154 0.4684 1.0187, -0.2266 0.4684 1.0965, -0.3013 0.4772 1.0026, -0.2125 0.4772 1.0804, -0.2892 0.4913 0.9888, -0.2004 0.4913 1.0666, -0.28 0.5097 0.9782, -0.1911 0.5097 1.056, -0.2741 0.531 0.9715, -0.1853 0.531 1.0494, -0.2721 0.554 0.9693, -0.1833 0.554 1.0471, -0.3305 0.6425 1.0359, -0.2417 0.6425 1.1137, -0.2266 0.6395 1.0965, -0.3154 0.6395 1.0187, -0.2125 0.6307 1.0804, -0.3013 0.6307 1.0026, -0.2004 0.6166 1.0666, -0.2892 0.6166 0.9888, -0.1911 0.5982 1.056, -0.28 0.5982 0.9782, -0.1853 0.5769 1.0494, -0.2741 0.5769 0.9715, 0.3306 0.4654 1.0359, 0.2417 0.4654 1.1137, 0.2266 0.4684 1.0965, 0.3155 0.4684 1.0187, 0.2125 0.4772 1.0804, 0.3014 0.4772 1.0026, 0.2005 0.4913 1.0666, 0.2893 0.4913 0.9888, 0.1912 0.5097 1.056, 0.28 0.5097 0.9782, 0.1853 0.531 1.0494, 0.2742 0.531 0.9715, 0.1834 0.554 1.0471, 0.2722 0.554 0.9693, 0.2417 0.6425 1.1137, 0.3306 0.6425 1.0359, 0.3176 0.6403 1.0211, 0.2287 0.6403 1.0989, 0.3052 0.6338 1.007, 0.2164 0.6338 1.0848, 0.2942 0.6232 0.9944, 0.2053 0.6232 1.0722, 0.2849 0.6092 0.9838, 0.1961 0.6092 1.0617, 0.278 0.5924 0.9759, 0.1891 0.5924 1.0537, 0.2736 0.5737 0.9709, 0.1848 0.5737 1.0488, -0.4818 0.6425 1.1654, -0.4818 0.6425 1.2835, -0.4642 0.6425 1.1635, -0.4392 0.6425 1.2789, -0.4473 0.6425 1.1579, -0.3986 0.6425 1.2655, -0.4321 0.6425 1.1489, -0.3617 0.6425 1.2438, -0.4191 0.6425 1.1369, -0.3302 0.6425 1.2148, 0.4191 0.6425 1.1369, 0.3303 0.6425 1.2148, 0.4321 0.6425 1.1489, 0.3617 0.6425 1.2438, 0.4474 0.6425 1.1579, 0.3986 0.6425 1.2655, 0.4642 0.6425 1.1635, 0.4393 0.6425 1.2789, 0.4818 0.6425 1.1654, 0.4818 0.6425 1.2835, 0.3303 0.4654 1.2148, 0.4818 0.4654 1.2835, 0.4393 0.4654 1.2789, 0.3986 0.4654 1.2655, 0.3617 0.4654 1.2438, 0.4191 0.4654 1.1369, 0.4321 0.4654 1.1489, 0.4474 0.4654 1.1579, 0.4642 0.4654 1.1635, 0.4818 0.4654 1.1654, -0.4191 0.4654 1.1369, -0.4818 0.4654 1.1654, -0.4642 0.4654 1.1635, -0.4473 0.4654 1.1579, -0.4321 0.4654 1.1489, -0.3302 0.4654 1.2148, -0.3617 0.4654 1.2438, -0.3986 0.4654 1.2655, -0.4392 0.4654 1.2789, -0.4818 0.4654 1.2835, -1.6417 -1.0464 0.563, -1.7598 -1.0464 0.563, -1.6417 -1.0333 0.5615, -1.7598 -1.0333 0.5615, -1.6417 -1.0208 0.5571, -1.7598 -1.0208 0.5571, -1.6417 -1.0096 0.5501, -1.7598 -1.0096 0.5501, -1.6417 -1.0024 0.5433, -1.7598 -1.0003 0.5408, -1.7598 -0.9889 0.5171, -1.6417 -0.9897 0.5204, -1.7598 -0.9932 0.5296, -1.6417 -0.9932 0.5296, -1.6417 -1.0003 0.5408, -1.7598 -0.9874 0.5039, -1.6417 -0.9874 0.5039, -1.6417 -0.9889 0.5171, 1.6418 -0.9874 0.5039, 1.7599 -0.9874 0.5039, 1.6418 -0.9889 0.5171, 1.7599 -0.9889 0.5171, 1.6418 -0.9897 0.5204, 1.6414 -0.9924 0.5279, 1.7599 -0.9932 0.5296, 1.6414 -0.9933 0.5295, 1.6414 -0.9946 0.5322, 1.7599 -1.0003 0.5408, 1.6417 -1.0005 0.5406, 1.7599 -1.0464 0.563, 1.6418 -1.0464 0.563, 1.7599 -1.0333 0.5615, 1.6418 -1.0333 0.5615, 1.7599 -1.0208 0.5571, 1.6418 -1.0208 0.5571, 1.7599 -1.0096 0.5501, 1.6418 -1.0096 0.5501, 1.6418 -1.0024 0.5433, 0.7354 0.052 0.3543, 0.7354 0.2488 0.3543, 0.6623 0.052 0.3543, 0.6623 0.2488 0.3543, 0.7674 0.052 0.3507, 0.7674 0.2488 0.3507, 0.7996 0.052 0.3408, 0.7996 0.2488 0.3408, 0.8297 0.052 0.323, 0.8297 0.2488 0.323, 0.8556 0.052 0.2985, 0.8556 0.2488 0.2985, 0.8793 0.052 0.2608, 0.8793 0.2488 0.2608, 0.6623 0.052 0.2362, 0.6623 0.2488 0.2362, 0.7354 0.052 0.2362, 0.7354 0.2488 0.2362, 0.5184 0.2488 0.2608, 0.5184 0.052 0.2608, 0.5348 0.052 0.2886, 0.5348 0.2488 0.2886, 0.5569 0.052 0.314, 0.5569 0.2488 0.314, 0.5854 0.052 0.3343, 0.5854 0.2488 0.3343, 0.6182 0.052 0.348, 0.6182 0.2488 0.348, 0.92 0.052 0.1692, 0.92 0.2488 0.1692, 0.9262 0.2488 0.1614, 0.9249 0.2488 0.1627, 0.9248 0.052 0.1626, 0.9205 0.2488 0.1684, 0.922 0.052 0.1658, 0.9221 0.2488 0.1658, 0.9232 0.2488 0.1642, 0.9276 0.2488 0.1604, 0.9283 0.052 0.16, 0.9284 0.2488 0.1601, 0.9318 0.2488 0.1585, 0.9325 0.052 0.1583, 0.9325 0.2488 0.1584, 0.938 0.052 0.1575, 0.938 0.2488 0.1575, 0.7714 0.2488 0.2128, 0.7714 0.052 0.2128, 0.7674 0.052 0.2196, 0.7674 0.2488 0.2196, 0.7618 0.052 0.226, 0.7618 0.2488 0.226, 0.7547 0.052 0.2312, 0.7547 0.2488 0.2312, 0.7464 0.052 0.2346, 0.7464 0.2488 0.2346, 0.6545 0.052 0.2353, 0.6545 0.2488 0.2353, 0.6464 0.052 0.2329, 0.6464 0.2488 0.2329, 0.6388 0.052 0.2285, 0.6388 0.2488 0.2285, 0.6322 0.052 0.2223, 0.6322 0.2488 0.2223, 0.6263 0.052 0.2128, 0.6263 0.2488 0.2128, 0.6017 0.052 0.1575, 0.4777 0.052 0.1692, 0.4777 0.2488 0.1692, 0.4747 0.052 0.1645, 0.4714 0.052 0.1614, 0.4676 0.052 0.1591, 0.4636 0.052 0.1579, 0.4597 0.052 0.1575, 0.796 0.052 0.1575, 0.4722 0.2488 0.162, 0.4747 0.2488 0.1645, 0.475 0.2488 0.1649, 0.7942 0.2488 0.1614, 0.796 0.2488 0.1575, -0.6623 0.052 0.3543, -0.6623 0.2488 0.3543, -0.7353 0.052 0.3543, -0.7353 0.2488 0.3543, -0.6182 0.052 0.348, -0.6182 0.2488 0.348, -0.5853 0.052 0.3343, -0.5853 0.2488 0.3343, -0.5568 0.052 0.314, -0.5568 0.2488 0.314, -0.5347 0.052 0.2886, -0.5347 0.2488 0.2886, -0.5183 0.052 0.2608, -0.5183 0.2488 0.2608, -0.8793 0.2488 0.2608, -0.8793 0.052 0.2608, -0.8556 0.052 0.2985, -0.8556 0.2488 0.2985, -0.8297 0.052 0.323, -0.8297 0.2488 0.323, -0.7996 0.052 0.3408, -0.7996 0.2488 0.3408, -0.7674 0.052 0.3507, -0.7674 0.2488 0.3507, -0.6263 0.2488 0.2128, -0.6263 0.052 0.2128, -0.6322 0.052 0.2223, -0.6322 0.2488 0.2223, -0.6388 0.052 0.2285, -0.6388 0.2488 0.2285, -0.6463 0.052 0.2329, -0.6463 0.2488 0.2329, -0.6544 0.052 0.2353, -0.6544 0.2488 0.2353, -0.6623 0.052 0.2362, -0.6623 0.2488 0.2362, -0.92 0.052 0.1692, -0.92 0.2488 0.1692, -0.7353 0.052 0.2362, -0.7353 0.2488 0.2362, -0.4596 0.052 0.1575, -0.4624 0.052 0.1578, -0.6017 0.052 0.1575, -0.4667 0.052 0.1588, -0.4712 0.052 0.1612, -0.9325 0.052 0.1583, -0.938 0.052 0.1575, -0.7959 0.052 0.1575, -0.922 0.052 0.1658, -0.9247 0.052 0.1626, -0.9283 0.052 0.16, -0.4744 0.052 0.1642, -0.4776 0.052 0.1692, -0.7464 0.052 0.2346, -0.7547 0.052 0.2312, -0.7618 0.052 0.226, -0.7673 0.052 0.2196, -0.7713 0.052 0.2128, -0.7464 0.2488 0.2346, -0.7547 0.2488 0.2312, -0.7618 0.2488 0.226, -0.7673 0.2488 0.2196, -0.7713 0.2488 0.2128, -0.9254 0.2488 0.162, -0.9248 0.2488 0.1626, -0.9226 0.2488 0.1649, -0.922 0.2488 0.1658, -0.6034 0.2488 0.1614, -0.6017 0.2488 0.1575, -0.4776 0.2488 0.1692, -0.4772 0.2488 0.1684, -0.4745 0.2488 0.1642, -0.4744 0.2488 0.1642, -0.4714 0.2488 0.1614, -0.4712 0.2488 0.1613, -0.47 0.2488 0.1604, -0.4667 0.2488 0.1589, -0.4659 0.2488 0.1585, -0.4624 0.2488 0.1579, -0.4596 0.2488 0.1575, -0.5183 0.2488 1.062, -0.5183 0.052 1.062, -0.5347 0.052 1.0342, -0.5347 0.2488 1.0342, -0.5568 0.052 1.0088, -0.5568 0.2488 1.0088, -0.5853 0.052 0.9885, -0.5853 0.2488 0.9885, -0.6182 0.052 0.9748, -0.6182 0.2488 0.9748, -0.6623 0.052 0.9685, -0.6623 0.2488 0.9685, -0.7353 0.052 0.9685, -0.7353 0.2488 0.9685, -0.7674 0.052 0.9722, -0.7674 0.2488 0.9722, -0.7996 0.052 0.9821, -0.7996 0.2488 0.9821, -0.8297 0.052 0.9999, -0.8297 0.2488 0.9999, -0.8556 0.052 1.0243, -0.8556 0.2488 1.0243, -0.8793 0.052 1.062, -0.8793 0.2488 1.062, -0.4776 0.052 1.1537, -0.4776 0.2488 1.1537, -0.92 0.052 1.1537, -0.92 0.2488 1.1537, -0.931 0.052 1.164, -0.9204 0.2488 1.1544, -0.9214 0.2488 1.156, -0.9214 0.052 1.156, -0.9229 0.052 1.1584, -0.9231 0.2488 1.1586, -0.9232 0.052 1.1586, -0.9253 0.052 1.1606, -0.93 0.052 1.1637, -0.9282 0.052 1.1626, -0.9262 0.052 1.1615, -0.9253 0.2488 1.1606, -0.9338 0.052 1.1648, -0.9341 0.052 1.1649, -0.938 0.052 1.1654, -0.7713 0.2488 1.11, -0.7713 0.052 1.11, -0.7673 0.052 1.1032, -0.7673 0.2488 1.1032, -0.7618 0.052 1.0968, -0.7618 0.2488 1.0968, -0.7547 0.052 1.0917, -0.7547 0.2488 1.0917, -0.7464 0.052 1.0882, -0.7464 0.2488 1.0882, -0.7353 0.052 1.0866, -0.7353 0.2488 1.0866, -0.6623 0.052 1.0866, -0.6623 0.2488 1.0866, -0.6017 0.052 1.1654, -0.4747 0.052 1.1584, -0.4714 0.052 1.1615, -0.4676 0.052 1.1637, -0.4635 0.052 1.1649, -0.4596 0.052 1.1654, -0.7959 0.052 1.1654, -0.6544 0.052 1.0875, -0.6463 0.052 1.0899, -0.6388 0.052 1.0944, -0.6322 0.052 1.1006, -0.6263 0.052 1.11, -0.6544 0.2488 1.0875, -0.6463 0.2488 1.0899, -0.6388 0.2488 1.0944, -0.6322 0.2488 1.1006, -0.6263 0.2488 1.11, -0.4747 0.2488 1.1584, 0.8793 0.2488 1.062, 0.8793 0.052 1.062, 0.8556 0.052 1.0243, 0.8556 0.2488 1.0243, 0.8297 0.052 0.9999, 0.8297 0.2488 0.9999, 0.7996 0.052 0.9821, 0.7996 0.2488 0.9821, 0.7674 0.052 0.9722, 0.7674 0.2488 0.9722, 0.7354 0.052 0.9685, 0.7354 0.2488 0.9685, 0.6623 0.052 0.9685, 0.6623 0.2488 0.9685, 0.6182 0.052 0.9748, 0.6182 0.2488 0.9748, 0.5854 0.052 0.9885, 0.5854 0.2488 0.9885, 0.5569 0.052 1.0088, 0.5569 0.2488 1.0088, 0.5348 0.052 1.0342, 0.5348 0.2488 1.0342, 0.5184 0.052 1.062, 0.5184 0.2488 1.062, 0.6017 0.052 1.1654, 0.6263 0.052 1.11, 0.6263 0.2488 1.11, 0.6322 0.052 1.1006, 0.6322 0.2488 1.1006, 0.6388 0.052 1.0944, 0.6388 0.2488 1.0944, 0.6464 0.052 1.0899, 0.6464 0.2488 1.0899, 0.6545 0.052 1.0875, 0.6545 0.2488 1.0875, 0.6623 0.052 1.0866, 0.6623 0.2488 1.0866, 0.92 0.052 1.1537, 0.92 0.2488 1.1537, 0.7354 0.052 1.0866, 0.7354 0.2488 1.0866, 0.4597 0.052 1.1654, 0.4636 0.052 1.1649, 0.4676 0.052 1.1637, 0.4714 0.052 1.1615, 0.9325 0.052 1.1646, 0.938 0.052 1.1654, 0.796 0.052 1.1654, 0.922 0.052 1.1571, 0.9248 0.052 1.1603, 0.9283 0.052 1.1628, 0.4747 0.052 1.1584, 0.4777 0.052 1.1537, 0.7464 0.052 1.0882, 0.7547 0.052 1.0917, 0.7618 0.052 1.0968, 0.7674 0.052 1.1032, 0.7714 0.052 1.11, 0.7464 0.2488 1.0882, 0.7547 0.2488 1.0917, 0.7618 0.2488 1.0968, 0.7674 0.2488 1.1032, 0.7714 0.2488 1.11, 0.9248 0.2488 1.1603, 0.922 0.2488 1.1571, 0.4777 0.2488 1.1537, 0.4747 0.2488 1.1584, 1.6397 -0.5346 0.5039, 1.6408 -0.536 0.5166, 1.6418 0.2567 0.5433, 1.6415 -0.5403 0.5292, 1.6417 -0.5473 0.5405, 1.6418 -0.5497 0.5434, 1.6327 -0.5346 0.46, 1.6327 0.2567 0.46, 1.6042 -0.5346 0.3773, 1.6042 0.2567 0.3773, 1.5579 -0.5346 0.3031, 1.5579 0.2567 0.3031, 1.496 -0.5346 0.2413, 1.496 0.2567 0.2413, 1.4218 -0.5346 0.1949, 1.4218 0.2567 0.1949, 1.339 -0.5346 0.1665, 1.339 0.2567 0.1665, 1.2558 0.2567 0.1575, 1.2557 -0.5346 0.1575, -0.4692 0.2488 0.0396, -0.4596 0.2488 0.0394, -0.4692 0.052 0.0397, -0.4596 0.052 0.0394, 0.4597 0.2488 0.0394, 0.4694 0.2488 0.0397, 0.4597 0.052 0.0394, 0.4694 0.052 0.0397, 0.938 0.052 0.0394, 0.9282 0.2488 0.0396, 0.938 0.2488 0.0394, 0.4692 0.2488 1.2832, 0.4597 0.2488 1.2835, 0.4694 0.052 1.2831, 0.4597 0.052 1.2835, -0.4596 0.2488 1.2835, -0.4694 0.2488 1.2832, -0.4596 0.052 1.2835, -0.4694 0.052 1.2832, -0.9284 0.2488 1.2832, -0.938 0.2488 1.2835, -0.9284 0.052 1.2832, -0.938 0.052 1.2835, 0.938 0.2488 1.2835, 0.9285 0.2488 1.2832, 0.938 0.052 1.2835, 0.9284 0.052 1.2831, -0.938 0.2488 0.0394, -0.9284 0.2488 0.0397, -0.938 0.052 0.0394, -0.9284 0.052 0.0397, 0.8164 0.2488 0.1124, 0.8164 0.052 0.1124, 0.9223 0.2488 0.0403, 0.9226 0.052 0.0422, 0.8886 0.052 0.0485, 0.8886 0.2488 0.0485, 0.8577 0.052 0.0652, 0.8577 0.2488 0.0652, 0.8323 0.052 0.0888, 0.8323 0.2488 0.0888, -0.9211 0.2488 1.2824, -0.8865 0.2488 1.2735, -0.857 0.2488 1.2572, -0.4991 0.2488 1.2777, -0.8323 0.2488 1.2341, -0.5297 0.2488 1.2643, -0.8164 0.2488 1.2104, -0.5812 0.2488 1.2105, -0.5715 0.2488 1.226, -0.5489 0.2488 1.2507, 0.5551 0.3473 1.2835, 0.5551 0.3473 1.1654, -0.5551 0.3473 1.2835, -0.5551 0.3473 1.1654, -0.6132 0.3983 1.2835, -0.6132 0.3983 1.1654, -0.6096 0.3835 1.2835, -0.6096 0.3835 1.1654, -0.604 0.3731 1.2835, -0.604 0.3731 1.1654, -0.5933 0.3613 1.2835, -0.5933 0.3613 1.1654, -0.5831 0.3542 1.2835, -0.5831 0.3542 1.1654, -0.5722 0.35 1.2835, -0.5722 0.35 1.1654, -0.0964 -1.3718 0.1575, -0.0964 -1.3718 0.0394, -0.0964 -1.759 0.1575, -0.0964 -1.8772 0.0394, -0.0964 -1.8772 0.0984, -0.095 -1.3588 0.0394, -0.0199 -1.3154 0.1575, -0.0078 -1.3207 0.1575, -0.0078 -1.3207 0.0394, -0.095 -1.3588 0.1575, -0.0903 -1.3457 0.1575, -0.0903 -1.3457 0.0394, -0.0828 -1.3341 0.1575, -0.0828 -1.3341 0.0394, -0.0727 -1.3245 0.1575, -0.0727 -1.3245 0.0394, -0.0607 -1.3176 0.1575, -0.0607 -1.3176 0.0394, -0.0474 -1.3136 0.1575, -0.0474 -1.3136 0.0394, -0.0335 -1.3129 0.1575, -0.0335 -1.3129 0.0394, -0.0199 -1.3154 0.0394, 0.2028 -1.4423 0.1575, 0.2028 -1.4423 0.0394, 0.2156 -1.4479 0.0394, 0.2156 -1.4479 0.1575, 0.2302 -1.4506 0.0394, 0.2302 -1.4506 0.1575, 0.2449 -1.4498 0.0394, 0.2449 -1.4498 0.1575, 0.2591 -1.4456 0.0394, 0.2591 -1.4456 0.1575, 0.272 -1.4382 0.0394, 0.272 -1.4382 0.1575, 0.2827 -1.428 0.0394, 0.2827 -1.428 0.1575, 0.2908 -1.4156 0.0394, 0.2908 -1.4156 0.1575, 0.2957 -1.4017 0.0394, 0.2957 -1.4017 0.1575, 0.2973 -1.3877 0.0394, 0.2973 -1.3877 0.1575, 0.2973 -0.916 0.1575, 0.2973 -0.916 0.0394, 0.2957 -0.9021 0.0394, 0.2957 -0.9021 0.1575, 0.2908 -0.8882 0.0394, 0.2908 -0.8882 0.1575, 0.2827 -0.8757 0.0394, 0.2827 -0.8757 0.1575, 0.272 -0.8656 0.0394, 0.272 -0.8656 0.1575, 0.2591 -0.8582 0.0394, 0.2591 -0.8582 0.1575, 0.2449 -0.854 0.0394, 0.2449 -0.854 0.1575, 0.2302 -0.8532 0.0394, 0.2302 -0.8532 0.1575, 0.2156 -0.8559 0.0394, 0.2156 -0.8559 0.1575, 0.2028 -0.8615 0.0394, 0.2028 -0.8615 0.1575, -0.0078 -0.9831 0.1575, -0.0078 -0.9831 0.0394, -0.0199 -0.9883 0.0394, -0.095 -0.945 0.1575, -0.0964 -0.9319 0.1575, -0.0964 -0.9319 0.0394, -0.0199 -0.9883 0.1575, -0.0335 -0.9909 0.1575, -0.0335 -0.9909 0.0394, -0.0474 -0.9901 0.1575, -0.0474 -0.9901 0.0394, -0.0607 -0.9862 0.1575, -0.0607 -0.9862 0.0394, -0.0727 -0.9793 0.1575, -0.0727 -0.9793 0.0394, -0.0828 -0.9697 0.1575, -0.0828 -0.9697 0.0394, -0.0903 -0.9581 0.1575, -0.0903 -0.9581 0.0394, -0.095 -0.945 0.0394, -0.0964 -0.4822 0.1575, -0.0964 -0.4821 0.0394, -0.095 -0.4691 0.0394, -0.0199 -0.4257 0.1575, -0.0078 -0.431 0.1575, -0.0078 -0.431 0.0394, -0.095 -0.4691 0.1575, -0.0903 -0.456 0.1575, -0.0903 -0.456 0.0394, -0.0828 -0.4444 0.1575, -0.0828 -0.4444 0.0394, -0.0727 -0.4348 0.1575, -0.0727 -0.4348 0.0394, -0.0607 -0.4279 0.1575, -0.0607 -0.4279 0.0394, -0.0474 -0.4239 0.1575, -0.0474 -0.4239 0.0394, -0.0335 -0.4232 0.1575, -0.0335 -0.4232 0.0394, -0.0199 -0.4257 0.0394, 0.2028 -0.5526 0.1575, 0.2028 -0.5526 0.0394, 0.2156 -0.5582 0.0394, 0.2156 -0.5582 0.1575, 0.2302 -0.5609 0.0394, 0.2302 -0.5609 0.1575, 0.2449 -0.5601 0.0394, 0.2449 -0.5601 0.1575, 0.2591 -0.5559 0.0394, 0.2591 -0.5559 0.1575, 0.272 -0.5485 0.0394, 0.272 -0.5485 0.1575, 0.2827 -0.5383 0.0394, 0.2827 -0.5383 0.1575, 0.2908 -0.5259 0.0394, 0.2908 -0.5259 0.1575, 0.2957 -0.512 0.0394, 0.2957 -0.512 0.1575, 0.2973 -0.4981 0.0394, 0.2973 -0.4981 0.1575, 0.2973 0.0032 0.1575, 0.2973 0.0032 0.0394, 0.2958 0.0163 0.0394, 0.2958 0.0163 0.1575, 0.2912 0.0293 0.0394, 0.2912 0.0293 0.1575, 0.2836 0.041 0.0394, 0.2836 0.041 0.1575, 0.2735 0.0505 0.0394, 0.2735 0.0505 0.1575, 0.2615 0.0575 0.0394, 0.2615 0.0575 0.1575, 0.2482 0.0614 0.0394, 0.2482 0.0614 0.1575, 0.2344 0.0621 0.0394, 0.2344 0.0621 0.1575, 0.2207 0.0596 0.0394, 0.2207 0.0596 0.1575, 0.2087 0.0543 0.0394, 0.2087 0.0543 0.1575, -0.0078 -0.0707 0.1575, -0.0078 -0.0707 0.0394, -0.0964 0.3748 0.1575, 0.9078 0.3748 0.1575, -0.0964 0.3748 0.0394, 0.9078 0.3748 0.0394, -0.0199 -0.0759 0.0394, -0.095 -0.0326 0.1575, -0.0964 -0.0195 0.1575, -0.0964 -0.0195 0.0394, -0.0199 -0.0759 0.1575, -0.0335 -0.0785 0.1575, -0.0335 -0.0785 0.0394, -0.0474 -0.0777 0.1575, -0.0474 -0.0777 0.0394, -0.0607 -0.0738 0.1575, -0.0607 -0.0738 0.0394, -0.0727 -0.0668 0.1575, -0.0727 -0.0668 0.0394, -0.0828 -0.0573 0.1575, -0.0828 -0.0573 0.0394, -0.0903 -0.0457 0.1575, -0.0903 -0.0457 0.0394, -0.095 -0.0326 0.0394, 1.2559 -1.759 0.1575, 1.2559 -1.8772 0.0984, 1.3392 -1.759 0.1666, 1.352 -1.8772 0.1089, 1.4219 -1.759 0.195, 1.4473 -1.8772 0.1417, 1.4961 -1.759 0.2413, 1.5328 -1.8772 0.1951, 1.5579 -1.759 0.3032, 1.6041 -1.8772 0.2664, 1.6042 -1.759 0.3773, 1.6575 -1.8772 0.3519, 1.6326 -1.759 0.46, 1.6903 -1.8772 0.4472, 1.6418 -1.759 0.5433, 1.7008 -1.8772 0.5433, 1.6418 0.4127 -0.2708, 1.7599 0.4127 -0.2708, 1.7599 0.4079 -0.2556, 1.6418 0.4079 -0.2556, 1.7599 0.4063 -0.2397, 1.6418 0.4063 -0.2397, 1.7599 0.4449 -0.346, 1.6418 0.4449 -0.346, 1.6418 0.454 -0.3619, 1.7599 0.454 -0.3619, 1.6418 0.4666 -0.3752, 1.7599 0.4666 -0.3752, 1.6418 0.4819 -0.3853, 1.7599 0.4819 -0.3853, 1.6418 0.4991 -0.3916, 1.7599 0.4991 -0.3916, 1.6418 0.5173 -0.3937, 1.7599 0.5173 -0.3937, 1.7599 0.689 -0.3937, 1.6418 0.689 -0.3937, 1.6418 0.7614 -0.346, 1.7599 0.7614 -0.346, 1.7599 0.7523 -0.3619, 1.6418 0.7523 -0.3619, 1.7599 0.7397 -0.3752, 1.6418 0.7397 -0.3752, 1.7599 0.7244 -0.3853, 1.6418 0.7244 -0.3853, 1.7599 0.7072 -0.3916, 1.6418 0.7072 -0.3916, 1.6418 0.7936 -0.2708, 1.7599 0.7936 -0.2708, 1.7599 -0.9874 -0.2397, 1.6418 -0.9874 -0.2397, 1.6418 -0.981 -0.2708, 1.7599 -0.981 -0.2708, 1.7599 -0.9858 -0.2556, 1.6418 -0.9858 -0.2556, 1.7599 -0.9488 -0.346, 1.6418 -0.9488 -0.346, 1.6418 -0.9397 -0.3619, 1.7599 -0.9397 -0.3619, 1.6418 -0.9271 -0.3752, 1.7599 -0.9271 -0.3752, 1.6418 -0.9118 -0.3853, 1.7599 -0.9118 -0.3853, 1.6418 -0.8946 -0.3916, 1.7599 -0.8946 -0.3916, 1.6418 -0.8764 -0.3937, 1.7599 -0.8764 -0.3937, 1.7599 -0.7834 -0.3937, 1.6418 -0.7834 -0.3937, 1.6418 -0.711 -0.346, 1.7599 -0.711 -0.346, 1.7599 -0.7202 -0.3619, 1.6418 -0.7202 -0.3619, 1.7599 -0.7327 -0.3752, 1.6418 -0.7327 -0.3752, 1.7599 -0.748 -0.3853, 1.6418 -0.748 -0.3853, 1.7599 -0.7652 -0.3916, 1.6418 -0.7652 -0.3916, 1.6418 -0.6788 -0.2708, 1.7599 -0.6788 -0.2708, 1.6418 -0.674 -0.2556, 1.7599 -0.674 -0.2556, 1.6418 -0.6724 -0.2397, 1.7599 -0.6724 -0.2397, 1.6418 0.4063 0.5315, 1.7599 0.4063 0.5315, 1.7599 0.3276 0.6102, 1.6418 0.3276 0.6102, 1.7599 0.3451 0.6083, 1.6418 0.3451 0.6083, 1.7599 0.3617 0.6024, 1.6418 0.3617 0.6024, 1.7599 0.3767 0.5931, 1.6418 0.3767 0.5931, 1.7599 0.3891 0.5806, 1.6418 0.3891 0.5806, 1.7599 0.3985 0.5657, 1.6418 0.3985 0.5657, 1.7599 0.4043 0.549, 1.6418 0.4043 0.549, -1.7598 0.7936 -0.2708, -1.6417 0.7936 -0.2708, -1.7598 0.7614 -0.346, -1.6417 0.7614 -0.346, -1.6417 0.7523 -0.3619, -1.7598 0.7523 -0.3619, -1.6417 0.7397 -0.3752, -1.7598 0.7397 -0.3752, -1.6417 0.7244 -0.3853, -1.7598 0.7244 -0.3853, -1.6417 0.7072 -0.3916, -1.7598 0.7072 -0.3916, -1.6417 0.689 -0.3937, -1.7598 0.689 -0.3937, -1.6417 0.5173 -0.3937, -1.7598 0.5173 -0.3937, -1.6417 0.4449 -0.346, -1.7598 0.4449 -0.346, -1.7598 0.454 -0.3619, -1.6417 0.454 -0.3619, -1.7598 0.4666 -0.3752, -1.6417 0.4666 -0.3752, -1.7598 0.4819 -0.3853, -1.6417 0.4819 -0.3853, -1.7598 0.4991 -0.3916, -1.6417 0.4991 -0.3916, -1.7598 0.4127 -0.2708, -1.6417 0.4127 -0.2708, -1.6417 0.4079 -0.2556, -1.7598 0.4079 -0.2556, -1.6417 0.4063 -0.2397, -1.7598 0.4063 -0.2397, -1.7598 0.4063 0.5315, -1.6417 0.4063 0.5315, -1.6417 0.3276 0.6102, -1.7598 0.3276 0.6102, -1.6417 0.3451 0.6083, -1.7598 0.3451 0.6083, -1.6417 0.3617 0.6024, -1.7598 0.3617 0.6024, -1.6417 0.3767 0.5931, -1.7598 0.3767 0.5931, -1.6417 0.3891 0.5806, -1.7598 0.3891 0.5806, -1.6417 0.3985 0.5657, -1.7598 0.3985 0.5657, -1.6417 0.4043 0.549, -1.7598 0.4043 0.549, -1.6417 -0.6788 -0.2708, -1.7598 -0.6788 -0.2708, -1.7598 -0.674 -0.2556, -1.6417 -0.674 -0.2556, -1.7598 -0.6724 -0.2397, -1.6417 -0.6724 -0.2397, -1.7598 -0.711 -0.346, -1.6417 -0.711 -0.346, -1.6417 -0.7202 -0.3619, -1.7598 -0.7202 -0.3619, -1.6417 -0.7327 -0.3752, -1.7598 -0.7327 -0.3752, -1.6417 -0.748 -0.3853, -1.7598 -0.748 -0.3853, -1.6417 -0.7652 -0.3916, -1.7598 -0.7652 -0.3916, -1.6417 -0.7834 -0.3937, -1.7598 -0.7834 -0.3937, -1.6417 -0.8764 -0.3937, -1.7598 -0.8764 -0.3937, -1.6417 -0.9488 -0.346, -1.7598 -0.9488 -0.346, -1.7598 -0.9397 -0.3619, -1.6417 -0.9397 -0.3619, -1.7598 -0.9271 -0.3752, -1.6417 -0.9271 -0.3752, -1.7598 -0.9118 -0.3853, -1.6417 -0.9118 -0.3853, -1.7598 -0.8946 -0.3916, -1.6417 -0.8946 -0.3916, -1.6417 -0.981 -0.2708, -1.7598 -0.981 -0.2708, -1.6417 -0.9858 -0.2556, -1.7598 -0.9858 -0.2556, -1.6417 -0.9874 -0.2397, -1.7598 -0.9874 -0.2397, 0.5631 0.3483 1.2835, 0.5631 0.3483 1.1654, 0.578 0.3519 1.2835, 0.578 0.3519 1.1654, 0.5884 0.3574 1.2835, 0.5884 0.3574 1.1654, 0.6002 0.3681 1.2835, 0.6002 0.3681 1.1654, 0.6072 0.3783 1.2835, 0.6072 0.3783 1.1654, 0.6114 0.3892 1.2835, 0.6114 0.3892 1.1654, 1.7008 -1.8772 0.7795, 1.6418 -1.759 0.7795, -1.3507 -1.1252 0.0484, -1.2559 -1.1252 0.0394, -1.2559 -1.8772 0.0394, -1.3507 -1.8772 0.0484, -1.4465 -1.8772 0.0768, -1.4465 -1.1252 0.0768, -1.5349 -1.8772 0.1236, -1.5349 -1.1252 0.1236, -1.6122 -1.8772 0.187, -1.6122 -1.1252 0.187, -1.6756 -1.8772 0.2643, -1.6756 -1.1252 0.2643, -1.7224 -1.8772 0.3527, -1.7224 -1.1252 0.3527, -1.7508 -1.8772 0.4485, -1.7598 -1.1101 0.5433, -1.7597 -1.1173 0.5335, -1.7598 -1.8772 0.5433, -1.7595 -1.1207 0.5266, -1.7592 -1.1232 0.5192, -1.7588 -1.1247 0.5117, -1.7583 -1.1252 0.5039, -1.7508 -1.1252 0.4485, 1.6326 -1.759 0.8628, 1.6903 -1.8772 0.8756, 1.6042 -1.759 0.9455, 1.6575 -1.8772 0.9709, 1.5579 -1.759 1.0197, 1.6041 -1.8772 1.0564, 1.4961 -1.759 1.0815, 1.5328 -1.8772 1.1277, 1.4219 -1.759 1.1278, 1.4473 -1.8772 1.1811, 1.3392 -1.759 1.1563, 1.352 -1.8772 1.2139, 1.2559 -1.759 1.1654, 1.2559 -1.8772 1.2244, -1.2559 -1.8772 1.2244, -1.2559 -1.759 1.1654, -1.7008 -1.8772 0.7795, -1.7008 -1.8771 0.5433, -1.6417 -1.759 0.7795, -1.6417 -1.759 0.5433, -0.8164 0.052 1.2104, -0.5812 0.052 1.2105, -0.5715 0.052 1.226, -0.5489 0.052 1.2507, -0.5297 0.052 1.2643, -0.4991 0.052 1.2777, 1.2559 -1.8772 1.2835, -1.2559 -1.8772 1.2835, -1.2559 0.8 1.2835, 1.2559 0.8 1.2835, -0.9211 0.052 1.2824, -0.8865 0.052 1.2735, -0.857 0.052 1.2572, -0.8323 0.052 1.2341, -1.3507 -1.8772 1.2745, -1.7508 0.8 0.8743, -1.7598 0.8 0.7795, -1.7598 -1.8772 0.7795, -1.7508 -1.8772 0.8743, -1.7224 -1.8772 0.9702, -1.7224 0.8 0.9702, -1.6756 -1.8772 1.0585, -1.6756 0.8 1.0585, -1.6122 -1.8772 1.1359, -1.6122 0.8 1.1359, -1.5349 -1.8772 1.1992, -1.5349 0.8 1.1992, -1.4465 -1.8772 1.246, -1.4465 0.8 1.246, -1.3507 0.8 1.2745, -1.6326 -1.759 0.46, -1.6903 -1.8771 0.4472, -1.6042 -1.759 0.3773, -1.6575 -1.8771 0.3519, -1.5579 -1.759 0.3032, -1.6041 -1.8771 0.2664, -1.496 -1.759 0.2413, -1.5328 -1.8771 0.1951, -1.4219 -1.759 0.195, -1.4473 -1.8771 0.1417, -1.3392 -1.759 0.1666, -1.352 -1.8771 0.1089, -1.2559 -1.759 0.1575, -1.2559 -1.8771 0.0984, -1.6041 -1.8772 0.2664, -1.5328 -1.8772 0.1951, -1.4473 -1.8772 0.1417, -1.352 -1.8772 0.1089, -0.1004 -1.8772 0.0984, -0.1004 -1.8772 0.0394, 1.2559 -1.8772 0.0394, 1.3507 -1.8772 0.0484, 1.4466 -1.8772 0.0768, 1.5349 -1.8772 0.1236, 1.6123 -1.8772 0.187, 1.6756 -1.8772 0.2643, 1.7224 -1.8772 0.3527, 1.7509 -1.8772 0.4485, 1.7599 -1.8772 0.5433, 1.7599 -1.8772 0.7795, 1.7509 -1.8772 0.8743, 1.7224 -1.8772 0.9702, 1.6756 -1.8772 1.0585, -1.5328 -1.8772 1.1277, -1.6041 -1.8772 1.0564, -1.6575 -1.8772 0.9709, -1.6903 -1.8772 0.8756, -1.6903 -1.8772 0.4472, -1.6575 -1.8772 0.3519, 1.6123 -1.8772 1.1359, 1.5349 -1.8772 1.1992, 1.4466 -1.8772 1.246, 1.3507 -1.8772 1.2745, -1.352 -1.8772 1.2139, -1.4473 -1.8772 1.1811, -0.1004 -1.759 0.1575, -0.1004 -1.3718 0.0394, -0.1004 -1.3718 0.1575, -0.0059 -1.3173 0.0394, -0.0059 -1.3173 0.1575, -0.0187 -1.3117 0.0394, -0.0187 -1.3117 0.1575, -0.0333 -1.309 0.0394, -0.0333 -1.309 0.1575, -0.0481 -1.3098 0.0394, -0.0481 -1.3098 0.1575, -0.0622 -1.314 0.0394, -0.0622 -1.314 0.1575, -0.0751 -1.3214 0.0394, -0.0751 -1.3214 0.1575, -0.0858 -1.3315 0.0394, -0.0858 -1.3315 0.1575, -0.0939 -1.344 0.0394, -0.0939 -1.344 0.1575, -0.0988 -1.3579 0.0394, -0.0988 -1.3579 0.1575, 0.2047 -1.4389 0.1575, 0.2047 -1.4389 0.0394, 0.2919 -1.4008 0.0394, 0.2933 -1.3877 0.0394, 0.2933 -1.3877 0.1575, 0.2168 -1.4441 0.1575, 0.2919 -1.4008 0.1575, 0.2872 -1.4139 0.1575, 0.2872 -1.4139 0.0394, 0.2797 -1.4255 0.1575, 0.2797 -1.4255 0.0394, 0.2696 -1.4351 0.1575, 0.2696 -1.4351 0.0394, 0.2576 -1.442 0.1575, 0.2576 -1.442 0.0394, 0.2443 -1.4459 0.1575, 0.2443 -1.4459 0.0394, 0.2304 -1.4467 0.1575, 0.2304 -1.4467 0.0394, 0.2168 -1.4441 0.0394, 0.2933 -0.916 0.1575, 0.2933 -0.916 0.0394, 0.2168 -0.8596 0.0394, 0.2047 -0.8649 0.0394, 0.2047 -0.8649 0.1575, 0.2919 -0.903 0.1575, 0.2168 -0.8596 0.1575, 0.2304 -0.8571 0.1575, 0.2304 -0.8571 0.0394, 0.2443 -0.8578 0.1575, 0.2443 -0.8578 0.0394, 0.2576 -0.8618 0.1575, 0.2576 -0.8618 0.0394, 0.2696 -0.8687 0.1575, 0.2696 -0.8687 0.0394, 0.2797 -0.8783 0.1575, 0.2797 -0.8783 0.0394, 0.2872 -0.8899 0.1575, 0.2872 -0.8899 0.0394, 0.2919 -0.903 0.0394, -0.0059 -0.9865 0.1575, -0.0059 -0.9865 0.0394, -0.1004 -0.9319 0.0394, -0.1004 -0.9319 0.1575, -0.0988 -0.9459 0.0394, -0.0988 -0.9459 0.1575, -0.0939 -0.9598 0.0394, -0.0939 -0.9598 0.1575, -0.0858 -0.9722 0.0394, -0.0858 -0.9722 0.1575, -0.0751 -0.9824 0.0394, -0.0751 -0.9824 0.1575, -0.0622 -0.9898 0.0394, -0.0622 -0.9898 0.1575, -0.0481 -0.994 0.0394, -0.0481 -0.994 0.1575, -0.0333 -0.9948 0.0394, -0.0333 -0.9948 0.1575, -0.0187 -0.9921 0.0394, -0.0187 -0.9921 0.1575, -0.1004 -0.4821 0.1575, -0.1004 -0.4821 0.0394, -0.0059 -0.4276 0.0394, -0.0059 -0.4276 0.1575, -0.0187 -0.422 0.0394, -0.0187 -0.422 0.1575, -0.0333 -0.4193 0.0394, -0.0333 -0.4193 0.1575, -0.0481 -0.4201 0.0394, -0.0481 -0.4201 0.1575, -0.0622 -0.4243 0.0394, -0.0622 -0.4243 0.1575, -0.0751 -0.4317 0.0394, -0.0751 -0.4317 0.1575, -0.0858 -0.4419 0.0394, -0.0858 -0.4419 0.1575, -0.0939 -0.4543 0.0394, -0.0939 -0.4543 0.1575, -0.0988 -0.4682 0.0394, -0.0988 -0.4682 0.1575, 0.2047 -0.5492 0.1575, 0.2047 -0.5492 0.0394, 0.2168 -0.5545 0.1575, 0.2919 -0.5111 0.0394, 0.2933 -0.4981 0.0394, 0.2933 -0.4981 0.1575, 0.2919 -0.5111 0.1575, 0.2872 -0.5242 0.1575, 0.2872 -0.5242 0.0394, 0.2797 -0.5358 0.1575, 0.2797 -0.5358 0.0394, 0.2696 -0.5454 0.1575, 0.2696 -0.5454 0.0394, 0.2576 -0.5523 0.1575, 0.2576 -0.5523 0.0394, 0.2443 -0.5563 0.1575, 0.2443 -0.5563 0.0394, 0.2304 -0.557 0.1575, 0.2304 -0.557 0.0394, 0.2168 -0.5545 0.0394, 0.2933 -0.0036 0.1575, 0.2933 -0.0036 0.0394, 0.2919 0.0094 0.1575, 0.2168 0.0528 0.0394, 0.2047 0.0475 0.0394, 0.2047 0.0475 0.1575, 0.2168 0.0528 0.1575, 0.2304 0.0553 0.1575, 0.2304 0.0553 0.0394, 0.2443 0.0546 0.1575, 0.2443 0.0546 0.0394, 0.2576 0.0506 0.1575, 0.2576 0.0506 0.0394, 0.2696 0.0437 0.1575, 0.2696 0.0437 0.0394, 0.2797 0.0342 0.1575, 0.2797 0.0342 0.0394, 0.2872 0.0225 0.1575, 0.2872 0.0225 0.0394, 0.2919 0.0094 0.0394, -0.0059 -0.0741 0.1575, -0.0059 -0.0741 0.0394, -0.1004 0.3748 0.0394, -0.9078 0.3748 0.0394, -0.1004 0.3748 0.1575, -0.9078 0.3748 0.1575, -1.7598 -1.0661 0.563, -1.6417 -1.0661 0.563, -1.7598 -1.0814 0.561, -1.6417 -1.0814 0.561, -1.7598 -1.0957 0.5551, -1.6417 -1.0957 0.5551, -1.7598 -1.1079 0.5457, -1.6417 -1.1079 0.5457, -1.6417 -1.1101 0.5433, -1.6416 -1.1173 0.5335, -1.6413 -1.1207 0.5265, -1.641 -1.1232 0.5192, -1.6404 -1.1247 0.5117, -1.6397 -1.1252 0.5039, -1.7598 -0.6724 0.5039, -1.6436 -0.6724 0.5039, -1.6417 -0.6724 0.5204, -1.6416 -0.6593 0.5406, -1.6417 -0.6574 0.5433, -1.6413 -0.6654 0.5319, -1.6415 -1.011 0.5319, -1.6417 -1.011 0.5433, -1.7598 -0.6666 0.5296, -1.642 -0.6709 0.5171, -1.7598 -0.6709 0.5171, -1.7598 -0.6595 0.5408, -1.6414 -0.6666 0.5296, -1.6417 -0.6502 0.5501, -1.7598 -0.6502 0.5501, -1.6417 -0.639 0.5571, -1.7598 -0.639 0.5571, -1.6417 -0.6265 0.5615, -1.7598 -0.6265 0.5615, -1.7598 -0.6134 0.563, -1.6417 -0.6134 0.563, -1.6417 -0.5937 0.563, -1.7598 -0.5937 0.563, -0.9724 -0.5346 0.1575, -0.9724 -0.5346 0.0394, -0.9465 -0.5375 0.0394, -0.9465 -0.5375 0.1575, -0.919 -0.5474 0.0394, -0.919 -0.5474 0.1575, -0.8948 -0.5637 0.0394, -0.8948 -0.5637 0.1575, -0.887 -0.5712 0.0394, -0.887 -0.5712 0.1575, -0.8695 -0.5948 0.0394, -0.8695 -0.5948 0.1575, -0.8587 -0.6207 0.0394, -0.8587 -0.6207 0.1575, -0.8543 -0.6527 0.0394, -0.8543 -0.6527 0.1575, -1.3507 0.2567 0.0484, -1.2559 0.2567 0.0394, -1.2559 -0.5346 0.0394, -1.7583 -0.5346 0.5039, -1.7591 -0.5361 0.5172, -1.7598 0.2567 0.5433, -1.7508 -0.5346 0.4485, -1.7596 -0.5405 0.5297, -1.7598 -0.5477 0.5409, -1.7598 -0.5497 0.5433, -1.3507 -0.5346 0.0484, -1.4465 -0.5346 0.0768, -1.4465 0.2567 0.0768, -1.5349 -0.5346 0.1236, -1.5349 0.2567 0.1236, -1.6122 -0.5346 0.187, -1.6122 0.2567 0.187, -1.6756 -0.5346 0.2643, -1.6756 0.2567 0.2643, -1.7224 -0.5346 0.3527, -1.7224 0.2567 0.3527, -1.7508 0.2567 0.4485, -1.7598 0.2567 0.5512, -1.6417 0.2567 0.5512, -1.6417 0.2567 0.5433, -1.6326 0.2567 0.46, -1.6042 0.2567 0.3773, -1.5579 0.2567 0.3032, -1.496 0.2567 0.2413, -1.093 0.2567 0.1575, -1.093 0.2567 0.0394, -1.2559 0.2567 0.1575, -1.3392 0.2567 0.1666, -1.4219 0.2567 0.195, -0.9265 0.3726 0.0394, -0.9265 0.3726 0.1575, -0.9441 0.3659 0.0394, -0.9441 0.3659 0.1575, -0.9597 0.3553 0.0394, -0.9597 0.3553 0.1575, -0.9723 0.3412 0.0394, -0.9723 0.3412 0.1575, -1.0649 0.2601 0.0394, -1.0649 0.2601 0.1575, -1.0384 0.2701 0.0394, -1.0384 0.2701 0.1575, -1.0151 0.286 0.0394, -1.0151 0.286 0.1575, -0.9962 0.3071 0.0394, -0.9962 0.3071 0.1575, -0.0988 -0.0335 0.0394, -0.0939 -0.0474 0.0394, -0.0858 -0.0598 0.0394, -0.0751 -0.07 0.0394, -0.0622 -0.0774 0.0394, -0.1004 -0.0195 0.0394, -0.0481 -0.0816 0.0394, -0.0333 -0.0824 0.0394, -0.0187 -0.0797 0.0394, -0.8988 -1.0994 0.0394, -0.8801 -1.0807 0.0394, -0.9724 -1.1252 0.0394, -0.9461 -1.1222 0.0394, -0.9212 -1.1135 0.0394, -0.866 -1.0583 0.0394, -0.8573 -1.0334 0.0394, -0.8543 -1.0071 0.0394, -1.7598 0.3158 0.6102, -1.6417 0.3158 0.6102, -1.7598 0.3005 0.6082, -1.7598 0.2862 0.6023, -1.7598 0.274 0.5929, -1.7598 0.2646 0.5807, -1.7598 0.2587 0.5665, -1.7598 0.8 -0.2397, -1.7598 0.7984 -0.2556, -1.7598 -0.5571 0.5503, -1.7598 -0.5684 0.5573, -1.7598 -0.581 0.5616, -1.6417 0.3005 0.6082, -1.6417 0.2862 0.6023, -1.6417 0.274 0.5929, -1.6417 0.2646 0.5807, -1.6417 0.2587 0.5665, -1.6397 -0.5346 0.5039, -1.6408 -0.5362 0.5171, -1.6409 -0.5363 0.5178, -1.6417 -0.581 0.5616, -1.6417 -0.5684 0.5573, -1.6417 -0.5571 0.5503, -1.6417 -0.5497 0.5433, -1.6417 -0.5479 0.5408, -1.6415 -0.5414 0.5314, -1.6414 -0.5407 0.5296, -1.6326 -0.5346 0.46, -1.6042 -0.5346 0.3773, -1.5579 -0.5346 0.3032, -1.496 -0.5346 0.2413, -1.4219 -0.5346 0.195, -1.3392 -0.5346 0.1666, -1.2559 -0.5346 0.1575, -0.8543 -1.0071 0.1575, -0.9724 -1.1252 0.1575, -1.2559 -1.1252 0.1575, -1.3392 -1.1252 0.1666, -1.4219 -1.1252 0.195, -1.496 -1.1252 0.2413, -1.6326 -1.1252 0.46, -1.6042 -1.1252 0.3773, -1.5579 -1.1252 0.3032, -0.9461 -1.1222 0.1575, -0.9212 -1.1135 0.1575, -0.8988 -1.0994 0.1575, -0.8801 -1.0807 0.1575, -0.866 -1.0583 0.1575, -0.8573 -1.0334 0.1575, -0.1004 -0.0195 0.1575, -0.0988 -0.0335 0.1575, -0.0939 -0.0474 0.1575, -0.0858 -0.0598 0.1575, -0.0751 -0.07 0.1575, -0.0622 -0.0774 0.1575, -0.0481 -0.0816 0.1575, -0.0333 -0.0824 0.1575, -0.0187 -0.0797 0.1575, -1.6417 0.7984 -0.2556, -1.6417 0.8 -0.2397, -1.5579 0.8 1.0197, -1.496 0.8 1.0815, -1.4219 0.8 1.1278, -1.3392 0.8 1.1563, -1.2559 0.8 1.1654, -1.6417 0.8 0.7795, -1.6326 0.8 0.8628, -1.6042 0.8 0.9455, -1.3392 -1.759 1.1563, -1.4219 -1.759 1.1278, -1.496 -1.759 1.0815, -1.5579 -1.759 1.0197, -1.6042 -1.759 0.9455, -1.6326 -1.759 0.8628, 1.6418 0.7984 -0.2556, 1.7599 0.7984 -0.2556, 1.6418 0.8 -0.2397, 1.7599 0.8 -0.2397, 1.6418 0.3158 0.6102, 1.7599 0.3158 0.6102, 0.8544 -0.6527 0.0394, 0.8544 -0.6527 0.1575, 0.8544 -1.0071 0.0394, 0.8544 -1.0071 0.1575, 0.8573 -1.0335 0.0394, 0.8573 -1.0335 0.1575, 0.8662 -1.0586 0.0394, 0.8662 -1.0586 0.1575, 0.8804 -1.0811 0.0394, 0.8804 -1.0811 0.1575, 0.8993 -1.0998 0.0394, 0.8993 -1.0998 0.1575, 0.9219 -1.1138 0.0394, 0.9219 -1.1138 0.1575, 0.9471 -1.1224 0.0394, 0.9471 -1.1224 0.1575, 0.9725 -1.1252 0.0394, 0.9725 -1.1252 0.1575, 1.6397 -1.1252 0.5039, 1.7583 -1.1252 0.5039, 1.6326 -1.1252 0.46, 1.7509 -1.1252 0.4485, 1.6042 -1.1252 0.3773, 1.7224 -1.1252 0.3527, 1.5579 -1.1252 0.3032, 1.6756 -1.1252 0.2643, 1.6123 -1.1252 0.187, 1.4961 -1.1252 0.2413, 1.5349 -1.1252 0.1236, 1.4219 -1.1252 0.195, 1.4466 -1.1252 0.0768, 1.3392 -1.1252 0.1666, 1.3507 -1.1252 0.0484, 1.2559 -1.1252 0.1575, 1.2559 -1.1252 0.0394, 1.7598 -1.1173 0.5335, 1.7599 -1.1101 0.5433, 1.7589 -1.1247 0.5117, 1.7593 -1.1232 0.5192, 1.7596 -1.1207 0.5265, 1.6416 -1.1173 0.5335, 1.6414 -1.1207 0.5266, 1.641 -1.1232 0.5192, 1.6405 -1.1247 0.5117, 1.6418 -1.0661 0.563, 1.7599 -1.0661 0.563, 1.6418 -1.0814 0.561, 1.7599 -1.0814 0.561, 1.6418 -1.0957 0.5551, 1.7599 -1.0957 0.5551, 1.6418 -1.1079 0.5457, 1.7599 -1.1079 0.5457, 1.6418 -1.1101 0.5433, 1.6418 -0.6724 0.5039, 1.7599 -0.6724 0.5039, 1.6418 -0.6701 0.5204, 1.6418 -0.6709 0.5171, 1.6414 -0.6665 0.5295, 1.7599 -0.6666 0.5296, 1.6415 -0.6681 0.5262, 1.7599 -0.6709 0.5171, 1.6418 -0.6134 0.563, 1.7599 -0.6134 0.563, 1.6418 -0.6265 0.5615, 1.7599 -0.6265 0.5615, 1.6418 -0.639 0.5571, 1.7599 -0.639 0.5571, 1.6418 -0.6502 0.5501, 1.7599 -0.6502 0.5501, 1.6418 -0.6574 0.5433, 1.7599 -0.6595 0.5408, 1.6414 -0.6654 0.5319, 1.6415 -0.6618 0.5378, 1.6416 -0.6595 0.5407, 1.7599 -0.5937 0.563, 1.6418 -0.5937 0.563, 1.7599 -1.1079 0.5457, 1.7599 -0.5805 0.5615, 1.7599 0.8 0.7795, 1.7599 -0.5497 0.5433, 1.7599 0.2567 0.5433, 1.7599 -0.5567 0.55, 1.7599 -0.5679 0.5571, 1.7599 0.2582 0.5643, 1.7599 0.2626 0.5768, 1.7599 0.2696 0.588, 1.7599 0.2789 0.5974, 1.7599 0.2901 0.6044, 1.7599 0.3026 0.6088, 1.7599 -0.9889 0.5171, 1.7599 -1.0957 0.5551, 1.7599 -1.0814 0.561, 1.7599 -1.0096 0.5501, 1.7599 -1.0003 0.5408, 1.7599 -0.9932 0.5296, 1.7599 0.2567 0.5512, 1.7599 -1.0333 0.5615, 1.7599 -1.0208 0.5571, 1.6418 0.3026 0.6088, 1.6418 0.2901 0.6044, 1.6418 0.2789 0.5974, 1.6418 0.2696 0.588, 1.6418 0.2626 0.5768, 1.6418 0.2582 0.5643, 1.6418 0.2567 0.5512, 0.8572 -0.6268 0.0394, 0.8572 -0.6268 0.1575, 0.8672 -0.5993 0.0394, 0.8672 -0.5993 0.1575, 0.8834 -0.5752 0.0394, 0.8834 -0.5752 0.1575, 0.8909 -0.5673 0.0394, 0.8909 -0.5673 0.1575, 0.9145 -0.5498 0.0394, 0.9145 -0.5498 0.1575, 0.9404 -0.539 0.0394, 0.9404 -0.539 0.1575, 0.9725 -0.5346 0.0394, 0.9725 -0.5346 0.1575, 1.7583 -0.5346 0.5039, 1.7599 -0.5473 0.5405, 1.7597 -0.5403 0.5292, 1.7592 -0.536 0.5166, 1.6418 -0.5805 0.5615, 1.6418 -0.5679 0.5571, 1.6418 -0.5567 0.55, 1.751 0.2567 0.4491, 1.7229 -0.5346 0.3538, 1.7229 0.2567 0.3538, 1.6766 -0.5346 0.2658, 1.6766 0.2567 0.2658, 1.6139 -0.5346 0.1887, 1.6139 0.2567 0.1887, 1.5374 -0.5346 0.1253, 1.5374 0.2567 0.1253, 1.4499 -0.5346 0.0782, 1.4499 0.2567 0.0782, 1.3548 -0.5346 0.0492, 1.3548 0.2567 0.0492, 1.2559 -0.5346 0.0394, 1.2559 0.2567 0.0394, 1.751 -0.5346 0.4491, 1.093 0.2567 0.1575, 1.093 0.2567 0.0394, 0.9265 0.3726 0.1575, 0.9265 0.3726 0.0394, 0.9442 0.3659 0.1575, 0.9442 0.3659 0.0394, 0.9597 0.3553 0.1575, 0.9597 0.3553 0.0394, 0.9723 0.3412 0.1575, 0.9723 0.3412 0.0394, 0.9963 0.3071 0.0394, 1.0151 0.286 0.0394, 1.0385 0.2701 0.0394, 1.0649 0.2601 0.0394, 1.0649 0.2601 0.1575, 1.0385 0.2701 0.1575, 1.0151 0.286 0.1575, 0.9963 0.3071 0.1575, 1.3507 0.8 1.2745, 1.4466 0.8 1.246, 1.5349 0.8 1.1992, 1.6123 0.8 1.1359, 1.6756 0.8 1.0585, 1.7224 0.8 0.9702, 1.7509 0.8 0.8743, 1.6418 0.8 0.7795, 1.6326 0.8 0.8628, 1.6042 0.8 0.9455, 1.5579 0.8 1.0197, 1.4961 0.8 1.0815, 1.2559 0.8 1.1654, 1.3392 0.8 1.1563, 1.4219 0.8 1.1278, -0.5774 0.052 0.1057, -0.5812 0.052 0.1124, -0.5812 0.2488 0.1125, -0.4977 0.2488 0.0448, -0.4977 0.052 0.0448, -0.5291 0.052 0.0581, -0.5291 0.2488 0.0581, -0.5548 0.052 0.0776, -0.5548 0.2488 0.0776, -0.5774 0.2488 0.1057, -0.9211 0.2488 0.0405, -0.8865 0.2488 0.0494, -0.8164 0.2488 0.1124, -0.8323 0.2488 0.0888, -0.857 0.2488 0.0657, -0.8164 0.052 0.1124, -0.8323 0.052 0.0888, -0.857 0.052 0.0657, -0.8865 0.052 0.0494, -0.9211 0.052 0.0405, 0.5812 0.2488 0.1124, 0.5812 0.052 0.1124, 0.5714 0.052 0.0966, 0.5714 0.2488 0.0966, 0.5487 0.052 0.072, 0.5487 0.2488 0.072, 0.5298 0.052 0.0585, 0.5298 0.2488 0.0585, 0.4992 0.052 0.0452, 0.4992 0.2488 0.0452, 0.5774 0.052 1.2171, 0.5812 0.052 1.2105, 0.5813 0.2488 1.2104, 0.4977 0.2488 1.2781, 0.4977 0.052 1.2781, 0.5291 0.052 1.2647, 0.5291 0.2488 1.2647, 0.5548 0.052 1.2453, 0.5548 0.2488 1.2453, 0.5774 0.2488 1.2171, 0.9211 0.2488 1.2824, 0.8866 0.2488 1.2735, 0.8164 0.2488 1.2104, 0.8323 0.2488 1.2341, 0.857 0.2488 1.2572, 0.9211 0.052 1.2824, 0.8866 0.052 1.2735, 0.857 0.052 1.2572, 0.8323 0.052 1.2341, 0.8164 0.052 1.2104, 1.6326 -1.759 0.46, 1.6042 -1.759 0.3773, 1.5579 -1.759 0.3032, 1.4219 -1.759 0.195, -1.6409 -0.5363 0.5178, -1.6326 -1.759 0.8628, -1.6417 -1.011 0.5204
            ]
        }
        coordIndex [
            0,1,2,-1,2,1,3,-1,2,3,4,-1,5,6,7,-1,7,6,2,-1,7,2,8,-1,8,2,4,-1,9,10,11,-1,11,10,12,-1,11,12,13,-1,13,12,14,-1,15,16,17,-1,17,16,18,-1,19,20,16,-1,16,20,21,-1,21,22,16,-1,16,22,23,-1,16,23,18,-1,24,25,26,-1,27,28,29,-1,29,28,24,-1,29,24,30,-1,30,24,26,-1,31,32,33,-1,33,32,34,-1,35,36,32,-1,32,36,37,-1,32,37,34,-1,38,39,40,-1,40,39,41,-1,40,41,42,-1,42,41,43,-1,44,45,46,-1,44,46,47,-1,47,46,48,-1,47,48,49,-1,49,48,50,-1,49,50,51,-1,51,50,52,-1,51,52,53,-1,54,55,56,-1,56,55,57,-1,56,57,58,-1,58,57,59,-1,58,59,60,-1,60,59,61,-1,60,61,62,-1,62,61,63,-1,64,65,66,-1,64,66,67,-1,67,66,68,-1,67,68,69,-1,69,68,70,-1,69,70,71,-1,72,73,74,-1,74,73,75,-1,74,75,76,-1,76,75,77,-1,76,77,78,-1,78,77,79,-1,80,81,82,-1,82,81,83,-1,82,83,84,-1,84,83,85,-1,84,85,86,-1,86,85,87,-1,86,87,88,-1,88,87,89,-1,88,89,90,-1,90,89,91,-1,90,91,92,-1,92,91,93,-1,94,95,96,-1,96,95,97,-1,96,97,98,-1,98,97,99,-1,98,99,100,-1,100,99,101,-1,100,101,102,-1,102,101,103,-1,102,103,104,-1,104,103,105,-1,104,105,106,-1,106,105,107,-1,108,109,110,-1,108,110,111,-1,111,110,112,-1,111,112,113,-1,113,112,114,-1,113,114,115,-1,115,114,116,-1,115,116,117,-1,117,116,118,-1,117,118,119,-1,119,118,120,-1,119,120,121,-1,122,123,124,-1,122,124,125,-1,125,124,126,-1,125,126,127,-1,127,126,128,-1,127,128,129,-1,129,128,130,-1,129,130,131,-1,131,130,132,-1,131,132,133,-1,133,132,121,-1,133,121,120,-1,134,135,136,-1,134,136,137,-1,137,136,138,-1,137,138,139,-1,139,138,140,-1,139,140,141,-1,141,140,142,-1,141,142,143,-1,143,142,144,-1,143,144,145,-1,145,144,146,-1,145,146,147,-1,148,149,150,-1,148,150,151,-1,151,150,152,-1,151,152,153,-1,153,152,154,-1,153,154,155,-1,155,154,156,-1,155,156,157,-1,157,156,158,-1,157,158,159,-1,159,158,160,-1,159,160,161,-1,161,160,147,-1,161,147,146,-1,63,45,62,-1,62,45,44,-1,55,54,162,-1,162,54,163,-1,162,163,164,-1,164,163,165,-1,164,165,166,-1,166,165,167,-1,166,167,168,-1,168,167,169,-1,168,169,170,-1,170,169,171,-1,170,171,122,-1,122,171,123,-1,72,71,73,-1,73,71,70,-1,149,148,172,-1,172,148,173,-1,172,173,174,-1,174,173,175,-1,174,175,176,-1,176,175,177,-1,176,177,178,-1,178,177,179,-1,178,179,180,-1,180,179,181,-1,180,181,79,-1,79,181,78,-1,135,182,173,-1,173,148,135,-1,135,148,151,-1,135,151,153,-1,135,159,161,-1,153,155,135,-1,135,155,157,-1,135,157,159,-1,140,138,142,-1,142,138,144,-1,161,146,135,-1,135,146,144,-1,135,144,136,-1,136,144,138,-1,183,181,179,-1,183,179,184,-1,184,179,177,-1,184,177,185,-1,185,177,175,-1,185,175,186,-1,186,175,173,-1,186,173,182,-1,187,172,188,-1,188,172,174,-1,188,174,189,-1,189,174,176,-1,189,176,190,-1,190,176,178,-1,190,178,191,-1,191,178,180,-1,172,187,149,-1,149,187,134,-1,149,134,150,-1,147,160,134,-1,134,160,158,-1,134,158,156,-1,156,154,134,-1,134,154,152,-1,134,152,150,-1,147,134,145,-1,145,134,137,-1,145,137,143,-1,143,137,139,-1,143,139,141,-1,95,94,191,-1,191,94,183,-1,191,183,190,-1,190,183,184,-1,190,184,189,-1,189,184,185,-1,189,185,188,-1,188,185,186,-1,188,186,187,-1,187,186,182,-1,187,182,134,-1,134,182,135,-1,192,170,109,-1,109,170,122,-1,109,122,110,-1,122,125,127,-1,127,129,122,-1,122,129,131,-1,122,131,133,-1,133,120,122,-1,122,120,118,-1,122,118,116,-1,116,114,122,-1,122,114,112,-1,122,112,110,-1,193,162,194,-1,194,162,164,-1,194,164,195,-1,195,164,166,-1,195,166,196,-1,196,166,168,-1,196,168,192,-1,192,168,170,-1,197,171,169,-1,197,169,198,-1,198,169,167,-1,198,167,199,-1,199,167,165,-1,199,165,200,-1,200,165,163,-1,200,163,201,-1,123,171,197,-1,197,108,123,-1,123,108,111,-1,123,111,113,-1,113,115,123,-1,123,115,117,-1,123,117,119,-1,119,121,123,-1,123,121,132,-1,123,132,130,-1,130,128,123,-1,123,128,126,-1,123,126,124,-1,109,108,192,-1,192,108,197,-1,192,197,196,-1,196,197,198,-1,196,198,195,-1,195,198,199,-1,195,199,194,-1,194,199,200,-1,194,200,193,-1,193,200,201,-1,193,201,80,-1,80,201,81,-1,202,203,204,-1,204,203,205,-1,204,205,206,-1,206,205,207,-1,206,207,208,-1,208,207,209,-1,208,209,210,-1,210,209,211,-1,212,213,214,-1,214,213,215,-1,214,215,211,-1,211,215,216,-1,211,216,210,-1,217,218,212,-1,212,218,219,-1,212,219,213,-1,220,221,222,-1,222,221,223,-1,222,223,224,-1,224,223,225,-1,225,223,226,-1,225,226,227,-1,227,226,228,-1,228,226,229,-1,228,229,230,-1,231,232,233,-1,233,232,234,-1,233,234,235,-1,235,234,236,-1,235,236,237,-1,237,236,238,-1,237,238,229,-1,229,238,239,-1,229,239,230,-1,240,241,242,-1,242,241,243,-1,241,240,244,-1,241,244,245,-1,245,244,246,-1,245,246,247,-1,247,246,248,-1,247,248,249,-1,249,248,250,-1,249,250,251,-1,251,250,252,-1,251,252,253,-1,254,255,256,-1,256,255,257,-1,258,259,260,-1,258,260,261,-1,261,260,262,-1,261,262,263,-1,263,262,264,-1,263,264,265,-1,265,264,266,-1,265,266,267,-1,267,266,242,-1,267,242,243,-1,268,269,252,-1,252,269,253,-1,270,271,272,-1,269,268,273,-1,273,268,274,-1,273,274,275,-1,272,271,274,-1,274,271,276,-1,274,276,275,-1,270,272,277,-1,277,272,278,-1,277,278,279,-1,279,278,280,-1,280,278,281,-1,280,281,282,-1,282,281,283,-1,282,283,284,-1,285,286,287,-1,285,287,288,-1,288,287,289,-1,288,289,290,-1,290,289,291,-1,290,291,292,-1,292,291,293,-1,292,293,294,-1,294,293,256,-1,294,256,257,-1,255,254,295,-1,255,295,296,-1,296,295,297,-1,296,297,298,-1,298,297,299,-1,298,299,300,-1,300,299,301,-1,300,301,302,-1,302,301,303,-1,302,303,304,-1,304,303,6,-1,6,303,305,-1,6,305,2,-1,259,258,306,-1,306,258,307,-1,305,308,309,-1,309,310,305,-1,305,310,311,-1,305,311,312,-1,283,281,313,-1,313,281,278,-1,313,278,272,-1,272,274,313,-1,313,274,268,-1,313,268,286,-1,286,268,252,-1,286,252,287,-1,287,252,250,-1,287,250,289,-1,289,250,248,-1,289,248,291,-1,291,248,246,-1,291,246,293,-1,293,246,244,-1,293,244,256,-1,256,244,240,-1,256,240,254,-1,254,240,242,-1,254,242,295,-1,295,242,266,-1,295,266,297,-1,297,266,264,-1,297,264,299,-1,299,264,262,-1,299,262,301,-1,301,262,260,-1,301,260,303,-1,303,260,259,-1,303,259,305,-1,305,259,306,-1,305,306,308,-1,5,7,309,-1,309,7,8,-1,309,8,310,-1,310,8,4,-1,310,4,311,-1,311,4,3,-1,311,3,312,-1,312,3,1,-1,312,1,0,-1,5,309,314,-1,314,309,308,-1,314,308,315,-1,306,307,308,-1,308,307,316,-1,308,316,315,-1,286,285,313,-1,313,285,317,-1,313,317,318,-1,282,284,318,-1,317,270,318,-1,318,270,277,-1,277,279,318,-1,318,279,280,-1,318,280,282,-1,319,320,321,-1,321,320,322,-1,320,319,323,-1,320,323,324,-1,324,323,325,-1,324,325,326,-1,326,325,327,-1,326,327,328,-1,328,327,329,-1,328,329,330,-1,330,329,331,-1,330,331,332,-1,333,334,335,-1,333,335,336,-1,336,335,337,-1,336,337,338,-1,338,337,339,-1,338,339,340,-1,340,339,341,-1,340,341,342,-1,342,341,321,-1,342,321,322,-1,343,344,345,-1,343,345,346,-1,346,345,347,-1,346,347,348,-1,348,347,349,-1,348,349,350,-1,350,349,351,-1,350,351,352,-1,352,351,353,-1,352,353,354,-1,334,333,355,-1,355,333,356,-1,357,358,353,-1,353,358,354,-1,359,360,361,-1,361,360,362,-1,361,362,363,-1,364,365,366,-1,367,368,366,-1,366,368,369,-1,366,369,364,-1,363,370,361,-1,361,370,371,-1,361,371,344,-1,344,371,331,-1,344,331,345,-1,345,331,329,-1,345,329,347,-1,347,329,327,-1,347,327,349,-1,349,327,325,-1,349,325,351,-1,351,325,323,-1,351,323,353,-1,353,323,319,-1,353,319,357,-1,357,319,321,-1,357,321,372,-1,372,321,341,-1,372,341,373,-1,373,341,339,-1,373,339,374,-1,374,339,337,-1,374,337,375,-1,375,337,335,-1,375,335,376,-1,376,335,334,-1,376,334,366,-1,366,334,355,-1,366,355,367,-1,358,357,372,-1,358,372,377,-1,377,372,373,-1,377,373,378,-1,378,373,374,-1,378,374,379,-1,379,374,375,-1,379,375,380,-1,380,375,376,-1,380,376,381,-1,381,376,10,-1,10,376,366,-1,10,366,12,-1,369,13,364,-1,364,13,14,-1,364,14,365,-1,382,9,369,-1,369,9,11,-1,369,11,13,-1,382,369,383,-1,383,369,368,-1,383,368,384,-1,384,368,367,-1,384,367,385,-1,385,367,355,-1,385,355,356,-1,344,343,361,-1,361,343,386,-1,361,386,387,-1,371,388,331,-1,331,388,332,-1,388,371,389,-1,389,371,390,-1,390,371,391,-1,391,371,370,-1,391,370,392,-1,392,370,393,-1,393,370,363,-1,393,363,394,-1,394,363,362,-1,394,362,395,-1,395,362,396,-1,396,362,360,-1,396,360,397,-1,397,360,359,-1,397,359,398,-1,397,398,387,-1,394,395,387,-1,387,395,396,-1,387,396,397,-1,386,392,387,-1,387,392,393,-1,387,393,394,-1,399,400,401,-1,399,401,402,-1,402,401,403,-1,402,403,404,-1,404,403,405,-1,404,405,406,-1,406,405,407,-1,406,407,408,-1,408,407,409,-1,408,409,410,-1,411,412,409,-1,409,412,410,-1,412,411,413,-1,412,413,414,-1,414,413,415,-1,414,415,416,-1,416,415,417,-1,416,417,418,-1,418,417,419,-1,418,419,420,-1,420,419,421,-1,420,421,422,-1,400,399,423,-1,423,399,424,-1,425,426,421,-1,421,426,422,-1,18,23,427,-1,428,426,425,-1,428,425,429,-1,425,430,429,-1,429,430,431,-1,429,431,432,-1,432,431,433,-1,432,433,434,-1,427,23,435,-1,435,23,22,-1,435,22,436,-1,436,22,21,-1,436,21,437,-1,437,21,20,-1,437,20,434,-1,434,20,438,-1,434,438,432,-1,18,427,17,-1,17,427,439,-1,17,439,15,-1,15,439,440,-1,15,440,441,-1,442,443,444,-1,442,444,445,-1,445,444,446,-1,445,446,447,-1,447,446,448,-1,447,448,449,-1,449,448,450,-1,449,450,451,-1,451,450,452,-1,451,452,453,-1,454,455,452,-1,452,455,453,-1,456,457,458,-1,458,459,456,-1,456,459,460,-1,456,460,461,-1,462,441,440,-1,437,462,436,-1,436,462,435,-1,440,439,462,-1,462,439,427,-1,462,427,435,-1,437,434,462,-1,462,434,433,-1,462,433,431,-1,431,430,462,-1,462,430,425,-1,462,425,443,-1,443,425,421,-1,443,421,444,-1,444,421,419,-1,444,419,446,-1,446,419,417,-1,446,417,448,-1,448,417,415,-1,448,415,450,-1,450,415,413,-1,450,413,452,-1,452,413,411,-1,452,411,454,-1,454,411,409,-1,454,409,463,-1,463,409,407,-1,463,407,464,-1,464,407,405,-1,464,405,465,-1,465,405,403,-1,465,403,466,-1,466,403,401,-1,466,401,467,-1,467,401,400,-1,467,400,456,-1,456,400,423,-1,456,423,457,-1,455,454,463,-1,455,463,468,-1,468,463,464,-1,468,464,469,-1,469,464,465,-1,469,465,470,-1,470,465,466,-1,470,466,471,-1,471,466,467,-1,471,467,472,-1,472,467,28,-1,28,467,456,-1,28,456,24,-1,16,462,19,-1,19,462,443,-1,19,443,442,-1,25,461,460,-1,25,460,26,-1,26,460,459,-1,26,459,30,-1,30,459,458,-1,30,458,29,-1,29,458,27,-1,27,458,457,-1,27,457,473,-1,473,457,423,-1,473,423,424,-1,474,475,476,-1,474,476,477,-1,477,476,478,-1,477,478,479,-1,479,478,480,-1,479,480,481,-1,481,480,482,-1,481,482,483,-1,483,482,484,-1,483,484,485,-1,486,487,484,-1,484,487,485,-1,487,486,488,-1,487,488,489,-1,489,488,490,-1,489,490,491,-1,491,490,492,-1,491,492,493,-1,493,492,494,-1,493,494,495,-1,495,494,496,-1,495,496,497,-1,32,498,35,-1,35,498,499,-1,35,499,500,-1,500,499,501,-1,500,501,502,-1,502,501,503,-1,502,503,504,-1,504,503,505,-1,504,505,506,-1,506,505,507,-1,506,507,508,-1,508,507,509,-1,508,509,510,-1,475,474,511,-1,511,474,512,-1,513,514,509,-1,509,514,510,-1,515,516,498,-1,498,516,517,-1,498,517,518,-1,519,520,521,-1,522,523,521,-1,521,523,524,-1,521,524,519,-1,518,525,498,-1,498,525,526,-1,498,526,499,-1,499,526,496,-1,499,496,501,-1,501,496,494,-1,501,494,503,-1,503,494,492,-1,503,492,505,-1,505,492,490,-1,505,490,507,-1,507,490,488,-1,507,488,509,-1,509,488,486,-1,509,486,513,-1,513,486,484,-1,513,484,527,-1,527,484,482,-1,527,482,528,-1,528,482,480,-1,528,480,529,-1,529,480,478,-1,529,478,530,-1,530,478,476,-1,530,476,531,-1,531,476,475,-1,531,475,521,-1,521,475,511,-1,521,511,522,-1,514,513,527,-1,514,527,532,-1,532,527,528,-1,532,528,533,-1,533,528,529,-1,533,529,534,-1,534,529,530,-1,534,530,535,-1,535,530,531,-1,535,531,536,-1,536,531,39,-1,39,531,521,-1,39,521,41,-1,43,520,519,-1,43,519,42,-1,42,519,524,-1,42,524,40,-1,40,524,38,-1,38,524,523,-1,38,523,537,-1,537,523,522,-1,537,522,538,-1,538,522,511,-1,538,511,512,-1,526,539,496,-1,496,539,497,-1,539,526,525,-1,37,36,525,-1,525,36,540,-1,525,540,539,-1,525,518,37,-1,37,518,517,-1,37,517,34,-1,34,517,516,-1,34,516,33,-1,33,516,515,-1,33,515,31,-1,541,542,543,-1,542,544,543,-1,543,544,545,-1,543,545,546,-1,541,543,547,-1,547,543,548,-1,547,548,549,-1,549,548,550,-1,549,550,551,-1,551,550,552,-1,551,552,553,-1,553,552,554,-1,553,554,555,-1,555,554,556,-1,555,556,557,-1,556,558,557,-1,557,558,559,-1,557,559,560,-1,561,562,563,-1,563,562,564,-1,565,566,567,-1,567,566,568,-1,569,570,571,-1,572,573,574,-1,574,573,575,-1,576,577,578,-1,578,577,579,-1,580,581,582,-1,582,581,583,-1,584,585,586,-1,586,585,587,-1,588,589,590,-1,590,589,591,-1,318,592,313,-1,313,592,593,-1,594,570,569,-1,569,595,594,-1,594,595,596,-1,594,596,597,-1,597,596,598,-1,597,598,599,-1,599,598,600,-1,599,600,601,-1,601,600,593,-1,601,593,592,-1,577,580,602,-1,602,603,577,-1,577,603,604,-1,577,604,605,-1,605,604,606,-1,605,606,607,-1,608,16,24,-1,24,609,608,-1,608,609,610,-1,608,610,606,-1,606,610,611,-1,606,611,607,-1,612,613,614,-1,614,613,615,-1,92,93,616,-1,92,616,617,-1,617,616,618,-1,617,618,619,-1,619,618,620,-1,619,620,621,-1,621,620,622,-1,621,622,623,-1,623,622,624,-1,623,624,625,-1,625,624,626,-1,625,626,627,-1,627,626,614,-1,627,614,615,-1,628,629,630,-1,630,629,631,-1,630,631,632,-1,633,629,628,-1,634,635,636,-1,628,637,633,-1,633,637,638,-1,633,638,639,-1,639,638,640,-1,639,640,641,-1,641,640,642,-1,641,642,643,-1,643,642,644,-1,643,644,645,-1,645,644,646,-1,645,646,647,-1,647,646,648,-1,647,648,649,-1,649,648,634,-1,649,634,650,-1,650,634,636,-1,635,651,636,-1,636,651,652,-1,652,651,653,-1,653,651,654,-1,653,654,655,-1,655,654,656,-1,655,656,657,-1,657,656,658,-1,657,658,659,-1,659,658,660,-1,659,660,661,-1,661,660,662,-1,661,662,663,-1,663,662,664,-1,663,664,665,-1,665,664,666,-1,665,666,667,-1,667,666,668,-1,667,668,669,-1,669,668,670,-1,670,671,669,-1,669,671,672,-1,672,671,673,-1,673,671,674,-1,673,674,675,-1,675,674,676,-1,675,676,677,-1,677,676,678,-1,677,678,679,-1,679,678,680,-1,679,680,681,-1,681,680,682,-1,681,682,683,-1,683,682,684,-1,683,684,685,-1,685,684,686,-1,685,686,687,-1,687,686,688,-1,687,688,689,-1,689,688,690,-1,690,691,689,-1,689,691,692,-1,693,692,691,-1,694,695,696,-1,691,697,693,-1,693,697,698,-1,693,698,699,-1,699,698,700,-1,699,700,701,-1,701,700,702,-1,701,702,703,-1,703,702,704,-1,703,704,705,-1,705,704,706,-1,705,706,707,-1,707,706,708,-1,707,708,709,-1,709,708,694,-1,709,694,710,-1,710,694,696,-1,695,711,696,-1,696,711,712,-1,713,712,711,-1,714,715,716,-1,711,717,713,-1,713,717,718,-1,713,718,719,-1,719,718,720,-1,719,720,721,-1,721,720,722,-1,721,722,723,-1,723,722,724,-1,723,724,725,-1,725,724,726,-1,725,726,727,-1,727,726,728,-1,727,728,729,-1,729,728,714,-1,729,714,730,-1,730,714,716,-1,715,731,716,-1,716,731,732,-1,732,731,733,-1,733,731,734,-1,733,734,735,-1,735,734,736,-1,735,736,737,-1,737,736,738,-1,737,738,739,-1,739,738,740,-1,739,740,741,-1,741,740,742,-1,741,742,743,-1,743,742,744,-1,743,744,745,-1,745,744,746,-1,745,746,747,-1,747,746,748,-1,747,748,749,-1,749,748,750,-1,750,751,749,-1,749,751,752,-1,752,751,753,-1,753,751,754,-1,753,754,755,-1,755,754,756,-1,755,756,757,-1,757,756,758,-1,757,758,759,-1,759,758,760,-1,759,760,761,-1,761,760,762,-1,761,762,763,-1,763,762,764,-1,763,764,765,-1,765,764,766,-1,765,766,767,-1,767,766,768,-1,767,768,769,-1,769,768,770,-1,770,771,769,-1,769,771,772,-1,773,774,775,-1,775,774,776,-1,777,772,771,-1,778,779,780,-1,771,781,777,-1,777,781,782,-1,777,782,783,-1,783,782,784,-1,783,784,785,-1,785,784,786,-1,785,786,787,-1,787,786,788,-1,787,788,789,-1,789,788,790,-1,789,790,791,-1,791,790,792,-1,791,792,793,-1,793,792,778,-1,793,778,794,-1,794,778,780,-1,630,632,795,-1,795,632,796,-1,795,796,797,-1,797,796,798,-1,797,798,799,-1,799,798,800,-1,799,800,801,-1,801,800,802,-1,801,802,803,-1,803,802,804,-1,803,804,805,-1,805,804,806,-1,805,806,807,-1,807,806,808,-1,807,808,809,-1,809,808,810,-1,811,812,813,-1,811,813,814,-1,814,813,815,-1,814,815,816,-1,817,812,818,-1,818,812,811,-1,817,818,819,-1,817,819,820,-1,820,819,821,-1,820,821,822,-1,822,821,823,-1,822,823,824,-1,824,823,825,-1,824,825,826,-1,826,825,827,-1,826,827,828,-1,829,828,830,-1,830,828,827,-1,831,832,833,-1,831,833,834,-1,834,833,835,-1,834,835,836,-1,836,835,837,-1,836,837,838,-1,838,837,839,-1,838,839,840,-1,840,839,829,-1,840,829,830,-1,841,842,831,-1,831,842,832,-1,221,220,843,-1,843,220,844,-1,845,846,847,-1,845,847,848,-1,848,847,843,-1,848,843,844,-1,846,845,849,-1,849,845,850,-1,849,850,851,-1,849,851,852,-1,852,851,853,-1,852,853,854,-1,854,853,855,-1,854,855,856,-1,856,855,857,-1,856,857,858,-1,858,857,859,-1,858,859,860,-1,860,859,861,-1,861,859,862,-1,863,864,865,-1,863,865,866,-1,866,865,867,-1,866,867,868,-1,868,867,869,-1,868,869,870,-1,870,869,871,-1,870,871,872,-1,872,871,861,-1,872,861,862,-1,873,874,863,-1,863,874,864,-1,874,873,875,-1,874,875,876,-1,876,875,877,-1,876,877,878,-1,879,816,880,-1,880,816,815,-1,881,882,883,-1,883,882,884,-1,883,884,885,-1,885,884,886,-1,885,886,887,-1,887,886,888,-1,887,888,889,-1,889,888,890,-1,889,890,891,-1,891,890,892,-1,891,892,893,-1,893,892,894,-1,893,894,880,-1,880,894,879,-1,895,896,897,-1,897,896,898,-1,897,898,899,-1,897,899,900,-1,900,899,901,-1,900,901,902,-1,902,901,903,-1,902,903,904,-1,904,903,905,-1,904,905,906,-1,906,905,907,-1,906,907,908,-1,907,909,908,-1,908,909,910,-1,911,912,913,-1,911,913,914,-1,914,913,915,-1,914,915,916,-1,916,915,917,-1,916,917,918,-1,918,917,919,-1,918,919,920,-1,920,919,910,-1,920,910,909,-1,921,912,922,-1,922,912,911,-1,921,922,923,-1,921,923,924,-1,924,923,925,-1,924,925,926,-1,927,926,928,-1,928,926,925,-1,929,930,931,-1,931,930,932,-1,931,932,933,-1,933,932,934,-1,933,934,935,-1,935,934,936,-1,935,936,937,-1,937,936,938,-1,937,938,939,-1,939,938,940,-1,939,940,941,-1,941,940,942,-1,941,942,928,-1,928,942,927,-1,943,944,945,-1,943,945,946,-1,946,945,947,-1,946,947,948,-1,944,943,949,-1,949,943,950,-1,949,950,951,-1,949,951,952,-1,952,951,953,-1,952,953,954,-1,954,953,955,-1,954,955,956,-1,956,955,957,-1,956,957,958,-1,958,957,959,-1,958,959,960,-1,961,962,959,-1,959,962,960,-1,963,964,965,-1,963,965,966,-1,966,965,967,-1,966,967,968,-1,968,967,969,-1,968,969,970,-1,970,969,971,-1,970,971,972,-1,972,971,962,-1,972,962,961,-1,973,974,963,-1,963,974,964,-1,974,973,975,-1,974,975,976,-1,976,975,977,-1,976,977,978,-1,217,978,218,-1,218,978,977,-1,613,612,979,-1,613,979,980,-1,980,979,981,-1,980,981,982,-1,982,981,983,-1,982,983,984,-1,984,983,985,-1,984,985,986,-1,986,985,987,-1,986,987,988,-1,988,987,989,-1,988,989,990,-1,990,989,106,-1,990,106,107,-1,810,991,809,-1,809,991,992,-1,993,994,995,-1,995,996,993,-1,993,996,997,-1,993,997,998,-1,998,997,999,-1,998,999,1000,-1,1000,999,1001,-1,1000,1001,1002,-1,1002,1001,1003,-1,1002,1003,1004,-1,1004,1003,1005,-1,1004,1005,1006,-1,1006,1005,1007,-1,1008,1009,1010,-1,1010,1009,1011,-1,1010,1011,1012,-1,1012,1013,1010,-1,1010,1013,1014,-1,1010,1014,1007,-1,1007,1014,1015,-1,1007,1015,1006,-1,992,991,1016,-1,1016,991,1017,-1,1016,1017,1018,-1,1018,1017,1019,-1,1018,1019,1020,-1,1020,1019,1021,-1,1020,1021,1022,-1,1022,1021,1023,-1,1022,1023,1024,-1,1024,1023,1025,-1,1024,1025,1026,-1,1026,1025,1027,-1,1026,1027,1028,-1,1028,1027,1029,-1,1029,1030,1028,-1,1028,1030,1031,-1,1032,1033,1034,-1,1034,1033,1035,-1,16,608,462,-1,462,608,1036,-1,609,24,1037,-1,1037,24,456,-1,609,1037,1038,-1,609,1038,610,-1,610,1038,1039,-1,610,1039,611,-1,611,1039,1040,-1,611,1040,607,-1,607,1040,1041,-1,607,1041,605,-1,605,1041,579,-1,605,579,577,-1,81,201,163,-1,574,575,1042,-1,574,1042,587,-1,573,572,612,-1,578,579,1043,-1,91,89,1044,-1,91,1044,93,-1,72,74,584,-1,584,74,76,-1,616,93,581,-1,581,93,1044,-1,581,1044,583,-1,583,1044,1043,-1,583,1043,582,-1,582,1043,579,-1,54,85,163,-1,163,85,83,-1,163,83,81,-1,985,983,585,-1,585,983,981,-1,585,981,572,-1,572,981,979,-1,572,979,612,-1,587,1042,586,-1,586,1042,1045,-1,586,1045,584,-1,584,1045,64,-1,584,64,67,-1,183,94,181,-1,181,94,96,-1,181,96,78,-1,96,98,78,-1,78,98,100,-1,78,100,76,-1,584,989,585,-1,585,989,987,-1,585,987,985,-1,56,89,54,-1,54,89,87,-1,54,87,85,-1,67,69,584,-1,584,69,71,-1,584,71,72,-1,626,624,580,-1,624,622,580,-1,580,622,620,-1,580,620,581,-1,581,620,618,-1,581,618,616,-1,100,102,76,-1,76,102,104,-1,76,104,584,-1,584,104,106,-1,584,106,989,-1,612,614,573,-1,573,614,576,-1,573,576,575,-1,575,576,578,-1,575,578,1042,-1,1042,578,1043,-1,49,51,53,-1,626,580,614,-1,614,580,577,-1,614,577,576,-1,49,53,47,-1,56,58,89,-1,89,58,60,-1,89,60,1044,-1,1044,60,62,-1,1044,62,53,-1,53,62,44,-1,53,44,47,-1,580,582,1046,-1,580,1046,602,-1,602,1046,1047,-1,602,1047,603,-1,603,1047,1048,-1,603,1048,604,-1,604,1048,1049,-1,604,1049,606,-1,606,1049,1036,-1,606,1036,608,-1,1046,582,579,-1,1040,1049,1041,-1,1041,1049,1048,-1,1041,1048,579,-1,579,1048,1047,-1,579,1047,1046,-1,456,462,1037,-1,1037,462,1036,-1,1037,1036,1038,-1,1038,1036,1049,-1,1038,1049,1039,-1,1039,1049,1040,-1,1050,1043,1044,-1,1051,1052,1053,-1,1053,1054,1051,-1,1051,1054,1055,-1,1051,1055,1056,-1,1056,1055,1057,-1,1056,1057,1058,-1,1058,1057,1059,-1,1058,1059,1060,-1,1060,1059,1061,-1,1060,1061,1062,-1,1062,1061,1063,-1,1062,1063,1064,-1,1064,1063,1050,-1,1064,1050,1065,-1,1065,1050,1044,-1,1035,1033,1066,-1,1066,1033,1067,-1,1066,1067,1068,-1,1068,1067,1069,-1,1068,1069,1070,-1,1070,1069,1071,-1,1070,1071,1072,-1,1072,1071,1073,-1,1072,1073,1074,-1,1074,1073,1075,-1,1074,1075,1076,-1,1076,1075,1077,-1,1076,1077,1078,-1,1078,1077,1079,-1,1080,1001,1081,-1,1081,1001,999,-1,1081,999,1082,-1,1082,999,997,-1,1082,997,1083,-1,1083,997,996,-1,1083,996,1079,-1,1079,996,995,-1,1079,995,1084,-1,1084,995,1085,-1,632,631,796,-1,796,631,1086,-1,796,1086,798,-1,798,1086,1087,-1,798,1087,800,-1,800,1087,1088,-1,800,1088,802,-1,1088,1089,802,-1,802,1089,1090,-1,802,1090,804,-1,804,1090,1091,-1,804,1091,806,-1,806,1091,1092,-1,806,1092,808,-1,808,1092,1093,-1,808,1093,810,-1,810,1093,1094,-1,810,1094,991,-1,991,1094,1095,-1,991,1095,1017,-1,1017,1095,1096,-1,1017,1096,1019,-1,1019,1096,1097,-1,1019,1097,1021,-1,1021,1097,1098,-1,1021,1098,1023,-1,1099,1059,1100,-1,1100,1059,1057,-1,1100,1057,1101,-1,1101,1057,1055,-1,1101,1055,1102,-1,1102,1055,1054,-1,1102,1054,1032,-1,1032,1054,1053,-1,1032,1053,1033,-1,1033,1053,1010,-1,1033,1010,1103,-1,1103,1010,1007,-1,1103,1007,1104,-1,1104,1007,1005,-1,1104,1005,1080,-1,1080,1005,1003,-1,1080,1003,1001,-1,1098,1105,1023,-1,1023,1105,1106,-1,1023,1106,1025,-1,1025,1106,1107,-1,1025,1107,1027,-1,1027,1107,1108,-1,1027,1108,1029,-1,1029,1108,1042,-1,1029,1042,1030,-1,1030,1042,1043,-1,1030,1043,1109,-1,1109,1043,1050,-1,1109,1050,1110,-1,1110,1050,1063,-1,1110,1063,1099,-1,1099,1063,1061,-1,1099,1061,1059,-1,1084,1111,1079,-1,1079,1111,1078,-1,1112,1113,1085,-1,1085,1113,1111,-1,1085,1111,1084,-1,1114,1115,1116,-1,1116,1115,1117,-1,1116,1117,1118,-1,1118,1117,1119,-1,1118,1119,1120,-1,1120,1119,1121,-1,1120,1121,1122,-1,1122,1121,1123,-1,1122,1123,1124,-1,1124,1123,1125,-1,1124,1125,1126,-1,1126,1125,1127,-1,1126,1127,1128,-1,1128,1127,1129,-1,1128,1129,1130,-1,1130,1129,1131,-1,1130,1131,1112,-1,1112,1131,1113,-1,1132,1115,1133,-1,1133,1115,1114,-1,1134,1135,1136,-1,1137,1132,1133,-1,1136,1138,1134,-1,1134,1138,1139,-1,1134,1139,1140,-1,1140,1139,1141,-1,1140,1141,1142,-1,1142,1141,1143,-1,1142,1143,1144,-1,1144,1143,1145,-1,1144,1145,1146,-1,1146,1145,1147,-1,1146,1147,1148,-1,1148,1147,1149,-1,1148,1149,1150,-1,1150,1149,1137,-1,1150,1137,1151,-1,1151,1137,1133,-1,1152,1136,1153,-1,1153,1136,1135,-1,1154,1155,1156,-1,1157,1152,1153,-1,1156,1158,1154,-1,1154,1158,1159,-1,1154,1159,1160,-1,1160,1159,1161,-1,1160,1161,1162,-1,1162,1161,1163,-1,1162,1163,1164,-1,1164,1163,1165,-1,1164,1165,1166,-1,1166,1165,1167,-1,1166,1167,1168,-1,1168,1167,1169,-1,1168,1169,1170,-1,1170,1169,1157,-1,1170,1157,1171,-1,1171,1157,1153,-1,1172,1156,1173,-1,1173,1156,1155,-1,1174,1175,1176,-1,1176,1175,1177,-1,1176,1177,1178,-1,1178,1177,1179,-1,1178,1179,1180,-1,1180,1179,1181,-1,1180,1181,1182,-1,1182,1181,1183,-1,1182,1183,1184,-1,1184,1183,1185,-1,1184,1185,1186,-1,1186,1185,1187,-1,1186,1187,1188,-1,1188,1187,1189,-1,1188,1189,1190,-1,1190,1189,1191,-1,1190,1191,1173,-1,1173,1191,1172,-1,1192,1175,1193,-1,1193,1175,1174,-1,1194,1195,1196,-1,1196,1195,1197,-1,1196,1197,1198,-1,1198,1197,1199,-1,1198,1199,1200,-1,1200,1199,1201,-1,1200,1201,1202,-1,1202,1201,1203,-1,1202,1203,1204,-1,1204,1203,1205,-1,1204,1205,1206,-1,1206,1205,1207,-1,1206,1207,1208,-1,1208,1207,1209,-1,1208,1209,1210,-1,1210,1209,1211,-1,1210,1211,1193,-1,1193,1211,1192,-1,1212,1195,1213,-1,1213,1195,1194,-1,1214,1212,1213,-1,1215,1216,1217,-1,1217,1218,1215,-1,1215,1218,1219,-1,1215,1219,1220,-1,1220,1219,1221,-1,1220,1221,1222,-1,1222,1221,1223,-1,1222,1223,1224,-1,1224,1223,1225,-1,1224,1225,1226,-1,1226,1225,1227,-1,1226,1227,1228,-1,1228,1227,1229,-1,1228,1229,1230,-1,1230,1229,1214,-1,1230,1214,1231,-1,1231,1214,1213,-1,1232,1217,1233,-1,1233,1217,1216,-1,1234,1232,1233,-1,1235,1236,1237,-1,1237,1238,1235,-1,1235,1238,1239,-1,1235,1239,1240,-1,1240,1239,1241,-1,1240,1241,1242,-1,1242,1241,1243,-1,1242,1243,1244,-1,1244,1243,1245,-1,1244,1245,1246,-1,1246,1245,1247,-1,1246,1247,1248,-1,1248,1247,1249,-1,1248,1249,1250,-1,1250,1249,1234,-1,1250,1234,1251,-1,1251,1234,1233,-1,1252,1237,1253,-1,1253,1237,1236,-1,1254,1255,1256,-1,1256,1255,1257,-1,1258,1259,1260,-1,1260,1259,1261,-1,1260,1261,1262,-1,1262,1261,1263,-1,1262,1263,1264,-1,1264,1263,1265,-1,1264,1265,1008,-1,1008,1265,1266,-1,1008,1266,1009,-1,1009,1266,1267,-1,1009,1267,1011,-1,1011,1267,1268,-1,1011,1268,1012,-1,1012,1268,1269,-1,1012,1269,1013,-1,1013,1269,1270,-1,1013,1270,1014,-1,1014,1270,1271,-1,947,1272,948,-1,948,1272,1273,-1,948,1273,1274,-1,1275,1276,210,-1,1277,1275,1278,-1,1278,1275,210,-1,1278,210,1279,-1,1280,1281,1282,-1,1282,1281,1273,-1,1282,1273,1272,-1,1276,1275,1283,-1,1283,1275,1277,-1,1283,1277,1280,-1,1280,1277,1284,-1,1280,1284,1281,-1,1276,1283,1285,-1,1285,1283,1286,-1,1285,1286,1287,-1,1287,1286,1288,-1,1287,1288,1289,-1,1288,1290,1289,-1,1289,1290,1291,-1,1289,1291,1292,-1,1292,1291,1293,-1,1293,1291,1294,-1,1295,1296,1297,-1,1295,1297,1298,-1,1298,1297,1299,-1,1298,1299,1300,-1,1300,1299,1301,-1,1300,1301,1302,-1,1302,1301,1303,-1,1302,1303,1304,-1,1304,1303,1305,-1,1304,1305,1306,-1,1306,1305,1307,-1,1306,1307,1308,-1,1308,1307,1309,-1,1308,1309,1310,-1,1311,1312,1313,-1,1314,1315,1316,-1,1314,1316,1317,-1,1315,1318,1316,-1,1316,1318,1319,-1,1316,1319,1320,-1,1313,1321,1311,-1,1311,1321,1322,-1,1311,1322,1323,-1,1323,1322,1324,-1,1323,1324,1325,-1,1325,1324,1326,-1,1325,1326,1327,-1,1327,1326,1328,-1,1327,1328,1329,-1,1329,1328,1330,-1,1329,1330,1331,-1,1331,1330,1317,-1,1331,1317,1332,-1,1332,1317,1316,-1,1333,1334,1316,-1,1316,1334,1335,-1,1316,1335,1332,-1,1332,1335,1336,-1,1332,1336,1331,-1,1331,1336,1337,-1,1331,1337,1329,-1,1329,1337,1338,-1,1329,1338,1327,-1,1327,1338,1339,-1,1340,1341,1342,-1,1342,1341,1312,-1,1342,1312,1343,-1,1343,1312,1311,-1,1343,1311,1344,-1,1344,1311,1323,-1,1344,1323,1339,-1,1339,1323,1325,-1,1339,1325,1327,-1,1257,1255,1345,-1,1257,1345,1346,-1,1346,1345,1347,-1,1346,1347,1348,-1,1348,1347,1349,-1,1348,1349,1350,-1,1350,1349,1351,-1,1350,1351,1352,-1,1341,1340,1353,-1,1353,1340,1354,-1,1353,1354,1355,-1,1355,1354,1356,-1,1355,1356,1357,-1,1357,1356,1358,-1,1357,1358,1359,-1,1359,1358,1360,-1,1313,1312,1341,-1,1313,1341,590,-1,1341,1353,590,-1,590,1353,1355,-1,590,1355,588,-1,589,1255,561,-1,561,1255,1254,-1,561,1254,562,-1,1349,1347,589,-1,589,1347,1345,-1,589,1345,1255,-1,1355,1357,588,-1,588,1357,1359,-1,588,1359,589,-1,589,1359,1351,-1,589,1351,1349,-1,1200,1202,1307,-1,1307,1202,1204,-1,1307,1204,1206,-1,1180,1182,995,-1,995,1182,1184,-1,1190,1133,1114,-1,1361,1362,564,-1,564,1362,1363,-1,564,1363,1194,-1,1194,1363,1364,-1,1194,1364,1365,-1,1226,1228,1253,-1,1190,1114,1188,-1,1194,1196,564,-1,564,1196,1198,-1,564,1198,1200,-1,562,1254,564,-1,564,1254,1366,-1,564,1366,1361,-1,1365,1367,1194,-1,1194,1367,1368,-1,1194,1368,1213,-1,1213,1368,1369,-1,1213,1369,1231,-1,1231,1369,1253,-1,1231,1253,1230,-1,1230,1253,1228,-1,1122,1124,1186,-1,1186,1124,1126,-1,1133,1190,1151,-1,1151,1190,1173,-1,1151,1173,1150,-1,1307,1305,1200,-1,1200,1305,1303,-1,1200,1303,564,-1,564,1303,1301,-1,564,1301,563,-1,563,1301,1299,-1,563,1299,591,-1,591,1299,1297,-1,591,1297,590,-1,590,1297,1296,-1,590,1296,1313,-1,1085,995,1112,-1,1112,995,1184,-1,1112,1184,1130,-1,1130,1184,1186,-1,1130,1186,1128,-1,1128,1186,1126,-1,1134,1173,1135,-1,1135,1173,1155,-1,1135,1155,1153,-1,1236,1216,1253,-1,1253,1216,1215,-1,1253,1215,1220,-1,1370,1371,1176,-1,994,1372,995,-1,995,1372,1373,-1,1114,1116,1188,-1,1188,1116,1118,-1,1188,1118,1186,-1,1186,1118,1120,-1,1186,1120,1122,-1,1153,1155,1171,-1,1171,1155,1154,-1,1171,1154,1170,-1,1134,1140,1173,-1,1173,1140,1142,-1,1173,1142,1144,-1,1220,1222,1253,-1,1253,1222,1224,-1,1253,1224,1226,-1,1248,1235,1240,-1,1248,1250,1235,-1,1235,1250,1251,-1,1235,1251,1236,-1,1236,1251,1233,-1,1236,1233,1216,-1,1180,995,1178,-1,1178,995,1373,-1,1178,1373,1176,-1,1176,1373,1374,-1,1176,1374,1370,-1,1144,1146,1173,-1,1173,1146,1148,-1,1173,1148,1150,-1,1164,1166,1162,-1,1162,1166,1160,-1,1160,1166,1154,-1,1154,1166,1168,-1,1154,1168,1170,-1,1240,1242,1248,-1,1248,1242,1244,-1,1248,1244,1246,-1,1371,1375,1176,-1,1176,1375,1376,-1,1176,1376,1377,-1,1206,1208,1307,-1,1307,1208,1210,-1,1307,1210,1309,-1,1309,1210,1193,-1,1309,1193,1377,-1,1377,1193,1174,-1,1377,1174,1176,-1,1360,1352,1359,-1,1359,1352,1351,-1,1378,930,1379,-1,1379,930,929,-1,942,940,1052,-1,1052,940,938,-1,938,936,1052,-1,1052,936,934,-1,1052,934,932,-1,1008,1010,1264,-1,1264,1010,1053,-1,1264,1053,1262,-1,1380,1381,1320,-1,1320,1381,1382,-1,1320,1382,1383,-1,1383,1384,1320,-1,1320,1384,1333,-1,1320,1333,1316,-1,912,921,895,-1,203,1258,1053,-1,1053,1258,1260,-1,1053,1260,1262,-1,1385,926,1052,-1,1052,926,927,-1,1052,927,942,-1,1385,1386,926,-1,926,1386,895,-1,926,895,924,-1,924,895,921,-1,1320,1387,1380,-1,1380,1387,1388,-1,1380,1388,1389,-1,932,930,1052,-1,1052,930,1378,-1,1052,1378,1053,-1,1053,1378,1380,-1,1053,1380,203,-1,203,1380,205,-1,205,1288,1286,-1,908,910,912,-1,912,910,919,-1,919,917,912,-1,912,917,915,-1,912,915,913,-1,1389,1294,1380,-1,1380,1294,1291,-1,1380,1291,205,-1,205,1291,1290,-1,205,1290,1288,-1,211,209,1280,-1,912,895,908,-1,908,895,897,-1,908,897,900,-1,212,1282,1272,-1,1286,1283,205,-1,205,1283,1280,-1,205,1280,207,-1,207,1280,209,-1,1282,212,1280,-1,1280,212,214,-1,1280,214,211,-1,900,902,908,-1,908,902,904,-1,908,904,906,-1,947,978,1272,-1,1272,978,217,-1,1272,217,212,-1,947,945,978,-1,978,945,944,-1,978,944,976,-1,976,944,974,-1,969,967,944,-1,956,949,954,-1,954,949,952,-1,969,944,971,-1,967,965,944,-1,944,965,964,-1,944,964,974,-1,956,958,949,-1,949,958,960,-1,949,960,944,-1,944,960,962,-1,944,962,971,-1,1378,1379,1380,-1,1380,1379,1390,-1,1380,1390,1381,-1,1381,1390,1391,-1,1381,1391,1382,-1,1382,1391,1392,-1,1382,1392,1383,-1,1383,1392,1393,-1,1383,1393,1384,-1,1384,1393,1394,-1,1384,1394,1333,-1,1333,1394,1334,-1,1314,1395,1396,-1,1314,1396,1315,-1,1315,1396,1397,-1,1315,1397,1318,-1,1293,1294,1398,-1,1398,1294,1389,-1,1398,1389,1399,-1,1399,1389,1388,-1,1399,1388,1400,-1,1400,1388,1387,-1,1400,1387,1401,-1,1401,1387,1320,-1,1401,1320,1402,-1,1402,1320,1319,-1,1402,1319,1403,-1,1403,1319,1318,-1,1403,1318,1404,-1,1404,1318,1397,-1,1395,1314,1405,-1,1405,1314,1317,-1,1405,1317,1406,-1,1406,1317,1330,-1,1406,1330,1407,-1,1330,1328,1407,-1,1407,1328,1326,-1,1407,1326,1408,-1,1408,1326,1324,-1,1408,1324,1409,-1,1409,1324,1322,-1,1409,1322,1410,-1,1410,1322,1321,-1,1410,1321,1411,-1,1411,1321,1313,-1,1411,1313,1295,-1,1295,1313,1296,-1,1310,1309,1412,-1,1412,1309,1377,-1,1413,1372,1414,-1,1414,1372,994,-1,1414,994,1415,-1,1415,994,993,-1,1415,993,1416,-1,1416,993,998,-1,1416,998,1417,-1,1014,1271,1015,-1,1015,1271,1418,-1,1015,1418,1006,-1,1006,1418,1419,-1,1006,1419,1004,-1,1004,1419,1420,-1,1004,1420,1002,-1,1002,1420,1417,-1,1002,1417,1000,-1,1000,1417,998,-1,1372,1413,1373,-1,1373,1413,1421,-1,1373,1421,1374,-1,1374,1421,1422,-1,1374,1422,1370,-1,1370,1422,1423,-1,1370,1423,1371,-1,1371,1423,1424,-1,1371,1424,1375,-1,1375,1424,1425,-1,1375,1425,1376,-1,1376,1425,1426,-1,1376,1426,1377,-1,1377,1426,1412,-1,203,202,1258,-1,1258,202,1259,-1,1366,1427,1361,-1,1361,1427,1428,-1,1361,1428,1362,-1,1362,1428,1429,-1,1362,1429,1363,-1,1363,1429,1430,-1,1363,1430,1364,-1,1364,1430,1431,-1,1364,1431,1365,-1,1365,1431,1432,-1,1365,1432,1367,-1,1367,1432,1433,-1,1367,1433,1368,-1,1368,1433,1434,-1,1368,1434,1369,-1,1369,1434,1435,-1,1369,1435,1253,-1,1253,1435,1252,-1,1366,1254,1427,-1,1427,1254,1256,-1,896,895,1386,-1,896,1386,1436,-1,1436,1386,1385,-1,1436,1385,1437,-1,1438,1060,1439,-1,1439,1060,1062,-1,1439,1062,1440,-1,1440,1062,1064,-1,1440,1064,1441,-1,1441,1064,1065,-1,1441,1065,1442,-1,1442,1065,1044,-1,1442,1044,52,-1,52,1044,53,-1,1437,1385,1443,-1,1443,1385,1052,-1,1443,1052,1444,-1,1444,1052,1051,-1,1444,1051,1445,-1,1445,1051,1056,-1,1445,1056,1438,-1,1438,1056,1058,-1,1438,1058,1060,-1,1031,1030,1446,-1,1446,1030,1109,-1,1446,1109,1447,-1,1447,1109,1110,-1,1447,1110,1448,-1,1448,1110,1099,-1,1448,1099,1449,-1,1449,1099,1100,-1,1449,1100,1450,-1,1450,1100,1101,-1,1450,1101,1451,-1,1451,1101,1102,-1,1451,1102,1034,-1,1034,1102,1032,-1,842,841,1452,-1,842,1452,1453,-1,1453,1452,1454,-1,1453,1454,1455,-1,1456,882,1457,-1,1457,882,881,-1,1458,1459,1460,-1,1460,1459,1461,-1,1460,1461,1462,-1,1462,1461,1463,-1,1462,1463,1464,-1,1464,1463,1465,-1,1464,1465,1466,-1,1466,1465,1467,-1,1466,1467,1468,-1,1468,1467,1469,-1,1468,1469,1470,-1,1470,1469,1471,-1,1470,1471,1472,-1,1472,1471,1473,-1,1472,1473,1474,-1,1474,1473,1475,-1,1476,1477,1478,-1,1478,1477,1479,-1,1478,1479,1480,-1,1480,1479,1481,-1,1480,1481,1482,-1,1481,1483,1482,-1,1482,1483,1484,-1,1482,1484,1485,-1,1485,1484,1486,-1,1485,1486,1487,-1,1487,1486,1488,-1,1487,1488,1489,-1,1489,1488,1490,-1,1489,1490,1491,-1,1491,1490,1492,-1,1491,1492,1475,-1,1475,1492,1474,-1,1493,1494,1094,-1,1087,1086,1492,-1,1477,1495,1094,-1,1477,1094,1479,-1,1495,1496,1094,-1,1094,1496,1497,-1,1094,1497,1493,-1,1094,1093,1479,-1,1479,1093,1092,-1,1479,1092,1481,-1,1481,1092,1091,-1,1481,1091,1483,-1,1483,1091,1090,-1,1483,1090,1484,-1,1484,1090,1089,-1,1484,1089,1486,-1,1486,1089,1088,-1,1486,1088,1488,-1,1488,1088,1087,-1,1488,1087,1490,-1,1490,1087,1492,-1,1498,1497,1499,-1,1499,1497,1496,-1,1499,1496,1500,-1,1500,1496,1495,-1,1500,1495,1501,-1,1501,1495,1477,-1,1501,1477,1476,-1,1502,1503,1504,-1,1504,1503,1505,-1,1504,1505,1506,-1,1506,1505,1507,-1,1506,1507,1508,-1,1508,1507,1509,-1,1508,1509,1510,-1,1510,1509,1494,-1,1510,1494,1498,-1,1498,1494,1493,-1,1498,1493,1497,-1,231,1503,232,-1,232,1503,1502,-1,1511,1512,877,-1,877,1512,878,-1,224,1513,1514,-1,873,845,875,-1,875,845,877,-1,845,848,877,-1,877,848,844,-1,877,844,1511,-1,1511,844,220,-1,1511,220,1514,-1,1514,220,222,-1,1514,222,224,-1,862,863,866,-1,857,850,859,-1,859,850,845,-1,859,845,862,-1,862,845,873,-1,862,873,863,-1,857,855,850,-1,850,855,853,-1,850,853,851,-1,866,868,862,-1,862,868,870,-1,862,870,872,-1,1515,1516,1517,-1,1517,1516,1518,-1,1517,1518,1513,-1,1513,1518,1514,-1,1514,1518,1512,-1,1514,1512,1511,-1,1519,1520,1521,-1,1521,1520,1522,-1,1521,1522,1523,-1,1523,1522,1524,-1,1523,1524,1525,-1,1525,1524,1526,-1,1525,1526,1527,-1,1527,1526,1528,-1,1515,1529,1516,-1,1516,1529,1530,-1,1516,1530,1528,-1,1528,1530,1531,-1,1528,1531,1527,-1,1520,1519,1532,-1,1532,1519,1533,-1,1094,1494,1095,-1,1095,1494,1534,-1,1532,1535,1536,-1,1537,1538,1539,-1,1539,1538,1540,-1,1518,1516,1095,-1,1095,1516,1528,-1,1532,1536,1520,-1,1520,1536,1095,-1,1520,1095,1522,-1,881,883,1536,-1,1536,883,885,-1,1528,1526,1095,-1,1095,1526,1524,-1,1095,1524,1522,-1,1541,1542,1535,-1,1535,1542,1543,-1,1535,1543,1544,-1,1544,1545,1535,-1,1535,1545,1546,-1,1535,1546,1536,-1,1536,1546,1457,-1,1536,1457,881,-1,885,887,1536,-1,1536,887,889,-1,1536,889,891,-1,1518,1547,221,-1,1534,1548,1095,-1,1095,1548,1549,-1,1095,1549,1503,-1,1550,1551,1518,-1,1518,1551,1552,-1,1518,1552,1547,-1,1540,1538,1535,-1,1535,1538,1553,-1,1535,1553,1541,-1,815,813,842,-1,842,813,812,-1,842,812,817,-1,891,893,1536,-1,1536,893,880,-1,1536,880,1455,-1,1455,880,815,-1,1455,815,1453,-1,1453,815,842,-1,1503,231,1095,-1,1095,231,1554,-1,1095,1554,1518,-1,1518,1554,1555,-1,1518,1555,1550,-1,874,876,843,-1,843,876,878,-1,843,878,221,-1,221,878,1512,-1,221,1512,1518,-1,828,817,820,-1,820,822,828,-1,828,822,824,-1,828,824,826,-1,817,828,842,-1,842,828,829,-1,842,829,832,-1,843,847,874,-1,874,847,846,-1,874,846,864,-1,864,846,865,-1,829,839,837,-1,837,835,829,-1,829,835,833,-1,829,833,832,-1,856,849,854,-1,854,849,852,-1,871,869,846,-1,846,869,867,-1,846,867,865,-1,856,858,849,-1,849,858,860,-1,849,860,846,-1,846,860,861,-1,846,861,871,-1,1456,1457,1556,-1,1556,1457,1546,-1,1556,1546,1557,-1,1557,1546,1545,-1,1557,1545,1558,-1,1558,1545,1544,-1,1558,1544,1559,-1,1559,1544,1543,-1,1559,1543,1560,-1,1560,1543,1542,-1,1560,1542,1561,-1,1561,1542,1541,-1,1561,1541,1562,-1,1562,1541,1553,-1,1459,1458,1563,-1,1459,1563,1564,-1,1564,1563,1565,-1,1564,1565,1566,-1,1566,1565,1567,-1,1566,1567,1568,-1,1568,1567,1569,-1,1568,1569,1570,-1,1570,1569,1571,-1,1570,1571,1572,-1,1572,1571,1573,-1,1572,1573,1574,-1,1574,1573,1575,-1,1574,1575,1576,-1,542,541,1577,-1,1578,544,1579,-1,1579,544,542,-1,1579,542,1580,-1,1580,542,1577,-1,1532,1533,1535,-1,1535,1533,1581,-1,1535,1581,1540,-1,1540,1581,1582,-1,1540,1582,1539,-1,1539,1582,1583,-1,1539,1583,1537,-1,1537,1583,546,-1,1537,546,1578,-1,1578,546,545,-1,1578,545,544,-1,1584,1585,1586,-1,1586,1585,1587,-1,1586,1587,1588,-1,1588,1587,1589,-1,1588,1589,1590,-1,1590,1589,1591,-1,1590,1591,1592,-1,1592,1591,1593,-1,1592,1593,1594,-1,1594,1593,1595,-1,1594,1595,1596,-1,1596,1595,1597,-1,1596,1597,1598,-1,1579,1538,1578,-1,1578,1538,1537,-1,1579,1580,1538,-1,1538,1580,1577,-1,1538,1577,1584,-1,1584,1577,1599,-1,1584,1599,1585,-1,552,1590,554,-1,554,1590,1592,-1,554,1592,556,-1,556,1592,1594,-1,556,1594,558,-1,558,1594,1596,-1,558,1596,559,-1,559,1596,1598,-1,559,1598,1600,-1,1600,1598,1601,-1,1562,1553,543,-1,543,1553,1538,-1,543,1538,548,-1,548,1538,1584,-1,548,1584,550,-1,550,1584,1586,-1,550,1586,552,-1,552,1586,1588,-1,552,1588,1590,-1,776,774,1602,-1,776,1602,1603,-1,1603,1602,1604,-1,1603,1604,1605,-1,1605,1604,1606,-1,1605,1606,1607,-1,1607,1606,1608,-1,1607,1608,1609,-1,565,775,776,-1,570,1603,1605,-1,1603,570,776,-1,776,570,566,-1,776,566,565,-1,1605,1607,570,-1,570,1607,1609,-1,570,1609,571,-1,759,761,565,-1,565,761,763,-1,565,763,775,-1,775,763,765,-1,775,765,767,-1,1609,1610,571,-1,571,1610,1611,-1,571,1611,569,-1,752,567,749,-1,749,567,747,-1,752,753,567,-1,567,753,755,-1,567,755,565,-1,565,755,757,-1,565,757,759,-1,767,769,775,-1,775,769,772,-1,775,772,780,-1,675,677,1563,-1,1611,1612,569,-1,569,1612,1613,-1,569,1613,1597,-1,1597,1613,1601,-1,1597,1601,1598,-1,1597,1575,569,-1,569,1575,1573,-1,569,1573,568,-1,568,1573,1571,-1,568,1571,567,-1,739,741,1565,-1,1565,741,743,-1,1571,1569,567,-1,567,1569,1567,-1,567,1567,747,-1,747,1567,1565,-1,747,1565,745,-1,745,1565,743,-1,677,679,1563,-1,1563,679,735,-1,1563,735,1565,-1,1565,735,737,-1,1565,737,739,-1,679,681,735,-1,735,681,683,-1,735,683,733,-1,733,683,685,-1,733,685,732,-1,732,685,687,-1,732,687,716,-1,716,687,730,-1,730,687,689,-1,730,689,729,-1,780,772,794,-1,794,772,777,-1,794,777,783,-1,787,789,791,-1,652,653,631,-1,1474,1492,1086,-1,783,785,794,-1,794,785,787,-1,794,787,793,-1,793,787,791,-1,653,655,631,-1,631,655,657,-1,631,657,1086,-1,1086,657,659,-1,1086,659,661,-1,661,663,1086,-1,1086,663,665,-1,1086,665,667,-1,713,689,712,-1,712,689,692,-1,713,719,689,-1,689,719,721,-1,689,721,723,-1,649,650,639,-1,675,1563,673,-1,673,1563,1458,-1,673,1458,672,-1,672,1458,1460,-1,672,1460,669,-1,723,725,689,-1,689,725,727,-1,689,727,729,-1,1466,667,1464,-1,1464,667,669,-1,1464,669,1462,-1,1462,669,1460,-1,699,709,693,-1,693,709,710,-1,693,710,692,-1,692,710,696,-1,692,696,712,-1,652,631,636,-1,636,631,629,-1,636,629,650,-1,650,629,633,-1,650,633,639,-1,1466,1468,667,-1,667,1468,1470,-1,667,1470,1086,-1,1086,1470,1472,-1,1086,1472,1474,-1,699,701,709,-1,709,701,703,-1,709,703,707,-1,707,703,705,-1,639,641,643,-1,643,645,639,-1,639,645,647,-1,639,647,649,-1,1600,1601,1614,-1,1614,1601,1613,-1,1614,1613,1615,-1,1615,1613,1612,-1,1615,1612,1616,-1,1616,1612,1611,-1,1616,1611,1617,-1,1617,1611,1610,-1,1610,1609,1617,-1,1617,1609,1608,-1,553,1589,551,-1,551,1589,1587,-1,551,1587,549,-1,549,1587,1585,-1,549,1585,547,-1,547,1585,1599,-1,547,1599,541,-1,541,1599,1577,-1,1576,1575,560,-1,560,1575,1597,-1,560,1597,557,-1,557,1597,1595,-1,557,1595,555,-1,555,1595,1593,-1,555,1593,553,-1,553,1593,1591,-1,553,1591,1589,-1,1513,224,1517,-1,1517,224,225,-1,1517,225,1515,-1,1515,225,1529,-1,1531,1530,228,-1,228,1530,1529,-1,228,1529,227,-1,227,1529,225,-1,1531,228,1527,-1,1527,228,230,-1,1527,230,239,-1,1096,1095,1536,-1,1618,1045,1042,-1,1042,1108,1618,-1,1618,1108,1107,-1,1618,1107,1619,-1,1619,1107,1106,-1,1619,1106,1620,-1,1620,1106,1105,-1,1620,1105,1621,-1,1621,1105,1098,-1,1621,1098,1622,-1,1622,1098,1097,-1,1622,1097,1623,-1,1623,1097,1096,-1,1623,1096,1624,-1,1624,1096,1536,-1,1455,1454,1536,-1,1536,1454,1625,-1,1536,1625,1624,-1,1624,1625,1626,-1,1624,1626,1623,-1,1623,1626,1627,-1,1623,1627,1622,-1,1622,1627,1628,-1,1622,1628,1621,-1,1621,1628,1629,-1,65,64,1630,-1,1630,64,1045,-1,1630,1045,1631,-1,1631,1045,1618,-1,1631,1618,1632,-1,1632,1618,1619,-1,1632,1619,1629,-1,1629,1619,1620,-1,1629,1620,1621,-1,779,773,780,-1,780,773,775,-1,1633,1634,1635,-1,1636,561,563,-1,563,1637,1636,-1,1636,1637,1638,-1,1636,1638,1639,-1,1639,1638,1640,-1,1639,1640,1641,-1,1641,1640,1633,-1,1641,1633,1642,-1,1642,1633,1635,-1,1643,589,561,-1,1639,1641,1644,-1,1643,561,1644,-1,1644,561,1636,-1,1644,1636,1639,-1,1645,1646,1641,-1,1641,1646,1647,-1,1641,1647,1644,-1,387,12,1635,-1,1635,12,1645,-1,1635,1645,1642,-1,1642,1645,1641,-1,1645,1648,1649,-1,1645,1649,1646,-1,1646,1649,1650,-1,1646,1650,1647,-1,1647,1650,1651,-1,1647,1651,1644,-1,1644,1651,1652,-1,1644,1652,1643,-1,1643,1652,591,-1,1643,591,589,-1,1650,1640,1651,-1,1651,1640,1638,-1,591,1652,563,-1,563,1652,1651,-1,563,1651,1637,-1,1637,1651,1638,-1,1650,1649,1640,-1,1640,1649,1648,-1,1640,1648,1633,-1,366,361,1648,-1,1648,361,1634,-1,1648,1634,1633,-1,1645,12,1648,-1,1648,12,366,-1,387,1635,361,-1,361,1635,1634,-1,1653,1654,1655,-1,1653,1655,1656,-1,1656,1655,1657,-1,1656,1657,1658,-1,1658,1657,1659,-1,1658,1659,1660,-1,1660,1659,1661,-1,1660,1661,1662,-1,1662,1661,568,-1,1662,568,566,-1,1653,2,1654,-1,1654,2,305,-1,597,566,594,-1,594,566,570,-1,597,599,566,-1,566,599,601,-1,566,601,1662,-1,1662,601,1660,-1,592,318,2,-1,2,1653,592,-1,592,1653,1656,-1,592,1656,601,-1,601,1656,1658,-1,601,1658,1660,-1,598,596,568,-1,568,596,595,-1,568,595,569,-1,598,568,600,-1,600,568,1661,-1,600,1661,593,-1,593,1661,313,-1,313,1661,1659,-1,313,1659,1657,-1,1657,1655,313,-1,313,1655,1654,-1,313,1654,305,-1,1663,1664,1665,-1,1666,572,574,-1,574,1667,1666,-1,1666,1667,1668,-1,1666,1668,1669,-1,1669,1668,1670,-1,1669,1670,1671,-1,1671,1670,1663,-1,1671,1663,1672,-1,1672,1663,1665,-1,1673,585,572,-1,1669,1671,1674,-1,1673,572,1674,-1,1674,572,1666,-1,1674,1666,1669,-1,1675,1676,1671,-1,1671,1676,1677,-1,1671,1677,1674,-1,32,41,1665,-1,1665,41,1675,-1,1665,1675,1672,-1,1672,1675,1671,-1,1678,587,585,-1,585,1673,1678,-1,1678,1673,1674,-1,1678,1674,1679,-1,1679,1674,1677,-1,1679,1677,1680,-1,1680,1677,1676,-1,1680,1676,1681,-1,1681,1676,1675,-1,1681,1675,1682,-1,1680,1670,1679,-1,1679,1670,1668,-1,587,1678,574,-1,574,1678,1679,-1,574,1679,1667,-1,1667,1679,1668,-1,1680,1681,1670,-1,1670,1681,1682,-1,1670,1682,1663,-1,521,498,1682,-1,1682,498,1664,-1,1682,1664,1663,-1,1675,41,1682,-1,1682,41,521,-1,32,1665,498,-1,498,1665,1664,-1,1031,1442,441,-1,441,1442,15,-1,461,1028,456,-1,456,1028,1031,-1,456,1031,462,-1,462,1031,441,-1,498,1028,515,-1,515,1028,461,-1,515,461,31,-1,31,461,25,-1,625,24,623,-1,623,24,621,-1,498,521,1028,-1,1028,521,520,-1,1028,520,1630,-1,1630,520,43,-1,1630,43,65,-1,193,80,162,-1,162,80,82,-1,162,82,55,-1,63,61,1442,-1,617,619,15,-1,613,980,32,-1,32,980,982,-1,32,982,41,-1,95,191,180,-1,63,1442,45,-1,77,75,43,-1,43,75,73,-1,43,73,70,-1,61,88,1442,-1,1442,88,90,-1,1442,90,15,-1,15,90,92,-1,15,92,617,-1,621,24,619,-1,619,24,16,-1,619,16,15,-1,625,627,24,-1,24,627,615,-1,24,615,25,-1,25,615,613,-1,25,613,31,-1,31,613,32,-1,82,84,55,-1,55,84,86,-1,55,86,57,-1,57,86,88,-1,57,88,59,-1,59,88,61,-1,988,43,986,-1,986,43,41,-1,986,41,984,-1,984,41,982,-1,79,77,103,-1,988,990,43,-1,43,990,107,-1,43,107,77,-1,77,107,105,-1,77,105,103,-1,103,101,79,-1,79,101,99,-1,79,99,180,-1,180,99,97,-1,180,97,95,-1,70,68,43,-1,43,68,66,-1,43,66,65,-1,1442,52,45,-1,45,52,50,-1,45,50,46,-1,46,50,48,-1,1576,560,283,-1,1614,1615,283,-1,283,1615,284,-1,773,0,774,-1,774,0,2,-1,774,2,318,-1,750,312,751,-1,751,312,754,-1,1614,283,1600,-1,1600,283,560,-1,1600,560,559,-1,1576,283,1574,-1,1574,283,313,-1,1574,313,1572,-1,1572,313,305,-1,1572,305,1570,-1,1570,305,312,-1,1570,312,1568,-1,770,768,773,-1,773,768,766,-1,773,766,0,-1,0,766,764,-1,0,764,762,-1,762,760,0,-1,0,760,758,-1,0,758,312,-1,312,758,756,-1,312,756,754,-1,1606,1604,318,-1,318,1604,1602,-1,318,1602,774,-1,1615,1616,284,-1,284,1616,1617,-1,284,1617,318,-1,318,1617,1608,-1,318,1608,1606,-1,688,686,734,-1,684,682,748,-1,748,682,750,-1,714,690,715,-1,715,690,688,-1,715,688,731,-1,731,688,734,-1,748,746,684,-1,684,746,744,-1,684,744,742,-1,1568,312,1566,-1,1566,312,750,-1,1566,750,1564,-1,1564,750,682,-1,1564,682,680,-1,742,740,684,-1,684,740,738,-1,684,738,686,-1,686,738,736,-1,686,736,734,-1,770,773,771,-1,771,773,779,-1,771,779,781,-1,781,779,778,-1,781,778,782,-1,668,666,795,-1,795,666,664,-1,664,662,795,-1,795,662,660,-1,795,660,630,-1,630,660,658,-1,630,658,656,-1,656,654,630,-1,630,654,651,-1,630,651,635,-1,718,717,690,-1,690,717,711,-1,690,711,691,-1,691,711,695,-1,691,695,697,-1,697,695,694,-1,697,694,708,-1,714,728,690,-1,690,728,726,-1,690,726,724,-1,788,786,790,-1,790,786,792,-1,792,786,778,-1,778,786,784,-1,778,784,782,-1,724,722,690,-1,690,722,720,-1,690,720,718,-1,702,708,704,-1,704,708,706,-1,1471,668,1473,-1,1473,668,795,-1,1473,795,1475,-1,1475,795,1491,-1,1471,1469,668,-1,668,1469,1467,-1,668,1467,670,-1,634,637,635,-1,635,637,628,-1,635,628,630,-1,702,700,708,-1,708,700,698,-1,708,698,697,-1,680,678,1564,-1,1564,678,676,-1,1564,676,1459,-1,1459,676,674,-1,1459,674,1461,-1,1461,674,671,-1,1461,671,1463,-1,1463,671,670,-1,1463,670,1465,-1,1465,670,1467,-1,634,648,637,-1,637,648,646,-1,637,646,644,-1,644,642,637,-1,637,642,640,-1,637,640,638,-1,1510,1498,809,-1,809,1498,1499,-1,809,1499,1500,-1,1500,1501,809,-1,809,1501,1476,-1,809,1476,1683,-1,1683,1476,1478,-1,1683,1478,1684,-1,1684,1478,1480,-1,1684,1480,1685,-1,1685,1480,1482,-1,1685,1482,801,-1,801,1482,1485,-1,801,1485,1686,-1,1686,1485,1487,-1,1686,1487,797,-1,797,1487,1489,-1,797,1489,795,-1,795,1489,1491,-1,1340,1342,1411,-1,1431,1430,359,-1,359,1430,1429,-1,14,1358,365,-1,365,1358,1356,-1,365,1356,1354,-1,1195,1433,1432,-1,1201,1199,359,-1,1078,1181,1179,-1,1432,1431,1195,-1,1195,1431,359,-1,1195,359,1197,-1,1197,359,1199,-1,1078,1111,1113,-1,1214,1252,1212,-1,1212,1252,1435,-1,1212,1435,1195,-1,1195,1435,1434,-1,1195,1434,1433,-1,1429,1428,359,-1,359,1428,1427,-1,359,1427,398,-1,398,1427,1256,-1,398,1256,387,-1,387,1256,1257,-1,387,1257,12,-1,12,1257,1346,-1,12,1346,1348,-1,1172,1191,1132,-1,1189,1117,1191,-1,1191,1117,1115,-1,1191,1115,1132,-1,1187,1127,1125,-1,1181,1078,1183,-1,1183,1078,1113,-1,1183,1113,1185,-1,1185,1113,1131,-1,1185,1131,1187,-1,1187,1131,1129,-1,1187,1129,1127,-1,1211,1209,1308,-1,1348,1350,12,-1,12,1350,1352,-1,12,1352,14,-1,14,1352,1360,-1,14,1360,1358,-1,1302,359,1300,-1,1300,359,361,-1,1300,361,1298,-1,1298,361,366,-1,1298,366,1295,-1,1295,366,365,-1,1295,365,1411,-1,1411,365,1354,-1,1411,1354,1340,-1,1302,1304,359,-1,359,1304,1306,-1,359,1306,1201,-1,1201,1306,1308,-1,1201,1308,1203,-1,1209,1207,1308,-1,1308,1207,1205,-1,1308,1205,1203,-1,1214,1229,1252,-1,1252,1229,1227,-1,1252,1227,1225,-1,1413,1414,1078,-1,1219,1218,1252,-1,1252,1218,1217,-1,1252,1217,1237,-1,1237,1217,1232,-1,1237,1232,1238,-1,1238,1232,1234,-1,1238,1234,1249,-1,1225,1223,1252,-1,1252,1223,1221,-1,1252,1221,1219,-1,1172,1136,1156,-1,1156,1136,1152,-1,1156,1152,1158,-1,1158,1152,1157,-1,1158,1157,1159,-1,1132,1137,1172,-1,1172,1137,1149,-1,1172,1149,1147,-1,1141,1139,1172,-1,1172,1139,1138,-1,1172,1138,1136,-1,1125,1123,1187,-1,1187,1123,1121,-1,1187,1121,1189,-1,1189,1121,1119,-1,1189,1119,1117,-1,1425,1424,1177,-1,1239,1238,1241,-1,1241,1238,1243,-1,1147,1145,1172,-1,1172,1145,1143,-1,1172,1143,1141,-1,1179,1177,1078,-1,1078,1177,1421,-1,1078,1421,1413,-1,1424,1423,1177,-1,1177,1423,1422,-1,1177,1422,1421,-1,1249,1247,1238,-1,1238,1247,1245,-1,1238,1245,1243,-1,1165,1157,1167,-1,1167,1157,1169,-1,1165,1163,1157,-1,1157,1163,1161,-1,1157,1161,1159,-1,1211,1308,1192,-1,1192,1308,1310,-1,1192,1310,1175,-1,1175,1310,1412,-1,1175,1412,1177,-1,1177,1412,1426,-1,1177,1426,1425,-1,1393,1392,1034,-1,1392,1391,1034,-1,1034,1391,1390,-1,1034,1390,1443,-1,1443,1390,1379,-1,1379,929,1443,-1,1443,929,931,-1,1443,931,933,-1,933,935,1443,-1,1443,935,937,-1,1443,937,939,-1,1035,1266,1034,-1,1034,1266,1265,-1,1034,1265,1263,-1,1400,1401,1335,-1,939,941,1443,-1,1443,941,928,-1,1443,928,1437,-1,1437,928,925,-1,1437,925,1436,-1,1436,925,896,-1,1263,1261,1034,-1,1034,1261,1259,-1,1034,1259,202,-1,925,923,896,-1,896,923,922,-1,896,922,898,-1,898,922,911,-1,202,204,1034,-1,1034,204,1394,-1,1034,1394,1393,-1,1335,1334,1400,-1,1400,1334,1394,-1,1400,1394,1399,-1,1399,1394,1398,-1,208,210,1276,-1,204,206,1287,-1,1287,206,208,-1,1287,208,1285,-1,1285,208,1276,-1,914,916,909,-1,909,916,918,-1,909,918,920,-1,1287,1289,204,-1,204,1289,1292,-1,204,1292,1394,-1,1394,1292,1293,-1,1394,1293,1398,-1,901,907,903,-1,903,907,905,-1,901,899,907,-1,907,899,898,-1,907,898,909,-1,909,898,911,-1,909,911,914,-1,1335,1401,1402,-1,1402,1403,1335,-1,1335,1403,1404,-1,1335,1404,1687,-1,1411,1342,1410,-1,1410,1342,1343,-1,1410,1343,1409,-1,1409,1343,1344,-1,1409,1344,1408,-1,1408,1344,1339,-1,1408,1339,1407,-1,1407,1339,1338,-1,1407,1338,1406,-1,1406,1338,1337,-1,1406,1337,1405,-1,1405,1337,1336,-1,1405,1336,1395,-1,1395,1336,1335,-1,1395,1335,1396,-1,1396,1335,1687,-1,1034,1443,1688,-1,1688,1443,1444,-1,1688,1444,1450,-1,1450,1444,1445,-1,1450,1445,1449,-1,1449,1445,1438,-1,1449,1438,1448,-1,1448,1438,1439,-1,1448,1439,1447,-1,1447,1439,1440,-1,1447,1440,1446,-1,1446,1440,1441,-1,1446,1441,1031,-1,1031,1441,1442,-1,1267,1266,1035,-1,1267,1035,1268,-1,1271,1270,1035,-1,1035,1270,1269,-1,1035,1269,1268,-1,1271,1035,1418,-1,1418,1035,1066,-1,1418,1066,1419,-1,1419,1066,1068,-1,1419,1068,1420,-1,1420,1068,1070,-1,1420,1070,1417,-1,1417,1070,1072,-1,1417,1072,1416,-1,1416,1072,1074,-1,1416,1074,1415,-1,1074,1076,1415,-1,1415,1076,1078,-1,1415,1078,1414,-1,1028,1630,1026,-1,1026,1630,1631,-1,1026,1631,1024,-1,1024,1631,1632,-1,1024,1632,1022,-1,1022,1632,1629,-1,1022,1629,1020,-1,1020,1629,1628,-1,1020,1628,1018,-1,1018,1628,1627,-1,1018,1627,1016,-1,1016,1627,1626,-1,1016,1626,992,-1,992,1626,1625,-1,1689,213,1278,-1,1278,213,1274,-1,1277,1278,1284,-1,1284,1278,1274,-1,1284,1274,1281,-1,1281,1274,1273,-1,
        ]
    }
}
Shape{
    appearance Appearance {
        material  Material 	{
            diffuseColor 0.2235294117647059 0.2235294117647059 0.2235294117647059
            specularColor 0.11372549019607843 0.11372549019607843 0.11372549019607843
            ambientIntensity 0.2235
            transparency 0.0
            shininess 0.5
        }
    }
    geometry IndexedFaceSet {
        ccw TRUE
        solid FALSE
        coord DEF co Coordinate {
            point [
                0.7674 0.2488 0.3507, 0.7996 0.2488 0.3408, 0.9449 0.2488 0.378, 0.5184 0.2488 0.2608, 0.5348 0.2488 0.2886, 0.4331 0.2488 0.378, 0.5569 0.2488 0.314, 0.5854 0.2488 0.3343, 0.8297 0.2488 0.323, 0.8556 0.2488 0.2985, 0.8793 0.2488 0.2608, 0.9262 0.2488 0.1614, 0.9449 0.2488 0.1614, 0.9249 0.2488 0.1627, 0.9232 0.2488 0.1642, 0.9221 0.2488 0.1658, 0.92 0.2488 0.1692, 0.9205 0.2488 0.1684, 0.6182 0.2488 0.348, 0.6623 0.2488 0.3543, 0.7354 0.2488 0.3543, 0.4331 0.2488 0.1614, 0.4715 0.2488 0.1614, 0.4722 0.2488 0.162, 0.4747 0.2488 0.1645, 0.475 0.2488 0.1649, 0.4777 0.2488 0.1692, -0.8556 0.2488 0.2985, -0.8297 0.2488 0.323, -0.9449 0.2488 0.378, -0.7996 0.2488 0.3408, -0.7674 0.2488 0.3507, -0.5853 0.2488 0.3343, -0.5568 0.2488 0.314, -0.4331 0.2488 0.378, -0.5347 0.2488 0.2886, -0.9449 0.2488 0.1614, -0.9262 0.2488 0.1614, -0.9254 0.2488 0.162, -0.9248 0.2488 0.1626, -0.9226 0.2488 0.1649, -0.922 0.2488 0.1658, -0.92 0.2488 0.1692, -0.8793 0.2488 0.2608, -0.7353 0.2488 0.3543, -0.6623 0.2488 0.3543, -0.6182 0.2488 0.348, -0.5183 0.2488 0.2608, -0.4776 0.2488 0.1692, -0.4772 0.2488 0.1684, -0.4714 0.2488 0.1614, -0.4331 0.2488 0.1614, -0.4744 0.2488 0.1642, -0.4745 0.2488 0.1642, -0.6034 0.2488 1.1614, -0.7942 0.2488 1.1614, -0.7713 0.2488 1.11, -0.6623 0.2488 1.0866, -0.6263 0.2488 1.11, -0.6544 0.2488 1.0875, -0.6463 0.2488 1.0899, -0.6388 0.2488 1.0944, -0.6322 0.2488 1.1006, -0.7673 0.2488 1.1032, -0.7618 0.2488 1.0968, -0.7547 0.2488 1.0917, -0.7464 0.2488 1.0882, -0.7353 0.2488 1.0866, 0.4747 0.2488 1.1584, 0.4715 0.2488 1.1614, 0.4331 0.2488 1.1614, 0.5854 0.2488 0.9885, 0.5569 0.2488 1.0088, 0.4331 0.2488 0.9449, 0.9449 0.2488 1.1614, 0.9262 0.2488 1.1614, 0.9248 0.2488 1.1603, 0.8556 0.2488 1.0243, 0.8297 0.2488 0.9999, 0.9449 0.2488 0.9449, 0.7996 0.2488 0.9821, 0.7674 0.2488 0.9722, 0.922 0.2488 1.1571, 0.92 0.2488 1.1537, 0.8793 0.2488 1.062, 0.7354 0.2488 0.9685, 0.6623 0.2488 0.9685, 0.6182 0.2488 0.9748, 0.5348 0.2488 1.0342, 0.5184 0.2488 1.062, 0.4777 0.2488 1.1537
            ]
        }
        coordIndex [
            0,1,2,-1,3,4,5,-1,5,4,6,-1,5,6,7,-1,1,8,2,-1,2,8,9,-1,2,9,10,-1,11,12,13,-1,13,12,2,-1,13,2,14,-1,14,2,15,-1,10,16,2,-1,2,16,17,-1,2,17,15,-1,7,18,5,-1,5,18,19,-1,5,19,2,-1,2,19,20,-1,2,20,0,-1,21,22,5,-1,5,22,23,-1,5,23,24,-1,24,25,5,-1,5,25,26,-1,5,26,3,-1,27,28,29,-1,29,28,30,-1,29,30,31,-1,32,33,34,-1,34,33,35,-1,36,37,29,-1,29,37,38,-1,38,39,29,-1,29,39,40,-1,29,40,41,-1,41,42,29,-1,29,42,43,-1,29,43,27,-1,31,44,29,-1,29,44,45,-1,29,45,34,-1,34,45,46,-1,34,46,32,-1,35,47,34,-1,34,47,48,-1,34,48,49,-1,50,51,52,-1,52,51,34,-1,52,34,53,-1,53,34,49,-1,54,55,56,-1,54,57,58,-1,58,57,59,-1,59,60,58,-1,58,60,61,-1,58,61,62,-1,56,63,54,-1,54,63,64,-1,54,64,65,-1,65,66,54,-1,54,66,67,-1,54,67,57,-1,68,69,70,-1,71,72,73,-1,74,75,76,-1,77,78,79,-1,79,78,80,-1,79,80,81,-1,76,82,74,-1,74,82,83,-1,74,83,79,-1,79,83,84,-1,79,84,77,-1,81,85,79,-1,79,85,86,-1,79,86,73,-1,73,86,87,-1,73,87,71,-1,72,88,73,-1,73,88,89,-1,73,89,70,-1,70,89,90,-1,70,90,68,-1,
        ]
    }
}
Shape{
    appearance Appearance {
        material  Material 	{
            diffuseColor 0.9686274509803922 0.8784313725490196 0.6
            specularColor 0.6784313725490196 0.615686274509804 0.4196078431372549
            ambientIntensity 0.8737
            transparency 0.0
            shininess 0.5
        }
    }
    geometry IndexedFaceSet {
        ccw TRUE
        solid FALSE
        coord DEF co Coordinate {
            point [
                0.0984 0.9103 0.0118, 0.0984 0.9378 0.0394, 0.2953 0.9103 0.0118, 0.2953 0.9378 0.0394, 0.2953 0.9378 0.063, 0.0984 0.9378 0.063, 0.2953 0.9103 0.0906, 0.0984 0.9103 0.0906, 0.0984 0.512 0.0118, 0.2953 0.512 0.0118, 0.0984 0.615 0.0906, 0.2953 0.615 0.0906, 0.2953 0.4562 0.0258, 0.2953 0.4832 0.0154, 0.2953 0.4006 0.0906, 0.2953 0.4136 0.0646, 0.2953 0.4325 0.0426, 0.0984 0.4136 0.0646, 0.0984 0.4006 0.0906, 0.0984 0.4832 0.0154, 0.0984 0.4562 0.0258, 0.0984 0.4325 0.0426
            ]
        }
        coordIndex [
            0,1,2,-1,2,1,3,-1,4,3,5,-1,5,3,1,-1,6,4,7,-1,7,4,5,-1,8,0,9,-1,9,0,2,-1,7,10,6,-1,6,10,11,-1,12,13,11,-1,11,13,9,-1,11,9,2,-1,2,3,11,-1,11,3,4,-1,11,4,6,-1,14,15,11,-1,11,15,16,-1,11,16,12,-1,17,18,10,-1,10,8,19,-1,10,7,5,-1,8,10,0,-1,0,10,5,-1,0,5,1,-1,19,20,10,-1,10,20,21,-1,10,21,17,-1,
        ]
    }
}
Shape{
    appearance Appearance {
        material  Material 	{
            diffuseColor 0.2235294117647059 0.2235294117647059 0.2235294117647059
            specularColor 0.11372549019607843 0.11372549019607843 0.11372549019607843
            ambientIntensity 0.2235
            transparency 0.0
            shininess 0.5
        }
    }
    geometry IndexedFaceSet {
        ccw TRUE
        solid FALSE
        coord DEF co Coordinate {
            point [
                0.3229 0.615 0.1614, 0.2953 0.615 0.0906, 0.0709 0.615 0.1614, 0.0984 0.615 0.0906
            ]
        }
        coordIndex [
            0,1,2,-1,2,1,3,-1,
        ]
    }
}
Shape{
    appearance Appearance {
        material  Material 	{
            diffuseColor 0.9686274509803922 0.8784313725490196 0.6
            specularColor 0.6784313725490196 0.615686274509804 0.4196078431372549
            ambientIntensity 0.8737
            transparency 0.0
            shininess 0.5
        }
    }
    geometry IndexedFaceSet {
        ccw TRUE
        solid FALSE
        coord DEF co Coordinate {
            point [
                0.3106 0.3939 0.1299, 0.0831 0.3939 0.1299, 0.3029 0.3956 0.11, 0.0909 0.3956 0.1099, 0.3007 0.397 0.1045, 0.093 0.397 0.1045, 0.2953 0.4006 0.0906, 0.0984 0.4006 0.0906, 0.2953 0.4054 0.0791, 0.0984 0.4054 0.0791, 0.0984 0.4195 0.0564, 0.2953 0.4195 0.0564, 0.0984 0.4385 0.0375, 0.2953 0.4385 0.0375, 0.0984 0.4612 0.0233, 0.2953 0.4612 0.0233, 0.0984 0.4865 0.0146, 0.2953 0.4865 0.0146, 0.0984 0.512 0.0118, 0.2953 0.512 0.0118
            ]
        }
        coordIndex [
            0,1,2,-1,2,1,3,-1,2,3,4,-1,4,3,5,-1,4,5,6,-1,6,5,7,-1,6,7,8,-1,7,9,8,-1,8,9,10,-1,8,10,11,-1,11,10,12,-1,11,12,13,-1,13,12,14,-1,13,14,15,-1,15,14,16,-1,15,16,17,-1,17,16,18,-1,17,18,19,-1,
        ]
    }
}
Shape{
    appearance Appearance {
        material  Material 	{
            diffuseColor 0.2235294117647059 0.2235294117647059 0.2235294117647059
            specularColor 0.11372549019607843 0.11372549019607843 0.11372549019607843
            ambientIntensity 0.2235
            transparency 0.0
            shininess 0.5
        }
    }
    geometry IndexedFaceSet {
        ccw TRUE
        solid FALSE
        coord DEF co Coordinate {
            point [
                0.0984 0.615 0.0906, 0.0984 0.4006 0.0906, 0.0709 0.615 0.1614, 0.093 0.397 0.1045, 0.0909 0.3956 0.1099, 0.0831 0.3939 0.1299, 0.0709 0.3939 0.1614, 0.3229 0.615 0.1614, 0.3229 0.3939 0.1614, 0.3106 0.3939 0.1299, 0.2953 0.4006 0.0906, 0.2953 0.615 0.0906, 0.3007 0.397 0.1045, 0.3029 0.3956 0.11, 1.6299 0.8 0.0984, 1.6299 0.4536 0.0984, 1.3937 0.8 0.0984, 1.3937 0.4536 0.0984
            ]
        }
        coordIndex [
            0,1,2,-1,2,1,3,-1,3,4,2,-1,2,4,5,-1,2,5,6,-1,7,8,9,-1,10,11,12,-1,12,11,7,-1,12,7,13,-1,13,7,9,-1,6,5,8,-1,8,5,9,-1,14,15,16,-1,16,15,17,-1,
        ]
    }
}
Shape{
    appearance Appearance {
        material  Material 	{
            diffuseColor 0.9686274509803922 0.8784313725490196 0.6
            specularColor 0.6784313725490196 0.615686274509804 0.4196078431372549
            ambientIntensity 0.8737
            transparency 0.0
            shininess 0.5
        }
    }
    geometry IndexedFaceSet {
        ccw TRUE
        solid FALSE
        coord DEF co Coordinate {
            point [
                0.7087 0.9103 0.0906, 0.7087 0.9378 0.063, 0.4882 0.9103 0.0906, 0.4882 0.9378 0.063, 0.7087 0.9378 0.0394, 0.4882 0.9378 0.0394, 0.4882 0.9103 0.0118, 0.7087 0.9103 0.0118, 0.4882 0.512 0.0118, 0.7087 0.512 0.0118, 0.4882 0.615 0.0906, 0.7087 0.615 0.0906, 0.4882 0.4832 0.0154, 0.4882 0.4562 0.0258, 0.4882 0.4325 0.0426, 0.4882 0.4136 0.0646, 0.4882 0.4006 0.0906, 0.7087 0.4325 0.0426, 0.7087 0.4136 0.0646, 0.7087 0.4006 0.0906, 0.7087 0.4562 0.0258, 0.7087 0.4832 0.0154, 0.724 0.3939 0.1299, 0.4729 0.3939 0.1299, 0.7162 0.3956 0.11, 0.4807 0.3956 0.1099, 0.7141 0.397 0.1045, 0.4828 0.397 0.1045, 0.7087 0.4054 0.0791, 0.4882 0.4054 0.0791, 0.4882 0.4195 0.0564, 0.7087 0.4195 0.0564, 0.4882 0.4385 0.0375, 0.7087 0.4385 0.0375, 0.4882 0.4612 0.0233, 0.7087 0.4612 0.0233, 0.4882 0.4865 0.0146, 0.7087 0.4865 0.0146
            ]
        }
        coordIndex [
            0,1,2,-1,2,1,3,-1,1,4,3,-1,3,4,5,-1,6,5,7,-1,7,5,4,-1,8,6,9,-1,9,6,7,-1,2,10,0,-1,0,10,11,-1,10,2,3,-1,8,12,10,-1,10,12,13,-1,8,10,6,-1,6,10,3,-1,6,3,5,-1,13,14,10,-1,10,14,15,-1,10,15,16,-1,11,9,7,-1,7,4,11,-1,11,4,1,-1,11,1,0,-1,17,11,18,-1,18,11,19,-1,17,20,11,-1,11,20,21,-1,11,21,9,-1,22,23,24,-1,24,23,25,-1,24,25,26,-1,26,25,27,-1,26,27,19,-1,19,27,16,-1,19,16,28,-1,16,29,28,-1,28,29,30,-1,28,30,31,-1,31,30,32,-1,31,32,33,-1,33,32,34,-1,33,34,35,-1,35,34,36,-1,35,36,37,-1,37,36,8,-1,37,8,9,-1,
        ]
    }
}
Shape{
    appearance Appearance {
        material  Material 	{
            diffuseColor 0.2235294117647059 0.2235294117647059 0.2235294117647059
            specularColor 0.11372549019607843 0.11372549019607843 0.11372549019607843
            ambientIntensity 0.2235
            transparency 0.0
            shininess 0.5
        }
    }
    geometry IndexedFaceSet {
        ccw TRUE
        solid FALSE
        coord DEF co Coordinate {
            point [
                0.7362 0.615 0.1614, 0.7362 0.3939 0.1614, 0.724 0.3939 0.1299, 0.7087 0.4006 0.0906, 0.7087 0.615 0.0906, 0.7141 0.397 0.1045, 0.7162 0.3956 0.11, 0.4606 0.615 0.1614, 0.4882 0.615 0.0906, 0.4729 0.3939 0.1299, 0.4606 0.3939 0.1614, 0.4882 0.4006 0.0906, 0.4828 0.397 0.1045, 0.4807 0.3956 0.1099
            ]
        }
        coordIndex [
            0,1,2,-1,3,4,5,-1,5,4,0,-1,5,0,6,-1,6,0,2,-1,0,4,7,-1,7,4,8,-1,2,1,9,-1,9,1,10,-1,8,11,7,-1,7,11,12,-1,12,13,7,-1,7,13,9,-1,7,9,10,-1,
        ]
    }
}
Shape{
    appearance Appearance {
        material  Material 	{
            diffuseColor 0.9686274509803922 0.8784313725490196 0.6
            specularColor 0.6784313725490196 0.615686274509804 0.4196078431372549
            ambientIntensity 0.8737
            transparency 0.0
            shininess 0.5
        }
    }
    geometry IndexedFaceSet {
        ccw TRUE
        solid FALSE
        coord DEF co Coordinate {
            point [
                -0.2953 0.9103 0.0118, -0.2953 0.9378 0.0394, -0.0984 0.9103 0.0118, -0.0984 0.9378 0.0394, -0.0984 0.9378 0.063, -0.2953 0.9378 0.063, -0.0984 0.9103 0.0906, -0.2953 0.9103 0.0906, -0.2953 0.512 0.0118, -0.0984 0.512 0.0118, -0.2953 0.615 0.0906, -0.0984 0.615 0.0906, -0.0984 0.4562 0.0258, -0.0984 0.4832 0.0154, -0.0984 0.4006 0.0906, -0.0984 0.4136 0.0646, -0.0984 0.4325 0.0426, -0.2953 0.4136 0.0646, -0.2953 0.4006 0.0906, -0.2953 0.4832 0.0154, -0.2953 0.4562 0.0258, -0.2953 0.4325 0.0426
            ]
        }
        coordIndex [
            0,1,2,-1,2,1,3,-1,4,3,5,-1,5,3,1,-1,6,4,7,-1,7,4,5,-1,8,0,9,-1,9,0,2,-1,7,10,6,-1,6,10,11,-1,12,13,11,-1,11,13,9,-1,11,9,2,-1,2,3,11,-1,11,3,4,-1,11,4,6,-1,14,15,11,-1,11,15,16,-1,11,16,12,-1,17,18,10,-1,10,8,19,-1,10,7,5,-1,8,10,0,-1,0,10,5,-1,0,5,1,-1,19,20,10,-1,10,20,21,-1,10,21,17,-1,
        ]
    }
}
Shape{
    appearance Appearance {
        material  Material 	{
            diffuseColor 0.2235294117647059 0.2235294117647059 0.2235294117647059
            specularColor 0.11372549019607843 0.11372549019607843 0.11372549019607843
            ambientIntensity 0.2235
            transparency 0.0
            shininess 0.5
        }
    }
    geometry IndexedFaceSet {
        ccw TRUE
        solid FALSE
        coord DEF co Coordinate {
            point [
                -0.0708 0.615 0.1614, -0.0984 0.615 0.0906, -0.3228 0.615 0.1614, -0.2953 0.615 0.0906
            ]
        }
        coordIndex [
            0,1,2,-1,2,1,3,-1,
        ]
    }
}
Shape{
    appearance Appearance {
        material  Material 	{
            diffuseColor 0.9686274509803922 0.8784313725490196 0.6
            specularColor 0.6784313725490196 0.615686274509804 0.4196078431372549
            ambientIntensity 0.8737
            transparency 0.0
            shininess 0.5
        }
    }
    geometry IndexedFaceSet {
        ccw TRUE
        solid FALSE
        coord DEF co Coordinate {
            point [
                -0.0831 0.3939 0.1299, -0.3106 0.3939 0.1299, -0.0908 0.3956 0.11, -0.3028 0.3956 0.1099, -0.093 0.397 0.1045, -0.3007 0.397 0.1045, -0.0984 0.4006 0.0906, -0.2953 0.4006 0.0906, -0.0984 0.4054 0.0791, -0.2953 0.4054 0.0791, -0.2953 0.4195 0.0564, -0.0984 0.4195 0.0564, -0.2953 0.4385 0.0375, -0.0984 0.4385 0.0375, -0.2953 0.4612 0.0233, -0.0984 0.4612 0.0233, -0.2953 0.4865 0.0146, -0.0984 0.4865 0.0146, -0.2953 0.512 0.0118, -0.0984 0.512 0.0118
            ]
        }
        coordIndex [
            0,1,2,-1,2,1,3,-1,2,3,4,-1,4,3,5,-1,4,5,6,-1,6,5,7,-1,6,7,8,-1,7,9,8,-1,8,9,10,-1,8,10,11,-1,11,10,12,-1,11,12,13,-1,13,12,14,-1,13,14,15,-1,15,14,16,-1,15,16,17,-1,17,16,18,-1,17,18,19,-1,
        ]
    }
}
Shape{
    appearance Appearance {
        material  Material 	{
            diffuseColor 0.2235294117647059 0.2235294117647059 0.2235294117647059
            specularColor 0.11372549019607843 0.11372549019607843 0.11372549019607843
            ambientIntensity 0.2235
            transparency 0.0
            shininess 0.5
        }
    }
    geometry IndexedFaceSet {
        ccw TRUE
        solid FALSE
        coord DEF co Coordinate {
            point [
                -0.2953 0.615 0.0906, -0.2953 0.4006 0.0906, -0.3228 0.615 0.1614, -0.3007 0.397 0.1045, -0.3028 0.3956 0.1099, -0.3106 0.3939 0.1299, -0.3228 0.3939 0.1614, -0.0708 0.615 0.1614, -0.0708 0.3939 0.1614, -0.0831 0.3939 0.1299, -0.0984 0.4006 0.0906, -0.0984 0.615 0.0906, -0.093 0.397 0.1045, -0.0908 0.3956 0.11
            ]
        }
        coordIndex [
            0,1,2,-1,2,1,3,-1,3,4,2,-1,2,4,5,-1,2,5,6,-1,7,8,9,-1,10,11,12,-1,12,11,7,-1,12,7,13,-1,13,7,9,-1,6,5,8,-1,8,5,9,-1,
        ]
    }
}
Shape{
    appearance Appearance {
        material  Material 	{
            diffuseColor 0.9686274509803922 0.8784313725490196 0.6
            specularColor 0.6784313725490196 0.615686274509804 0.4196078431372549
            ambientIntensity 0.8737
            transparency 0.0
            shininess 0.5
        }
    }
    geometry IndexedFaceSet {
        ccw TRUE
        solid FALSE
        coord DEF co Coordinate {
            point [
                -1.126 -1.4515 0.5433, -1.126 -1.4515 0.5236, -1.1182 -1.4727 0.5236, -1.1099 -1.4956 0.5259, -1.1019 -1.5177 0.5325, -1.0945 -1.538 0.5433, -0.9959 -1.4727 0.5236, -0.9882 -1.4515 0.5236, -0.9882 -1.4515 0.5433, -1.0197 -1.538 0.5433, -1.0123 -1.5177 0.5325, -1.0042 -1.4956 0.5259, -0.5748 -1.4515 0.5433, -0.5748 -1.4515 0.5236, -0.567 -1.4727 0.5236, -0.5587 -1.4956 0.5259, -0.5507 -1.5177 0.5325, -0.5433 -1.538 0.5433, -0.4447 -1.4727 0.5236, -0.437 -1.4515 0.5236, -0.437 -1.4515 0.5433, -0.4685 -1.538 0.5433, -0.4611 -1.5177 0.5325, -0.4531 -1.4956 0.5259, 0.2126 -1.2886 0.5433, 0.2126 -1.2886 0.5236, 0.2204 -1.3099 0.5236, 0.2287 -1.3328 0.5259, 0.2367 -1.3548 0.5325, 0.2441 -1.3752 0.5433, 0.3427 -1.3099 0.5236, 0.3504 -1.2886 0.5236, 0.3504 -1.2886 0.5433, 0.3189 -1.3752 0.5433, 0.3263 -1.3548 0.5325, 0.3343 -1.3328 0.5259, 1.0123 -1.5175 0.79, 1.0197 -1.538 0.7795, 1.0945 -1.538 0.7795, 1.0981 -1.5282 0.7854, 1.102 -1.5173 0.7894, 1.0112 -1.5147 0.7915, 1.1087 -1.499 0.7963, 1.0042 -1.4954 0.7961, 1.1099 -1.4956 0.7966, 1.0004 -1.485 0.7986, 1.1183 -1.4727 0.7992, 0.9959 -1.4727 0.7992, 0.4611 -1.5175 0.79, 0.4685 -1.538 0.7795, 0.5433 -1.538 0.7795, 0.5469 -1.5282 0.7854, 0.5509 -1.5173 0.7894, 0.46 -1.5147 0.7915, 0.5575 -1.499 0.7963, 0.453 -1.4954 0.7961, 0.5588 -1.4956 0.7966, 0.4492 -1.485 0.7986, 0.5671 -1.4727 0.7992, 0.4448 -1.4727 0.7992, -0.3263 -1.3547 0.79, -0.3189 -1.3752 0.7795, -0.2441 -1.3752 0.7795, -0.2405 -1.3654 0.7854, -0.2366 -1.3545 0.7894, -0.3274 -1.3519 0.7915, -0.2299 -1.3362 0.7963, -0.3344 -1.3326 0.7961, -0.2286 -1.3327 0.7966, -0.3382 -1.3222 0.7986, -0.2203 -1.3099 0.7992, -0.3426 -1.3099 0.7992, 0.9882 -1.4515 0.7795, 0.9882 -1.4515 0.7992, 1.126 -1.4515 0.7795, 1.126 -1.4515 0.7992, -0.3504 -1.2886 0.7795, -0.3504 -1.2886 0.7992, -0.2126 -1.2886 0.7795, -0.2126 -1.2886 0.7992, 0.437 -1.4515 0.7795, 0.437 -1.4515 0.7992, 0.5748 -1.4515 0.7795, 0.5748 -1.4515 0.7992
            ]
        }
        coordIndex [
            0,1,2,-1,2,3,0,-1,0,3,4,-1,0,4,5,-1,6,7,8,-1,9,10,8,-1,8,10,11,-1,8,11,6,-1,12,13,14,-1,14,15,12,-1,12,15,16,-1,12,16,17,-1,18,19,20,-1,21,22,20,-1,20,22,23,-1,20,23,18,-1,24,25,26,-1,26,27,24,-1,24,27,28,-1,24,28,29,-1,30,31,32,-1,33,34,32,-1,32,34,35,-1,32,35,30,-1,36,37,38,-1,38,39,36,-1,36,39,40,-1,36,40,41,-1,41,40,42,-1,41,42,43,-1,43,42,44,-1,43,44,45,-1,45,44,46,-1,45,46,47,-1,48,49,50,-1,50,51,48,-1,48,51,52,-1,48,52,53,-1,53,52,54,-1,53,54,55,-1,55,54,56,-1,55,56,57,-1,57,56,58,-1,57,58,59,-1,60,61,62,-1,62,63,60,-1,60,63,64,-1,60,64,65,-1,65,64,66,-1,65,66,67,-1,67,66,68,-1,67,68,69,-1,69,68,70,-1,69,70,71,-1,37,36,72,-1,72,36,41,-1,72,41,43,-1,43,45,72,-1,72,45,47,-1,72,47,73,-1,39,38,74,-1,44,74,46,-1,46,74,75,-1,44,42,74,-1,74,42,40,-1,74,40,39,-1,61,60,76,-1,76,60,65,-1,76,65,67,-1,67,69,76,-1,76,69,71,-1,76,71,77,-1,63,62,78,-1,68,78,70,-1,70,78,79,-1,68,66,78,-1,78,66,64,-1,78,64,63,-1,49,48,80,-1,80,48,53,-1,80,53,55,-1,55,57,80,-1,80,57,59,-1,80,59,81,-1,51,50,82,-1,56,82,58,-1,58,82,83,-1,56,54,82,-1,82,54,52,-1,82,52,51,-1,
        ]
    }
}
Shape{
    appearance Appearance {
        material  Material 	{
            diffuseColor 0.2235294117647059 0.2235294117647059 0.2235294117647059
            specularColor 0.11372549019607843 0.11372549019607843 0.11372549019607843
            ambientIntensity 0.2235
            transparency 0.0
            shininess 0.5
        }
    }
    geometry IndexedFaceSet {
        ccw TRUE
        solid FALSE
        coord DEF co Coordinate {
            point [
                0.878 -0.7354 0.6417, 0.9606 -0.7354 0.6417, 0.878 -0.5976 0.6417, 0.9606 -0.5976 0.6417, 0.878 -1.2197 0.6417, 0.9606 -1.2197 0.6417, 0.878 -1.0819 0.6417, 0.9606 -1.0819 0.6417, 0.6851 -0.5976 0.6417, 0.6024 -0.5976 0.6417, 0.6851 -0.7354 0.6417, 0.6024 -0.7354 0.6417, 0.6851 -1.0819 0.6417, 0.6024 -1.0819 0.6417, 0.6851 -1.2197 0.6417, 0.6024 -1.2197 0.6417, 0.2362 -0.7354 0.6024, 0.3268 -0.7354 0.6024, 0.2362 -0.5976 0.6024, 0.3268 -0.5976 0.6024, 0.3329 -0.7354 0.6811, 0.3329 -0.5976 0.6811, 0.4095 -0.7354 0.6811, 0.4095 -0.5976 0.6811, 0.3329 -1.2197 0.6811, 0.4095 -1.2197 0.6811, 0.3329 -1.0819 0.6811, 0.4095 -1.0819 0.6811, 0.3268 -1.2197 0.6024, 0.3268 -1.0819 0.6024, 0.2362 -1.0819 0.6024, 0.2362 -1.2197 0.6024, -0.1023 -0.5976 0.6417, -0.185 -0.5976 0.6417, -0.1023 -0.7354 0.6417, -0.185 -0.7354 0.6417, -0.1023 -1.0819 0.6417, -0.185 -1.0819 0.6417, -0.1023 -1.2197 0.6417, -0.185 -1.2197 0.6417, -1.0118 -0.5976 0.6024, -1.1023 -0.5976 0.6024, -1.0118 -0.7354 0.6024, -1.1023 -0.7354 0.6024, -0.5512 -0.7354 0.6024, -0.4606 -0.7354 0.6024, -0.5512 -0.5976 0.6024, -0.4606 -0.5976 0.6024, -0.4545 -0.7354 0.6811, -0.4545 -0.5976 0.6811, -0.3779 -0.7354 0.6811, -0.3779 -0.5976 0.6811, -0.4545 -1.2197 0.6811, -0.3779 -1.2197 0.6811, -0.4545 -1.0819 0.6811, -0.3779 -1.0819 0.6811, -0.4606 -1.2197 0.6024, -0.4606 -1.0819 0.6024, -0.5512 -1.0819 0.6024, -0.5512 -1.2197 0.6024, -1.0118 -1.0819 0.6024, -1.1023 -1.0819 0.6024, -1.0118 -1.2197 0.6024, -1.1023 -1.2197 0.6024, -0.998 -1.2197 0.7795, -1.1161 -1.2197 0.7795, -0.8779 -0.7354 0.6811, -0.9606 -0.7354 0.6811, -0.8779 -0.5976 0.6811, -0.9606 -0.5976 0.6811, -0.8779 -1.2197 0.6811, -0.9606 -1.2197 0.6811, -0.8779 -1.0819 0.6811, -0.9606 -1.0819 0.6811, -0.685 -0.5976 0.6811, -0.6023 -0.5976 0.6811, -0.685 -0.7354 0.6811, -0.6023 -0.7354 0.6811, -0.685 -1.0819 0.6811, -0.6023 -1.0819 0.6811, -0.685 -1.2197 0.6811, -0.6023 -1.2197 0.6811, -0.3268 -0.5976 0.7205, -0.2362 -0.5976 0.7205, -0.3268 -0.7354 0.7205, -0.2362 -0.7354 0.7205, -0.3329 -0.7354 0.6417, -0.3329 -0.5976 0.6417, -0.4094 -0.7354 0.6417, -0.4094 -0.5976 0.6417, -0.3329 -1.2197 0.6417, -0.4094 -1.2197 0.6417, -0.3329 -1.0819 0.6417, -0.4094 -1.0819 0.6417, -0.3268 -1.2197 0.7205, -0.3268 -1.0819 0.7205, -0.2362 -1.0819 0.7205, -0.2362 -1.2197 0.7205, 0.1024 -0.5976 0.6811, 0.1851 -0.5976 0.6811, 0.1024 -0.7354 0.6811, 0.1851 -0.7354 0.6811, 0.1024 -1.0819 0.6811, 0.1851 -1.0819 0.6811, 0.1024 -1.2197 0.6811, 0.1851 -1.2197 0.6811, 1.0118 -0.5976 0.7205, 1.1024 -0.5976 0.7205, 1.0118 -0.7354 0.7205, 1.1024 -0.7354 0.7205, 0.4606 -0.5976 0.7205, 0.5512 -0.5976 0.7205, 0.4606 -0.7354 0.7205, 0.5512 -0.7354 0.7205, 0.4545 -0.7354 0.6417, 0.4545 -0.5976 0.6417, 0.378 -0.7354 0.6417, 0.378 -0.5976 0.6417, 0.4545 -1.2197 0.6417, 0.378 -1.2197 0.6417, 0.4545 -1.0819 0.6417, 0.378 -1.0819 0.6417, 0.4606 -1.2197 0.7205, 0.4606 -1.0819 0.7205, 0.5512 -1.2197 0.7205, 0.5512 -1.0819 0.7205, 1.0118 -1.0819 0.7205, 1.1024 -1.0819 0.7205, 1.0118 -1.2197 0.7205, 1.1024 -1.2197 0.7205, -1.1988 -1.7275 0.7008, -1.1988 -1.7275 0.622, 1.1988 -1.7275 0.7008, 1.1988 -1.7275 0.622
            ]
        }
        coordIndex [
            0,1,2,-1,2,1,3,-1,4,5,6,-1,6,5,7,-1,8,9,10,-1,10,9,11,-1,12,13,14,-1,14,13,15,-1,16,17,18,-1,18,17,19,-1,17,20,19,-1,19,20,21,-1,20,22,21,-1,21,22,23,-1,24,25,26,-1,26,25,27,-1,28,24,29,-1,29,24,26,-1,29,30,28,-1,28,30,31,-1,32,33,34,-1,34,33,35,-1,36,37,38,-1,38,37,39,-1,40,41,42,-1,42,41,43,-1,44,45,46,-1,46,45,47,-1,45,48,47,-1,47,48,49,-1,48,50,49,-1,49,50,51,-1,52,53,54,-1,54,53,55,-1,56,52,57,-1,57,52,54,-1,57,58,56,-1,56,58,59,-1,60,61,62,-1,62,61,63,-1,64,62,65,-1,65,62,63,-1,66,67,68,-1,68,67,69,-1,70,71,72,-1,72,71,73,-1,74,75,76,-1,76,75,77,-1,78,79,80,-1,80,79,81,-1,82,83,84,-1,84,83,85,-1,84,86,82,-1,82,86,87,-1,86,88,87,-1,87,88,89,-1,90,91,92,-1,92,91,93,-1,94,90,95,-1,95,90,92,-1,95,96,94,-1,94,96,97,-1,98,99,100,-1,100,99,101,-1,102,103,104,-1,104,103,105,-1,106,107,108,-1,108,107,109,-1,110,111,112,-1,112,111,113,-1,112,114,110,-1,110,114,115,-1,114,116,115,-1,115,116,117,-1,118,119,120,-1,120,119,121,-1,122,118,123,-1,123,118,120,-1,124,122,125,-1,125,122,123,-1,126,127,128,-1,128,127,129,-1,130,131,132,-1,132,131,133,-1,
        ]
    }
}
Shape{
    appearance Appearance {
        material  Material 	{
            diffuseColor 0.8509803921568627 0.8509803921568627 0.8509803921568627
            specularColor 0.4235294117647059 0.4235294117647059 0.4235294117647059
            ambientIntensity 0.851
            transparency 0.0
            shininess 0.5
        }
    }
    geometry IndexedFaceSet {
        ccw TRUE
        solid FALSE
        coord DEF co Coordinate {
            point [
                1.2599 -0.4558 0.622, 1.2599 -0.4558 0.7008, 1.2614 -0.4684 0.622, 1.2614 -0.4684 0.7008, 1.2661 -0.4802 0.622, 1.2661 -0.4802 0.7008, 1.2735 -0.4905 0.622, 1.2735 -0.4905 0.7008, 1.2832 -0.4987 0.622, 1.2832 -0.4987 0.7008, 1.2947 -0.5043 0.622, 1.2947 -0.5043 0.7008, 1.3071 -0.5068 0.622, 1.3071 -0.5068 0.7008, 1.3071 -0.6448 0.7008, 1.3071 -0.6448 0.622
            ]
        }
        coordIndex [
            0,1,2,-1,2,1,3,-1,2,3,4,-1,4,3,5,-1,4,5,6,-1,6,5,7,-1,6,7,8,-1,8,7,9,-1,8,9,10,-1,10,9,11,-1,10,11,12,-1,12,11,13,-1,13,14,12,-1,12,14,15,-1,
        ]
    }
}
Shape{
    appearance Appearance {
        material  Material 	{
            diffuseColor 0.2235294117647059 0.2235294117647059 0.2235294117647059
            specularColor 0.11372549019607843 0.11372549019607843 0.11372549019607843
            ambientIntensity 0.2235
            transparency 0.0
            shininess 0.5
        }
    }
    geometry IndexedFaceSet {
        ccw TRUE
        solid FALSE
        coord DEF co Coordinate {
            point [
                1.2953 -0.6448 0.622, 1.3071 -0.6448 0.622, 1.2953 -0.6448 0.7008, 1.3071 -0.6448 0.7008
            ]
        }
        coordIndex [
            0,1,2,-1,2,1,3,-1,
        ]
    }
}
Shape{
    appearance Appearance {
        material  Material 	{
            diffuseColor 0.8509803921568627 0.8509803921568627 0.8509803921568627
            specularColor 0.4235294117647059 0.4235294117647059 0.4235294117647059
            ambientIntensity 0.851
            transparency 0.0
            shininess 0.5
        }
    }
    geometry IndexedFaceSet {
        ccw TRUE
        solid FALSE
        coord DEF co Coordinate {
            point [
                1.2953 -0.6448 0.622, 1.2953 -0.6448 0.7008, 1.28 -0.6468 0.622, 1.28 -0.6468 0.7008, 1.2658 -0.6527 0.622, 1.2658 -0.6527 0.7008, 1.2535 -0.662 0.622, 1.2535 -0.662 0.7008, 1.2442 -0.6743 0.622, 1.2442 -0.6743 0.7008, 1.2383 -0.6885 0.622, 1.2383 -0.6885 0.7008, 1.2362 -0.7038 0.622, 1.2362 -0.7038 0.7008, 1.2362 -1.1496 0.622, 1.2362 -1.1496 0.7008, 1.2381 -1.1644 0.622, 1.2381 -1.1644 0.7008, 1.2437 -1.1782 0.622, 1.2437 -1.1782 0.7008, 1.2525 -1.1903 0.622, 1.2525 -1.1903 0.7008, 1.264 -1.1997 0.622, 1.264 -1.1997 0.7008, 1.2776 -1.2059 0.622, 1.2776 -1.2059 0.7008, 1.2911 -1.2122 0.7008, 1.2911 -1.2122 0.622, 1.3027 -1.2216 0.7008, 1.3027 -1.2216 0.622, 1.3115 -1.2336 0.7008, 1.3115 -1.2336 0.622, 1.317 -1.2475 0.7008, 1.317 -1.2475 0.622, 1.3189 -1.2623 0.7008, 1.3189 -1.2623 0.622, 1.3189 -1.395 0.7008, 1.3189 -1.395 0.622, 1.3182 -1.4025 0.7008, 1.3182 -1.4025 0.622, 1.3161 -1.4097 0.7008, 1.3161 -1.4097 0.622, 1.2894 -1.4764 0.7008, 1.2894 -1.4764 0.622
            ]
        }
        coordIndex [
            0,1,2,-1,2,1,3,-1,2,3,4,-1,4,3,5,-1,4,5,6,-1,6,5,7,-1,6,7,8,-1,8,7,9,-1,8,9,10,-1,10,9,11,-1,10,11,12,-1,12,11,13,-1,12,13,14,-1,14,13,15,-1,14,15,16,-1,16,15,17,-1,16,17,18,-1,18,17,19,-1,18,19,20,-1,20,19,21,-1,20,21,22,-1,22,21,23,-1,22,23,24,-1,24,23,25,-1,24,25,26,-1,24,26,27,-1,27,26,28,-1,27,28,29,-1,29,28,30,-1,29,30,31,-1,31,30,32,-1,31,32,33,-1,33,32,34,-1,33,34,35,-1,36,37,34,-1,34,37,35,-1,37,36,38,-1,37,38,39,-1,39,38,40,-1,39,40,41,-1,40,42,41,-1,41,42,43,-1,
        ]
    }
}
Shape{
    appearance Appearance {
        material  Material 	{
            diffuseColor 0.2235294117647059 0.2235294117647059 0.2235294117647059
            specularColor 0.11372549019607843 0.11372549019607843 0.11372549019607843
            ambientIntensity 0.2235
            transparency 0.0
            shininess 0.5
        }
    }
    geometry IndexedFaceSet {
        ccw TRUE
        solid FALSE
        coord DEF co Coordinate {
            point [
                0.9606 -1.2197 0.6417, 0.878 -1.2197 0.6417, 0.9882 -1.2197 0.7205, 0.878 -1.2197 0.7795, 0.9882 -1.2197 0.7795, 0.9606 -1.0819 0.6417, 0.9882 -1.0819 0.7205, 0.9606 -0.5976 0.6417, 0.9606 -0.7354 0.6417, 0.9882 -0.5976 0.7205, 0.9882 -0.7354 0.7205, 0.9882 -0.5976 0.7795, 0.878 -0.5976 0.7795, 0.878 -0.5976 0.6417, 0.878 -0.7354 0.6417, 0.878 -0.7354 0.7795, 0.9882 -0.7354 0.7795, 0.9882 -1.0819 0.7795, 0.878 -1.0819 0.7795, 0.878 -1.0819 0.6417, 0.6851 -1.0819 0.7795, 0.6851 -1.0819 0.6417, 0.6851 -1.2197 0.7795, 0.6851 -1.2197 0.6417, 0.6851 -0.7354 0.6417, 0.6851 -0.7354 0.7795, 0.6851 -0.5976 0.6417, 0.6851 -0.5976 0.7795, 0.6024 -0.5976 0.6417, 0.5748 -0.5976 0.7205, 0.5748 -0.5976 0.7795, 0.6024 -0.7354 0.6417, 0.5748 -0.7354 0.7205, 0.5748 -0.7354 0.7795, 0.6024 -1.0819 0.6417, 0.5748 -1.0819 0.7205, 0.5748 -1.0819 0.7795, 0.6024 -1.2197 0.6417, 0.5748 -1.2197 0.7205, 0.5748 -1.2197 0.7795, 0.4095 -0.5976 0.6811, 0.4095 -0.7354 0.6811, 0.437 -0.5976 0.7598, 0.437 -0.7354 0.7598, 0.437 -1.2197 0.7598, 0.4095 -1.2197 0.6811, 0.3329 -1.2197 0.6811, 0.437 -1.2197 0.7795, 0.2225 -1.2197 0.7795, 0.2362 -1.2197 0.6024, 0.3268 -1.2197 0.6024, 0.4095 -1.0819 0.6811, 0.437 -1.0819 0.7598, 0.2362 -0.5976 0.6024, 0.3268 -0.5976 0.6024, 0.2225 -0.5976 0.7795, 0.3329 -0.5976 0.6811, 0.437 -0.5976 0.7795, 0.2362 -0.7354 0.6024, 0.2225 -0.7354 0.7795, 0.3329 -0.7354 0.6811, 0.437 -0.7354 0.7795, 0.3268 -0.7354 0.6024, 0.2362 -1.0819 0.6024, 0.3268 -1.0819 0.6024, 0.2225 -1.0819 0.7795, 0.3329 -1.0819 0.6811, 0.437 -1.0819 0.7795, 0.2225 -1.2189 0.7795, -0.1023 -1.0819 0.7795, -0.1023 -1.0819 0.6417, -0.1023 -1.2197 0.7795, -0.1023 -1.2197 0.6417, -0.1023 -0.7354 0.6417, -0.1023 -0.7354 0.7795, -0.1023 -0.5976 0.6417, -0.1023 -0.5976 0.7795, -0.185 -0.5976 0.6417, -0.2126 -0.5976 0.7205, -0.2126 -0.5976 0.7795, -0.185 -0.7354 0.6417, -0.2126 -0.7354 0.7205, -0.2126 -0.7354 0.7795, -0.185 -1.0819 0.6417, -0.2126 -1.0819 0.7205, -0.2126 -1.0819 0.7795, -0.185 -1.2197 0.6417, -0.2126 -1.2197 0.7205, -0.2126 -1.2197 0.7795, -0.3779 -0.5976 0.6811, -0.3779 -0.7354 0.6811, -0.3504 -0.5976 0.7598, -0.3504 -0.7354 0.7598, -0.3504 -1.2197 0.7598, -0.3779 -1.2197 0.6811, -0.4545 -1.2197 0.6811, -0.3504 -1.2197 0.7795, -0.5649 -1.2197 0.7795, -0.5512 -1.2197 0.6024, -0.4606 -1.2197 0.6024, -0.3779 -1.0819 0.6811, -0.3504 -1.0819 0.7598, 1.2584 -1.2662 0.7008, 1.2461 -1.2564 0.7008, 1.246 -1.2563 0.7795, 1.2584 -1.2662 0.7795, 1.2722 -1.2824 0.7795, 1.2722 -1.2824 0.7008, 1.2822 -1.3011 0.7795, 1.2822 -1.3011 0.7008, 1.288 -1.3215 0.7795, 1.288 -1.3215 0.7008, 1.2894 -1.3379 0.7795, 1.2894 -1.3379 0.7008, -1.1988 -1.7275 0.7008, 1.1988 -1.7275 0.7008, -1.2303 -1.6488 0.7795, 1.2303 -1.6488 0.7795, -1.1023 -0.7354 0.6024, -1.1023 -0.5976 0.6024, -1.1161 -0.7354 0.7795, -1.1161 -0.5976 0.7795, -1.0118 -0.7354 0.6024, -0.998 -0.7354 0.7795, -1.0118 -0.5976 0.6024, -0.998 -0.5976 0.7795, -0.5512 -0.5976 0.6024, -0.4606 -0.5976 0.6024, -0.5649 -0.5976 0.7795, -0.4545 -0.5976 0.6811, -0.3504 -0.5976 0.7795, -0.5512 -0.7354 0.6024, -0.5649 -0.7354 0.7795, -0.4545 -0.7354 0.6811, -0.3504 -0.7354 0.7795, -0.4606 -0.7354 0.6024, -0.5512 -1.0819 0.6024, -0.4606 -1.0819 0.6024, -0.5649 -1.0819 0.7795, -0.4545 -1.0819 0.6811, -0.3504 -1.0819 0.7795, -0.998 -1.0819 0.7795, -1.0118 -1.0819 0.6024, -0.998 -1.2197 0.7795, -1.0118 -1.2197 0.6024, -1.1161 -1.0819 0.7795, -1.1023 -1.0819 0.6024, -1.1023 -1.2197 0.6024, -1.1161 -1.2197 0.7795, -1.2881 -1.322 0.7008, -1.2894 -1.3379 0.7008, -1.2894 -1.3379 0.7795, -1.2584 -1.2663 0.7795, -1.246 -1.2563 0.7795, -1.246 -1.2564 0.7008, -1.2584 -1.2663 0.7008, -1.2723 -1.2825 0.7008, -1.2723 -1.2825 0.7795, -1.2823 -1.3014 0.7008, -1.2823 -1.3014 0.7795, -1.2881 -1.322 0.7795
            ]
        }
        coordIndex [
            0,1,2,-1,2,1,3,-1,2,3,4,-1,5,0,6,-1,6,0,2,-1,7,8,9,-1,9,8,10,-1,11,12,9,-1,9,12,13,-1,9,13,7,-1,13,12,14,-1,14,12,15,-1,8,14,10,-1,10,14,15,-1,10,15,16,-1,17,18,6,-1,6,18,19,-1,6,19,5,-1,1,19,3,-1,3,19,18,-1,20,21,22,-1,22,21,23,-1,24,25,26,-1,26,25,27,-1,28,26,29,-1,29,26,27,-1,29,27,30,-1,31,28,32,-1,32,28,29,-1,33,25,32,-1,32,25,24,-1,32,24,31,-1,34,21,35,-1,35,21,20,-1,35,20,36,-1,37,34,38,-1,38,34,35,-1,39,22,38,-1,38,22,23,-1,38,23,37,-1,40,41,42,-1,42,41,43,-1,44,45,46,-1,47,44,48,-1,48,44,46,-1,48,46,49,-1,49,46,50,-1,51,45,52,-1,52,45,44,-1,53,54,55,-1,55,54,56,-1,56,40,55,-1,55,40,42,-1,55,42,57,-1,58,53,59,-1,59,53,55,-1,43,41,60,-1,61,43,59,-1,59,43,60,-1,59,60,58,-1,58,60,62,-1,63,64,65,-1,65,64,66,-1,66,51,65,-1,65,51,52,-1,65,52,67,-1,48,49,68,-1,68,49,63,-1,68,63,65,-1,69,70,71,-1,71,70,72,-1,73,74,75,-1,75,74,76,-1,77,75,78,-1,78,75,76,-1,78,76,79,-1,80,77,81,-1,81,77,78,-1,82,74,81,-1,81,74,73,-1,81,73,80,-1,83,70,84,-1,84,70,69,-1,84,69,85,-1,86,83,87,-1,87,83,84,-1,88,71,87,-1,87,71,72,-1,87,72,86,-1,89,90,91,-1,91,90,92,-1,93,94,95,-1,96,93,97,-1,97,93,95,-1,97,95,98,-1,98,95,99,-1,100,94,101,-1,101,94,93,-1,102,103,104,-1,104,105,102,-1,102,105,106,-1,102,106,107,-1,107,106,108,-1,107,108,109,-1,109,108,110,-1,109,110,111,-1,111,110,112,-1,111,112,113,-1,114,115,116,-1,116,115,117,-1,118,119,120,-1,120,119,121,-1,122,118,123,-1,123,118,120,-1,124,122,125,-1,125,122,123,-1,125,121,124,-1,124,121,119,-1,126,127,128,-1,128,127,129,-1,129,89,128,-1,128,89,91,-1,128,91,130,-1,131,126,132,-1,132,126,128,-1,92,90,133,-1,134,92,132,-1,132,92,133,-1,132,133,131,-1,131,133,135,-1,136,137,138,-1,138,137,139,-1,139,100,138,-1,138,100,101,-1,138,101,140,-1,98,136,97,-1,97,136,138,-1,141,142,143,-1,143,142,144,-1,141,145,142,-1,142,145,146,-1,147,146,148,-1,148,146,145,-1,149,150,151,-1,152,153,154,-1,154,155,152,-1,152,155,156,-1,152,156,157,-1,157,156,158,-1,157,158,159,-1,159,158,149,-1,159,149,160,-1,160,149,151,-1,
        ]
    }
}
Shape{
    appearance Appearance {
        material  Material 	{
            diffuseColor 0.8509803921568627 0.8509803921568627 0.8509803921568627
            specularColor 0.4235294117647059 0.4235294117647059 0.4235294117647059
            ambientIntensity 0.851
            transparency 0.0
            shininess 0.5
        }
    }
    geometry IndexedFaceSet {
        ccw TRUE
        solid FALSE
        coord DEF co Coordinate {
            point [
                -1.3071 -0.5068 0.622, -1.3071 -0.5068 0.7008, -1.2946 -0.5043 0.622, -1.2946 -0.5043 0.7008, -1.2832 -0.4987 0.622, -1.2832 -0.4987 0.7008, -1.2734 -0.4905 0.622, -1.2734 -0.4905 0.7008, -1.266 -0.4802 0.622, -1.266 -0.4802 0.7008, -1.2614 -0.4684 0.622, -1.2614 -0.4684 0.7008, -1.2598 -0.4558 0.622, -1.2598 -0.4558 0.7008, -1.3071 -0.6448 0.7008, -1.3071 -0.6448 0.622, -1.2953 -0.6448 0.7008, -1.2953 -0.6448 0.622, -1.2362 -0.7038 0.622, -1.2362 -0.7038 0.7008, -1.2382 -0.6885 0.622, -1.2382 -0.6885 0.7008, -1.2441 -0.6743 0.622, -1.2441 -0.6743 0.7008, -1.2535 -0.662 0.622, -1.2535 -0.662 0.7008, -1.2657 -0.6527 0.622, -1.2657 -0.6527 0.7008, -1.28 -0.6468 0.622, -1.28 -0.6468 0.7008, -1.2362 -1.1496 0.622, -1.2362 -1.1496 0.7008, -1.2775 -1.2059 0.622, -1.2775 -1.2059 0.7008, -1.264 -1.1997 0.622, -1.264 -1.1997 0.7008, -1.2524 -1.1903 0.622, -1.2524 -1.1903 0.7008, -1.2436 -1.1782 0.622, -1.2436 -1.1782 0.7008, -1.2381 -1.1644 0.622, -1.2381 -1.1644 0.7008, -1.3189 -1.2623 0.622, -1.3189 -1.2623 0.7008, -1.317 -1.2475 0.7008, -1.317 -1.2475 0.622, -1.3115 -1.2336 0.7008, -1.3115 -1.2336 0.622, -1.3026 -1.2216 0.7008, -1.3026 -1.2216 0.622, -1.2911 -1.2122 0.7008, -1.2911 -1.2122 0.622, -1.3189 -1.395 0.7008, -1.3189 -1.395 0.622, -1.3161 -1.4097 0.622, -1.3161 -1.4097 0.7008, -1.3182 -1.4025 0.7008, -1.3182 -1.4025 0.622, -1.2894 -1.4764 0.622, -1.2894 -1.4764 0.7008
            ]
        }
        coordIndex [
            0,1,2,-1,2,1,3,-1,2,3,4,-1,4,3,5,-1,4,5,6,-1,6,5,7,-1,6,7,8,-1,8,7,9,-1,8,9,10,-1,10,9,11,-1,10,11,12,-1,12,11,13,-1,14,1,15,-1,15,1,0,-1,16,14,17,-1,17,14,15,-1,18,19,20,-1,20,19,21,-1,20,21,22,-1,22,21,23,-1,22,23,24,-1,24,23,25,-1,24,25,26,-1,26,25,27,-1,26,27,28,-1,28,27,29,-1,28,29,17,-1,17,29,16,-1,30,31,18,-1,18,31,19,-1,32,33,34,-1,34,33,35,-1,34,35,36,-1,36,35,37,-1,36,37,38,-1,38,37,39,-1,38,39,40,-1,40,39,41,-1,40,41,30,-1,30,41,31,-1,42,43,44,-1,42,44,45,-1,45,44,46,-1,45,46,47,-1,47,46,48,-1,47,48,49,-1,49,48,50,-1,49,50,51,-1,51,50,33,-1,51,33,32,-1,43,42,52,-1,52,42,53,-1,54,55,56,-1,54,56,57,-1,57,56,52,-1,57,52,53,-1,54,58,55,-1,55,58,59,-1,
        ]
    }
}
Shape{
    appearance Appearance {
        material  Material 	{
            diffuseColor 0.2235294117647059 0.2235294117647059 0.2235294117647059
            specularColor 0.11372549019607843 0.11372549019607843 0.11372549019607843
            ambientIntensity 0.2235
            transparency 0.0
            shininess 0.5
        }
    }
    geometry IndexedFaceSet {
        ccw TRUE
        solid FALSE
        coord DEF co Coordinate {
            point [
                -0.9606 -1.2197 0.6811, -0.9882 -1.2197 0.6024, -0.9606 -1.0819 0.6811, -0.9882 -1.0819 0.6024, -0.9606 -0.7354 0.6811, -0.9882 -0.7354 0.6024, -0.9606 -0.5976 0.6811, -0.9882 -0.5976 0.6024, -0.9882 -0.5976 0.5433, -0.8779 -0.5976 0.5433, -0.8779 -0.5976 0.6811, -0.8779 -0.7354 0.6811, -0.8779 -0.7354 0.5433, -0.9882 -0.7354 0.5433, -0.9882 -1.0819 0.5433, -0.8779 -1.0819 0.5433, -0.8779 -1.0819 0.6811, -0.685 -0.7354 0.6811, -0.685 -0.7354 0.5433, -0.685 -0.5976 0.6811, -0.685 -0.5976 0.5433, -0.6023 -0.5976 0.6811, -0.5748 -0.5976 0.6024, -0.5748 -0.5976 0.5433, -0.6023 -0.7354 0.6811, -0.5748 -0.7354 0.6024, -0.5748 -0.7354 0.5433, -0.6023 -1.0819 0.6811, -0.685 -1.0819 0.6811, -0.5748 -1.0819 0.6024, -0.685 -1.0819 0.5433, -0.5748 -1.0819 0.5433, -0.6023 -1.2197 0.6811, -0.5748 -1.2197 0.6024, -0.4094 -0.5976 0.6417, -0.4094 -0.7354 0.6417, -0.437 -0.5976 0.563, -0.437 -0.7354 0.563, -0.4094 -1.0819 0.6417, -0.4094 -1.2197 0.6417, -0.437 -1.0819 0.563, -0.437 -1.2197 0.563, -0.2362 -0.5976 0.7205, -0.3268 -0.5976 0.7205, -0.2224 -0.5976 0.5433, -0.3329 -0.5976 0.6417, -0.437 -0.5976 0.5433, -0.2362 -0.7354 0.7205, -0.2224 -0.7354 0.5433, -0.3329 -0.7354 0.6417, -0.437 -0.7354 0.5433, -0.3268 -0.7354 0.7205, -0.2362 -1.0819 0.7205, -0.3268 -1.0819 0.7205, -0.2224 -1.0819 0.5433, -0.3329 -1.0819 0.6417, -0.437 -1.0819 0.5433, 0.1024 -0.7354 0.6811, 0.1024 -0.7354 0.5433, 0.1024 -0.5976 0.6811, 0.1024 -0.5976 0.5433, 0.1851 -0.5976 0.6811, 0.2126 -0.5976 0.6024, 0.2126 -0.5976 0.5433, 0.1851 -0.7354 0.6811, 0.2126 -0.7354 0.6024, 0.2126 -0.7354 0.5433, 0.1851 -1.0819 0.6811, 0.1024 -1.0819 0.6811, 0.2126 -1.0819 0.6024, 0.1024 -1.0819 0.5433, 0.2126 -1.0819 0.5433, 0.1851 -1.2197 0.6811, 0.2126 -1.2197 0.6024, 0.378 -1.0819 0.6417, 0.378 -1.2197 0.6417, 0.3504 -1.0819 0.563, 0.3504 -1.2197 0.563, 0.378 -0.5976 0.6417, 0.378 -0.7354 0.6417, 0.3504 -0.5976 0.563, 0.3504 -0.7354 0.563, 1.1024 -0.7354 0.7205, 1.1024 -0.5976 0.7205, 1.1162 -0.7354 0.5433, 1.1162 -0.5976 0.5433, 1.0118 -0.7354 0.7205, 0.9981 -0.7354 0.5433, 1.0118 -0.5976 0.7205, 0.9981 -0.5976 0.5433, 0.5512 -0.5976 0.7205, 0.4606 -0.5976 0.7205, 0.565 -0.5976 0.5433, 0.4545 -0.5976 0.6417, 0.3504 -0.5976 0.5433, 0.5512 -0.7354 0.7205, 0.565 -0.7354 0.5433, 0.4545 -0.7354 0.6417, 0.3504 -0.7354 0.5433, 0.4606 -0.7354 0.7205, 0.5512 -1.0819 0.7205, 0.4606 -1.0819 0.7205, 0.565 -1.0819 0.5433, 0.4545 -1.0819 0.6417, 0.3504 -1.0819 0.5433, 0.9981 -1.0819 0.5433, 1.1162 -1.0819 0.5433, 1.0118 -1.0819 0.7205, 1.1024 -1.0819 0.7205
            ]
        }
        coordIndex [
            0,1,2,-1,2,1,3,-1,4,5,6,-1,6,5,7,-1,8,9,7,-1,7,9,10,-1,7,10,6,-1,10,9,11,-1,11,9,12,-1,4,11,5,-1,5,11,12,-1,5,12,13,-1,14,15,3,-1,3,15,16,-1,3,16,2,-1,17,18,19,-1,19,18,20,-1,21,19,22,-1,22,19,20,-1,22,20,23,-1,21,22,24,-1,24,22,25,-1,26,18,25,-1,25,18,17,-1,25,17,24,-1,27,28,29,-1,29,28,30,-1,29,30,31,-1,27,29,32,-1,32,29,33,-1,34,35,36,-1,36,35,37,-1,38,39,40,-1,40,39,41,-1,42,43,44,-1,44,43,45,-1,45,34,44,-1,44,34,36,-1,44,36,46,-1,47,42,48,-1,48,42,44,-1,37,35,49,-1,50,37,48,-1,48,37,49,-1,48,49,47,-1,47,49,51,-1,52,53,54,-1,54,53,55,-1,55,38,54,-1,54,38,40,-1,54,40,56,-1,57,58,59,-1,59,58,60,-1,61,59,62,-1,62,59,60,-1,62,60,63,-1,61,62,64,-1,64,62,65,-1,66,58,65,-1,65,58,57,-1,65,57,64,-1,67,68,69,-1,69,68,70,-1,69,70,71,-1,67,69,72,-1,72,69,73,-1,74,75,76,-1,76,75,77,-1,78,79,80,-1,80,79,81,-1,82,83,84,-1,84,83,85,-1,86,82,87,-1,87,82,84,-1,88,86,89,-1,89,86,87,-1,89,85,88,-1,88,85,83,-1,90,91,92,-1,92,91,93,-1,93,78,92,-1,92,78,80,-1,92,80,94,-1,95,90,96,-1,96,90,92,-1,81,79,97,-1,98,81,96,-1,96,81,97,-1,96,97,95,-1,95,97,99,-1,100,101,102,-1,102,101,103,-1,103,74,102,-1,102,74,76,-1,102,76,104,-1,105,106,107,-1,107,106,108,-1,
        ]
    }
}
Shape{
    appearance Appearance {
        material  Material 	{
            diffuseColor 0.8509803921568627 0.8509803921568627 0.8509803921568627
            specularColor 0.4235294117647059 0.4235294117647059 0.4235294117647059
            ambientIntensity 0.851
            transparency 0.0
            shininess 0.5
        }
    }
    geometry IndexedFaceSet {
        ccw TRUE
        solid FALSE
        coord DEF co Coordinate {
            point [
                1.28 -0.6468 0.622, 1.2658 -0.6527 0.622, 1.2028 -0.3692 0.622, 1.2535 -0.662 0.622, 1.2442 -0.6743 0.622, 1.2947 -0.5043 0.622, 1.3071 -0.5068 0.622, 1.3071 -0.6448 0.622, 1.2383 -0.6885 0.622, 1.2362 -0.7038 0.622, 1.2028 -1.1748 0.622, 1.2953 -0.6448 0.622, 1.2832 -0.4987 0.622, 1.2735 -0.4905 0.622, 1.2362 -1.1496 0.622, 1.2381 -1.1644 0.622, 1.2041 -1.1912 0.622, 1.2437 -1.1782 0.622, 1.2099 -1.2116 0.622, 1.2525 -1.1903 0.622, 1.2199 -1.2303 0.622, 1.2599 -0.3692 0.622, 1.2599 -0.4558 0.622, 1.2614 -0.4684 0.622, 1.2661 -0.4802 0.622, 1.3189 -1.2623 0.622, 1.3189 -1.395 0.622, 1.2894 -1.3379 0.622, 1.3182 -1.4025 0.622, 1.3161 -1.4097 0.622, 1.2894 -1.4764 0.622, 1.288 -1.3215 0.622, 1.2822 -1.3011 0.622, 1.317 -1.2475 0.622, 1.2722 -1.2824 0.622, 1.3115 -1.2336 0.622, 1.2584 -1.2662 0.622, 1.2461 -1.2564 0.622, 1.2911 -1.2122 0.622, 1.3027 -1.2216 0.622, 1.2337 -1.2465 0.622, 1.264 -1.1997 0.622, 1.2776 -1.2059 0.622, 1.2599 -0.4558 0.7008, 1.2599 -0.3692 0.7008, 1.2437 -1.1782 0.7008, 1.2381 -1.1644 0.7008, 1.2028 -1.1748 0.7008, 1.2442 -0.6743 0.7008, 1.2535 -0.662 0.7008, 1.2028 -0.3692 0.7008, 1.2658 -0.6527 0.7008, 1.28 -0.6468 0.7008, 1.2362 -1.1496 0.7008, 1.2362 -0.7038 0.7008, 1.2383 -0.6885 0.7008, 1.3071 -0.6448 0.7008, 1.3071 -0.5068 0.7008, 1.2953 -0.6448 0.7008, 1.2947 -0.5043 0.7008, 1.2832 -0.4987 0.7008, 1.2735 -0.4905 0.7008, 1.2661 -0.4802 0.7008, 1.2614 -0.4684 0.7008, 1.3189 -1.2623 0.7008, 1.317 -1.2475 0.7008, 1.2722 -1.2824 0.7008, 1.3115 -1.2336 0.7008, 1.2584 -1.2662 0.7008, 1.2894 -1.3379 0.7008, 1.2894 -1.4764 0.7008, 1.3161 -1.4097 0.7008, 1.2822 -1.3011 0.7008, 1.288 -1.3215 0.7008, 1.3189 -1.395 0.7008, 1.3182 -1.4025 0.7008, 1.2041 -1.1912 0.7008, 1.2099 -1.2116 0.7008, 1.2525 -1.1903 0.7008, 1.2199 -1.2303 0.7008, 1.264 -1.1997 0.7008, 1.2337 -1.2465 0.7008, 1.2776 -1.2059 0.7008, 1.2461 -1.2564 0.7008, 1.2911 -1.2122 0.7008, 1.3027 -1.2216 0.7008
            ]
        }
        coordIndex [
            0,1,2,-1,2,1,3,-1,2,3,4,-1,5,6,7,-1,4,8,2,-1,2,8,9,-1,2,9,10,-1,7,11,5,-1,5,11,0,-1,5,0,12,-1,12,0,13,-1,9,14,10,-1,10,14,15,-1,10,15,16,-1,16,15,17,-1,16,17,18,-1,18,17,19,-1,18,19,20,-1,21,22,2,-1,2,22,23,-1,2,23,0,-1,0,23,24,-1,0,24,13,-1,25,26,27,-1,26,28,27,-1,27,28,29,-1,27,29,30,-1,27,31,25,-1,25,31,32,-1,25,32,33,-1,33,32,34,-1,33,34,35,-1,35,34,36,-1,37,38,36,-1,36,38,39,-1,36,39,35,-1,20,19,40,-1,40,19,41,-1,40,41,37,-1,37,41,42,-1,37,42,38,-1,22,21,43,-1,43,21,44,-1,45,46,47,-1,48,49,50,-1,50,49,51,-1,50,51,52,-1,46,53,47,-1,47,53,54,-1,47,54,50,-1,50,54,55,-1,50,55,48,-1,56,57,58,-1,58,57,59,-1,58,59,52,-1,52,59,60,-1,52,60,61,-1,61,62,52,-1,52,62,63,-1,52,63,50,-1,50,63,43,-1,50,43,44,-1,64,65,66,-1,66,65,67,-1,66,67,68,-1,69,70,71,-1,66,72,64,-1,64,72,73,-1,64,73,74,-1,74,73,69,-1,74,69,75,-1,75,69,71,-1,47,76,45,-1,45,76,77,-1,45,77,78,-1,78,77,79,-1,78,79,80,-1,80,79,81,-1,80,81,82,-1,82,81,83,-1,82,83,84,-1,84,83,68,-1,84,68,85,-1,85,68,67,-1,
        ]
    }
}
Shape{
    appearance Appearance {
        material  Material 	{
            diffuseColor 0.2235294117647059 0.2235294117647059 0.2235294117647059
            specularColor 0.11372549019607843 0.11372549019607843 0.11372549019607843
            ambientIntensity 0.2235
            transparency 0.0
            shininess 0.5
        }
    }
    geometry IndexedFaceSet {
        ccw TRUE
        solid FALSE
        coord DEF co Coordinate {
            point [
                0.7382 -0.2689 0.5039, 0.7382 -0.0523 0.5039, 0.7087 -0.2689 0.6417, 0.7087 -0.0523 0.6417, 0.8347 -0.0523 0.5039, 0.8347 -0.2689 0.5039, 0.8642 -0.0523 0.6417, 0.8642 -0.2689 0.6417, 0.8642 -0.0523 0.7008, 0.8642 -0.2689 0.7008, 0.6713 -0.2689 0.7008, 0.7087 -0.2689 0.7008, 0.6713 -0.0523 0.7008, 0.7087 -0.0523 0.7008, 0.9016 -0.0523 0.7008, 0.9016 -0.2689 0.7008, 0.3799 -0.2689 0.5039, 0.3799 -0.0523 0.5039, 0.3504 -0.2689 0.6417, 0.3504 -0.0523 0.6417, 0.4075 -0.0523 0.5039, 0.4075 -0.2689 0.5039, 0.437 -0.0523 0.6417, 0.437 -0.2689 0.6417, 0.437 -0.0523 0.7008, 0.437 -0.2689 0.7008, 0.2855 -0.2689 0.7008, 0.3504 -0.2689 0.7008, 0.2855 -0.0523 0.7008, 0.3504 -0.0523 0.7008, 0.502 -0.0523 0.7008, 0.502 -0.2689 0.7008, -0.0689 -0.2689 0.5039, -0.0689 -0.0523 0.5039, -0.0984 -0.2689 0.6417, -0.0984 -0.0523 0.6417, 0.0689 -0.0523 0.5039, 0.0689 -0.2689 0.5039, 0.0984 -0.0523 0.6417, 0.0984 -0.2689 0.6417, 0.0984 -0.0523 0.7008, 0.0984 -0.2689 0.7008, -0.1358 -0.2689 0.7008, -0.0984 -0.2689 0.7008, -0.1358 -0.0523 0.7008, -0.0984 -0.0523 0.7008, 0.1358 -0.0523 0.7008, 0.1358 -0.2689 0.7008, -0.3799 -0.0523 0.5039, -0.3799 -0.2689 0.5039, -0.3504 -0.0523 0.6417, -0.3504 -0.2689 0.6417, -0.3504 -0.0523 0.7008, -0.3504 -0.2689 0.7008, -0.5019 -0.2689 0.7008, -0.437 -0.2689 0.7008, -0.5019 -0.0523 0.7008, -0.437 -0.0523 0.7008, -0.437 -0.2689 0.6417, -0.437 -0.0523 0.6417, -0.4075 -0.2689 0.5039, -0.4075 -0.0523 0.5039, -0.2854 -0.0523 0.7008, -0.2854 -0.2689 0.7008, -0.8149 -0.2689 0.5039, -0.8149 -0.0523 0.5039, -0.8445 -0.2689 0.6417, -0.8445 -0.0523 0.6417, -0.8445 -0.2689 0.7008, -0.8445 -0.0523 0.7008, -0.6712 -0.0523 0.7008, -0.7086 -0.0523 0.7008, -0.6712 -0.2689 0.7008, -0.7086 -0.2689 0.7008, -0.7086 -0.0523 0.6417, -0.7086 -0.2689 0.6417, -0.7382 -0.0523 0.5039, -0.7382 -0.2689 0.5039, -0.8819 -0.2689 0.7008, -0.8819 -0.0523 0.7008
            ]
        }
        coordIndex [
            0,1,2,-1,2,1,3,-1,4,1,5,-1,5,1,0,-1,4,5,6,-1,6,5,7,-1,8,6,9,-1,9,6,7,-1,10,11,12,-1,12,11,13,-1,11,2,13,-1,13,2,3,-1,14,8,15,-1,15,8,9,-1,16,17,18,-1,18,17,19,-1,20,17,21,-1,21,17,16,-1,20,21,22,-1,22,21,23,-1,24,22,25,-1,25,22,23,-1,26,27,28,-1,28,27,29,-1,27,18,29,-1,29,18,19,-1,30,24,31,-1,31,24,25,-1,32,33,34,-1,34,33,35,-1,36,33,37,-1,37,33,32,-1,36,37,38,-1,38,37,39,-1,40,38,41,-1,41,38,39,-1,42,43,44,-1,44,43,45,-1,43,34,45,-1,45,34,35,-1,46,40,47,-1,47,40,41,-1,48,49,50,-1,50,49,51,-1,52,50,53,-1,53,50,51,-1,54,55,56,-1,56,55,57,-1,55,58,57,-1,57,58,59,-1,60,61,58,-1,58,61,59,-1,60,49,61,-1,61,49,48,-1,62,52,63,-1,63,52,53,-1,64,65,66,-1,66,65,67,-1,68,66,69,-1,69,66,67,-1,70,71,72,-1,72,71,73,-1,71,74,73,-1,73,74,75,-1,76,77,74,-1,74,77,75,-1,76,65,77,-1,77,65,64,-1,78,68,79,-1,79,68,69,-1,
        ]
    }
}
Shape{
    appearance Appearance {
        material  Material 	{
            diffuseColor 0.9686274509803922 0.8784313725490196 0.6
            specularColor 0.6784313725490196 0.615686274509804 0.4196078431372549
            ambientIntensity 0.8737
            transparency 0.0
            shininess 0.5
        }
    }
    geometry IndexedFaceSet {
        ccw TRUE
        solid FALSE
        coord DEF co Coordinate {
            point [
                0.9882 -0.5769 0.7992, 0.9882 -0.5948 0.7795, 0.9882 -0.5976 0.7795, 0.9882 -1.0819 0.7205, 0.9882 -1.2197 0.7205, 0.9882 -1.0819 0.7795, 0.9882 -1.2197 0.7795, 0.9882 -0.5976 0.7205, 0.9882 -0.7354 0.7205, 0.9882 -0.7354 0.7795, 0.9882 -1.4515 0.7992, 0.9882 -1.4515 0.7795
            ]
        }
        coordIndex [
            0,1,2,-1,3,4,5,-1,5,4,6,-1,7,8,2,-1,2,8,9,-1,2,9,0,-1,0,9,5,-1,0,5,10,-1,10,5,6,-1,10,6,11,-1,
        ]
    }
}
Shape{
    appearance Appearance {
        material  Material 	{
            diffuseColor 0.2235294117647059 0.2235294117647059 0.2235294117647059
            specularColor 0.11372549019607843 0.11372549019607843 0.11372549019607843
            ambientIntensity 0.2235
            transparency 0.0
            shininess 0.5
        }
    }
    geometry IndexedFaceSet {
        ccw TRUE
        solid FALSE
        coord DEF co Coordinate {
            point [
                -0.5649 -0.5976 0.7795, -0.3504 -0.5976 0.7795, -0.3504 -0.5948 0.7795, -0.998 -0.7354 0.7795, -0.5649 -1.2197 0.7795, -0.998 -0.5976 0.7795, -0.5649 -1.0819 0.7795, 0.878 -0.5976 0.7795, 0.9882 -0.5976 0.7795, 0.9882 -0.5948 0.7795, -0.998 -1.2197 0.7795, -0.998 -1.0819 0.7795, -1.1161 -1.0819 0.7795, -1.1161 -0.7354 0.7795, 0.437 -0.5976 0.7795, 0.437 -0.5948 0.7795, 0.2225 -0.5976 0.7795, -0.2126 -0.5948 0.7795, 0.9882 -1.0819 0.7795, 0.9882 -0.7354 0.7795, 0.878 -1.0819 0.7795, 0.878 -0.7354 0.7795, 0.437 -1.0819 0.7795, 0.437 -0.7354 0.7795, 0.2225 -1.0819 0.7795, 0.2225 -0.7354 0.7795, 0.6851 -1.0819 0.7795, 0.878 -1.2197 0.7795, 0.6851 -1.2197 0.7795, -1.2027 -0.5948 0.7795, -1.1161 -0.5976 0.7795, -1.2041 -1.1912 0.7795, -1.2099 -1.2116 0.7795, -1.1161 -1.2197 0.7795, -1.2199 -1.2303 0.7795, -0.2126 -0.7354 0.7795, -0.2126 -1.0819 0.7795, -0.1023 -0.7354 0.7795, -0.1023 -1.0819 0.7795, 0.5748 -0.5948 0.7795, 0.5748 -0.5976 0.7795, 0.6851 -0.5976 0.7795, -0.1023 -1.2197 0.7795, 0.2225 -1.2197 0.7795, 0.2225 -1.2189 0.7795, -0.1023 -0.5976 0.7795, -0.2126 -0.5976 0.7795, 1.2303 -1.6488 0.7795, 1.2894 -1.5012 0.7795, 1.126 -1.4515 0.7795, 0.437 -1.2197 0.7795, 0.437 -1.4515 0.7795, 0.4685 -1.538 0.7795, -0.2126 -1.2197 0.7795, -0.5649 -0.7354 0.7795, -0.3504 -0.7354 0.7795, -0.3504 -1.0819 0.7795, 1.246 -1.2563 0.7795, 1.2337 -1.2465 0.7795, 1.2199 -1.2303 0.7795, 1.2099 -1.2116 0.7795, 0.9882 -1.4515 0.7795, 0.9882 -1.2197 0.7795, -1.2027 -1.1748 0.7795, 0.6851 -0.7354 0.7795, 0.5748 -0.7354 0.7795, 0.5748 -1.0819 0.7795, 1.0197 -1.538 0.7795, 0.5433 -1.538 0.7795, 0.5748 -1.4515 0.7795, 0.5748 -1.2197 0.7795, 1.2028 -0.5948 0.7795, 1.126 -0.5948 0.7795, 1.2028 -1.1748 0.7795, 1.2041 -1.1912 0.7795, 1.0945 -1.538 0.7795, -1.2303 -1.6488 0.7795, -0.3504 -1.2197 0.7795, -0.3504 -1.2886 0.7795, -0.3189 -1.3752 0.7795, -0.2441 -1.3752 0.7795, -0.2126 -1.2886 0.7795, -1.2337 -1.2465 0.7795, -1.246 -1.2563 0.7795, -1.2894 -1.3379 0.7795, -1.2584 -1.2663 0.7795, -1.2881 -1.322 0.7795, -1.2723 -1.2825 0.7795, -1.2823 -1.3014 0.7795, -1.2894 -1.5012 0.7795, 1.2894 -1.3379 0.7795, 1.288 -1.3215 0.7795, 1.2822 -1.3011 0.7795, 1.2722 -1.2824 0.7795, 1.2584 -1.2662 0.7795
            ]
        }
        coordIndex [
            0,1,2,-1,3,4,5,-1,5,4,6,-1,7,8,9,-1,10,4,11,-1,11,4,3,-1,11,3,12,-1,12,3,13,-1,14,15,16,-1,16,15,17,-1,18,19,20,-1,20,19,21,-1,22,23,24,-1,24,23,25,-1,20,26,27,-1,27,26,28,-1,29,30,5,-1,31,32,33,-1,33,32,34,-1,35,36,37,-1,37,36,38,-1,39,40,41,-1,42,43,38,-1,38,43,44,-1,44,24,38,-1,38,24,25,-1,38,25,37,-1,37,25,16,-1,37,16,45,-1,45,16,17,-1,45,17,46,-1,47,48,49,-1,50,43,51,-1,51,43,42,-1,51,42,52,-1,52,42,53,-1,2,29,0,-1,0,29,5,-1,0,5,54,-1,54,5,6,-1,54,6,55,-1,55,6,56,-1,57,58,49,-1,49,58,59,-1,49,59,60,-1,61,62,27,-1,31,33,63,-1,63,33,12,-1,63,12,29,-1,29,12,13,-1,29,13,30,-1,9,39,7,-1,7,39,41,-1,7,41,21,-1,21,41,64,-1,21,64,20,-1,20,64,65,-1,20,65,26,-1,26,65,66,-1,67,61,68,-1,68,61,27,-1,68,27,69,-1,69,27,28,-1,69,28,70,-1,71,72,73,-1,73,72,49,-1,73,49,74,-1,74,49,60,-1,49,75,47,-1,47,75,67,-1,47,67,76,-1,76,67,68,-1,76,68,52,-1,77,4,78,-1,78,4,10,-1,78,10,79,-1,79,10,76,-1,79,76,80,-1,80,76,52,-1,80,52,81,-1,81,52,53,-1,82,83,84,-1,84,83,85,-1,84,85,86,-1,86,85,87,-1,86,87,88,-1,34,82,33,-1,33,82,84,-1,33,84,10,-1,10,84,89,-1,10,89,76,-1,48,90,49,-1,49,90,91,-1,49,91,92,-1,92,93,49,-1,49,93,94,-1,49,94,57,-1,
        ]
    }
}
Shape{
    appearance Appearance {
        material  Material 	{
            diffuseColor 0.9686274509803922 0.8784313725490196 0.6
            specularColor 0.6784313725490196 0.615686274509804 0.4196078431372549
            ambientIntensity 0.8737
            transparency 0.0
            shininess 0.5
        }
    }
    geometry IndexedFaceSet {
        ccw TRUE
        solid FALSE
        coord DEF co Coordinate {
            point [
                0.5748 -0.5976 0.7795, 0.5748 -0.5948 0.7795, 0.5748 -0.5769 0.7992, 0.5748 -0.7354 0.7795, 0.5748 -0.7354 0.7205, 0.5748 -0.5976 0.7205, 0.5748 -1.4515 0.7992, 0.5748 -1.2197 0.7795, 0.5748 -1.4515 0.7795, 0.5748 -1.0819 0.7795, 0.5748 -1.0819 0.7205, 0.5748 -1.2197 0.7205, 0.437 -0.5769 0.7992, 0.437 -0.5948 0.7795, 0.437 -0.5976 0.7795, 0.437 -1.0819 0.7598, 0.437 -1.2197 0.7598, 0.437 -1.0819 0.7795, 0.437 -1.2197 0.7795, 0.437 -0.5976 0.7598, 0.437 -0.7354 0.7598, 0.437 -0.7354 0.7795, 0.437 -1.4515 0.7992, 0.437 -1.4515 0.7795, -0.2126 -1.0819 0.7795, -0.2126 -0.7354 0.7795, -0.2126 -0.5769 0.7992, -0.2126 -0.5948 0.7795, -0.2126 -0.5976 0.7795, -0.2126 -0.5976 0.7205, -0.2126 -0.7354 0.7205, -0.2126 -1.2886 0.7992, -0.2126 -1.2886 0.7795, -0.2126 -1.2197 0.7795, -0.2126 -1.2197 0.7205, -0.2126 -1.0819 0.7205, -0.3504 -0.5769 0.7992, -0.3504 -0.5948 0.7795, -0.3504 -0.5976 0.7795, -0.3504 -1.0819 0.7598, -0.3504 -1.2197 0.7598, -0.3504 -1.0819 0.7795, -0.3504 -1.2197 0.7795, -0.3504 -0.5976 0.7598, -0.3504 -0.7354 0.7598, -0.3504 -0.7354 0.7795, -0.3504 -1.2886 0.7992, -0.3504 -1.2886 0.7795, 1.126 -1.4515 0.7992, 1.126 -1.4515 0.7795, 1.126 -0.5769 0.7992, 1.126 -0.5948 0.7795, 0.9882 -0.5769 0.7992, 0.9882 -1.4515 0.7992, 1.1183 -1.4727 0.7992, 0.9959 -1.4727 0.7992
            ]
        }
        coordIndex [
            0,1,2,-1,3,4,5,-1,2,6,7,-1,7,6,8,-1,5,0,3,-1,3,0,2,-1,3,2,9,-1,9,2,7,-1,9,7,10,-1,10,7,11,-1,12,13,14,-1,15,16,17,-1,17,16,18,-1,19,20,14,-1,14,20,21,-1,14,21,12,-1,12,21,17,-1,12,17,22,-1,22,17,18,-1,22,18,23,-1,24,25,26,-1,27,26,28,-1,28,26,25,-1,28,25,29,-1,29,25,30,-1,31,32,33,-1,34,35,33,-1,33,35,24,-1,33,24,31,-1,31,24,26,-1,36,37,38,-1,39,40,41,-1,41,40,42,-1,43,44,38,-1,38,44,45,-1,38,45,36,-1,36,45,41,-1,36,41,46,-1,46,41,42,-1,46,42,47,-1,48,49,50,-1,50,49,51,-1,50,52,48,-1,48,52,53,-1,48,53,54,-1,54,53,55,-1,
        ]
    }
}
Shape{
    appearance Appearance {
        material  Material 	{
            diffuseColor 0.2235294117647059 0.2235294117647059 0.2235294117647059
            specularColor 0.11372549019607843 0.11372549019607843 0.11372549019607843
            ambientIntensity 0.2235
            transparency 0.0
            shininess 0.5
        }
    }
    geometry IndexedFaceSet {
        ccw TRUE
        solid FALSE
        coord DEF co Coordinate {
            point [
                -1.2027 -1.1748 0.7795, -1.2027 -1.1748 0.7008, -1.2041 -1.1912 0.7795, -1.2041 -1.1912 0.7008, -1.2099 -1.2116 0.7795, -1.2099 -1.2116 0.7008, -1.2199 -1.2303 0.7795, -1.2199 -1.2303 0.7008, -1.2337 -1.2465 0.7795, -1.2337 -1.2465 0.7008, -1.246 -1.2563 0.7795, -1.246 -1.2564 0.7008
            ]
        }
        coordIndex [
            0,1,2,-1,2,1,3,-1,2,3,4,-1,4,3,5,-1,4,5,6,-1,6,5,7,-1,6,7,8,-1,8,7,9,-1,8,9,10,-1,10,9,11,-1,
        ]
    }
}
Shape{
    appearance Appearance {
        material  Material 	{
            diffuseColor 0.8509803921568627 0.8509803921568627 0.8509803921568627
            specularColor 0.4235294117647059 0.4235294117647059 0.4235294117647059
            ambientIntensity 0.851
            transparency 0.0
            shininess 0.5
        }
    }
    geometry IndexedFaceSet {
        ccw TRUE
        solid FALSE
        coord DEF co Coordinate {
            point [
                -1.28 -0.6468 0.7008, -1.2657 -0.6527 0.7008, -1.2027 -0.3692 0.7008, -1.2535 -0.662 0.7008, -1.2441 -0.6743 0.7008, -1.2946 -0.5043 0.7008, -1.3071 -0.5068 0.7008, -1.3071 -0.6448 0.7008, -1.2027 -1.1748 0.7008, -1.2381 -1.1644 0.7008, -1.2041 -1.1912 0.7008, -1.2436 -1.1782 0.7008, -1.2099 -1.2116 0.7008, -1.2524 -1.1903 0.7008, -1.2199 -1.2303 0.7008, -1.2382 -0.6885 0.7008, -1.2362 -0.7038 0.7008, -1.2362 -1.1496 0.7008, -1.2953 -0.6448 0.7008, -1.2832 -0.4987 0.7008, -1.2734 -0.4905 0.7008, -1.2598 -0.3692 0.7008, -1.2598 -0.4558 0.7008, -1.2614 -0.4684 0.7008, -1.266 -0.4802 0.7008, -1.3161 -1.4097 0.7008, -1.2894 -1.4764 0.7008, -1.2894 -1.3379 0.7008, -1.2584 -1.2663 0.7008, -1.3115 -1.2336 0.7008, -1.2723 -1.2825 0.7008, -1.317 -1.2475 0.7008, -1.2823 -1.3014 0.7008, -1.3189 -1.2623 0.7008, -1.2881 -1.322 0.7008, -1.246 -1.2564 0.7008, -1.2911 -1.2122 0.7008, -1.3026 -1.2216 0.7008, -1.2337 -1.2465 0.7008, -1.264 -1.1997 0.7008, -1.2775 -1.2059 0.7008, -1.3182 -1.4025 0.7008, -1.3189 -1.395 0.7008, -1.2598 -0.4558 0.622, -1.2598 -0.3692 0.622, -1.2441 -0.6743 0.622, -1.2535 -0.662 0.622, -1.2027 -0.3692 0.622, -1.2657 -0.6527 0.622, -1.28 -0.6468 0.622, -1.2436 -1.1782 0.622, -1.2381 -1.1644 0.622, -1.2027 -1.1748 0.622, -1.3189 -1.2623 0.622, -1.317 -1.2475 0.622, -1.2722 -1.2824 0.622, -1.3115 -1.2336 0.622, -1.2583 -1.2662 0.622, -1.2894 -1.3379 0.622, -1.2894 -1.4764 0.622, -1.3161 -1.4097 0.622, -1.2822 -1.3011 0.622, -1.288 -1.3215 0.622, -1.3189 -1.395 0.622, -1.3182 -1.4025 0.622, -1.2362 -1.1496 0.622, -1.2362 -0.7038 0.622, -1.2382 -0.6885 0.622, -1.3071 -0.6448 0.622, -1.3071 -0.5068 0.622, -1.2953 -0.6448 0.622, -1.2946 -0.5043 0.622, -1.2832 -0.4987 0.622, -1.2734 -0.4905 0.622, -1.2041 -1.1912 0.622, -1.2099 -1.2116 0.622, -1.2524 -1.1903 0.622, -1.2199 -1.2303 0.622, -1.264 -1.1997 0.622, -1.2337 -1.2465 0.622, -1.2775 -1.2059 0.622, -1.246 -1.2564 0.622, -1.2911 -1.2122 0.622, -1.3026 -1.2216 0.622, -1.266 -0.4802 0.622, -1.2614 -0.4684 0.622
            ]
        }
        coordIndex [
            0,1,2,-1,2,1,3,-1,2,3,4,-1,5,6,7,-1,8,9,10,-1,10,9,11,-1,10,11,12,-1,12,11,13,-1,12,13,14,-1,4,15,2,-1,2,15,16,-1,2,16,8,-1,8,16,17,-1,8,17,9,-1,7,18,5,-1,5,18,0,-1,5,0,19,-1,19,0,20,-1,21,22,2,-1,2,22,23,-1,2,23,0,-1,0,23,24,-1,0,24,20,-1,25,26,27,-1,28,29,30,-1,30,29,31,-1,30,31,32,-1,32,31,33,-1,32,33,34,-1,35,36,28,-1,28,36,37,-1,28,37,29,-1,14,13,38,-1,38,13,39,-1,38,39,35,-1,35,39,40,-1,35,40,36,-1,25,27,41,-1,34,33,27,-1,27,33,42,-1,27,42,41,-1,22,21,43,-1,43,21,44,-1,45,46,47,-1,47,46,48,-1,47,48,49,-1,50,51,52,-1,53,54,55,-1,55,54,56,-1,55,56,57,-1,58,59,60,-1,55,61,53,-1,53,61,62,-1,53,62,63,-1,63,62,58,-1,63,58,64,-1,64,58,60,-1,51,65,52,-1,52,65,66,-1,52,66,47,-1,47,66,67,-1,47,67,45,-1,68,69,70,-1,70,69,71,-1,70,71,49,-1,49,71,72,-1,49,72,73,-1,52,74,50,-1,50,74,75,-1,50,75,76,-1,76,75,77,-1,76,77,78,-1,78,77,79,-1,78,79,80,-1,80,79,81,-1,80,81,82,-1,82,81,57,-1,82,57,83,-1,83,57,56,-1,73,84,49,-1,49,84,85,-1,49,85,47,-1,47,85,43,-1,47,43,44,-1,
        ]
    }
}
Shape{
    appearance Appearance {
        material  Material 	{
            diffuseColor 0.9686274509803922 0.8784313725490196 0.6
            specularColor 0.6784313725490196 0.615686274509804 0.4196078431372549
            ambientIntensity 0.8737
            transparency 0.0
            shininess 0.5
        }
    }
    geometry IndexedFaceSet {
        ccw TRUE
        solid FALSE
        coord DEF co Coordinate {
            point [
                -0.9882 -1.2197 0.5433, -0.9882 -1.4515 0.5433, -0.9882 -1.4515 0.5236, -0.9882 -0.5769 0.5236, -0.9882 -0.5976 0.5433, -0.9882 -0.5948 0.5433, -0.9882 -1.0819 0.5433, -0.9882 -1.0819 0.6024, -0.9882 -1.2197 0.6024, -0.9882 -0.7354 0.5433, -0.9882 -0.7354 0.6024, -0.9882 -0.5976 0.6024
            ]
        }
        coordIndex [
            0,1,2,-1,2,3,4,-1,4,3,5,-1,6,7,8,-1,8,0,6,-1,6,0,2,-1,6,2,9,-1,9,2,4,-1,9,4,10,-1,10,4,11,-1,
        ]
    }
}
Shape{
    appearance Appearance {
        material  Material 	{
            diffuseColor 0.2235294117647059 0.2235294117647059 0.2235294117647059
            specularColor 0.11372549019607843 0.11372549019607843 0.11372549019607843
            ambientIntensity 0.2235
            transparency 0.0
            shininess 0.5
        }
    }
    geometry IndexedFaceSet {
        ccw TRUE
        solid FALSE
        coord DEF co Coordinate {
            point [
                0.565 -0.7354 0.5433, 0.565 -0.5976 0.5433, 0.9981 -1.0819 0.5433, 0.3504 -0.5976 0.5433, 0.3504 -0.5948 0.5433, 1.2028 -0.5948 0.5433, 0.565 -1.0819 0.5433, 0.3504 -1.0819 0.5433, 0.3504 -0.7354 0.5433, 1.1162 -1.0819 0.5433, 0.9981 -0.7354 0.5433, 0.9981 -0.5976 0.5433, -0.8779 -0.5976 0.5433, -0.9882 -0.5976 0.5433, -0.9882 -0.5948 0.5433, -0.437 -0.5976 0.5433, -0.437 -0.5948 0.5433, -0.2224 -0.5976 0.5433, 0.2126 -0.5948 0.5433, 1.2028 -1.1748 0.5433, 1.1162 -0.7354 0.5433, 1.1162 -0.5976 0.5433, -0.685 -1.2197 0.5433, -0.8779 -1.2197 0.5433, -0.685 -1.0819 0.5433, -0.8779 -1.0819 0.5433, -0.9882 -1.0819 0.5433, -0.9882 -0.7354 0.5433, -0.8779 -0.7354 0.5433, 0.2126 -0.5976 0.5433, 0.1024 -0.5976 0.5433, 0.1024 -1.2197 0.5433, -0.2224 -1.2197 0.5433, 0.1024 -1.0819 0.5433, -0.2224 -1.2189 0.5433, -0.2224 -1.0819 0.5433, 0.1024 -0.7354 0.5433, -0.2224 -0.7354 0.5433, 0.2126 -0.7354 0.5433, 0.2126 -1.0819 0.5433, -0.437 -0.7354 0.5433, -0.437 -1.0819 0.5433, -0.437 -1.2197 0.5433, -0.437 -1.4515 0.5433, -0.4685 -1.538 0.5433, 0.2126 -1.2197 0.5433, 0.565 -1.2197 0.5433, 0.9981 -1.2197 0.5433, 1.2099 -1.2116 0.5433, 1.2199 -1.2303 0.5433, 1.1162 -1.2197 0.5433, -0.5748 -0.5948 0.5433, -0.5748 -0.5976 0.5433, -0.685 -0.5976 0.5433, -1.2099 -1.2116 0.5433, -1.126 -1.2189 0.5433, -1.2199 -1.2303 0.5433, -1.126 -1.4515 0.5433, -0.9882 -1.4515 0.5433, -0.9882 -1.2197 0.5433, 1.2303 -1.6488 0.5433, 0.3504 -1.2886 0.5433, 0.3504 -1.2197 0.5433, 1.2337 -1.2465 0.5433, 1.2894 -1.3379 0.5433, 1.2894 -1.5012 0.5433, -0.685 -0.7354 0.5433, -0.5748 -0.7354 0.5433, -0.5748 -1.0819 0.5433, -1.2583 -1.2662 0.5433, -1.246 -1.2563 0.5433, -1.2337 -1.2465 0.5433, -1.2027 -0.5948 0.5433, -1.126 -0.5948 0.5433, -1.2027 -1.1748 0.5433, -1.2041 -1.1912 0.5433, 1.2041 -1.1912 0.5433, -1.0197 -1.538 0.5433, -0.5433 -1.538 0.5433, -0.5748 -1.4515 0.5433, -0.5748 -1.2197 0.5433, -1.0945 -1.538 0.5433, -1.2303 -1.6488 0.5433, 0.2126 -1.2886 0.5433, 0.2441 -1.3752 0.5433, 0.3189 -1.3752 0.5433, 1.246 -1.2563 0.5433, 1.2584 -1.2662 0.5433, 1.288 -1.3215 0.5433, 1.2722 -1.2824 0.5433, 1.2822 -1.3011 0.5433, -1.2894 -1.5012 0.5433, -1.2894 -1.3379 0.5433, -1.288 -1.3215 0.5433, -1.2822 -1.3011 0.5433, -1.2722 -1.2824 0.5433
            ]
        }
        coordIndex [
            0,1,2,-1,3,4,1,-1,1,4,5,-1,6,7,8,-1,9,2,10,-1,10,2,1,-1,10,1,11,-1,11,1,5,-1,12,13,14,-1,15,16,17,-1,17,16,18,-1,19,20,5,-1,5,20,21,-1,5,21,11,-1,22,23,24,-1,24,23,25,-1,26,27,25,-1,25,27,28,-1,18,29,30,-1,31,32,33,-1,33,32,34,-1,33,34,35,-1,18,30,17,-1,17,30,36,-1,17,36,37,-1,38,39,36,-1,36,39,33,-1,36,33,37,-1,37,33,35,-1,37,35,40,-1,40,35,41,-1,42,32,43,-1,43,32,31,-1,43,31,44,-1,44,31,45,-1,8,0,6,-1,6,0,2,-1,6,2,46,-1,46,2,47,-1,48,49,50,-1,51,52,53,-1,54,55,56,-1,56,55,57,-1,58,59,23,-1,47,60,46,-1,46,60,61,-1,46,61,62,-1,49,63,50,-1,50,63,64,-1,50,64,47,-1,47,64,65,-1,47,65,60,-1,14,51,12,-1,12,51,53,-1,12,53,28,-1,28,53,66,-1,28,66,25,-1,25,66,67,-1,25,67,24,-1,24,67,68,-1,69,70,57,-1,57,70,71,-1,57,71,56,-1,72,73,74,-1,74,73,55,-1,74,55,75,-1,75,55,54,-1,10,20,9,-1,9,20,19,-1,9,19,50,-1,50,19,76,-1,50,76,48,-1,77,58,78,-1,78,58,23,-1,78,23,79,-1,79,23,22,-1,79,22,80,-1,57,81,82,-1,82,81,77,-1,82,77,60,-1,60,77,78,-1,60,78,44,-1,45,83,44,-1,44,83,84,-1,44,84,60,-1,60,84,85,-1,60,85,61,-1,63,86,64,-1,64,86,87,-1,64,87,88,-1,88,87,89,-1,88,89,90,-1,82,91,57,-1,57,91,92,-1,57,92,93,-1,93,94,57,-1,57,94,95,-1,57,95,69,-1,
        ]
    }
}
Shape{
    appearance Appearance {
        material  Material 	{
            diffuseColor 0.9686274509803922 0.8784313725490196 0.6
            specularColor 0.6784313725490196 0.615686274509804 0.4196078431372549
            ambientIntensity 0.8737
            transparency 0.0
            shininess 0.5
        }
    }
    geometry IndexedFaceSet {
        ccw TRUE
        solid FALSE
        coord DEF co Coordinate {
            point [
                -0.5748 -0.7354 0.5433, -0.5748 -0.7354 0.6024, -0.5748 -0.5976 0.6024, -0.5748 -0.5948 0.5433, -0.5748 -0.5769 0.5236, -0.5748 -0.5976 0.5433, -0.5748 -1.4515 0.5236, -0.5748 -1.4515 0.5433, -0.5748 -1.2197 0.5433, -0.5748 -1.2197 0.6024, -0.5748 -1.0819 0.6024, -0.5748 -1.0819 0.5433, -0.437 -1.2197 0.5433, -0.437 -1.4515 0.5433, -0.437 -1.4515 0.5236, -0.437 -0.5769 0.5236, -0.437 -0.5976 0.5433, -0.437 -0.5948 0.5433, -0.437 -1.0819 0.5433, -0.437 -1.0819 0.563, -0.437 -1.2197 0.563, -0.437 -0.7354 0.5433, -0.437 -0.7354 0.563, -0.437 -0.5976 0.563, 0.2126 -0.7354 0.5433, 0.2126 -0.7354 0.6024, 0.2126 -0.5976 0.6024, 0.2126 -0.5948 0.5433, 0.2126 -0.5769 0.5236, 0.2126 -0.5976 0.5433, 0.2126 -1.2886 0.5236, 0.2126 -1.2886 0.5433, 0.2126 -1.2197 0.5433, 0.2126 -1.2197 0.6024, 0.2126 -1.0819 0.6024, 0.2126 -1.0819 0.5433, 0.3504 -1.2197 0.5433, 0.3504 -1.2886 0.5433, 0.3504 -1.2886 0.5236, 0.3504 -0.5769 0.5236, 0.3504 -0.5976 0.5433, 0.3504 -0.5948 0.5433, 0.3504 -1.0819 0.5433, 0.3504 -1.0819 0.563, 0.3504 -1.2197 0.563, 0.3504 -0.7354 0.5433, 0.3504 -0.7354 0.563, 0.3504 -0.5976 0.563, -1.126 -0.5948 0.5433, -1.126 -0.5769 0.5236, -1.126 -1.2189 0.5433, -1.126 -1.4515 0.5236, -1.126 -1.4515 0.5433, -0.9882 -0.5769 0.5236, -0.9882 -1.4515 0.5236, -1.1182 -1.4727 0.5236, -0.9959 -1.4727 0.5236
            ]
        }
        coordIndex [
            0,1,2,-1,3,4,5,-1,5,4,6,-1,6,7,8,-1,9,10,8,-1,8,10,11,-1,8,11,6,-1,6,11,0,-1,6,0,5,-1,5,0,2,-1,12,13,14,-1,14,15,16,-1,16,15,17,-1,18,19,20,-1,20,12,18,-1,18,12,14,-1,18,14,21,-1,21,14,16,-1,21,16,22,-1,22,16,23,-1,24,25,26,-1,27,28,29,-1,29,28,30,-1,30,31,32,-1,33,34,32,-1,32,34,35,-1,32,35,30,-1,30,35,24,-1,30,24,29,-1,29,24,26,-1,36,37,38,-1,38,39,40,-1,40,39,41,-1,42,43,44,-1,44,36,42,-1,42,36,38,-1,42,38,45,-1,45,38,40,-1,45,40,46,-1,46,40,47,-1,48,49,50,-1,50,49,51,-1,50,51,52,-1,49,53,51,-1,51,53,54,-1,51,54,55,-1,55,54,56,-1,
        ]
    }
}
Shape{
    appearance Appearance {
        material  Material 	{
            diffuseColor 0.2235294117647059 0.2235294117647059 0.2235294117647059
            specularColor 0.11372549019607843 0.11372549019607843 0.11372549019607843
            ambientIntensity 0.2235
            transparency 0.0
            shininess 0.5
        }
    }
    geometry IndexedFaceSet {
        ccw TRUE
        solid FALSE
        coord DEF co Coordinate {
            point [
                1.2028 -0.4979 0.4368, 1.2028 -0.3692 0.4368, 1.2028 -0.5948 0.5433, 1.2028 -0.3692 0.622, 1.2028 -1.1748 0.5433, 1.2028 -1.1748 0.622, 1.2028 -1.1748 0.7795, 1.2028 -1.1748 0.7008, 1.2028 -0.5948 0.7795, 1.2028 -0.3692 0.7008, 1.2028 -0.4979 0.8861, 1.2028 -0.3692 0.8861, 1.2117 -0.3692 0.8824, 1.2599 -0.3692 0.7008, 1.3147 -0.3692 0.7485, 1.3024 -0.3692 0.7907, 1.2802 -0.3692 0.8285, 1.2493 -0.3692 0.8597, 1.2599 -0.3692 0.622, 1.3169 -0.3692 0.6024, 1.3169 -0.3692 0.7203, 1.2112 -0.3692 0.4402, 1.2487 -0.3692 0.4626, 1.2795 -0.3692 0.4935, 1.3019 -0.3692 0.5309, 1.3144 -0.3692 0.5727, 0.8642 -0.0523 0.7008, 0.9016 -0.0523 0.7008, 0.9016 -0.0523 0.8976, 0.6713 -0.0523 0.8976, 0.6713 -0.0523 0.7008, 0.7087 -0.0523 0.7008, 0.7382 -0.0523 0.5039, 0.8347 -0.0523 0.5039, 0.7087 -0.0523 0.6417, 0.8642 -0.0523 0.6417, 0.6713 -0.2689 0.7008, 0.6713 -0.2689 0.8976, 0.7087 -0.2689 0.7008, 0.9016 -0.2689 0.8976, 0.9016 -0.2689 0.7008, 0.8642 -0.2689 0.7008, 0.8347 -0.2689 0.5039, 0.7382 -0.2689 0.5039, 0.8642 -0.2689 0.6417, 0.7087 -0.2689 0.6417, 0.437 -0.0523 0.7008, 0.502 -0.0523 0.7008, 0.502 -0.0523 0.8976, 0.2855 -0.0523 0.8976, 0.2855 -0.0523 0.7008, 0.3504 -0.0523 0.7008, 0.437 -0.0523 0.6417, 0.3504 -0.0523 0.6417, 0.4075 -0.0523 0.5039, 0.3799 -0.0523 0.5039, 0.2855 -0.2689 0.7008, 0.2855 -0.2689 0.8976, 0.3504 -0.2689 0.7008, 0.502 -0.2689 0.8976, 0.502 -0.2689 0.7008, 0.437 -0.2689 0.7008, 0.4075 -0.2689 0.5039, 0.3799 -0.2689 0.5039, 0.437 -0.2689 0.6417, 0.3504 -0.2689 0.6417, 0.0984 -0.0523 0.7008, 0.1358 -0.0523 0.7008, 0.1358 -0.0523 0.8976, -0.1358 -0.0523 0.8976, -0.1358 -0.0523 0.7008, -0.0984 -0.0523 0.7008, 0.0984 -0.0523 0.6417, -0.0984 -0.0523 0.6417, 0.0689 -0.0523 0.5039, -0.0689 -0.0523 0.5039, -0.1358 -0.2689 0.7008, -0.1358 -0.2689 0.8976, -0.0984 -0.2689 0.7008, 0.1358 -0.2689 0.8976, 0.1358 -0.2689 0.7008, 0.0984 -0.2689 0.7008, 0.0689 -0.2689 0.5039, -0.0689 -0.2689 0.5039, 0.0984 -0.2689 0.6417, -0.0984 -0.2689 0.6417, -0.3504 -0.0523 0.7008, -0.2854 -0.0523 0.7008, -0.2854 -0.0523 0.8976, -0.5019 -0.0523 0.8976, -0.5019 -0.0523 0.7008, -0.437 -0.0523 0.7008, -0.3504 -0.0523 0.6417, -0.437 -0.0523 0.6417, -0.3799 -0.0523 0.5039, -0.4075 -0.0523 0.5039, -0.5019 -0.2689 0.7008, -0.5019 -0.2689 0.8976, -0.437 -0.2689 0.7008, -0.2854 -0.2689 0.8976, -0.2854 -0.2689 0.7008, -0.3504 -0.2689 0.7008, -0.3799 -0.2689 0.5039, -0.4075 -0.2689 0.5039, -0.3504 -0.2689 0.6417, -0.437 -0.2689 0.6417, -0.8445 -0.2689 0.7008, -0.8819 -0.2689 0.7008, -0.8819 -0.2689 0.8976, -0.6712 -0.2689 0.8976, -0.6712 -0.2689 0.7008, -0.7086 -0.2689 0.7008, -0.7382 -0.2689 0.5039, -0.8149 -0.2689 0.5039, -0.7086 -0.2689 0.6417, -0.8445 -0.2689 0.6417, -0.6712 -0.0523 0.7008, -0.6712 -0.0523 0.8976, -0.7086 -0.0523 0.7008, -0.8819 -0.0523 0.8976, -0.8819 -0.0523 0.7008, -0.8445 -0.0523 0.7008, -0.8149 -0.0523 0.5039, -0.7382 -0.0523 0.5039, -0.8445 -0.0523 0.6417, -0.7086 -0.0523 0.6417, 1.126 -0.5769 0.7992, 1.126 -0.5948 0.7795, -0.2126 -0.5769 0.7992, -0.2126 -0.5948 0.7795, 0.437 -0.5948 0.7795, 1.1769 -0.4909 0.8937, 1.1696 -0.49 0.8947, -1.1397 -0.4874 0.8976, -1.1661 -0.4892 0.8957, -1.2027 -0.5948 0.7795, -1.1694 -0.4898 0.8949, -1.1919 -0.4945 0.8898, -1.2027 -0.4979 0.8861, 0.5748 -0.5948 0.7795, 0.9882 -0.5948 0.7795, 0.5748 -0.5769 0.7992, 0.9882 -0.5769 0.7992, 1.1508 -0.4877 0.8973, 1.1398 -0.4874 0.8976, -0.2106 -0.4874 0.8976, 0.437 -0.5769 0.7992, -0.3504 -0.5769 0.7992, -0.3504 -0.5948 0.7795, -1.2027 -0.3692 0.8861, -1.2027 -0.3692 0.7008, -1.2027 -1.1748 0.7795, -1.2027 -1.1748 0.7008, -1.2801 -0.3692 0.4943, -1.2493 -0.3692 0.4631, -1.2027 -0.3692 0.622, -1.2116 -0.3692 0.4404, -1.2027 -0.3692 0.4368, -1.2112 -0.3692 0.8826, -1.2486 -0.3692 0.8602, -1.2598 -0.3692 0.622, -1.2598 -0.3692 0.7008, -1.3169 -0.3692 0.7205, -1.2795 -0.3692 0.8294, -1.3019 -0.3692 0.7919, -1.3144 -0.3692 0.7501, -1.3169 -0.3692 0.6025, -1.3147 -0.3692 0.5743, -1.3024 -0.3692 0.5322, -1.2027 -1.1748 0.5433, -1.2027 -1.1748 0.622, -1.2027 -0.5948 0.5433, -1.2027 -0.4979 0.4368, -0.5748 -0.5948 0.5433, -0.9882 -0.5948 0.5433, -0.5748 -0.5769 0.5236, -0.9882 -0.5769 0.5236, 1.1919 -0.4945 0.433, 1.1694 -0.4898 0.4279, 0.3504 -0.5948 0.5433, 1.1398 -0.4874 0.4252, 1.1662 -0.4892 0.4271, 0.2126 -0.5948 0.5433, -0.437 -0.5948 0.5433, 0.2126 -0.5769 0.5236, -0.437 -0.5769 0.5236, 0.3504 -0.5769 0.5236, -1.1397 -0.4874 0.4252, -1.126 -0.5948 0.5433, -1.126 -0.5769 0.5236, -1.1769 -0.4909 0.4291, -1.1508 -0.4877 0.4255, -1.1696 -0.49 0.4281, 1.1695 0.052 0.4277, 1.2112 0.052 0.4402, 1.2487 0.052 0.4626, 1.2795 0.052 0.4935, 1.3019 0.052 0.5309, 1.3144 0.052 0.5727, 1.3169 0.052 0.6024, 1.1398 0.052 0.4252, 1.3169 0.052 0.7205, 1.2117 0.052 0.8824, 1.1697 0.052 0.8951, 1.1398 -0.3781 0.8976, 1.1398 0.052 0.8976, 1.2493 0.052 0.8597, 1.2802 0.052 0.8285, 1.3024 0.052 0.7907, 1.3147 0.052 0.7485, -1.1397 -0.3781 0.8976, -0.2106 0.052 0.8976, -0.2106 -0.3781 0.8976, -1.1397 0.052 0.8976, -1.1694 0.052 0.8951, -1.2112 0.052 0.8826, -1.2486 0.052 0.8602, -1.2795 0.052 0.8294, -1.3019 0.052 0.7919, -1.3144 0.052 0.7501, -1.3169 0.052 0.7205, -1.3169 0.052 0.6024, -1.2116 0.052 0.4404, -1.2493 0.052 0.4631, -1.2801 0.052 0.4943, -1.3024 0.052 0.5322, -1.3147 0.052 0.5743, -1.1696 0.052 0.4277, -1.1397 0.052 0.4252, 1.5554 0.0521 0.5726, 1.5512 0.052 0.7487, 1.5523 0.052 0.5694, 1.5511 0.052 0.5677, 1.5577 0.0523 0.5741, 1.5598 0.0525 0.5748, 1.5636 0.0533 0.7482, 1.5637 0.053 0.5752, 1.5681 0.0538 0.748, 1.5637 0.053 0.5752, 1.5823 0.0587 0.748, 1.5644 0.0532 0.5752, 1.5804 0.0576 0.5747, 1.5823 0.0586 0.5747, 1.5849 0.0596 0.748, 1.5828 0.0589 0.5747, 1.5992 0.0684 0.748, 1.5966 0.0664 0.5748, 1.599 0.0686 0.5748, 1.6 0.0689 0.748, 1.5994 0.0689 0.5748, 1.6126 0.0814 0.748, 1.6102 0.0786 0.5748, 1.613 0.0821 0.748, 1.6128 0.0823 0.5748, 1.6221 0.0964 0.748, 1.613 0.0826 0.5748, 1.621 0.0943 0.5748, 1.6229 0.0989 0.748, 1.6228 0.0989 0.5748, 1.6279 0.1131 0.748, 1.6228 0.0991 0.5748, 1.6277 0.112 0.5748, 1.6284 0.1175 0.748, 1.6283 0.1175 0.5748, 1.6299 0.1307 0.748, 1.6284 0.1176 0.5748, 1.6299 0.1307 0.5748, 1.2166 0.055 1.103, 1.2166 0.0538 1.0996, 1.2715 0.0538 1.0952, 1.5952 0.0689 0.808, 1.2809 0.1131 1.1544, 1.2812 0.1307 1.1563, 1.2166 0.1307 1.1614, 1.6249 0.1307 0.8127, 1.5471 0.052 0.8004, 1.5638 0.0538 0.803, 1.5509 0.0538 0.8567, 1.5348 0.052 0.8514, 1.5298 0.0538 0.9076, 1.5147 0.052 0.9, 1.501 0.0538 0.9547, 1.4873 0.052 0.9447, 1.4651 0.0538 0.9966, 1.4532 0.052 0.9847, 1.4232 0.0538 1.0324, 1.4133 0.052 1.0188, 1.3762 0.0538 1.0613, 1.3685 0.052 1.0462, 1.3252 0.0538 1.0824, 1.32 0.052 1.0663, 1.2689 0.052 1.0786, 1.2166 0.052 1.0827, 1.6229 0.1131 0.8124, 1.6184 0.1307 0.8397, 1.6078 0.1131 0.8752, 1.6097 0.1307 0.8758, 1.5884 0.1307 0.9272, 1.5831 0.1131 0.9348, 1.5849 0.1307 0.9357, 1.551 0.1307 0.991, 1.5494 0.1131 0.9898, 1.539 0.1307 1.0051, 1.5075 0.1131 1.0389, 1.5089 0.1307 1.0403, 1.4584 0.1131 1.0809, 1.4736 0.1307 1.0704, 1.4595 0.1307 1.0825, 1.4042 0.1307 1.1164, 1.4033 0.1131 1.1146, 1.3957 0.1307 1.1199, 1.3437 0.1131 1.1393, 1.3443 0.1307 1.1412, 1.3083 0.1307 1.1498, 1.6171 0.0964 0.8115, 1.6022 0.0964 0.8733, 1.5779 0.0964 0.9321, 1.5446 0.0964 0.9864, 1.5033 0.0964 1.0348, 1.4549 0.0964 1.0761, 1.4006 0.0964 1.1093, 1.3419 0.0964 1.1337, 1.28 0.0964 1.1485, 1.6077 0.0814 0.81, 1.2166 0.1131 1.1594, 1.2166 0.1104 1.1585, 1.2166 0.0964 1.1535, 1.2166 0.0916 1.1505, 1.2785 0.0814 1.1392, 1.3389 0.0814 1.1247, 1.3963 0.0814 1.1009, 1.4493 0.0814 1.0684, 1.4966 0.0814 1.0281, 1.5369 0.0814 0.9808, 1.5694 0.0814 0.9278, 1.5932 0.0814 0.8704, 1.5812 0.0689 0.8665, 1.5582 0.0689 0.9221, 1.5267 0.0689 0.9734, 1.4877 0.0689 1.0191, 1.4419 0.0689 1.0582, 1.3906 0.0689 1.0897, 1.335 0.0689 1.1127, 1.2765 0.0689 1.1267, 1.5804 0.0596 0.8057, 1.2166 0.0814 1.144, 1.2166 0.0754 1.138, 1.2166 0.0689 1.1314, 1.2166 0.0629 1.1218, 1.5669 0.0596 0.8619, 1.5447 0.0596 0.9153, 1.5145 0.0596 0.9645, 1.477 0.0596 1.0085, 1.4331 0.0596 1.046, 1.3838 0.0596 1.0762, 1.3304 0.0596 1.0983, 1.2742 0.0596 1.1118, 1.2166 0.0596 1.1164, -0.9449 0.1307 1.1614, -1.2165 0.1307 1.1614, -1.2165 0.1132 1.1594, -0.9449 0.1132 1.1594, -1.2165 0.1131 1.1594, -0.9449 0.0966 1.1536, -1.2165 0.0966 1.1536, -0.9449 0.0816 1.1442, -1.2165 0.0964 1.1535, -1.2165 0.0816 1.1442, -0.9449 0.0692 1.1318, -1.2165 0.0814 1.144, -1.2165 0.0692 1.1317, -0.9449 0.0598 1.1168, -1.2165 0.0689 1.1314, -1.2165 0.0598 1.1168, -0.9449 0.054 1.1002, -1.2165 0.0595 1.1163, -1.2165 0.052 1.0827, -0.9449 0.052 1.0827, -1.2165 0.0538 1.0996, -1.2165 0.054 1.1002, -0.9449 0.2488 0.9449, -0.9449 0.2488 1.1614, -0.9449 0.052 0.9449, 0.9449 0.052 0.2402, 0.9449 0.052 0.378, 0.9449 0.2488 0.378, 0.9449 0.2488 0.1614, 0.9449 0.1307 0.1614, 0.9449 0.054 0.2226, 0.9449 0.1132 0.1634, 0.9449 0.0966 0.1692, 0.9449 0.0816 0.1786, 0.9449 0.0692 0.1911, 0.9449 0.0598 0.206, 1.2166 0.1307 0.1614, 1.2166 0.1175 0.1625, 1.2166 0.1133 0.1638, 1.2166 0.099 0.1681, 1.2166 0.0967 0.1695, 1.2166 0.0823 0.1781, 1.2166 0.0817 0.1787, 1.2166 0.0692 0.1911, 1.2166 0.0686 0.1918, 1.2166 0.06 0.2061, 1.2166 0.0587 0.2084, 1.2166 0.052 0.2402, 1.2166 0.0531 0.227, 1.2166 0.0544 0.2228, 1.5636 0.0531 0.5511, 1.5504 0.052 0.552, 1.5821 0.0587 0.5498, 1.5987 0.0686 0.5487, 1.6124 0.0823 0.5478, 1.6223 0.099 0.5471, 1.629 0.1307 0.5466, 1.6279 0.1175 0.5467, 1.6248 0.1307 0.5184, 1.6194 0.1307 0.482, 1.6183 0.1175 0.4823, 1.6036 0.1307 0.432, 1.5987 0.1175 0.4202, 1.5998 0.1307 0.4197, 1.5696 0.1175 0.3619, 1.5705 0.1307 0.3613, 1.4858 0.1175 0.2626, 1.5079 0.1307 0.2834, 1.5317 0.1175 0.3089, 1.5325 0.1307 0.3082, 1.5641 0.1307 0.3524, 1.3593 0.1307 0.1879, 1.3758 0.1307 0.1933, 1.3754 0.1175 0.1943, 1.4339 0.1307 0.2232, 1.4333 0.1175 0.2241, 1.4392 0.1307 0.227, 1.4866 0.1307 0.2618, 1.3137 0.1307 0.173, 1.3135 0.1175 0.1741, 1.273 0.1307 0.1665, 1.2491 0.1175 0.1638, 1.2492 0.1307 0.1627, 1.2487 0.099 0.1694, 1.2479 0.0823 0.1793, 1.2468 0.0686 0.193, 1.2455 0.0587 0.2095, 1.243 0.052 0.2412, 1.5427 0.052 0.4997, 1.5555 0.0531 0.4967, 1.5268 0.052 0.4493, 1.539 0.0531 0.4443, 1.5031 0.052 0.402, 1.5144 0.0531 0.3952, 1.4723 0.052 0.359, 1.4824 0.0531 0.3505, 1.4351 0.052 0.3214, 1.4438 0.0531 0.3114, 1.3925 0.052 0.2901, 1.3994 0.0531 0.2789, 1.3455 0.052 0.266, 1.3505 0.0531 0.2538, 1.2952 0.052 0.2495, 1.2983 0.0531 0.2367, 1.244 0.0531 0.2281, 1.6129 0.099 0.4835, 1.5936 0.099 0.4222, 1.5648 0.099 0.3648, 1.5274 0.099 0.3125, 1.4822 0.099 0.2668, 1.4304 0.099 0.2289, 1.3732 0.099 0.1995, 1.3121 0.099 0.1795, 1.6032 0.0823 0.4858, 1.5843 0.0823 0.426, 1.5563 0.0823 0.3699, 1.5198 0.0823 0.3189, 1.4757 0.0823 0.2744, 1.4251 0.0823 0.2373, 1.3694 0.0823 0.2087, 1.3098 0.0823 0.1892, 1.5898 0.0686 0.4888, 1.5716 0.0686 0.4311, 1.5446 0.0686 0.377, 1.5093 0.0686 0.3278, 1.4668 0.0686 0.2848, 1.4179 0.0686 0.249, 1.3641 0.0686 0.2213, 1.3066 0.0686 0.2025, 1.5736 0.0587 0.4926, 1.5562 0.0587 0.4374, 1.5303 0.0587 0.3856, 1.4966 0.0587 0.3385, 1.4559 0.0587 0.2974, 1.4092 0.0587 0.2631, 1.3577 0.0587 0.2367, 1.3027 0.0587 0.2187, 0.4331 0.2488 0.378, 0.4331 0.052 0.378, -1.613 0.0821 0.748, -1.6125 0.0814 0.748, -1.6076 0.0814 0.81, -1.2799 0.0964 1.1485, -1.2689 0.052 1.0786, -1.2715 0.0538 1.0952, -1.3251 0.0538 1.0824, -1.5637 0.0538 0.803, -1.568 0.0538 0.748, -1.5636 0.0533 0.7481, -1.3199 0.052 1.0663, -1.3761 0.0538 1.0612, -1.3684 0.052 1.0462, -1.4231 0.0538 1.0324, -1.4132 0.052 1.0188, -1.4651 0.0538 0.9966, -1.4531 0.052 0.9847, -1.5009 0.0538 0.9547, -1.4872 0.052 0.9447, -1.5297 0.0538 0.9076, -1.5147 0.052 0.9, -1.5508 0.0538 0.8567, -1.5348 0.052 0.8514, -1.547 0.052 0.8004, -1.5511 0.052 0.7482, -1.2809 0.1131 1.1544, -1.2812 0.1307 1.1563, -1.3082 0.1307 1.1498, -1.3436 0.1131 1.1393, -1.3443 0.1307 1.1412, -1.3956 0.1307 1.1199, -1.4033 0.1131 1.1146, -1.4042 0.1307 1.1164, -1.4595 0.1307 1.0825, -1.4583 0.1131 1.0809, -1.4736 0.1307 1.0704, -1.5074 0.1131 1.0389, -1.5088 0.1307 1.0403, -1.5493 0.1131 0.9898, -1.5389 0.1307 1.0051, -1.551 0.1307 0.991, -1.5848 0.1307 0.9357, -1.5831 0.1131 0.9348, -1.5884 0.1307 0.9272, -1.6078 0.1131 0.8752, -1.6097 0.1307 0.8758, -1.6228 0.1131 0.8124, -1.6183 0.1307 0.8397, -1.6248 0.1307 0.8127, -1.6299 0.1307 0.748, -1.6284 0.1175 0.748, -1.6279 0.1131 0.748, -1.6229 0.0989 0.748, -1.3418 0.0964 1.1337, -1.4006 0.0964 1.1093, -1.4549 0.0964 1.0761, -1.5032 0.0964 1.0348, -1.5446 0.0964 0.9864, -1.5778 0.0964 0.9321, -1.6022 0.0964 0.8733, -1.617 0.0964 0.8115, -1.622 0.0964 0.748, -1.2785 0.0814 1.1392, -1.3389 0.0814 1.1247, -1.3963 0.0814 1.1009, -1.4493 0.0814 1.0684, -1.4965 0.0814 1.028, -1.5369 0.0814 0.9808, -1.5694 0.0814 0.9278, -1.5931 0.0814 0.8704, -1.2765 0.0689 1.1267, -1.5952 0.0689 0.808, -1.5811 0.0689 0.8665, -1.5581 0.0689 0.9221, -1.5267 0.0689 0.9734, -1.4876 0.0689 1.0191, -1.4419 0.0689 1.0582, -1.3906 0.0689 1.0896, -1.335 0.0689 1.1127, -1.2741 0.0595 1.1118, -1.3303 0.0595 1.0983, -1.3837 0.0595 1.0762, -1.433 0.0595 1.046, -1.477 0.0595 1.0085, -1.5145 0.0595 0.9645, -1.5447 0.0595 0.9152, -1.5668 0.0595 0.8618, -1.5803 0.0595 0.8056, -1.5999 0.0689 0.748, -1.5991 0.0684 0.748, -1.5848 0.0595 0.748, -1.5823 0.0587 0.748, -1.6283 0.1175 0.5748, -1.6283 0.1176 0.5748, -1.6299 0.1307 0.5748, -1.6276 0.112 0.5748, -1.6229 0.0991 0.5748, -1.6229 0.0989 0.5748, -1.6218 0.096 0.5748, -1.6131 0.0821 0.5748, -1.613 0.082 0.5748, -1.6001 0.0691 0.5748, -1.5995 0.0687 0.5748, -1.5991 0.0684 0.5748, -1.5835 0.0589 0.5748, -1.5823 0.0585 0.5748, -1.5682 0.0539 0.5751, -1.5643 0.0532 0.5751, -1.5636 0.053 0.5751, -1.5613 0.0526 0.5751, -1.5589 0.0524 0.5746, -1.5567 0.0522 0.5735, -1.5539 0.052 0.5712, -1.5511 0.052 0.5675, -1.5079 0.1307 0.2834, -1.4865 0.1307 0.2618, -1.4858 0.1175 0.2626, -1.273 0.1307 0.1665, -1.2492 0.1307 0.1627, -1.2491 0.1175 0.1638, -1.2165 0.0544 0.2228, -1.2165 0.0531 0.227, -1.244 0.0531 0.2281, -1.6278 0.1175 0.5468, -1.6223 0.099 0.5471, -1.5987 0.0686 0.5487, -1.5821 0.0587 0.5499, -1.5635 0.0531 0.5511, -1.5504 0.052 0.552, -1.5555 0.0531 0.4968, -1.5426 0.052 0.4997, -1.539 0.0531 0.4443, -1.5267 0.052 0.4493, -1.5144 0.0531 0.3952, -1.5031 0.052 0.402, -1.4824 0.0531 0.3505, -1.4723 0.052 0.359, -1.4437 0.0531 0.3114, -1.4351 0.052 0.3214, -1.3994 0.0531 0.2789, -1.3925 0.052 0.2901, -1.3505 0.0531 0.2538, -1.3454 0.052 0.266, -1.2983 0.0531 0.2367, -1.2952 0.052 0.2495, -1.243 0.052 0.2412, -1.2165 0.052 0.2402, -1.2165 0.06 0.2061, -1.2165 0.0587 0.2084, -1.2455 0.0587 0.2095, -1.2165 0.0817 0.1787, -1.2165 0.0692 0.1911, -1.2468 0.0686 0.193, -1.2165 0.0686 0.1918, -1.2165 0.0967 0.1695, -1.2165 0.0823 0.1781, -1.2479 0.0823 0.1793, -1.2165 0.1133 0.1638, -1.2165 0.099 0.1681, -1.2486 0.099 0.1694, -1.2165 0.1307 0.1614, -1.2165 0.1175 0.1625, -1.3137 0.1307 0.173, -1.3134 0.1175 0.1741, -1.3593 0.1307 0.1879, -1.3753 0.1175 0.1943, -1.3758 0.1307 0.1933, -1.4333 0.1175 0.2241, -1.4339 0.1307 0.2232, -1.4391 0.1307 0.227, -1.5325 0.1307 0.3082, -1.5316 0.1175 0.309, -1.5641 0.1307 0.3524, -1.5696 0.1175 0.3619, -1.5705 0.1307 0.3613, -1.5987 0.1175 0.4202, -1.5997 0.1307 0.4198, -1.6289 0.1307 0.5467, -1.6247 0.1307 0.5184, -1.6183 0.1175 0.4823, -1.6194 0.1307 0.4821, -1.6036 0.1307 0.432, -1.3121 0.099 0.1795, -1.3732 0.099 0.1995, -1.4303 0.099 0.2289, -1.4822 0.099 0.2669, -1.5274 0.099 0.3126, -1.5648 0.099 0.3648, -1.5935 0.099 0.4223, -1.6128 0.099 0.4836, -1.3098 0.0823 0.1892, -1.3694 0.0823 0.2087, -1.4251 0.0823 0.2373, -1.4757 0.0823 0.2744, -1.5198 0.0823 0.319, -1.5563 0.0823 0.3699, -1.5843 0.0823 0.426, -1.6032 0.0823 0.4858, -1.6124 0.0823 0.5478, -1.3065 0.0686 0.2025, -1.3641 0.0686 0.2213, -1.4179 0.0686 0.249, -1.4667 0.0686 0.2848, -1.5093 0.0686 0.3278, -1.5445 0.0686 0.377, -1.5716 0.0686 0.4311, -1.5898 0.0686 0.4889, -1.3026 0.0587 0.2187, -1.3577 0.0587 0.2367, -1.4092 0.0587 0.2631, -1.4559 0.0587 0.2974, -1.4966 0.0587 0.3385, -1.5303 0.0587 0.3856, -1.5562 0.0587 0.4374, -1.5736 0.0587 0.4926, 0.4331 0.2488 0.1614, 0.4331 0.052 0.2402, 0.4331 0.0692 0.1911, 0.4331 0.0816 0.1786, 0.4331 0.0598 0.206, 0.4331 0.054 0.2226, 0.4331 0.0966 0.1692, 0.4331 0.1132 0.1634, 0.4331 0.1307 0.1614, -0.4331 0.1307 0.1614, -0.4331 0.1132 0.1634, -0.4331 0.0966 0.1692, -0.4331 0.0816 0.1786, -0.4331 0.0692 0.1911, -0.4331 0.0598 0.206, -0.4331 0.054 0.2226, -0.4331 0.052 0.2402, -0.4331 0.052 0.378, -0.4331 0.2488 0.378, -0.4331 0.2488 0.1614, -0.9449 0.1307 0.1614, -0.9449 0.1132 0.1634, -0.9449 0.0966 0.1692, -0.9449 0.0816 0.1786, -0.9449 0.0692 0.1911, -0.9449 0.0598 0.206, -0.9449 0.054 0.2226, -0.9449 0.052 0.2402, 0.4331 0.1307 1.1614, -0.4331 0.1307 1.1614, -0.4331 0.1132 1.1594, 0.4331 0.1132 1.1594, -0.4331 0.0966 1.1536, 0.4331 0.0966 1.1536, -0.4331 0.0816 1.1442, 0.4331 0.0816 1.1442, -0.4331 0.0692 1.1318, 0.4331 0.0692 1.1318, -0.4331 0.0598 1.1168, 0.4331 0.0598 1.1168, -0.4331 0.054 1.1002, 0.4331 0.054 1.1002, -0.4331 0.052 1.0827, 0.4331 0.052 1.0827, 0.4331 0.2488 0.9449, 0.4331 0.2488 1.1614, 0.4331 0.052 0.9449, 0.9449 0.1307 1.1614, 0.9449 0.1103 1.1587, 0.9449 0.0914 1.1509, 0.9449 0.075 1.1384, 0.9449 0.0625 1.122, 0.9449 0.0547 1.1031, 0.9449 0.052 1.0827, -0.9449 0.052 0.378, 0.9449 0.052 0.9449, -0.4331 0.052 0.9449, 0.9449 0.2488 0.9449, 0.9449 0.2488 1.1614, -0.9449 0.2488 0.378, -0.9449 0.2488 0.1614, -0.4331 0.2488 0.9449, -0.4331 0.2488 1.1614
            ]
        }
        coordIndex [
            0,1,2,-1,2,1,3,-1,2,3,4,-1,4,3,5,-1,6,7,8,-1,8,7,9,-1,8,9,10,-1,10,9,11,-1,12,11,9,-1,13,14,9,-1,9,14,15,-1,15,16,9,-1,9,16,17,-1,9,17,12,-1,18,19,13,-1,13,19,20,-1,13,20,14,-1,1,21,3,-1,3,21,22,-1,22,23,3,-1,3,23,24,-1,3,24,18,-1,18,24,25,-1,18,25,19,-1,26,27,28,-1,29,30,31,-1,32,33,34,-1,34,33,35,-1,34,35,31,-1,31,35,26,-1,31,26,29,-1,29,26,28,-1,30,29,36,-1,36,29,37,-1,38,36,37,-1,39,40,41,-1,42,43,44,-1,44,43,45,-1,44,45,41,-1,41,45,38,-1,41,38,39,-1,39,38,37,-1,40,39,27,-1,27,39,28,-1,46,47,48,-1,49,50,51,-1,48,49,46,-1,46,49,51,-1,46,51,52,-1,52,51,53,-1,52,53,54,-1,54,53,55,-1,50,49,56,-1,56,49,57,-1,58,56,57,-1,59,60,61,-1,62,63,64,-1,64,63,65,-1,64,65,61,-1,61,65,58,-1,61,58,59,-1,59,58,57,-1,60,59,47,-1,47,59,48,-1,66,67,68,-1,69,70,71,-1,68,69,66,-1,66,69,71,-1,66,71,72,-1,72,71,73,-1,72,73,74,-1,74,73,75,-1,70,69,76,-1,76,69,77,-1,78,76,77,-1,79,80,81,-1,82,83,84,-1,84,83,85,-1,84,85,81,-1,81,85,78,-1,81,78,79,-1,79,78,77,-1,80,79,67,-1,67,79,68,-1,86,87,88,-1,89,90,91,-1,88,89,86,-1,86,89,91,-1,86,91,92,-1,92,91,93,-1,92,93,94,-1,94,93,95,-1,90,89,96,-1,96,89,97,-1,98,96,97,-1,99,100,101,-1,102,103,104,-1,104,103,105,-1,104,105,101,-1,101,105,98,-1,101,98,99,-1,99,98,97,-1,100,99,87,-1,87,99,88,-1,106,107,108,-1,109,110,111,-1,112,113,114,-1,114,113,115,-1,114,115,111,-1,111,115,106,-1,111,106,109,-1,109,106,108,-1,110,109,116,-1,116,109,117,-1,118,116,117,-1,119,120,121,-1,122,123,124,-1,124,123,125,-1,124,125,121,-1,121,125,118,-1,121,118,119,-1,119,118,117,-1,120,119,107,-1,107,119,108,-1,126,127,8,-1,128,129,130,-1,8,10,126,-1,126,10,131,-1,126,131,132,-1,133,134,135,-1,134,136,135,-1,135,136,137,-1,135,137,138,-1,139,140,141,-1,141,140,142,-1,132,143,126,-1,126,143,144,-1,126,144,142,-1,142,144,145,-1,142,145,141,-1,141,145,146,-1,130,146,128,-1,128,146,145,-1,128,145,147,-1,147,145,133,-1,147,133,148,-1,148,133,135,-1,138,149,135,-1,135,149,150,-1,135,150,151,-1,151,150,152,-1,153,154,155,-1,155,154,156,-1,155,156,157,-1,149,158,150,-1,150,158,159,-1,160,161,162,-1,159,163,150,-1,150,163,164,-1,150,164,161,-1,161,164,165,-1,161,165,162,-1,162,166,160,-1,160,166,167,-1,160,167,155,-1,155,167,168,-1,155,168,153,-1,169,170,171,-1,171,170,155,-1,171,155,172,-1,172,155,157,-1,173,174,175,-1,175,174,176,-1,0,2,177,-1,177,2,178,-1,179,180,2,-1,2,180,181,-1,2,181,178,-1,182,183,184,-1,184,183,185,-1,179,186,180,-1,180,186,184,-1,180,184,187,-1,187,184,185,-1,188,171,189,-1,189,171,172,-1,189,172,190,-1,185,175,187,-1,187,175,176,-1,187,176,191,-1,191,176,189,-1,191,189,192,-1,192,189,190,-1,21,1,193,-1,193,194,21,-1,21,194,195,-1,21,195,22,-1,22,195,196,-1,22,196,23,-1,23,196,197,-1,23,197,24,-1,24,197,198,-1,24,198,25,-1,25,198,199,-1,25,199,19,-1,180,200,181,-1,181,200,193,-1,181,193,178,-1,178,193,1,-1,178,1,177,-1,177,1,0,-1,201,20,199,-1,199,20,19,-1,131,10,11,-1,202,203,11,-1,11,203,132,-1,11,132,131,-1,204,144,143,-1,205,204,203,-1,203,204,143,-1,203,143,132,-1,14,20,201,-1,11,12,202,-1,202,12,17,-1,202,17,206,-1,206,17,16,-1,206,16,207,-1,207,16,15,-1,207,15,208,-1,208,15,14,-1,208,14,209,-1,209,14,201,-1,109,108,210,-1,68,205,211,-1,79,77,212,-1,212,77,211,-1,211,77,69,-1,211,69,68,-1,204,39,37,-1,57,204,59,-1,59,204,37,-1,59,37,48,-1,39,204,28,-1,28,204,205,-1,28,205,29,-1,117,211,213,-1,210,108,213,-1,213,108,119,-1,213,119,117,-1,37,29,48,-1,48,29,205,-1,48,205,49,-1,49,205,68,-1,49,68,57,-1,57,68,79,-1,57,79,204,-1,204,79,212,-1,204,212,144,-1,144,212,145,-1,133,145,210,-1,210,145,212,-1,210,212,109,-1,109,212,97,-1,109,97,117,-1,117,97,89,-1,117,89,211,-1,211,89,88,-1,211,88,212,-1,212,88,99,-1,212,99,97,-1,210,213,214,-1,158,149,214,-1,214,215,158,-1,158,215,216,-1,158,216,159,-1,159,216,217,-1,159,217,163,-1,163,217,218,-1,163,218,164,-1,164,218,219,-1,164,219,165,-1,165,219,220,-1,165,220,162,-1,133,210,134,-1,134,210,214,-1,134,214,136,-1,136,214,149,-1,136,149,137,-1,137,149,138,-1,221,166,220,-1,220,166,162,-1,222,154,223,-1,223,154,153,-1,223,153,224,-1,224,153,168,-1,224,168,225,-1,225,168,167,-1,225,167,226,-1,226,167,166,-1,226,166,221,-1,227,157,222,-1,222,157,156,-1,222,156,154,-1,227,228,187,-1,187,191,227,-1,227,191,192,-1,227,192,157,-1,157,192,190,-1,157,190,172,-1,228,200,187,-1,187,200,180,-1,229,230,231,-1,231,230,232,-1,229,233,230,-1,230,233,234,-1,230,234,235,-1,235,234,236,-1,235,236,237,-1,237,236,238,-1,237,238,239,-1,239,238,240,-1,240,241,239,-1,239,241,242,-1,239,242,243,-1,243,242,244,-1,243,244,245,-1,244,246,245,-1,245,246,247,-1,245,247,248,-1,248,247,249,-1,248,249,250,-1,250,249,251,-1,250,251,252,-1,252,251,253,-1,252,253,254,-1,253,255,254,-1,254,255,256,-1,254,256,257,-1,257,256,258,-1,257,258,259,-1,258,260,259,-1,259,260,261,-1,259,261,262,-1,262,261,263,-1,262,263,264,-1,264,263,265,-1,264,265,266,-1,267,268,269,-1,245,248,270,-1,271,272,273,-1,262,264,274,-1,275,276,277,-1,275,230,235,-1,275,277,278,-1,278,277,279,-1,278,279,280,-1,280,279,281,-1,280,281,282,-1,282,281,283,-1,282,283,284,-1,284,283,285,-1,284,285,286,-1,286,285,287,-1,286,287,288,-1,288,287,289,-1,288,289,290,-1,290,289,269,-1,290,269,291,-1,291,269,268,-1,291,268,292,-1,257,259,293,-1,293,259,262,-1,262,274,293,-1,293,274,294,-1,293,294,295,-1,294,296,295,-1,295,296,297,-1,295,297,298,-1,297,299,298,-1,298,299,300,-1,298,300,301,-1,301,300,302,-1,301,302,303,-1,303,302,304,-1,303,304,305,-1,305,304,306,-1,306,307,305,-1,305,307,308,-1,305,308,309,-1,309,308,310,-1,309,310,311,-1,311,310,312,-1,311,312,271,-1,271,312,313,-1,271,313,272,-1,314,254,257,-1,257,293,314,-1,314,293,295,-1,314,295,315,-1,315,295,298,-1,315,298,316,-1,316,298,301,-1,316,301,317,-1,317,301,303,-1,317,303,318,-1,318,303,305,-1,318,305,319,-1,319,305,309,-1,319,309,320,-1,320,309,311,-1,320,311,321,-1,321,311,271,-1,321,271,322,-1,248,250,323,-1,323,250,252,-1,273,324,271,-1,271,324,325,-1,271,325,322,-1,322,325,326,-1,322,326,327,-1,327,328,322,-1,322,328,329,-1,322,329,321,-1,321,329,330,-1,321,330,320,-1,320,330,331,-1,320,331,319,-1,319,331,332,-1,319,332,318,-1,318,332,333,-1,318,333,317,-1,317,333,334,-1,317,334,316,-1,316,334,335,-1,316,335,315,-1,315,335,323,-1,315,323,314,-1,314,323,252,-1,314,252,254,-1,248,323,270,-1,270,323,335,-1,270,335,336,-1,336,335,334,-1,336,334,337,-1,337,334,333,-1,337,333,338,-1,338,333,332,-1,338,332,339,-1,339,332,331,-1,339,331,340,-1,340,331,330,-1,340,330,341,-1,341,330,329,-1,341,329,342,-1,342,329,328,-1,342,328,343,-1,239,243,344,-1,344,243,245,-1,327,345,328,-1,328,345,346,-1,328,346,343,-1,343,346,347,-1,343,347,348,-1,245,270,344,-1,344,270,336,-1,344,336,349,-1,349,336,337,-1,349,337,350,-1,350,337,338,-1,350,338,351,-1,351,338,339,-1,351,339,352,-1,352,339,340,-1,352,340,353,-1,353,340,341,-1,353,341,354,-1,354,341,342,-1,354,342,355,-1,355,342,343,-1,355,343,356,-1,356,343,348,-1,356,348,357,-1,275,235,276,-1,276,235,237,-1,276,237,239,-1,239,344,276,-1,276,344,349,-1,276,349,277,-1,277,349,350,-1,277,350,279,-1,279,350,351,-1,279,351,281,-1,281,351,352,-1,281,352,283,-1,283,352,353,-1,283,353,285,-1,285,353,354,-1,285,354,287,-1,287,354,355,-1,287,355,289,-1,289,355,356,-1,289,356,269,-1,269,356,357,-1,269,357,267,-1,358,359,360,-1,358,360,361,-1,361,360,362,-1,361,362,363,-1,363,362,364,-1,363,364,365,-1,364,366,365,-1,365,366,367,-1,365,367,368,-1,367,369,368,-1,368,369,370,-1,368,370,371,-1,370,372,371,-1,371,372,373,-1,371,373,374,-1,374,373,375,-1,376,377,378,-1,378,377,374,-1,378,374,379,-1,379,374,375,-1,380,381,382,-1,382,381,358,-1,361,374,358,-1,358,374,377,-1,358,377,382,-1,361,363,374,-1,374,363,365,-1,374,365,371,-1,371,365,368,-1,383,384,385,-1,385,386,383,-1,383,386,387,-1,383,387,388,-1,388,387,389,-1,389,390,391,-1,391,392,389,-1,389,392,393,-1,389,393,388,-1,394,395,387,-1,387,395,389,-1,395,396,389,-1,389,396,397,-1,389,397,390,-1,397,398,390,-1,390,398,399,-1,390,399,391,-1,391,399,400,-1,391,400,401,-1,402,393,401,-1,401,393,392,-1,401,392,391,-1,402,403,393,-1,393,403,404,-1,393,404,388,-1,405,383,406,-1,406,383,388,-1,406,388,407,-1,407,388,404,-1,241,240,408,-1,231,232,409,-1,240,238,408,-1,408,238,236,-1,408,236,234,-1,234,233,408,-1,408,233,229,-1,408,229,231,-1,246,244,410,-1,410,244,242,-1,410,242,241,-1,251,249,411,-1,411,249,247,-1,411,247,246,-1,256,255,412,-1,412,255,253,-1,412,253,251,-1,413,258,256,-1,265,263,413,-1,263,261,413,-1,413,261,260,-1,413,260,258,-1,266,265,414,-1,414,265,415,-1,414,415,416,-1,416,415,417,-1,417,415,418,-1,417,418,419,-1,419,418,420,-1,419,420,421,-1,421,420,422,-1,421,422,423,-1,424,425,426,-1,426,425,427,-1,426,427,422,-1,422,427,428,-1,422,428,423,-1,429,430,431,-1,431,430,432,-1,431,432,433,-1,433,432,434,-1,433,434,424,-1,424,434,435,-1,424,435,425,-1,429,431,436,-1,436,431,437,-1,436,437,438,-1,438,437,439,-1,438,439,440,-1,440,439,395,-1,440,395,394,-1,441,397,396,-1,442,399,398,-1,402,401,443,-1,443,401,400,-1,444,404,403,-1,445,405,406,-1,231,409,408,-1,408,409,446,-1,408,446,447,-1,447,446,448,-1,447,448,449,-1,449,448,450,-1,449,450,451,-1,451,450,452,-1,451,452,453,-1,453,452,454,-1,453,454,455,-1,455,454,456,-1,455,456,457,-1,457,456,458,-1,457,458,459,-1,459,458,460,-1,459,460,461,-1,461,460,445,-1,461,445,462,-1,462,445,406,-1,462,406,407,-1,265,413,415,-1,415,413,463,-1,415,463,418,-1,418,463,464,-1,418,464,420,-1,420,464,465,-1,420,465,422,-1,422,465,466,-1,422,466,426,-1,426,466,467,-1,426,467,424,-1,424,467,468,-1,424,468,433,-1,433,468,469,-1,433,469,431,-1,431,469,470,-1,431,470,437,-1,437,470,441,-1,437,441,439,-1,439,441,396,-1,439,396,395,-1,256,412,413,-1,413,412,471,-1,413,471,463,-1,463,471,472,-1,463,472,464,-1,464,472,473,-1,464,473,465,-1,465,473,474,-1,465,474,466,-1,466,474,475,-1,466,475,467,-1,467,475,476,-1,467,476,468,-1,468,476,477,-1,468,477,469,-1,469,477,478,-1,469,478,470,-1,470,478,442,-1,470,442,441,-1,441,442,398,-1,441,398,397,-1,251,411,412,-1,412,411,479,-1,412,479,471,-1,471,479,480,-1,471,480,472,-1,472,480,481,-1,472,481,473,-1,473,481,482,-1,473,482,474,-1,474,482,483,-1,474,483,475,-1,475,483,484,-1,475,484,476,-1,476,484,485,-1,476,485,477,-1,477,485,486,-1,477,486,478,-1,478,486,443,-1,478,443,442,-1,442,443,400,-1,442,400,399,-1,246,410,411,-1,411,410,487,-1,411,487,479,-1,479,487,488,-1,479,488,480,-1,480,488,489,-1,480,489,481,-1,481,489,490,-1,481,490,482,-1,482,490,491,-1,482,491,483,-1,483,491,492,-1,483,492,484,-1,484,492,493,-1,484,493,485,-1,485,493,494,-1,485,494,486,-1,486,494,444,-1,486,444,443,-1,443,444,403,-1,443,403,402,-1,241,408,410,-1,410,408,447,-1,410,447,487,-1,487,447,449,-1,487,449,488,-1,488,449,451,-1,488,451,489,-1,489,451,453,-1,489,453,490,-1,490,453,455,-1,490,455,491,-1,491,455,457,-1,491,457,492,-1,492,457,459,-1,492,459,493,-1,493,459,461,-1,493,461,494,-1,494,461,462,-1,494,462,444,-1,444,462,407,-1,444,407,404,-1,495,385,496,-1,496,385,384,-1,497,498,499,-1,367,366,500,-1,501,502,503,-1,504,505,506,-1,501,503,507,-1,507,503,508,-1,507,508,509,-1,509,508,510,-1,509,510,511,-1,511,510,512,-1,511,512,513,-1,513,512,514,-1,513,514,515,-1,515,514,516,-1,515,516,517,-1,517,516,518,-1,517,518,519,-1,519,518,504,-1,519,504,520,-1,520,504,506,-1,520,506,521,-1,522,523,524,-1,522,524,525,-1,524,526,525,-1,525,526,527,-1,525,527,528,-1,527,529,528,-1,528,529,530,-1,528,530,531,-1,531,530,532,-1,531,532,533,-1,533,532,534,-1,533,534,535,-1,535,534,536,-1,536,537,535,-1,535,537,538,-1,535,538,539,-1,539,538,540,-1,539,540,541,-1,541,540,542,-1,541,542,543,-1,543,542,544,-1,543,544,545,-1,545,546,547,-1,366,364,522,-1,522,364,362,-1,522,362,523,-1,523,362,360,-1,523,360,359,-1,545,547,543,-1,543,547,548,-1,543,548,549,-1,366,522,500,-1,500,522,525,-1,500,525,550,-1,550,525,528,-1,550,528,551,-1,551,528,531,-1,551,531,552,-1,552,531,533,-1,552,533,553,-1,553,533,535,-1,553,535,554,-1,554,535,539,-1,554,539,555,-1,555,539,541,-1,555,541,556,-1,556,541,543,-1,556,543,557,-1,557,543,549,-1,557,549,558,-1,559,369,367,-1,367,500,559,-1,559,500,550,-1,559,550,560,-1,560,550,551,-1,560,551,561,-1,561,551,552,-1,561,552,562,-1,562,552,553,-1,562,553,563,-1,563,553,554,-1,563,554,564,-1,564,554,555,-1,564,555,565,-1,565,555,556,-1,565,556,566,-1,566,556,557,-1,566,557,499,-1,499,557,558,-1,499,558,497,-1,373,372,567,-1,567,372,370,-1,498,568,499,-1,499,568,569,-1,499,569,566,-1,566,569,570,-1,566,570,565,-1,565,570,571,-1,565,571,564,-1,564,571,572,-1,564,572,563,-1,563,572,573,-1,563,573,562,-1,562,573,574,-1,562,574,561,-1,561,574,575,-1,561,575,560,-1,560,575,567,-1,560,567,559,-1,559,567,370,-1,559,370,369,-1,379,375,576,-1,576,375,373,-1,373,567,576,-1,576,567,575,-1,576,575,577,-1,577,575,574,-1,577,574,578,-1,578,574,573,-1,578,573,579,-1,579,573,572,-1,579,572,580,-1,580,572,571,-1,580,571,581,-1,581,571,570,-1,581,570,582,-1,582,570,569,-1,582,569,583,-1,583,569,568,-1,583,568,584,-1,501,376,502,-1,502,376,378,-1,502,378,379,-1,498,585,568,-1,568,585,586,-1,568,586,584,-1,584,586,587,-1,584,587,588,-1,379,576,502,-1,502,576,577,-1,502,577,503,-1,503,577,578,-1,503,578,508,-1,508,578,579,-1,508,579,510,-1,510,579,580,-1,510,580,512,-1,512,580,581,-1,512,581,514,-1,514,581,582,-1,514,582,516,-1,516,582,583,-1,516,583,518,-1,518,583,584,-1,518,584,504,-1,504,584,588,-1,504,588,505,-1,548,547,589,-1,589,547,590,-1,590,547,546,-1,590,546,591,-1,589,592,548,-1,548,592,593,-1,548,593,549,-1,549,593,594,-1,549,594,558,-1,558,594,595,-1,558,595,497,-1,497,595,596,-1,497,596,498,-1,498,596,597,-1,498,597,585,-1,597,598,585,-1,585,598,599,-1,585,599,586,-1,586,599,600,-1,586,600,587,-1,587,600,601,-1,587,601,588,-1,588,601,602,-1,588,602,505,-1,602,603,505,-1,505,603,604,-1,505,604,506,-1,506,604,605,-1,506,605,521,-1,521,605,606,-1,521,606,607,-1,607,608,521,-1,521,608,609,-1,521,609,610,-1,611,612,613,-1,614,615,616,-1,617,618,619,-1,589,590,620,-1,620,590,591,-1,621,593,592,-1,596,595,621,-1,621,595,594,-1,621,594,593,-1,622,599,598,-1,602,601,623,-1,623,601,600,-1,605,604,624,-1,624,604,603,-1,610,609,624,-1,624,609,608,-1,608,607,624,-1,624,607,606,-1,624,606,605,-1,610,624,625,-1,625,624,626,-1,625,626,627,-1,627,626,628,-1,627,628,629,-1,629,628,630,-1,629,630,631,-1,631,630,632,-1,631,632,633,-1,633,632,634,-1,633,634,635,-1,635,634,636,-1,635,636,637,-1,637,636,638,-1,637,638,639,-1,639,638,640,-1,639,640,641,-1,641,640,619,-1,641,619,642,-1,642,619,618,-1,642,618,643,-1,644,645,646,-1,646,645,617,-1,647,648,649,-1,649,648,650,-1,649,650,644,-1,651,652,653,-1,653,652,647,-1,654,655,656,-1,656,655,651,-1,615,657,616,-1,616,657,658,-1,616,658,654,-1,614,616,659,-1,659,616,660,-1,659,660,661,-1,661,660,662,-1,661,662,663,-1,663,662,664,-1,663,664,665,-1,613,612,664,-1,664,612,666,-1,664,666,665,-1,611,613,667,-1,667,613,668,-1,667,668,669,-1,669,668,670,-1,669,670,671,-1,671,670,672,-1,671,672,673,-1,591,674,620,-1,620,674,675,-1,620,675,676,-1,676,675,677,-1,676,677,672,-1,672,677,678,-1,672,678,673,-1,654,656,616,-1,616,656,679,-1,616,679,660,-1,660,679,680,-1,660,680,662,-1,662,680,681,-1,662,681,664,-1,664,681,682,-1,664,682,613,-1,613,682,683,-1,613,683,668,-1,668,683,684,-1,668,684,670,-1,670,684,685,-1,670,685,672,-1,672,685,686,-1,672,686,676,-1,676,686,621,-1,676,621,620,-1,620,621,592,-1,620,592,589,-1,651,653,656,-1,656,653,687,-1,656,687,679,-1,679,687,688,-1,679,688,680,-1,680,688,689,-1,680,689,681,-1,681,689,690,-1,681,690,682,-1,682,690,691,-1,682,691,683,-1,683,691,692,-1,683,692,684,-1,684,692,693,-1,684,693,685,-1,685,693,694,-1,685,694,686,-1,686,694,695,-1,686,695,621,-1,621,695,597,-1,621,597,596,-1,647,649,653,-1,653,649,696,-1,653,696,687,-1,687,696,697,-1,687,697,688,-1,688,697,698,-1,688,698,689,-1,689,698,699,-1,689,699,690,-1,690,699,700,-1,690,700,691,-1,691,700,701,-1,691,701,692,-1,692,701,702,-1,692,702,693,-1,693,702,703,-1,693,703,694,-1,694,703,622,-1,694,622,695,-1,695,622,598,-1,695,598,597,-1,644,646,649,-1,649,646,704,-1,649,704,696,-1,696,704,705,-1,696,705,697,-1,697,705,706,-1,697,706,698,-1,698,706,707,-1,698,707,699,-1,699,707,708,-1,699,708,700,-1,700,708,709,-1,700,709,701,-1,701,709,710,-1,701,710,702,-1,702,710,711,-1,702,711,703,-1,703,711,623,-1,703,623,622,-1,622,623,600,-1,622,600,599,-1,617,619,646,-1,646,619,640,-1,646,640,704,-1,704,640,638,-1,704,638,705,-1,705,638,636,-1,705,636,706,-1,706,636,634,-1,706,634,707,-1,707,634,632,-1,707,632,708,-1,708,632,630,-1,708,630,709,-1,709,630,628,-1,709,628,710,-1,710,628,626,-1,710,626,711,-1,711,626,624,-1,711,624,623,-1,623,624,603,-1,623,603,602,-1,495,496,712,-1,712,496,713,-1,714,715,716,-1,716,715,717,-1,715,718,717,-1,717,718,719,-1,717,719,713,-1,713,719,720,-1,713,720,712,-1,721,720,719,-1,721,719,722,-1,722,719,718,-1,722,718,723,-1,723,718,715,-1,723,715,724,-1,724,715,714,-1,724,714,725,-1,725,714,716,-1,725,716,726,-1,726,716,717,-1,726,717,727,-1,727,717,713,-1,727,713,728,-1,728,729,730,-1,730,731,728,-1,728,731,721,-1,728,721,727,-1,727,721,722,-1,722,723,727,-1,727,723,724,-1,727,724,726,-1,726,724,725,-1,657,732,658,-1,658,732,733,-1,734,655,733,-1,733,655,654,-1,733,654,658,-1,647,652,734,-1,734,652,651,-1,734,651,655,-1,734,735,647,-1,647,735,736,-1,647,736,648,-1,648,736,650,-1,650,736,737,-1,650,737,644,-1,644,737,645,-1,645,737,738,-1,645,738,617,-1,617,738,618,-1,618,738,739,-1,618,739,643,-1,740,741,742,-1,740,742,743,-1,743,742,744,-1,743,744,745,-1,745,744,746,-1,745,746,747,-1,747,746,748,-1,747,748,749,-1,749,748,750,-1,749,750,751,-1,751,750,752,-1,751,752,753,-1,753,752,754,-1,753,754,755,-1,756,757,758,-1,758,757,740,-1,743,753,740,-1,740,753,755,-1,740,755,758,-1,743,745,753,-1,753,745,747,-1,753,747,751,-1,751,747,749,-1,273,759,324,-1,324,759,760,-1,324,760,325,-1,325,760,326,-1,326,760,761,-1,326,761,327,-1,327,761,345,-1,345,761,762,-1,345,762,346,-1,346,762,347,-1,347,762,763,-1,347,763,348,-1,348,763,357,-1,357,763,764,-1,357,764,267,-1,267,764,268,-1,268,764,765,-1,268,765,292,-1,200,228,729,-1,729,228,766,-1,755,211,758,-1,758,211,205,-1,758,205,767,-1,377,214,382,-1,382,214,213,-1,382,213,768,-1,768,213,211,-1,768,211,754,-1,754,211,755,-1,222,642,227,-1,227,642,643,-1,227,643,228,-1,228,643,739,-1,228,739,766,-1,223,639,222,-1,222,639,641,-1,222,641,642,-1,224,635,223,-1,223,635,637,-1,223,637,639,-1,225,631,224,-1,224,631,633,-1,224,633,635,-1,202,291,203,-1,203,291,292,-1,203,292,205,-1,205,292,765,-1,205,765,767,-1,207,286,206,-1,206,286,288,-1,206,288,202,-1,202,288,290,-1,202,290,291,-1,208,282,207,-1,207,282,284,-1,207,284,286,-1,460,458,194,-1,194,458,195,-1,515,218,217,-1,216,511,217,-1,217,511,513,-1,217,513,515,-1,377,376,214,-1,214,376,501,-1,214,501,215,-1,215,501,507,-1,215,507,216,-1,216,507,509,-1,216,509,511,-1,450,197,196,-1,458,456,195,-1,195,456,454,-1,195,454,196,-1,196,454,452,-1,196,452,450,-1,460,194,445,-1,445,194,193,-1,445,193,405,-1,728,713,729,-1,729,713,496,-1,729,496,200,-1,200,496,384,-1,200,384,193,-1,193,384,383,-1,193,383,405,-1,209,278,208,-1,208,278,280,-1,208,280,282,-1,226,627,225,-1,225,627,629,-1,225,629,631,-1,450,448,197,-1,197,448,446,-1,197,446,198,-1,198,446,409,-1,198,409,199,-1,199,409,232,-1,199,232,201,-1,201,232,230,-1,201,230,209,-1,209,230,275,-1,209,275,278,-1,515,517,218,-1,218,517,519,-1,218,519,219,-1,219,519,520,-1,219,520,220,-1,220,520,521,-1,220,521,221,-1,221,521,610,-1,221,610,226,-1,226,610,625,-1,226,625,627,-1,769,756,767,-1,767,756,758,-1,769,767,770,-1,770,767,765,-1,770,765,759,-1,762,761,760,-1,762,760,763,-1,759,765,760,-1,760,765,764,-1,760,764,763,-1,771,730,766,-1,766,730,729,-1,771,766,772,-1,772,766,739,-1,736,735,737,-1,737,735,738,-1,735,734,738,-1,738,734,733,-1,738,733,739,-1,739,733,732,-1,739,732,772,-1,773,380,768,-1,768,380,382,-1,741,774,773,-1,748,746,750,-1,750,746,752,-1,773,768,741,-1,741,768,754,-1,741,754,742,-1,742,754,752,-1,742,752,744,-1,744,752,746,-1,
        ]
    }
}
Shape{
    appearance Appearance {
        material  Material 	{
            diffuseColor 0.9686274509803922 0.8784313725490196 0.6
            specularColor 0.6784313725490196 0.615686274509804 0.4196078431372549
            ambientIntensity 0.8737
            transparency 0.0
            shininess 0.5
        }
    }
    geometry IndexedFaceSet {
        ccw TRUE
        solid FALSE
        coord DEF co Coordinate {
            point [
                -0.2126 -0.5769 0.7992, -0.3504 -0.5769 0.7992, -0.2126 -1.2886 0.7992, -0.3504 -1.2886 0.7992, -0.2203 -1.3099 0.7992, -0.3426 -1.3099 0.7992, 0.4448 -1.4727 0.7992, 0.5671 -1.4727 0.7992, 0.437 -1.4515 0.7992, 0.5748 -1.4515 0.7992, 0.437 -0.5769 0.7992, 0.5748 -0.5769 0.7992
            ]
        }
        coordIndex [
            0,1,2,-1,2,1,3,-1,2,3,4,-1,4,3,5,-1,6,7,8,-1,8,7,9,-1,8,9,10,-1,10,9,11,-1,
        ]
    }
}
Shape{
    appearance Appearance {
        material  Material 	{
            diffuseColor 0.2235294117647059 0.2235294117647059 0.2235294117647059
            specularColor 0.11372549019607843 0.11372549019607843 0.11372549019607843
            ambientIntensity 0.2235
            transparency 0.0
            shininess 0.5
        }
    }
    geometry IndexedFaceSet {
        ccw TRUE
        solid FALSE
        coord DEF co Coordinate {
            point [
                1.2028 -1.1748 0.7008, 1.2028 -1.1748 0.7795, 1.2041 -1.1912 0.7008, 1.2041 -1.1912 0.7795, 1.2099 -1.2116 0.7008, 1.2099 -1.2116 0.7795, 1.2199 -1.2303 0.7008, 1.2199 -1.2303 0.7795, 1.2337 -1.2465 0.7008, 1.2337 -1.2465 0.7795, 1.2461 -1.2564 0.7008, 1.246 -1.2563 0.7795
            ]
        }
        coordIndex [
            0,1,2,-1,2,1,3,-1,2,3,4,-1,4,3,5,-1,4,5,6,-1,6,5,7,-1,6,7,8,-1,8,7,9,-1,8,9,10,-1,10,9,11,-1,
        ]
    }
}
Shape{
    appearance Appearance {
        material  Material 	{
            diffuseColor 0.9686274509803922 0.8784313725490196 0.6
            specularColor 0.6784313725490196 0.615686274509804 0.4196078431372549
            ambientIntensity 0.8737
            transparency 0.0
            shininess 0.5
        }
    }
    geometry IndexedFaceSet {
        ccw TRUE
        solid FALSE
        coord DEF co Coordinate {
            point [
                -0.5748 -0.5769 0.5236, -0.437 -0.5769 0.5236, -0.5748 -1.4515 0.5236, -0.437 -1.4515 0.5236, -0.567 -1.4727 0.5236, -0.4447 -1.4727 0.5236, 0.2126 -0.5769 0.5236, 0.3504 -0.5769 0.5236, 0.2126 -1.2886 0.5236, 0.3504 -1.2886 0.5236, 0.2204 -1.3099 0.5236, 0.3427 -1.3099 0.5236
            ]
        }
        coordIndex [
            0,1,2,-1,2,1,3,-1,2,3,4,-1,4,3,5,-1,6,7,8,-1,8,7,9,-1,8,9,10,-1,10,9,11,-1,
        ]
    }
}
Shape{
    appearance Appearance {
        material  Material 	{
            diffuseColor 0.2235294117647059 0.2235294117647059 0.2235294117647059
            specularColor 0.11372549019607843 0.11372549019607843 0.11372549019607843
            ambientIntensity 0.2235
            transparency 0.0
            shininess 0.5
        }
    }
    geometry IndexedFaceSet {
        ccw TRUE
        solid FALSE
        coord DEF co Coordinate {
            point [
                -1.2027 -1.1748 0.622, -1.2027 -1.1748 0.5433, -1.2041 -1.1912 0.622, -1.2041 -1.1912 0.5433, -1.2099 -1.2116 0.622, -1.2099 -1.2116 0.5433, -1.2199 -1.2303 0.622, -1.2199 -1.2303 0.5433, -1.2337 -1.2465 0.622, -1.2337 -1.2465 0.5433, -1.246 -1.2564 0.622, -1.246 -1.2563 0.5433, 1.2028 -1.1748 0.5433, 1.2028 -1.1748 0.622, 1.2041 -1.1912 0.5433, 1.2041 -1.1912 0.622, 1.2099 -1.2116 0.5433, 1.2099 -1.2116 0.622, 1.2199 -1.2303 0.5433, 1.2199 -1.2303 0.622, 1.2337 -1.2465 0.5433, 1.2337 -1.2465 0.622, 1.246 -1.2563 0.5433, 1.2461 -1.2564 0.622, 1.2584 -1.2662 0.5433, 1.2584 -1.2662 0.622, 1.2722 -1.2824 0.622, 1.2722 -1.2824 0.5433, 1.2822 -1.3011 0.622, 1.2822 -1.3011 0.5433, 1.288 -1.3215 0.622, 1.288 -1.3215 0.5433, 1.2894 -1.3379 0.622, 1.2894 -1.3379 0.5433, 1.2894 -1.3379 0.7008, 1.2894 -1.3379 0.7795, 1.2894 -1.4764 0.7008, 1.2894 -1.5012 0.7795, 1.2894 -1.4764 0.622, 1.2894 -1.5012 0.5433, 1.2303 -1.6488 0.7795, 1.1988 -1.7275 0.7008, 1.1988 -1.7275 0.622, 1.2303 -1.6488 0.5433, -1.2303 -1.6488 0.5433, -1.1988 -1.7275 0.622, -1.2894 -1.5012 0.7795, -1.2894 -1.5012 0.5433, -1.1988 -1.7275 0.7008, -1.2303 -1.6488 0.7795, -1.2894 -1.4764 0.622, -1.2894 -1.3379 0.622, -1.2894 -1.3379 0.5433, -1.2894 -1.3379 0.7795, -1.2894 -1.3379 0.7008, -1.2894 -1.4764 0.7008, -1.2583 -1.2662 0.622, -1.2583 -1.2662 0.5433, -1.2722 -1.2824 0.5433, -1.2722 -1.2824 0.622, -1.2822 -1.3011 0.5433, -1.2822 -1.3011 0.622, -1.288 -1.3215 0.5433, -1.288 -1.3215 0.622, 1.1024 -1.2197 0.7205, 1.1024 -1.0819 0.7205, 1.1162 -1.2197 0.5433, 1.1162 -1.0819 0.5433, 0.9981 -1.0819 0.5433, 1.0118 -1.0819 0.7205, 0.9981 -1.2197 0.5433, 1.0118 -1.2197 0.7205, 0.5512 -1.2197 0.7205, 0.5512 -1.0819 0.7205, 0.565 -1.2197 0.5433, 0.565 -1.0819 0.5433, 0.3504 -1.2197 0.563, 0.378 -1.2197 0.6417, 0.4545 -1.2197 0.6417, 0.3504 -1.2197 0.5433, 0.4606 -1.2197 0.7205, 0.2126 -1.2197 0.5433, 0.1024 -1.2197 0.5433, 0.2126 -1.2197 0.6024, 0.1024 -1.2197 0.6811, 0.1851 -1.2197 0.6811, 0.1024 -1.0819 0.5433, 0.1024 -1.0819 0.6811, -0.2224 -1.2197 0.5433, -0.2362 -1.2197 0.7205, -0.2224 -1.2189 0.5433, -0.2362 -1.0819 0.7205, -0.2224 -1.0819 0.5433, -0.437 -1.2197 0.563, -0.4094 -1.2197 0.6417, -0.3329 -1.2197 0.6417, -0.437 -1.2197 0.5433, -0.3268 -1.2197 0.7205, -0.5748 -1.2197 0.5433, -0.685 -1.2197 0.5433, -0.5748 -1.2197 0.6024, -0.685 -1.2197 0.6811, -0.6023 -1.2197 0.6811, -0.685 -1.0819 0.5433, -0.685 -1.0819 0.6811, -0.8779 -1.2197 0.6811, -0.8779 -1.0819 0.6811, -0.8779 -1.2197 0.5433, -0.8779 -1.0819 0.5433, -0.9606 -1.2197 0.6811, -0.9882 -1.2197 0.6024, -0.9882 -1.2197 0.5433
            ]
        }
        coordIndex [
            0,1,2,-1,2,1,3,-1,2,3,4,-1,4,3,5,-1,4,5,6,-1,6,5,7,-1,6,7,8,-1,8,7,9,-1,8,9,10,-1,10,9,11,-1,12,13,14,-1,14,13,15,-1,14,15,16,-1,16,15,17,-1,16,17,18,-1,18,17,19,-1,18,19,20,-1,20,19,21,-1,20,21,22,-1,22,21,23,-1,24,22,23,-1,23,25,24,-1,24,25,26,-1,24,26,27,-1,27,26,28,-1,27,28,29,-1,29,28,30,-1,29,30,31,-1,31,30,32,-1,31,32,33,-1,34,35,36,-1,36,35,37,-1,36,37,38,-1,38,37,39,-1,38,39,32,-1,32,39,33,-1,39,37,40,-1,41,42,40,-1,40,42,43,-1,40,43,39,-1,43,42,44,-1,44,42,45,-1,46,47,44,-1,45,48,44,-1,44,48,49,-1,44,49,46,-1,50,51,52,-1,46,53,54,-1,54,55,46,-1,46,55,50,-1,46,50,47,-1,47,50,52,-1,56,10,11,-1,11,57,56,-1,56,57,58,-1,56,58,59,-1,59,58,60,-1,59,60,61,-1,61,60,62,-1,61,62,63,-1,63,62,52,-1,63,52,51,-1,64,65,66,-1,66,65,67,-1,68,69,70,-1,70,69,71,-1,72,73,74,-1,74,73,75,-1,76,77,78,-1,79,76,74,-1,74,76,78,-1,74,78,72,-1,72,78,80,-1,81,82,83,-1,83,82,84,-1,83,84,85,-1,86,87,82,-1,82,87,84,-1,88,89,90,-1,90,89,91,-1,90,91,92,-1,93,94,95,-1,96,93,88,-1,88,93,95,-1,88,95,89,-1,89,95,97,-1,98,99,100,-1,100,99,101,-1,100,101,102,-1,103,104,99,-1,99,104,101,-1,105,106,107,-1,107,106,108,-1,109,105,110,-1,110,105,107,-1,110,107,111,-1,71,64,70,-1,70,64,66,-1,
        ]
    }
}
Shape{
    appearance Appearance {
        material  Material 	{
            diffuseColor 0.9686274509803922 0.8784313725490196 0.6
            specularColor 0.6784313725490196 0.615686274509804 0.4196078431372549
            ambientIntensity 0.8737
            transparency 0.0
            shininess 0.5
        }
    }
    geometry IndexedFaceSet {
        ccw TRUE
        solid FALSE
        coord DEF co Coordinate {
            point [
                -0.9645 0.9103 0.0118, -0.9645 0.512 0.0118, -1.2008 0.9103 0.0118, -1.2008 0.512 0.0118, -1.2008 0.9378 0.0394, -0.9645 0.9378 0.0394, -0.9645 0.9378 0.063, -1.2008 0.9378 0.063, -0.9645 0.9103 0.0906, -1.2008 0.9103 0.0906
            ]
        }
        coordIndex [
            0,1,2,-1,2,1,3,-1,2,4,0,-1,0,4,5,-1,6,5,7,-1,7,5,4,-1,8,6,9,-1,9,6,7,-1,
        ]
    }
}
Shape{
    appearance Appearance {
        material  Material 	{
            diffuseColor 0.2235294117647059 0.2235294117647059 0.2235294117647059
            specularColor 0.11372549019607843 0.11372549019607843 0.11372549019607843
            ambientIntensity 0.2235
            transparency 0.0
            shininess 0.5
        }
    }
    geometry IndexedFaceSet {
        ccw TRUE
        solid FALSE
        coord DEF co Coordinate {
            point [
                -0.9645 0.4775 0.126, -0.9645 0.4831 0.1161, -0.9683 0.4832 0.1161, -0.9759 0.506 0.0965, -0.9757 0.5051 0.0969, -0.9645 0.506 0.0964, -0.9729 0.4941 0.104, -0.9645 0.4932 0.1048, -0.9726 0.4933 0.1049, -0.9688 0.4838 0.115, -0.9777 0.5182 0.0921, -0.9645 0.5204 0.0916, -0.9778 0.5204 0.0919, -0.9645 0.5317 0.0906, -0.9783 0.5317 0.0906
            ]
        }
        coordIndex [
            0,1,2,-1,3,4,5,-1,5,4,6,-1,5,6,7,-1,7,6,8,-1,7,8,1,-1,1,8,9,-1,1,9,2,-1,3,5,10,-1,10,5,11,-1,10,11,12,-1,12,11,13,-1,12,13,14,-1,
        ]
    }
}
Shape{
    appearance Appearance {
        material  Material 	{
            diffuseColor 0.9686274509803922 0.8784313725490196 0.6
            specularColor 0.6784313725490196 0.615686274509804 0.4196078431372549
            ambientIntensity 0.8737
            transparency 0.0
            shininess 0.5
        }
    }
    geometry IndexedFaceSet {
        ccw TRUE
        solid FALSE
        coord DEF co Coordinate {
            point [
                -0.9645 0.4775 0.126, -0.9645 0.3939 0.126, -0.9645 0.3988 0.0962, -0.9645 0.4844 0.1142, -0.9645 0.411 0.0686, -0.9645 0.4938 0.1043, -0.9645 0.4299 0.045, -0.9645 0.5053 0.0968, -0.9645 0.9103 0.0118, -0.9645 0.9378 0.0394, -0.9645 0.512 0.0118, -0.9645 0.9378 0.063, -0.9645 0.4541 0.027, -0.9645 0.4821 0.0157, -0.9645 0.5181 0.0921, -0.9645 0.5317 0.0906, -0.9645 0.9103 0.0906
            ]
        }
        coordIndex [
            0,1,2,-1,0,2,3,-1,3,2,4,-1,3,4,5,-1,5,4,6,-1,5,6,7,-1,8,9,10,-1,10,9,11,-1,6,12,7,-1,7,12,13,-1,7,13,14,-1,14,13,10,-1,14,10,15,-1,15,10,11,-1,15,11,16,-1,
        ]
    }
}
Shape{
    appearance Appearance {
        material  Material 	{
            diffuseColor 0.2235294117647059 0.2235294117647059 0.2235294117647059
            specularColor 0.11372549019607843 0.11372549019607843 0.11372549019607843
            ambientIntensity 0.2235
            transparency 0.0
            shininess 0.5
        }
    }
    geometry IndexedFaceSet {
        ccw TRUE
        solid FALSE
        coord DEF co Coordinate {
            point [
                -1.185 0.5317 0.0906, -1.2008 0.5317 0.0906, -1.2008 0.5222 0.0913, -1.2008 0.509 0.0951, -1.1856 0.5179 0.0921, -1.1854 0.5222 0.0916, -1.2008 0.4971 0.1017, -1.1874 0.5053 0.0968, -1.1869 0.5091 0.0953, -1.2008 0.487 0.111, -1.1904 0.4936 0.1044, -1.1895 0.4973 0.102, -1.2008 0.4793 0.1223, -1.1943 0.4841 0.1145, -1.193 0.4872 0.1112, -1.2008 0.4756 0.131, -1.1992 0.4771 0.127, -1.1974 0.4796 0.1225
            ]
        }
        coordIndex [
            0,1,2,-1,3,4,2,-1,2,4,5,-1,2,5,0,-1,6,7,3,-1,3,7,8,-1,3,8,4,-1,9,10,6,-1,6,10,11,-1,6,11,7,-1,12,13,9,-1,9,13,14,-1,9,14,10,-1,15,16,12,-1,12,16,17,-1,12,17,13,-1,
        ]
    }
}
Shape{
    appearance Appearance {
        material  Material 	{
            diffuseColor 0.9686274509803922 0.8784313725490196 0.6
            specularColor 0.6784313725490196 0.615686274509804 0.4196078431372549
            ambientIntensity 0.8737
            transparency 0.0
            shininess 0.5
        }
    }
    geometry IndexedFaceSet {
        ccw TRUE
        solid FALSE
        coord DEF co Coordinate {
            point [
                -1.2008 0.5317 0.0906, -1.185 0.5317 0.0906, -1.185 0.615 0.0906, -0.9783 0.5317 0.0906, -0.9645 0.5317 0.0906, -0.9783 0.615 0.0906, -0.9645 0.9103 0.0906, -1.2008 0.9103 0.0906, -0.9645 0.3967 0.1044, -0.9645 0.3939 0.126, -1.2008 0.3939 0.1299, -0.9638 0.3939 0.128, -0.963 0.3939 0.1299, -1.2008 0.3967 0.1044, -1.2008 0.4054 0.0791, -0.9645 0.4054 0.0791, -1.2008 0.4195 0.0564, -0.9645 0.4195 0.0564, -1.2008 0.4385 0.0375, -0.9645 0.4385 0.0375, -1.2008 0.4612 0.0233, -0.9645 0.4612 0.0233, -1.2008 0.4865 0.0146, -0.9645 0.4865 0.0146, -1.2008 0.512 0.0118, -0.9645 0.512 0.0118, -1.2008 0.5171 0.0924, -1.2008 0.4857 0.0148, -1.2008 0.5033 0.0978, -1.2008 0.4607 0.0235, -1.2008 0.4914 0.1064, -1.2008 0.4383 0.0376, -1.2008 0.4196 0.0563, -1.2008 0.482 0.1177, -1.2008 0.9378 0.0394, -1.2008 0.9103 0.0118, -1.2008 0.9378 0.063, -1.2008 0.4056 0.0787, -1.2008 0.3968 0.1036, -1.2008 0.4756 0.131, -1.2008 0.3939 0.131
            ]
        }
        coordIndex [
            0,1,2,-1,3,4,5,-1,5,4,6,-1,5,6,2,-1,2,6,7,-1,2,7,0,-1,8,9,10,-1,10,9,11,-1,10,11,12,-1,10,13,8,-1,8,13,14,-1,8,14,15,-1,15,14,16,-1,15,16,17,-1,17,16,18,-1,17,18,19,-1,19,18,20,-1,19,20,21,-1,21,20,22,-1,21,22,23,-1,23,22,24,-1,23,24,25,-1,0,24,26,-1,26,24,27,-1,26,27,28,-1,28,27,29,-1,28,29,30,-1,29,31,30,-1,30,31,32,-1,30,32,33,-1,34,35,36,-1,36,35,24,-1,36,24,7,-1,7,24,0,-1,32,37,33,-1,33,37,38,-1,33,38,39,-1,39,38,10,-1,39,10,40,-1,
        ]
    }
}
Shape{
    appearance Appearance {
        material  Material 	{
            diffuseColor 0.2235294117647059 0.2235294117647059 0.2235294117647059
            specularColor 0.11372549019607843 0.11372549019607843 0.11372549019607843
            ambientIntensity 0.2235
            transparency 0.0
            shininess 0.5
        }
    }
    geometry IndexedFaceSet {
        ccw TRUE
        solid FALSE
        coord DEF co Coordinate {
            point [
                -0.9508 0.3939 0.1614, -0.963 0.3939 0.1299, -0.9645 0.4775 0.126, -0.9638 0.3939 0.128, -0.9645 0.3939 0.126, -0.9688 0.4838 0.115, -0.9726 0.4933 0.1049, -0.9508 0.615 0.1614, -0.9683 0.4832 0.1161, -0.9759 0.506 0.0965, -0.9777 0.5182 0.0921, -0.9778 0.5204 0.0919, -0.9783 0.5317 0.0906, -0.9783 0.615 0.0906, -0.9729 0.4941 0.104, -0.9757 0.5051 0.0969, -1.2008 0.3939 0.1299, -1.2008 0.3939 0.131, -1.2126 0.3939 0.1614, -1.2126 0.615 0.1614, -1.185 0.615 0.0906, -1.185 0.5317 0.0906, -1.1904 0.4936 0.1044, -1.193 0.4872 0.1112, -1.1943 0.4841 0.1145, -1.1974 0.4796 0.1225, -1.2008 0.4756 0.131, -1.1992 0.4771 0.127, -1.1854 0.5222 0.0916, -1.1856 0.5179 0.0921, -1.1869 0.5091 0.0953, -1.1874 0.5053 0.0968, -1.1895 0.4973 0.102, 0.4836 0.6425 0.9252, 0.4836 0.3866 0.9252, 0.4836 0.6425 1.1614, 0.4836 0.3866 1.0827, 0.4836 0.3079 1.1614, -1.2165 0.6425 1.1614, -1.2165 0.1307 1.1614, -0.9449 0.1307 1.1614, 0.9449 0.1307 1.1614, 1.2166 0.1307 1.1614, 0.9449 0.2488 1.1614, 1.2166 0.6425 1.1614, 0.9262 0.2488 1.1614, 0.8345 0.6425 1.1614, 0.7942 0.2488 1.1614, 0.6035 0.2488 1.1614, -0.4836 0.3079 1.1614, -0.4331 0.2488 1.1614, -0.4714 0.2488 1.1614, -0.4331 0.1307 1.1614, 0.4331 0.1307 1.1614, 0.4331 0.2488 1.1614, 0.4715 0.2488 1.1614, -0.9449 0.2488 1.1614, -0.9262 0.2488 1.1614, -0.4836 0.6425 1.1614, -0.7942 0.2488 1.1614, -0.6034 0.2488 1.1614, 1.3706 0.4052 1.1317, 1.3958 0.3981 1.1203, 1.3959 0.8 1.1205, 1.3085 0.8 1.1511, 1.2869 0.8 1.1554, 1.2869 0.6425 1.1554, 1.2397 0.2599 1.1608, 1.2397 0.2599 1.1608, 1.2362 0.2882 1.1609, 1.2666 0.2092 1.1584, 1.266 0.2099 1.1584, 1.2501 0.2328 1.1601, 1.2498 0.2333 1.1601, 1.2397 0.3165 1.1608, 1.2498 0.3431 1.1601, 1.2397 0.3165 1.1608, 1.25 0.3436 1.1601, 1.266 0.3665 1.1584, 1.2665 0.3672 1.1584, 1.4743 0.8 1.0712, 1.3961 0.3981 1.1202, 1.401 0.3967 1.118, 1.421 0.3847 1.1071, 1.4284 0.3802 1.103, 1.4421 0.3659 1.0943, 1.4498 0.3578 1.0894, 1.4583 0.3427 1.0833, 1.463 0.3344 1.0799, 1.4686 0.3163 1.0757, 1.4702 0.3111 1.0744, 1.4725 0.2882 1.0727, 1.4702 0.2652 1.0745, 1.4686 0.2601 1.0757, 1.4736 0.1307 1.0704, 1.463 0.242 1.0799, 1.4583 0.2337 1.0833, 1.4497 0.2185 1.0894, 1.4421 0.2105 1.0943, 1.4595 0.1307 1.0825, 1.4283 0.1961 1.103, 1.421 0.1917 1.1071, 1.4042 0.1307 1.1164, 1.401 0.1797 1.118, 1.3961 0.1783 1.1202, 1.3957 0.1307 1.1199, 1.2873 0.3853 1.1553, 1.2879 0.3859 1.1552, 1.3085 0.3965 1.1509, 1.3125 0.3986 1.1501, 1.3133 0.3989 1.1499, 1.3402 0.4053 1.1425, 1.3416 0.4056 1.1421, 1.3686 0.4052 1.1324, 1.3958 0.1783 1.1203, 1.3705 0.1712 1.1317, 1.3443 0.1307 1.1412, 1.3686 0.1712 1.1324, 1.3133 0.1775 1.1499, 1.3083 0.1307 1.1498, 1.3402 0.1711 1.1425, 1.3416 0.1708 1.1421, 1.3125 0.1779 1.1501, 1.3085 0.1799 1.1509, 1.2812 0.1307 1.1563, 1.288 0.1905 1.1552, 1.2873 0.1911 1.1553, 1.6299 0.1307 0.748, 1.6299 0.8 0.748, 1.6249 0.1307 0.8127, 1.6196 0.8 0.84, 1.589 0.8 0.9274, 1.6097 0.1307 0.8758, 1.6184 0.1307 0.8397, 1.539 0.1307 1.0051, 1.551 0.1307 0.991, 1.5398 0.8 1.0058, 1.5849 0.1307 0.9357, 1.5884 0.1307 0.9272, 1.5089 0.1307 1.0403, 1.2869 0.8 0.1674, 1.2869 0.6425 0.1674, 1.2869 0.6425 0.2743, 1.2869 0.6425 0.4073, 1.2869 0.6425 0.4207, 1.2869 0.6425 0.5253, 1.2869 0.6425 0.6295, 1.2869 0.6425 0.5482, 1.2432 0.3271 0.1623, 1.2418 0.324 0.1622, 1.2166 0.3939 0.1614, 1.2369 0.3004 0.1619, 1.2374 0.2777 0.1619, 1.2166 0.1307 0.1614, 1.2362 0.2882 0.1619, 1.2368 0.2988 0.1619, 1.2389 0.2631 0.162, 1.2435 0.2494 0.1623, 1.2468 0.2393 0.1625, 1.2562 0.2234 0.1634, 1.2593 0.218 0.1636, 1.2492 0.1307 0.1627, 1.2732 0.3732 0.1654, 1.2652 0.3658 0.1643, 1.2185 0.3939 0.1614, 1.2562 0.353 0.1634, 1.2515 0.3462 0.1629, 1.2185 0.4575 0.1614, 1.2185 0.5789 0.1614, 1.2732 0.6425 0.1653, 1.2185 0.615 0.1614, 1.2185 0.6425 0.1614, 1.6299 0.4536 0.5748, 1.6299 0.1307 0.5748, 1.629 0.1307 0.5466, 1.626 0.4536 0.5182, 1.6248 0.1307 0.5184, 1.6194 0.1307 0.482, 1.6044 0.4536 0.4317, 1.5705 0.1307 0.3613, 1.5647 0.4536 0.3519, 1.5998 0.1307 0.4197, 1.6036 0.1307 0.432, 1.5079 0.1307 0.2834, 1.5089 0.4536 0.2825, 1.5325 0.1307 0.3082, 1.5641 0.1307 0.3524, 1.462 0.2397 0.2422, 1.4653 0.2494 0.2447, 1.4694 0.2615 0.2478, 1.4716 0.2777 0.2495, 1.4724 0.2837 0.2501, 1.4725 0.2882 0.2502, 1.4715 0.2987 0.2494, 1.4703 0.311 0.2485, 1.4656 0.3272 0.2449, 1.4641 0.3324 0.2437, 1.4535 0.3525 0.2361, 1.4529 0.3533 0.2357, 1.4394 0.4536 0.2266, 1.4394 0.3698 0.2267, 1.4376 0.372 0.2255, 1.4338 0.3751 0.2232, 1.4194 0.3868 0.2146, 1.4101 0.3916 0.2097, 1.397 0.3984 0.2029, 1.3831 0.4021 0.1967, 1.3596 0.4536 0.187, 1.3729 0.4049 0.1921, 1.3596 0.4057 0.1871, 1.2987 0.3918 0.1697, 1.2829 0.3822 0.1668, 1.2751 0.3749 0.1657, 1.3181 0.8 0.1741, 1.3181 0.4536 0.1741, 1.3256 0.4026 0.1761, 1.3034 0.3947 0.1706, 1.3543 0.406 0.1852, 1.3502 0.4062 0.1836, 1.3264 0.4029 0.1763, 1.3758 0.1307 0.1933, 1.3593 0.1307 0.1879, 1.3596 0.1707 0.1871, 1.3659 0.1706 0.1893, 1.3831 0.1742 0.1966, 1.4339 0.1307 0.2232, 1.434 0.2011 0.2232, 1.4343 0.2014 0.2234, 1.4392 0.1307 0.227, 1.4394 0.207 0.2267, 1.4866 0.1307 0.2618, 1.4502 0.2192 0.2338, 1.4526 0.2233 0.2355, 1.3901 0.1756 0.1996, 1.4102 0.1845 0.2097, 1.4138 0.1861 0.2115, 1.2748 0.2012 0.1656, 1.2761 0.1998 0.1657, 1.273 0.1307 0.1665, 1.2732 0.2029 0.1654, 1.318 0.1758 0.1741, 1.3137 0.1307 0.173, 1.2985 0.1844 0.1697, 1.296 0.1855 0.1691, 1.3256 0.1742 0.1762, 1.3415 0.1708 0.1807, 1.3544 0.1707 0.1853, -1.2732 0.6425 0.1653, -1.318 0.4536 0.1741, -1.2868 0.6425 0.1674, -1.318 0.8 0.1741, -1.2868 0.8 0.1674, -1.3061 0.396 0.1713, -1.2986 0.3917 0.1699, -1.2849 0.3837 0.1671, -1.3256 0.4024 0.1763, -1.3293 0.4036 0.1772, -1.3596 0.4536 0.187, -1.3536 0.4063 0.1848, -1.3543 0.4062 0.1851, -1.3595 0.4057 0.1871, -1.3786 0.4038 0.1945, -1.4394 0.4536 0.2266, -1.3831 0.4024 0.1966, -1.3988 0.3976 0.2038, -1.4099 0.3916 0.2097, -1.4215 0.3854 0.2158, -1.4337 0.3751 0.2231, -1.4384 0.3711 0.2259, -1.4394 0.3699 0.2266, -1.5088 0.4536 0.2825, -1.4516 0.3551 0.2348, -1.4527 0.3532 0.2355, -1.4635 0.3333 0.2431, -1.4653 0.3271 0.2446, -1.4703 0.3103 0.2484, -1.4714 0.2987 0.2493, -1.4724 0.2882 0.2502, -1.463 0.242 0.2429, -1.5079 0.1307 0.2834, -1.4686 0.2601 0.2472, -1.4702 0.2652 0.2484, -1.4393 0.2076 0.2268, -1.4391 0.1307 0.227, -1.442 0.2105 0.2286, -1.4865 0.1307 0.2618, -1.4497 0.2185 0.2335, -1.4583 0.2337 0.2396, -1.5641 0.1307 0.3524, -1.5647 0.4536 0.3519, -1.5325 0.1307 0.3082, -1.5705 0.1307 0.3613, -1.5997 0.1307 0.4198, -1.6044 0.4536 0.4317, -1.6036 0.1307 0.432, -1.6194 0.1307 0.4821, -1.626 0.4536 0.5182, -1.6299 0.1307 0.5748, -1.6299 0.4536 0.5748, -1.6289 0.1307 0.5467, -1.6247 0.1307 0.5184, -1.2492 0.1307 0.1627, -1.266 0.2099 0.1644, -1.25 0.2328 0.1628, -1.2396 0.2599 0.1621, -1.2362 0.2882 0.1619, -1.2396 0.2599 0.1621, -1.2498 0.2333 0.1628, -1.2371 0.2988 0.1619, -1.2378 0.3078 0.162, -1.2165 0.6425 0.1614, -1.2165 0.1307 0.1614, -1.2431 0.3271 0.1623, -1.244 0.3304 0.1624, -1.2546 0.3515 0.1632, -1.2559 0.3532 0.1634, -1.2687 0.3696 0.1647, -1.2731 0.3735 0.1654, -1.2749 0.375 0.1657, -1.2879 0.1905 0.1676, -1.273 0.1307 0.1665, -1.3125 0.1779 0.1727, -1.3137 0.1307 0.173, -1.3133 0.1775 0.1729, -1.3401 0.1711 0.1804, -1.2873 0.1911 0.1675, -1.2731 0.2034 0.1654, -1.2665 0.2092 0.1645, -1.4283 0.1961 0.2198, -1.421 0.1917 0.2158, -1.4339 0.1307 0.2232, -1.401 0.1797 0.2048, -1.396 0.1783 0.2026, -1.3758 0.1307 0.1933, -1.3705 0.1712 0.1912, -1.3685 0.1712 0.1905, -1.3593 0.1307 0.1879, -1.3595 0.171 0.1872, -1.3416 0.1708 0.1808, -1.2868 0.6425 0.5482, -1.2868 0.6425 0.5253, -1.2868 0.6425 0.4207, -1.2868 0.6425 0.4073, -1.2868 0.6425 0.2743, -1.2868 0.8 1.1554, -1.2868 0.6425 1.1554, -1.2868 0.6425 0.6295, -1.3085 0.8 1.1511, -1.2396 0.3165 1.1608, -1.2396 0.3165 1.1608, -1.2362 0.2882 1.1609, -1.266 0.3665 1.1584, -1.25 0.3436 1.1601, -1.2498 0.3431 1.1601, -1.3085 0.3965 1.1509, -1.2879 0.3859 1.1552, -1.2873 0.3853 1.1553, -1.2665 0.3672 1.1584, -1.2396 0.2599 1.1608, -1.2498 0.2333 1.1601, -1.2396 0.26 1.1608, -1.25 0.2328 1.1601, -1.266 0.2099 1.1584, -1.2665 0.2092 1.1584, -1.2873 0.1911 1.1553, -1.2879 0.1905 1.1552, -1.2812 0.1307 1.1563, -1.4042 0.1307 1.1164, -1.3956 0.1307 1.1199, -1.3958 0.1783 1.1203, -1.396 0.1783 1.1202, -1.401 0.1797 1.118, -1.4595 0.1307 1.0825, -1.421 0.1917 1.1071, -1.4283 0.1962 1.103, -1.4736 0.1307 1.0704, -1.442 0.2105 1.0943, -1.4497 0.2186 1.0894, -1.4583 0.2337 1.0833, -1.463 0.242 1.0799, -1.4686 0.2601 1.0757, -1.4702 0.2653 1.0744, -1.4724 0.2882 1.0727, -1.4702 0.3112 1.0745, -1.4743 0.8 1.0712, -1.4686 0.3163 1.0757, -1.463 0.3344 1.0799, -1.4583 0.3427 1.0833, -1.4497 0.3579 1.0894, -1.442 0.3659 1.0943, -1.4283 0.3803 1.103, -1.421 0.3847 1.1071, -1.3958 0.3981 1.1203, -1.3959 0.8 1.1205, -1.396 0.3981 1.1202, -1.401 0.3967 1.118, -1.3082 0.1307 1.1498, -1.3085 0.1799 1.1509, -1.3125 0.1779 1.1501, -1.3132 0.1775 1.1499, -1.3401 0.1711 1.1425, -1.3443 0.1307 1.1412, -1.3415 0.1708 1.1421, -1.3685 0.1712 1.1324, -1.3705 0.1712 1.1317, -1.3401 0.4053 1.1425, -1.3133 0.399 1.1499, -1.3705 0.4052 1.1317, -1.3685 0.4052 1.1324, -1.3416 0.4056 1.1421, -1.3125 0.3985 1.1501, -1.5088 0.1307 1.0403, -1.5397 0.8 1.0058, -1.5389 0.1307 1.0051, -1.551 0.1307 0.991, -1.5848 0.1307 0.9357, -1.589 0.8 0.9274, -1.5884 0.1307 0.9272, -1.6097 0.1307 0.8758, -1.6195 0.8 0.84, -1.6183 0.1307 0.8397, -1.6248 0.1307 0.8127, -1.6299 0.8 0.748, -1.6299 0.1307 0.748, -0.4836 0.3866 0.9252, -0.4836 0.6425 0.9252, -0.4836 0.3866 1.0827, -0.0136 0.6425 0.9252, -0.0465 0.6425 0.9252, -0.091 0.6425 0.9252, -0.0958 0.6425 0.9252, -0.1634 0.6425 0.9252, -0.1998 0.6425 0.9252, -0.2191 0.6425 0.9252, -0.2626 0.6425 0.9252, -0.2942 0.6425 0.9252, -0.3185 0.6425 0.9252, 1.6299 0.8 0.0984, 1.3937 0.8 0.0984, 1.3937 0.4536 0.0984, 1.6299 0.4536 0.0984, 1.6299 0.47 0.622, 1.6299 0.6224 0.622, 1.6299 0.6224 0.7008, 1.6299 0.47 0.7008, -0.7713 0.2488 0.2128, -0.7942 0.2488 0.1614, -0.6034 0.2488 0.1614, -0.6322 0.2488 0.2223, -0.6388 0.2488 0.2285, -0.6263 0.2488 0.2128, -0.6463 0.2488 0.2329, -0.7464 0.2488 0.2346, -0.7547 0.2488 0.2312, -0.6544 0.2488 0.2353, -0.6623 0.2488 0.2362, -0.7353 0.2488 0.2362, -0.7618 0.2488 0.226, -0.7673 0.2488 0.2196, 1.2362 0.2882 0.622, 1.2367 0.2776 0.622, 1.2429 0.2492 0.622, 1.2558 0.2231 0.622, 1.2747 0.201 0.622, 1.2984 0.1842 0.622, 1.3255 0.1737 0.622, 1.3544 0.1701 0.622, 1.3832 0.1737 0.622, 1.4103 0.1842 0.622, 1.434 0.201 0.622, 1.4529 0.2231 0.622, 1.4658 0.2492 0.622, 1.472 0.2776 0.622, 1.4725 0.2882 0.622, 1.2429 0.3272 0.622, 1.3544 0.4063 0.622, 1.2367 0.2988 0.622, 1.3832 0.4027 0.622, 1.2558 0.3533 0.622, 1.2747 0.3754 0.622, 1.3255 0.4027 0.622, 1.2984 0.3922 0.622, 1.4103 0.3922 0.622, 1.434 0.3754 0.622, 1.4529 0.3533 0.622, 1.4658 0.3272 0.622, 1.472 0.2988 0.622, 1.4725 0.2882 0.7008, 1.4702 0.2652 1.0745, 1.469 0.2599 0.7008, 1.463 0.242 1.0799, 1.4589 0.2333 0.7008, 1.4428 0.2099 0.7008, 1.4283 0.1961 1.103, 1.4214 0.191 0.7008, 1.3962 0.1778 0.7008, 1.3686 0.171 0.7008, 1.3705 0.1712 1.1317, 1.3401 0.171 0.7008, 1.3416 0.1708 1.1421, 1.3125 0.1778 0.7008, 1.3133 0.1775 1.1499, 1.288 0.1905 1.1552, 1.2873 0.191 0.7008, 1.2666 0.2092 1.1584, 1.2659 0.2099 0.7008, 1.2501 0.2328 1.1601, 1.2498 0.2333 0.7008, 1.2397 0.2599 0.7008, 1.2362 0.2882 0.7008, 1.4589 0.3431 0.7008, 1.469 0.3165 0.7008, 1.4428 0.3665 0.7008, 1.4214 0.3854 0.7008, 1.3962 0.3986 0.7008, 1.3686 0.4055 0.7008, 1.3401 0.4055 0.7008, 1.3125 0.3986 0.7008, 1.2873 0.3854 0.7008, 1.2659 0.3665 0.7008, 1.2498 0.3431 0.7008, 1.2397 0.3165 0.7008, -1.2362 0.2882 0.7008, -1.2396 0.26 1.1608, -1.2396 0.2599 0.7008, -1.2497 0.2333 0.7008, -1.2659 0.2099 0.7008, -1.25 0.2328 1.1601, -1.2879 0.1905 1.1552, -1.2872 0.191 0.7008, -1.2665 0.2092 1.1584, -1.3401 0.171 0.7008, -1.3132 0.1775 1.1499, -1.3124 0.1778 0.7008, -1.3685 0.171 0.7008, -1.3705 0.1712 1.1317, -1.3962 0.1778 0.7008, -1.4214 0.191 0.7008, -1.4427 0.2099 0.7008, -1.4589 0.2333 0.7008, -1.4283 0.1962 1.103, -1.469 0.2599 0.7008, -1.4724 0.2882 0.7008, -1.4702 0.2653 1.0744, -1.2396 0.3165 0.7008, -1.469 0.3165 0.7008, -1.2872 0.3854 0.7008, -1.3124 0.3986 0.7008, -1.2659 0.3665 0.7008, -1.3401 0.4055 0.7008, -1.3685 0.4055 0.7008, -1.2497 0.3431 0.7008, -1.4589 0.3431 0.7008, -1.4427 0.3665 0.7008, -1.3962 0.3986 0.7008, -1.4214 0.3854 0.7008, -1.4724 0.2882 0.622, -1.4702 0.2652 0.2484, -1.469 0.2599 0.622, -1.4589 0.2333 0.622, -1.463 0.242 0.2429, -1.4427 0.2099 0.622, -1.4214 0.191 0.622, -1.401 0.1797 0.2048, -1.3962 0.1778 0.622, -1.3705 0.1712 0.1912, -1.3685 0.171 0.622, -1.3401 0.171 0.622, -1.3416 0.1708 0.1808, -1.3124 0.1778 0.622, -1.3133 0.1775 0.1729, -1.2872 0.191 0.622, -1.2879 0.1905 0.1676, -1.2665 0.2092 0.1645, -1.2659 0.2099 0.622, -1.25 0.2328 0.1628, -1.2497 0.2333 0.622, -1.2396 0.2599 0.622, -1.2362 0.2882 0.622, -1.4719 0.2988 0.622, -1.2367 0.2988 0.622, -1.3543 0.4063 0.622, -1.3255 0.4027 0.622, -1.2983 0.3922 0.622, -1.2746 0.3754 0.622, -1.4529 0.3533 0.622, -1.434 0.3754 0.622, -1.4103 0.3922 0.622, -1.2557 0.3533 0.622, -1.2428 0.3272 0.622, -1.4658 0.3272 0.622, -1.3832 0.4027 0.622, 1.6339 0.4871 0.622, 1.6339 0.4871 0.7008, 1.6329 0.4783 0.7008, 1.6329 0.4783 0.622, 1.6339 0.6052 0.7008, 1.6329 0.6141 0.7008, 1.6329 0.6141 0.622, 1.6339 0.6052 0.622, -1.6338 0.6052 0.622, -1.6338 0.6052 0.7008, -1.6328 0.6141 0.7008, -1.6328 0.6141 0.622, -1.6299 0.6224 0.7008, -1.6299 0.6224 0.622, -1.6338 0.4871 0.7008, -1.6328 0.4783 0.7008, -1.6299 0.47 0.7008, -1.6299 0.47 0.622, -1.6328 0.4783 0.622, -1.6338 0.4871 0.622, -1.2126 0.6425 0.1614, -0.9508 0.6425 0.1614, -0.7674 0.2488 0.9722, -0.7996 0.2488 0.9821, -0.9449 0.2488 0.9449, -0.5347 0.2488 1.0342, -0.5568 0.2488 1.0088, -0.4331 0.2488 0.9449, -0.5853 0.2488 0.9885, -0.8297 0.2488 0.9999, -0.8556 0.2488 1.0243, -0.8793 0.2488 1.062, -0.9253 0.2488 1.1606, -0.9231 0.2488 1.1586, -0.9214 0.2488 1.156, -0.92 0.2488 1.1537, -0.9204 0.2488 1.1544, -0.4747 0.2488 1.1584, -0.4776 0.2488 1.1537, -0.5183 0.2488 1.062, -0.6182 0.2488 0.9748, -0.6623 0.2488 0.9685, -0.7353 0.2488 0.9685, 0.6035 0.2488 0.1614, 0.7942 0.2488 0.1614, 0.7714 0.2488 0.2128, 0.6623 0.2488 0.2362, 0.6263 0.2488 0.2128, 0.6545 0.2488 0.2353, 0.6464 0.2488 0.2329, 0.6388 0.2488 0.2285, 0.6322 0.2488 0.2223, 0.7674 0.2488 0.2196, 0.7618 0.2488 0.226, 0.7547 0.2488 0.2312, 0.7464 0.2488 0.2346, 0.7354 0.2488 0.2362, 0.7714 0.2488 1.11, 0.6322 0.2488 1.1006, 0.6388 0.2488 1.0944, 0.6263 0.2488 1.11, 0.6464 0.2488 1.0899, 0.7464 0.2488 1.0882, 0.7547 0.2488 1.0917, 0.6545 0.2488 1.0875, 0.6623 0.2488 1.0866, 0.7354 0.2488 1.0866, 0.7618 0.2488 1.0968, 0.7674 0.2488 1.1032, -0.3228 0.6425 0.1614, -0.3185 0.6425 0.1614, -0.3228 0.615 0.1614, -0.2942 0.6425 0.1614, -0.2626 0.6425 0.1614, -0.1634 0.6425 0.1614, -0.0708 0.615 0.1614, -0.1998 0.6425 0.1614, -0.2191 0.6425 0.1614, -0.0958 0.6425 0.1614, -0.091 0.6425 0.1614, -0.0708 0.6425 0.1614, 0.4606 0.615 0.1614, 0.4606 0.6425 0.1614, 0.7362 0.615 0.1614, 0.7362 0.6425 0.1614, -0.7362 0.615 0.1614, -0.7362 0.6425 0.1614, -0.4606 0.615 0.1614, -0.4606 0.6425 0.1614, 0.0709 0.615 0.1614, 0.0709 0.6425 0.1614, 0.3229 0.615 0.1614, 0.3229 0.6425 0.1614, 0.9469 0.615 0.1614, 0.9469 0.6425 0.1614, 0.4715 0.2488 0.1614, 0.4331 0.2488 0.1614, 0.0709 0.3939 0.1614, -0.0136 0.6425 0.1614, 0.3229 0.3939 0.1614, 0.4606 0.3939 0.1614, 0.7362 0.3939 0.1614, 0.9449 0.2488 0.1614, 0.9262 0.2488 0.1614, 0.4331 0.1307 0.1614, -0.4331 0.1307 0.1614, -0.4331 0.2488 0.1614, -0.0708 0.3939 0.1614, -0.3228 0.3939 0.1614, -0.4606 0.3939 0.1614, -0.0465 0.6425 0.1614, 0.8345 0.6425 0.1614, 0.9469 0.3939 0.1614, 0.9449 0.1307 0.1614, -0.7362 0.3939 0.1614, -0.4714 0.2488 0.1614, -0.9449 0.1307 0.1614, -0.9449 0.2488 0.1614, -0.9262 0.2488 0.1614
            ]
        }
        coordIndex [
            0,1,2,-1,2,1,3,-1,2,3,4,-1,5,6,7,-1,0,2,7,-1,7,2,8,-1,7,8,5,-1,7,9,10,-1,10,11,7,-1,7,11,12,-1,7,12,13,-1,6,14,7,-1,7,14,15,-1,7,15,9,-1,16,1,17,-1,17,1,0,-1,17,0,18,-1,7,13,19,-1,19,13,20,-1,19,20,21,-1,22,23,19,-1,19,23,24,-1,19,24,25,-1,17,18,26,-1,26,18,19,-1,26,19,27,-1,27,19,25,-1,21,28,19,-1,19,28,29,-1,19,29,30,-1,30,31,19,-1,19,31,32,-1,19,32,22,-1,33,34,35,-1,35,34,36,-1,35,36,37,-1,38,39,40,-1,41,42,43,-1,43,42,44,-1,43,44,45,-1,45,44,46,-1,45,46,47,-1,47,46,48,-1,48,46,35,-1,48,35,37,-1,37,49,50,-1,50,49,51,-1,52,53,50,-1,50,53,54,-1,50,54,37,-1,37,54,55,-1,37,55,48,-1,40,56,38,-1,38,56,57,-1,38,57,58,-1,58,57,59,-1,58,59,49,-1,49,59,60,-1,49,60,51,-1,61,62,63,-1,64,65,66,-1,67,68,69,-1,70,71,42,-1,42,71,72,-1,42,72,73,-1,74,75,44,-1,73,67,42,-1,42,67,69,-1,42,69,44,-1,44,69,76,-1,44,76,74,-1,75,77,44,-1,44,77,78,-1,44,78,79,-1,63,62,80,-1,80,62,81,-1,80,81,82,-1,82,83,80,-1,80,83,84,-1,80,84,85,-1,85,86,80,-1,80,86,87,-1,80,87,88,-1,88,89,80,-1,80,89,90,-1,80,90,91,-1,92,93,94,-1,94,93,95,-1,94,95,96,-1,96,97,94,-1,94,97,98,-1,94,98,99,-1,98,100,99,-1,99,100,101,-1,99,101,102,-1,101,103,102,-1,102,103,104,-1,102,104,105,-1,79,106,44,-1,44,106,107,-1,44,107,66,-1,66,107,108,-1,66,108,64,-1,64,108,109,-1,64,109,110,-1,110,111,64,-1,64,111,112,-1,64,112,63,-1,63,112,113,-1,63,113,61,-1,104,114,105,-1,105,114,115,-1,105,115,116,-1,116,115,117,-1,118,119,120,-1,120,119,116,-1,120,116,121,-1,121,116,117,-1,118,122,119,-1,119,122,123,-1,119,123,124,-1,124,123,125,-1,124,125,42,-1,42,125,126,-1,42,126,70,-1,127,128,129,-1,129,128,130,-1,131,132,130,-1,130,132,133,-1,130,133,129,-1,134,135,136,-1,136,135,137,-1,136,137,131,-1,131,137,138,-1,131,138,132,-1,134,136,139,-1,139,136,80,-1,139,80,94,-1,94,80,91,-1,94,91,92,-1,140,141,142,-1,142,143,140,-1,140,143,144,-1,140,144,145,-1,66,65,146,-1,146,65,140,-1,146,140,147,-1,147,140,145,-1,148,149,150,-1,150,149,151,-1,152,153,154,-1,154,153,150,-1,154,150,155,-1,155,150,151,-1,152,156,153,-1,153,156,157,-1,153,157,158,-1,158,159,153,-1,153,159,160,-1,153,160,161,-1,162,163,164,-1,164,163,165,-1,164,165,150,-1,150,165,166,-1,150,166,148,-1,167,168,169,-1,169,168,170,-1,169,170,171,-1,172,173,174,-1,172,174,175,-1,174,176,175,-1,175,176,177,-1,175,177,178,-1,179,180,181,-1,181,180,178,-1,181,178,182,-1,182,178,177,-1,183,184,185,-1,185,184,180,-1,185,180,186,-1,186,180,179,-1,187,188,183,-1,183,188,189,-1,183,189,190,-1,190,191,183,-1,183,191,192,-1,183,192,184,-1,184,192,193,-1,193,194,184,-1,184,194,195,-1,184,195,196,-1,196,197,184,-1,184,197,198,-1,184,198,199,-1,199,198,200,-1,199,200,201,-1,201,202,199,-1,199,202,203,-1,199,203,204,-1,204,205,199,-1,199,205,206,-1,199,206,207,-1,207,206,208,-1,207,208,209,-1,210,211,169,-1,164,167,162,-1,162,167,169,-1,162,169,212,-1,212,169,211,-1,141,140,213,-1,213,214,141,-1,141,214,215,-1,141,215,169,-1,169,215,216,-1,169,216,210,-1,209,217,207,-1,207,217,218,-1,207,218,214,-1,214,218,219,-1,214,219,215,-1,220,221,222,-1,222,223,220,-1,220,223,224,-1,220,224,225,-1,226,227,228,-1,228,227,229,-1,228,229,230,-1,230,229,231,-1,230,231,183,-1,183,231,232,-1,183,232,187,-1,224,233,225,-1,225,233,234,-1,225,234,228,-1,228,234,235,-1,228,235,226,-1,236,237,238,-1,161,160,238,-1,238,160,239,-1,238,239,236,-1,240,241,242,-1,242,241,238,-1,242,238,243,-1,243,238,237,-1,240,244,241,-1,241,244,245,-1,241,245,221,-1,221,245,246,-1,221,246,222,-1,247,248,249,-1,249,248,250,-1,249,250,251,-1,252,248,253,-1,253,248,254,-1,252,255,248,-1,248,255,256,-1,248,256,257,-1,257,256,258,-1,257,258,259,-1,259,260,257,-1,257,260,261,-1,257,261,262,-1,262,261,263,-1,262,263,264,-1,264,265,262,-1,262,265,266,-1,262,266,267,-1,267,268,262,-1,262,268,269,-1,262,269,270,-1,270,269,271,-1,271,272,270,-1,270,272,273,-1,270,273,274,-1,274,275,270,-1,270,275,276,-1,270,276,277,-1,278,279,280,-1,280,279,281,-1,282,283,284,-1,284,283,285,-1,284,285,286,-1,286,285,279,-1,286,279,287,-1,287,279,278,-1,288,289,290,-1,290,289,270,-1,290,270,279,-1,279,270,277,-1,279,277,281,-1,288,291,289,-1,289,291,292,-1,289,292,293,-1,292,294,293,-1,293,294,295,-1,293,295,296,-1,297,298,299,-1,299,298,296,-1,299,296,300,-1,300,296,295,-1,301,302,303,-1,304,305,306,-1,306,305,301,-1,306,301,307,-1,307,301,303,-1,308,309,310,-1,308,310,305,-1,305,310,311,-1,305,311,301,-1,309,312,310,-1,310,312,313,-1,310,313,314,-1,314,315,310,-1,310,315,316,-1,310,316,247,-1,247,316,317,-1,247,317,248,-1,248,317,318,-1,248,318,254,-1,319,320,321,-1,321,320,322,-1,321,322,323,-1,323,322,324,-1,319,325,320,-1,320,325,326,-1,320,326,301,-1,301,326,327,-1,301,327,302,-1,282,328,283,-1,283,328,329,-1,283,329,330,-1,329,331,330,-1,330,331,332,-1,330,332,333,-1,332,334,333,-1,333,334,335,-1,333,335,336,-1,336,335,337,-1,336,337,322,-1,322,337,338,-1,322,338,324,-1,339,340,251,-1,251,340,341,-1,341,342,251,-1,251,342,343,-1,251,343,249,-1,344,345,251,-1,251,345,346,-1,251,346,339,-1,345,344,347,-1,348,349,350,-1,351,352,38,-1,38,352,353,-1,38,354,355,-1,355,356,38,-1,38,356,357,-1,38,357,351,-1,358,359,39,-1,353,348,38,-1,38,348,350,-1,38,350,39,-1,39,350,360,-1,39,360,358,-1,359,361,39,-1,39,361,362,-1,39,362,363,-1,363,364,39,-1,39,364,365,-1,39,365,366,-1,367,368,369,-1,369,370,367,-1,367,370,371,-1,367,371,372,-1,371,373,372,-1,372,373,374,-1,372,374,375,-1,374,376,375,-1,375,376,377,-1,375,377,378,-1,378,379,375,-1,375,379,380,-1,375,380,381,-1,382,383,384,-1,384,383,385,-1,385,386,384,-1,384,386,387,-1,384,387,388,-1,388,389,384,-1,384,389,390,-1,384,390,391,-1,392,393,394,-1,394,393,384,-1,394,384,395,-1,395,384,391,-1,366,365,396,-1,396,365,397,-1,396,397,398,-1,398,399,396,-1,396,399,400,-1,396,400,401,-1,400,402,401,-1,401,402,403,-1,401,403,368,-1,368,403,404,-1,368,404,369,-1,405,406,347,-1,392,407,393,-1,393,407,408,-1,393,408,347,-1,347,408,409,-1,347,409,405,-1,38,345,354,-1,354,345,347,-1,354,347,410,-1,410,347,406,-1,381,382,375,-1,375,382,384,-1,375,384,411,-1,411,384,412,-1,411,412,413,-1,413,412,414,-1,414,412,415,-1,415,412,416,-1,415,416,417,-1,417,416,418,-1,418,416,419,-1,418,419,420,-1,420,419,421,-1,421,419,422,-1,421,422,423,-1,424,425,426,-1,426,425,58,-1,426,58,49,-1,34,33,424,-1,424,33,427,-1,424,427,428,-1,428,429,424,-1,424,429,430,-1,424,430,431,-1,431,432,424,-1,424,432,433,-1,424,433,434,-1,434,435,424,-1,424,435,436,-1,424,436,425,-1,140,65,64,-1,437,438,128,-1,128,438,213,-1,128,213,130,-1,130,213,131,-1,64,63,140,-1,140,63,80,-1,140,80,213,-1,213,80,136,-1,213,136,131,-1,439,214,438,-1,438,214,213,-1,172,175,440,-1,440,175,178,-1,440,178,180,-1,180,184,440,-1,440,184,199,-1,440,199,439,-1,439,199,207,-1,439,207,214,-1,172,440,437,-1,127,173,441,-1,441,173,172,-1,441,172,442,-1,442,172,437,-1,442,437,443,-1,443,437,128,-1,443,128,444,-1,444,128,127,-1,444,127,441,-1,445,446,447,-1,448,449,450,-1,450,449,451,-1,452,453,447,-1,451,454,450,-1,450,454,455,-1,450,455,447,-1,447,455,456,-1,447,456,452,-1,453,457,447,-1,447,457,458,-1,447,458,445,-1,154,459,460,-1,461,156,460,-1,460,156,152,-1,460,152,154,-1,462,158,461,-1,461,158,157,-1,461,157,156,-1,463,236,462,-1,462,236,239,-1,239,160,462,-1,462,160,159,-1,462,159,158,-1,464,243,463,-1,463,243,237,-1,463,237,236,-1,465,240,464,-1,464,240,242,-1,464,242,243,-1,222,246,466,-1,466,246,245,-1,466,245,465,-1,465,245,244,-1,465,244,240,-1,222,466,223,-1,223,466,467,-1,223,467,224,-1,224,467,233,-1,233,467,468,-1,233,468,234,-1,229,227,469,-1,469,227,226,-1,469,226,468,-1,468,226,235,-1,468,235,234,-1,470,471,188,-1,188,187,470,-1,470,187,232,-1,470,232,469,-1,469,232,231,-1,469,231,229,-1,472,473,192,-1,192,191,472,-1,472,191,190,-1,472,190,471,-1,471,190,189,-1,471,189,188,-1,463,462,468,-1,460,471,470,-1,467,466,465,-1,474,475,476,-1,476,475,477,-1,462,461,468,-1,468,461,460,-1,468,460,469,-1,469,460,470,-1,474,478,475,-1,475,478,479,-1,475,479,480,-1,480,479,481,-1,477,482,476,-1,476,482,483,-1,476,483,484,-1,484,485,476,-1,476,485,486,-1,476,486,459,-1,459,486,473,-1,459,473,460,-1,460,473,472,-1,460,472,471,-1,467,465,468,-1,468,465,464,-1,468,464,463,-1,91,487,488,-1,488,487,489,-1,488,489,93,-1,93,489,490,-1,490,489,491,-1,490,491,96,-1,96,491,97,-1,97,491,492,-1,97,492,98,-1,98,492,493,-1,493,492,494,-1,493,494,101,-1,101,494,103,-1,103,494,495,-1,103,495,104,-1,104,495,114,-1,114,495,496,-1,114,496,497,-1,498,499,496,-1,496,499,117,-1,496,117,497,-1,500,501,498,-1,498,501,120,-1,498,120,499,-1,126,502,503,-1,503,502,123,-1,503,123,500,-1,500,123,122,-1,500,122,501,-1,126,503,504,-1,504,503,505,-1,504,505,71,-1,71,505,506,-1,506,505,507,-1,506,507,73,-1,73,507,67,-1,67,507,508,-1,67,508,68,-1,68,508,509,-1,68,509,69,-1,505,503,500,-1,510,489,511,-1,511,489,487,-1,510,512,489,-1,489,512,513,-1,489,513,514,-1,514,515,489,-1,489,515,516,-1,489,516,517,-1,517,518,489,-1,489,518,519,-1,489,519,520,-1,498,496,509,-1,496,495,509,-1,509,495,494,-1,509,494,492,-1,520,521,489,-1,489,521,509,-1,489,509,491,-1,491,509,492,-1,505,500,507,-1,498,509,500,-1,500,509,508,-1,500,508,507,-1,350,522,523,-1,523,522,524,-1,523,524,358,-1,358,524,525,-1,526,527,525,-1,525,527,359,-1,525,359,358,-1,528,364,529,-1,529,364,530,-1,529,530,526,-1,526,530,362,-1,526,362,527,-1,531,532,533,-1,533,532,398,-1,533,398,529,-1,529,398,397,-1,529,397,528,-1,534,402,531,-1,531,402,400,-1,531,400,532,-1,369,535,534,-1,534,535,403,-1,534,403,402,-1,369,534,370,-1,370,534,536,-1,370,536,371,-1,371,536,537,-1,371,537,373,-1,538,539,378,-1,378,377,538,-1,538,377,376,-1,538,376,537,-1,537,376,540,-1,537,540,373,-1,541,542,382,-1,382,543,541,-1,541,543,380,-1,541,380,539,-1,539,380,379,-1,539,379,378,-1,522,544,545,-1,539,538,524,-1,539,524,541,-1,522,545,524,-1,524,545,542,-1,524,542,541,-1,536,534,531,-1,546,547,548,-1,548,547,549,-1,548,549,550,-1,544,551,545,-1,545,551,548,-1,545,548,552,-1,552,548,553,-1,536,531,537,-1,550,554,548,-1,548,554,555,-1,548,555,553,-1,537,531,538,-1,538,531,533,-1,538,533,529,-1,529,526,538,-1,538,526,525,-1,538,525,524,-1,277,556,557,-1,557,556,558,-1,559,560,558,-1,558,560,280,-1,558,280,557,-1,561,286,559,-1,559,286,287,-1,559,287,560,-1,329,328,562,-1,562,328,282,-1,562,282,561,-1,561,282,284,-1,561,284,286,-1,329,562,563,-1,563,562,564,-1,563,564,332,-1,332,564,565,-1,565,564,566,-1,565,566,335,-1,335,566,337,-1,337,566,567,-1,337,567,568,-1,569,570,567,-1,567,570,324,-1,567,324,568,-1,571,572,569,-1,569,572,321,-1,569,321,570,-1,302,573,574,-1,574,573,326,-1,574,326,571,-1,571,326,325,-1,571,325,572,-1,302,574,575,-1,575,574,576,-1,575,576,307,-1,307,576,306,-1,306,576,577,-1,306,577,304,-1,304,577,578,-1,304,578,305,-1,559,558,576,-1,579,580,556,-1,556,580,578,-1,556,578,558,-1,558,578,577,-1,558,577,576,-1,581,582,579,-1,579,582,583,-1,579,583,584,-1,566,564,576,-1,585,586,587,-1,584,588,579,-1,579,588,589,-1,579,589,580,-1,579,590,581,-1,581,590,585,-1,581,585,591,-1,591,585,587,-1,574,571,569,-1,574,569,576,-1,576,569,567,-1,576,567,566,-1,564,562,576,-1,576,562,561,-1,576,561,559,-1,36,34,426,-1,426,34,424,-1,37,36,49,-1,49,36,426,-1,592,593,594,-1,592,594,595,-1,595,594,444,-1,595,444,441,-1,594,593,444,-1,444,593,596,-1,444,596,443,-1,443,596,597,-1,442,443,597,-1,442,597,598,-1,598,597,596,-1,598,596,599,-1,598,599,442,-1,442,599,592,-1,442,592,441,-1,441,592,595,-1,600,601,602,-1,600,602,603,-1,603,602,604,-1,603,604,605,-1,606,607,608,-1,606,608,601,-1,601,608,604,-1,601,604,602,-1,609,608,607,-1,609,607,610,-1,610,607,606,-1,610,606,611,-1,600,603,605,-1,600,605,611,-1,611,605,609,-1,611,609,610,-1,593,592,596,-1,596,592,599,-1,601,600,606,-1,606,600,611,-1,19,612,7,-1,7,612,613,-1,614,615,616,-1,617,618,619,-1,619,618,620,-1,615,621,616,-1,616,621,622,-1,616,622,623,-1,57,56,624,-1,624,56,616,-1,624,616,625,-1,625,616,626,-1,623,627,616,-1,616,627,628,-1,616,628,626,-1,51,629,50,-1,50,629,630,-1,50,630,619,-1,619,630,631,-1,619,631,617,-1,620,632,619,-1,619,632,633,-1,619,633,616,-1,616,633,634,-1,616,634,614,-1,635,636,637,-1,635,638,639,-1,639,638,640,-1,640,641,639,-1,639,641,642,-1,639,642,643,-1,637,644,635,-1,635,644,645,-1,635,645,646,-1,646,647,635,-1,635,647,648,-1,635,648,638,-1,649,47,48,-1,650,651,652,-1,652,651,653,-1,654,655,48,-1,653,656,652,-1,652,656,657,-1,652,657,48,-1,48,657,658,-1,48,658,654,-1,655,659,48,-1,48,659,660,-1,48,660,649,-1,661,662,663,-1,663,662,664,-1,663,664,665,-1,666,667,668,-1,668,667,663,-1,668,663,669,-1,669,663,665,-1,666,670,667,-1,667,670,671,-1,667,671,672,-1,673,674,675,-1,675,674,676,-1,677,678,679,-1,679,678,680,-1,681,682,683,-1,683,682,684,-1,685,686,170,-1,170,686,171,-1,687,688,689,-1,690,682,681,-1,684,674,683,-1,683,674,673,-1,683,673,691,-1,691,673,692,-1,693,694,695,-1,7,613,678,-1,696,697,698,-1,699,696,700,-1,700,696,701,-1,700,701,663,-1,663,701,679,-1,663,679,661,-1,661,679,680,-1,667,672,702,-1,702,690,667,-1,667,690,681,-1,667,681,699,-1,699,681,689,-1,699,689,696,-1,696,689,688,-1,675,676,703,-1,704,150,694,-1,694,150,153,-1,694,153,705,-1,612,19,310,-1,310,19,18,-1,310,18,311,-1,678,677,7,-1,7,677,706,-1,7,706,0,-1,695,636,693,-1,693,636,635,-1,693,635,692,-1,692,635,687,-1,692,687,691,-1,691,687,689,-1,694,693,704,-1,704,693,675,-1,704,675,685,-1,685,675,703,-1,685,703,686,-1,696,698,701,-1,701,698,707,-1,701,707,706,-1,708,311,709,-1,709,311,18,-1,709,18,710,-1,710,18,0,-1,710,0,446,-1,446,0,706,-1,446,706,447,-1,447,706,707,-1,
        ]
    }
}
Shape{
    appearance Appearance {
        material  Material 	{
            diffuseColor 0.9686274509803922 0.8784313725490196 0.6
            specularColor 0.6784313725490196 0.615686274509804 0.4196078431372549
            ambientIntensity 0.8737
            transparency 0.0
            shininess 0.5
        }
    }
    geometry IndexedFaceSet {
        ccw TRUE
        solid FALSE
        coord DEF co Coordinate {
            point [
                0.9646 0.9103 0.0118, 0.9646 0.9378 0.0394, 1.2008 0.9103 0.0118, 1.2008 0.9378 0.0394, 1.2008 0.9378 0.063, 0.9646 0.9378 0.063, 1.2008 0.9103 0.0906, 0.9646 0.9103 0.0906, 1.2008 0.512 0.0118, 0.9646 0.512 0.0118
            ]
        }
        coordIndex [
            0,1,2,-1,2,1,3,-1,4,3,5,-1,5,3,1,-1,6,4,7,-1,7,4,5,-1,2,8,0,-1,0,8,9,-1,
        ]
    }
}
Shape{
    appearance Appearance {
        material  Material 	{
            diffuseColor 0.2235294117647059 0.2235294117647059 0.2235294117647059
            specularColor 0.11372549019607843 0.11372549019607843 0.11372549019607843
            ambientIntensity 0.2235
            transparency 0.0
            shininess 0.5
        }
    }
    geometry IndexedFaceSet {
        ccw TRUE
        solid FALSE
        coord DEF co Coordinate {
            point [
                1.2008 0.4832 0.1159, 1.2008 0.4892 0.1086, 1.1981 0.4895 0.1089, 1.1965 0.4933 0.1047, 1.2008 0.4989 0.1005, 1.195 0.4991 0.1009, 1.1934 0.5054 0.0967, 1.2008 0.5101 0.0946, 1.1927 0.5102 0.095, 1.1916 0.5182 0.0921, 1.2008 0.5223 0.0913, 1.1914 0.5223 0.0916, 1.2008 0.5317 0.0906, 1.191 0.5317 0.0906
            ]
        }
        coordIndex [
            0,1,2,-1,2,1,3,-1,3,1,4,-1,3,4,5,-1,5,4,6,-1,6,4,7,-1,6,7,8,-1,8,7,9,-1,9,7,10,-1,9,10,11,-1,11,10,12,-1,11,12,13,-1,
        ]
    }
}
Shape{
    appearance Appearance {
        material  Material 	{
            diffuseColor 0.9686274509803922 0.8784313725490196 0.6
            specularColor 0.6784313725490196 0.615686274509804 0.4196078431372549
            ambientIntensity 0.8737
            transparency 0.0
            shininess 0.5
        }
    }
    geometry IndexedFaceSet {
        ccw TRUE
        solid FALSE
        coord DEF co Coordinate {
            point [
                1.2008 0.9103 0.0118, 1.2008 0.9378 0.0394, 1.2008 0.512 0.0118, 1.2008 0.9378 0.063, 1.2008 0.5043 0.0973, 1.2008 0.4837 0.0153, 1.2008 0.5176 0.0923, 1.2008 0.5317 0.0906, 1.2008 0.9103 0.0906, 1.2008 0.3947 0.1159, 1.2008 0.4015 0.0882, 1.2008 0.4832 0.1159, 1.2008 0.4147 0.0629, 1.2008 0.4926 0.1053, 1.2008 0.4336 0.0416, 1.2008 0.457 0.0254, 0.9646 0.5317 0.0906, 0.9646 0.512 0.0118, 0.9646 0.5176 0.0923, 0.9646 0.4837 0.0153, 0.9646 0.5043 0.0973, 0.9646 0.457 0.0254, 0.9646 0.4926 0.1053, 0.9646 0.4336 0.0416, 0.9646 0.4147 0.0629, 0.9646 0.4832 0.1159, 0.9646 0.4015 0.0882, 0.9646 0.3947 0.1159, 0.9646 0.9378 0.0394, 0.9646 0.9103 0.0118, 0.9646 0.9378 0.063, 0.9646 0.9103 0.0906
            ]
        }
        coordIndex [
            0,1,2,-1,2,1,3,-1,4,5,6,-1,6,5,2,-1,6,2,7,-1,7,2,3,-1,7,3,8,-1,9,10,11,-1,11,10,12,-1,11,12,13,-1,13,12,14,-1,13,14,4,-1,4,14,15,-1,4,15,5,-1,16,17,18,-1,18,17,19,-1,18,19,20,-1,20,19,21,-1,20,21,22,-1,21,23,22,-1,22,23,24,-1,22,24,25,-1,25,24,26,-1,25,26,27,-1,28,29,30,-1,30,29,17,-1,30,17,31,-1,31,17,16,-1,
        ]
    }
}
Shape{
    appearance Appearance {
        material  Material 	{
            diffuseColor 0.2235294117647059 0.2235294117647059 0.2235294117647059
            specularColor 0.11372549019607843 0.11372549019607843 0.11372549019607843
            ambientIntensity 0.2235
            transparency 0.0
            shininess 0.5
        }
    }
    geometry IndexedFaceSet {
        ccw TRUE
        solid FALSE
        coord DEF co Coordinate {
            point [
                0.9744 0.5317 0.0906, 0.9646 0.5317 0.0906, 0.9738 0.5182 0.0921, 0.9646 0.5178 0.0922, 0.9646 0.5043 0.0973, 0.972 0.5054 0.0967, 0.9738 0.5178 0.0923, 0.9646 0.4925 0.1054, 0.9691 0.4937 0.1044, 0.9718 0.5044 0.0974, 0.9646 0.4832 0.1159, 0.9651 0.4841 0.1146, 0.9686 0.4926 0.1055
            ]
        }
        coordIndex [
            0,1,2,-1,2,1,3,-1,4,5,3,-1,3,5,6,-1,3,6,2,-1,7,8,4,-1,4,8,9,-1,4,9,5,-1,10,11,7,-1,7,11,12,-1,7,12,8,-1,
        ]
    }
}
Shape{
    appearance Appearance {
        material  Material 	{
            diffuseColor 0.9686274509803922 0.8784313725490196 0.6
            specularColor 0.6784313725490196 0.615686274509804 0.4196078431372549
            ambientIntensity 0.8737
            transparency 0.0
            shininess 0.5
        }
    }
    geometry IndexedFaceSet {
        ccw TRUE
        solid FALSE
        coord DEF co Coordinate {
            point [
                0.9646 0.5317 0.0906, 0.9744 0.5317 0.0906, 0.9744 0.615 0.0906, 1.191 0.5317 0.0906, 1.2008 0.5317 0.0906, 1.191 0.615 0.0906, 1.2008 0.9103 0.0906, 0.9646 0.9103 0.0906
            ]
        }
        coordIndex [
            0,1,2,-1,3,4,5,-1,5,4,6,-1,5,6,2,-1,2,6,7,-1,2,7,0,-1,
        ]
    }
}
Shape{
    appearance Appearance {
        material  Material 	{
            diffuseColor 0.2235294117647059 0.2235294117647059 0.2235294117647059
            specularColor 0.11372549019607843 0.11372549019607843 0.11372549019607843
            ambientIntensity 0.2235
            transparency 0.0
            shininess 0.5
        }
    }
    geometry IndexedFaceSet {
        ccw TRUE
        solid FALSE
        coord DEF co Coordinate {
            point [
                1.2185 0.615 0.1614, 1.191 0.615 0.0906, 0.9469 0.615 0.1614, 0.9744 0.615 0.0906
            ]
        }
        coordIndex [
            0,1,2,-1,2,1,3,-1,
        ]
    }
}
Shape{
    appearance Appearance {
        material  Material 	{
            diffuseColor 0.9686274509803922 0.8784313725490196 0.6
            specularColor 0.6784313725490196 0.615686274509804 0.4196078431372549
            ambientIntensity 0.8737
            transparency 0.0
            shininess 0.5
        }
    }
    geometry IndexedFaceSet {
        ccw TRUE
        solid FALSE
        coord DEF co Coordinate {
            point [
                0.9619 0.3941 0.1229, 0.9646 0.3947 0.1159, 1.2008 0.3947 0.1159, 1.2008 0.3967 0.1044, 0.9591 0.3939 0.1299, 1.2035 0.3941 0.1229, 1.2063 0.3939 0.1299, 0.9646 0.3967 0.1044, 0.9646 0.4054 0.0791, 1.2008 0.4054 0.0791, 0.9646 0.4195 0.0564, 1.2008 0.4195 0.0564, 0.9646 0.4385 0.0375, 1.2008 0.4385 0.0375, 0.9646 0.4612 0.0233, 1.2008 0.4612 0.0233, 0.9646 0.4865 0.0146, 1.2008 0.4865 0.0146, 0.9646 0.512 0.0118, 1.2008 0.512 0.0118
            ]
        }
        coordIndex [
            0,1,2,-1,2,1,3,-1,0,2,4,-1,4,2,5,-1,4,5,6,-1,1,7,3,-1,3,7,8,-1,3,8,9,-1,9,8,10,-1,9,10,11,-1,11,10,12,-1,11,12,13,-1,13,12,14,-1,13,14,15,-1,15,14,16,-1,15,16,17,-1,17,16,18,-1,17,18,19,-1,
        ]
    }
}
Shape{
    appearance Appearance {
        material  Material 	{
            diffuseColor 0.2235294117647059 0.2235294117647059 0.2235294117647059
            specularColor 0.11372549019607843 0.11372549019607843 0.11372549019607843
            ambientIntensity 0.2235
            transparency 0.0
            shininess 0.5
        }
    }
    geometry IndexedFaceSet {
        ccw TRUE
        solid FALSE
        coord DEF co Coordinate {
            point [
                0.9591 0.3939 0.1299, 0.9469 0.3939 0.1614, 0.9469 0.615 0.1614, 0.9651 0.4841 0.1146, 0.9646 0.4832 0.1159, 0.972 0.5054 0.0967, 0.9718 0.5044 0.0974, 0.9691 0.4937 0.1044, 0.9686 0.4926 0.1055, 0.9646 0.3947 0.1159, 0.9619 0.3941 0.1229, 0.9744 0.615 0.0906, 0.9744 0.5317 0.0906, 0.9738 0.5182 0.0921, 0.9738 0.5178 0.0923, 1.2008 0.4832 0.1159, 1.2185 0.4575 0.1614, 1.2185 0.3939 0.1614, 1.1965 0.4933 0.1047, 1.195 0.4991 0.1009, 1.2185 0.5789 0.1614, 1.2063 0.3939 0.1299, 1.2035 0.3941 0.1229, 1.2008 0.3947 0.1159, 1.1934 0.5054 0.0967, 1.1927 0.5102 0.095, 1.1916 0.5182 0.0921, 1.1981 0.4895 0.1089, 1.191 0.615 0.0906, 1.2185 0.615 0.1614, 1.191 0.5317 0.0906, 1.1914 0.5223 0.0916, 1.2166 0.3939 0.1614
            ]
        }
        coordIndex [
            0,1,2,-1,3,4,2,-1,5,6,2,-1,6,7,2,-1,2,7,8,-1,2,8,3,-1,4,9,2,-1,2,9,10,-1,2,10,0,-1,2,11,12,-1,12,13,2,-1,2,13,14,-1,2,14,5,-1,15,16,17,-1,18,19,20,-1,17,21,15,-1,15,21,22,-1,15,22,23,-1,19,24,20,-1,20,24,25,-1,20,25,26,-1,16,15,20,-1,20,15,27,-1,20,27,18,-1,28,29,30,-1,30,29,20,-1,30,20,31,-1,31,20,26,-1,1,0,32,-1,32,0,21,-1,32,21,17,-1,
        ]
    }
}
Shape{
    appearance Appearance {
        material  Material 	{
            diffuseColor 0.9686274509803922 0.8784313725490196 0.6
            specularColor 0.6784313725490196 0.615686274509804 0.4196078431372549
            ambientIntensity 0.8737
            transparency 0.0
            shininess 0.5
        }
    }
    geometry IndexedFaceSet {
        ccw TRUE
        solid FALSE
        coord DEF co Coordinate {
            point [
                -0.7086 0.9103 0.0118, -0.7086 0.9378 0.0394, -0.4882 0.9103 0.0118, -0.4882 0.9378 0.0394, -0.4882 0.9378 0.063, -0.7086 0.9378 0.063, -0.4882 0.9103 0.0906, -0.7086 0.9103 0.0906, -0.7086 0.512 0.0118, -0.4882 0.512 0.0118, -0.7086 0.615 0.0906, -0.4882 0.615 0.0906, -0.4882 0.4562 0.0258, -0.4882 0.4832 0.0154, -0.4882 0.4006 0.0906, -0.4882 0.4136 0.0646, -0.4882 0.4325 0.0426, -0.7086 0.4136 0.0646, -0.7086 0.4006 0.0906, -0.7086 0.4832 0.0154, -0.7086 0.4562 0.0258, -0.7086 0.4325 0.0426
            ]
        }
        coordIndex [
            0,1,2,-1,2,1,3,-1,4,3,5,-1,5,3,1,-1,6,4,7,-1,7,4,5,-1,8,0,9,-1,9,0,2,-1,7,10,6,-1,6,10,11,-1,12,13,11,-1,11,13,9,-1,11,9,2,-1,2,3,11,-1,11,3,4,-1,11,4,6,-1,14,15,11,-1,11,15,16,-1,11,16,12,-1,17,18,10,-1,10,8,19,-1,10,7,5,-1,8,10,0,-1,0,10,5,-1,0,5,1,-1,19,20,10,-1,10,20,21,-1,10,21,17,-1,
        ]
    }
}
Shape{
    appearance Appearance {
        material  Material 	{
            diffuseColor 0.2235294117647059 0.2235294117647059 0.2235294117647059
            specularColor 0.11372549019607843 0.11372549019607843 0.11372549019607843
            ambientIntensity 0.2235
            transparency 0.0
            shininess 0.5
        }
    }
    geometry IndexedFaceSet {
        ccw TRUE
        solid FALSE
        coord DEF co Coordinate {
            point [
                -0.4606 0.615 0.1614, -0.4882 0.615 0.0906, -0.7362 0.615 0.1614, -0.7086 0.615 0.0906
            ]
        }
        coordIndex [
            0,1,2,-1,2,1,3,-1,
        ]
    }
}
Shape{
    appearance Appearance {
        material  Material 	{
            diffuseColor 0.9686274509803922 0.8784313725490196 0.6
            specularColor 0.6784313725490196 0.615686274509804 0.4196078431372549
            ambientIntensity 0.8737
            transparency 0.0
            shininess 0.5
        }
    }
    geometry IndexedFaceSet {
        ccw TRUE
        solid FALSE
        coord DEF co Coordinate {
            point [
                -0.4729 0.3939 0.1299, -0.724 0.3939 0.1299, -0.4806 0.3956 0.11, -0.7162 0.3956 0.1099, -0.4827 0.397 0.1045, -0.7141 0.397 0.1045, -0.4882 0.4006 0.0906, -0.7086 0.4006 0.0906, -0.4882 0.4054 0.0791, -0.7086 0.4054 0.0791, -0.7086 0.4195 0.0564, -0.4882 0.4195 0.0564, -0.7086 0.4385 0.0375, -0.4882 0.4385 0.0375, -0.7086 0.4612 0.0233, -0.4882 0.4612 0.0233, -0.7086 0.4865 0.0146, -0.4882 0.4865 0.0146, -0.7086 0.512 0.0118, -0.4882 0.512 0.0118
            ]
        }
        coordIndex [
            0,1,2,-1,2,1,3,-1,2,3,4,-1,4,3,5,-1,4,5,6,-1,6,5,7,-1,6,7,8,-1,7,9,8,-1,8,9,10,-1,8,10,11,-1,11,10,12,-1,11,12,13,-1,13,12,14,-1,13,14,15,-1,15,14,16,-1,15,16,17,-1,17,16,18,-1,17,18,19,-1,
        ]
    }
}
Shape{
    appearance Appearance {
        material  Material 	{
            diffuseColor 0.2235294117647059 0.2235294117647059 0.2235294117647059
            specularColor 0.11372549019607843 0.11372549019607843 0.11372549019607843
            ambientIntensity 0.2235
            transparency 0.0
            shininess 0.5
        }
    }
    geometry IndexedFaceSet {
        ccw TRUE
        solid FALSE
        coord DEF co Coordinate {
            point [
                -0.7086 0.615 0.0906, -0.7086 0.4006 0.0906, -0.7362 0.615 0.1614, -0.7141 0.397 0.1045, -0.7162 0.3956 0.1099, -0.724 0.3939 0.1299, -0.7362 0.3939 0.1614, -0.4606 0.615 0.1614, -0.4606 0.3939 0.1614, -0.4729 0.3939 0.1299, -0.4882 0.4006 0.0906, -0.4882 0.615 0.0906, -0.4827 0.397 0.1045, -0.4806 0.3956 0.11, -1.6299 0.4536 0.5748, -1.6299 0.47 0.622, -1.6299 0.6224 0.622, -1.6299 0.47 0.7008, -1.6299 0.1307 0.748, -1.6299 0.8 0.748, -1.6299 0.1307 0.5748, -1.6299 0.4536 0.0984, -1.6299 0.8 0.0984, -1.6299 0.6224 0.7008, -1.3937 0.8 0.0984, -1.3937 0.4536 0.0984, -1.5647 0.4536 0.3519, -1.5088 0.4536 0.2825, -1.4394 0.4536 0.2266, -1.6044 0.4536 0.4317, -1.626 0.4536 0.5182, -1.3596 0.4536 0.187, -1.318 0.4536 0.1741, -1.3085 0.8 1.1511, -1.2868 0.8 1.1554, -1.2868 0.8 0.1674, -1.3959 0.8 1.1205, -1.318 0.8 0.1741, -1.6195 0.8 0.84, -1.589 0.8 0.9274, -1.5397 0.8 1.0058, -1.4743 0.8 1.0712, -1.2362 0.2882 0.1619, -1.2362 0.2882 0.622, -1.2371 0.2988 0.1619, -1.2367 0.2988 0.622, -1.2378 0.3078 0.162, -1.2428 0.3272 0.622, -1.2431 0.3271 0.1623, -1.2557 0.3533 0.622, -1.2546 0.3515 0.1632, -1.244 0.3304 0.1624, -1.2731 0.3735 0.1654, -1.2687 0.3696 0.1647, -1.2559 0.3532 0.1634, -1.2749 0.375 0.1657, -1.2746 0.3754 0.622, -1.2849 0.3837 0.1671, -1.2983 0.3922 0.622, -1.2986 0.3917 0.1699, -1.3061 0.396 0.1713, -1.3255 0.4027 0.622, -1.3256 0.4024 0.1763, -1.3595 0.4057 0.1871, -1.3543 0.4062 0.1851, -1.3543 0.4063 0.622, -1.3536 0.4063 0.1848, -1.3293 0.4036 0.1772, -1.3786 0.4038 0.1945, -1.3832 0.4027 0.622, -1.3831 0.4024 0.1966, -1.3988 0.3976 0.2038, -1.4103 0.3922 0.622, -1.4099 0.3916 0.2097, -1.434 0.3754 0.622, -1.4337 0.3751 0.2231, -1.4215 0.3854 0.2158, -1.4529 0.3533 0.622, -1.4527 0.3532 0.2355, -1.4516 0.3551 0.2348, -1.4394 0.3699 0.2266, -1.4384 0.3711 0.2259, -1.4714 0.2987 0.2493, -1.4703 0.3103 0.2484, -1.4658 0.3272 0.622, -1.4653 0.3271 0.2446, -1.4635 0.3333 0.2431, -1.4719 0.2988 0.622, -1.4724 0.2882 0.622, -1.4724 0.2882 0.2502, -1.4724 0.2882 1.0727, -1.4724 0.2882 0.7008, -1.4702 0.3112 1.0745, -1.469 0.3165 0.7008, -1.4686 0.3163 1.0757, -1.463 0.3344 1.0799, -1.4589 0.3431 0.7008, -1.4583 0.3427 1.0833, -1.4497 0.3579 1.0894, -1.4427 0.3665 0.7008, -1.442 0.3659 1.0943, -1.4283 0.3803 1.103, -1.4214 0.3854 0.7008, -1.421 0.3847 1.1071, -1.401 0.3967 1.118, -1.3962 0.3986 0.7008, -1.396 0.3981 1.1202, -1.3958 0.3981 1.1203, -1.3685 0.4055 0.7008, -1.3705 0.4052 1.1317, -1.3401 0.4055 0.7008, -1.3416 0.4056 1.1421, -1.3685 0.4052 1.1324, -1.3124 0.3986 0.7008, -1.3133 0.3989 1.1499, -1.3401 0.4053 1.1425, -1.2873 0.3853 1.1553, -1.2879 0.3859 1.1552, -1.2872 0.3854 0.7008, -1.3085 0.3965 1.1509, -1.3125 0.3985 1.1501, -1.2665 0.3672 1.1584, -1.2659 0.3665 0.7008, -1.266 0.3665 1.1584, -1.25 0.3436 1.1601, -1.2497 0.3431 0.7008, -1.2498 0.3431 1.1601, -1.2396 0.3165 1.1608, -1.2396 0.3165 0.7008, -1.2396 0.3165 1.1608, -1.2362 0.2882 0.7008, -1.2362 0.2882 1.1609, 1.2362 0.2882 1.1609, 1.2362 0.2882 0.7008, 1.2397 0.3165 1.1608, 1.2397 0.3165 0.7008, 1.2397 0.3165 1.1608, 1.2498 0.3431 0.7008, 1.2659 0.3665 0.7008, 1.25 0.3436 1.1601, 1.2498 0.3431 1.1601, 1.2879 0.3859 1.1552, 1.2873 0.3853 1.1553, 1.2873 0.3854 0.7008, 1.2665 0.3672 1.1584, 1.266 0.3665 1.1584, 1.3401 0.4055 0.7008, 1.3133 0.3989 1.1499, 1.3125 0.3986 0.7008, 1.3125 0.3986 1.1501, 1.3085 0.3965 1.1509, 1.3686 0.4055 0.7008, 1.3416 0.4056 1.1421, 1.3402 0.4053 1.1425, 1.3958 0.3981 1.1203, 1.3706 0.4052 1.1317, 1.3686 0.4052 1.1324, 1.3961 0.3981 1.1202, 1.3962 0.3986 0.7008, 1.401 0.3967 1.118, 1.4214 0.3854 0.7008, 1.421 0.3847 1.1071, 1.4428 0.3665 0.7008, 1.4589 0.3431 0.7008, 1.4583 0.3427 1.0833, 1.4498 0.3578 1.0894, 1.4421 0.3659 1.0943, 1.4284 0.3802 1.103, 1.469 0.3165 0.7008, 1.4725 0.2882 0.7008, 1.4725 0.2882 1.0727, 1.4702 0.3111 1.0744, 1.4686 0.3163 1.0757, 1.463 0.3344 1.0799, 1.4725 0.2882 0.2502, 1.4725 0.2882 0.622, 1.4715 0.2987 0.2494, 1.472 0.2988 0.622, 1.4703 0.311 0.2485, 1.4658 0.3272 0.622, 1.4529 0.3533 0.2357, 1.4535 0.3525 0.2361, 1.4529 0.3533 0.622, 1.4641 0.3324 0.2437, 1.4656 0.3272 0.2449, 1.4394 0.3698 0.2267, 1.434 0.3754 0.622, 1.4376 0.372 0.2255, 1.4103 0.3922 0.622, 1.4194 0.3868 0.2146, 1.4338 0.3751 0.2232, 1.3832 0.4027 0.622, 1.397 0.3984 0.2029, 1.4101 0.3916 0.2097, 1.3543 0.406 0.1852, 1.3596 0.4057 0.1871, 1.3544 0.4063 0.622, 1.3729 0.4049 0.1921, 1.3831 0.4021 0.1967, 1.3502 0.4062 0.1836, 1.3255 0.4027 0.622, 1.3264 0.4029 0.1763, 1.2984 0.3922 0.622, 1.3034 0.3947 0.1706, 1.3256 0.4026 0.1761, 1.2747 0.3754 0.622, 1.2829 0.3822 0.1668, 1.2987 0.3918 0.1697, 1.2562 0.353 0.1634, 1.2652 0.3658 0.1643, 1.2558 0.3533 0.622, 1.2732 0.3732 0.1654, 1.2751 0.3749 0.1657, 1.2515 0.3462 0.1629, 1.2429 0.3272 0.622, 1.2432 0.3271 0.1623, 1.2418 0.324 0.1622, 1.2367 0.2988 0.622, 1.2369 0.3004 0.1619, 1.2368 0.2988 0.1619, 1.2362 0.2882 0.622, 1.2362 0.2882 0.1619
            ]
        }
        coordIndex [
            0,1,2,-1,2,1,3,-1,3,4,2,-1,2,4,5,-1,2,5,6,-1,7,8,9,-1,10,11,12,-1,12,11,7,-1,12,7,13,-1,13,7,9,-1,6,5,8,-1,8,5,9,-1,14,15,16,-1,17,18,19,-1,15,14,17,-1,17,14,20,-1,17,20,18,-1,21,14,22,-1,22,14,16,-1,22,16,19,-1,19,16,23,-1,19,23,17,-1,24,25,22,-1,22,25,21,-1,26,21,27,-1,27,21,28,-1,26,29,21,-1,21,29,30,-1,21,30,14,-1,28,21,31,-1,31,21,25,-1,31,25,32,-1,33,34,35,-1,33,35,36,-1,24,22,37,-1,37,22,19,-1,37,19,38,-1,38,39,37,-1,37,39,40,-1,37,40,35,-1,35,40,41,-1,35,41,36,-1,32,25,37,-1,37,25,24,-1,42,43,44,-1,44,43,45,-1,44,45,46,-1,46,45,47,-1,46,47,48,-1,49,50,47,-1,47,50,51,-1,47,51,48,-1,52,53,49,-1,49,53,54,-1,49,54,50,-1,52,49,55,-1,55,49,56,-1,55,56,57,-1,57,56,58,-1,57,58,59,-1,59,58,60,-1,60,58,61,-1,60,61,62,-1,63,64,65,-1,65,64,66,-1,65,66,61,-1,61,66,67,-1,61,67,62,-1,63,65,68,-1,68,65,69,-1,68,69,70,-1,70,69,71,-1,71,69,72,-1,71,72,73,-1,74,75,72,-1,72,75,76,-1,72,76,73,-1,77,78,74,-1,74,78,79,-1,79,80,74,-1,74,80,81,-1,74,81,75,-1,82,83,84,-1,84,83,85,-1,84,85,77,-1,77,85,86,-1,77,86,78,-1,84,87,82,-1,82,87,88,-1,82,88,89,-1,90,91,92,-1,92,91,93,-1,92,93,94,-1,94,93,95,-1,95,93,96,-1,95,96,97,-1,97,96,98,-1,98,96,99,-1,98,99,100,-1,100,99,101,-1,101,99,102,-1,101,102,103,-1,103,102,104,-1,104,102,105,-1,104,105,106,-1,106,105,107,-1,107,105,108,-1,107,108,109,-1,110,111,108,-1,108,111,112,-1,108,112,109,-1,113,114,110,-1,110,114,115,-1,110,115,111,-1,116,117,118,-1,118,117,119,-1,118,119,113,-1,113,119,120,-1,113,120,114,-1,116,118,121,-1,121,118,122,-1,121,122,123,-1,123,122,124,-1,124,122,125,-1,124,125,126,-1,126,125,127,-1,127,125,128,-1,127,128,129,-1,129,128,130,-1,129,130,131,-1,132,133,134,-1,134,133,135,-1,134,135,136,-1,136,135,137,-1,138,139,137,-1,137,139,140,-1,137,140,136,-1,141,142,143,-1,143,142,144,-1,143,144,138,-1,138,144,145,-1,138,145,139,-1,146,147,148,-1,148,147,149,-1,148,149,143,-1,143,149,150,-1,143,150,141,-1,151,152,146,-1,146,152,153,-1,146,153,147,-1,154,155,151,-1,151,155,156,-1,151,156,152,-1,154,151,157,-1,157,151,158,-1,157,158,159,-1,159,158,160,-1,159,160,161,-1,162,163,164,-1,164,165,162,-1,162,165,166,-1,162,166,160,-1,160,166,167,-1,160,167,161,-1,168,169,170,-1,170,171,168,-1,168,171,172,-1,168,172,163,-1,163,172,173,-1,163,173,164,-1,174,175,176,-1,176,175,177,-1,176,177,178,-1,178,177,179,-1,180,181,182,-1,182,181,183,-1,182,183,179,-1,179,183,184,-1,179,184,178,-1,180,182,185,-1,185,182,186,-1,185,186,187,-1,188,189,186,-1,186,189,190,-1,186,190,187,-1,191,192,188,-1,188,192,193,-1,188,193,189,-1,194,195,196,-1,196,195,197,-1,196,197,191,-1,191,197,198,-1,191,198,192,-1,194,196,199,-1,199,196,200,-1,199,200,201,-1,202,203,200,-1,200,203,204,-1,200,204,201,-1,205,206,202,-1,202,206,207,-1,202,207,203,-1,208,209,210,-1,210,209,211,-1,210,211,205,-1,205,211,212,-1,205,212,206,-1,208,210,213,-1,213,210,214,-1,213,214,215,-1,215,214,216,-1,216,214,217,-1,216,217,218,-1,218,217,219,-1,219,217,220,-1,219,220,221,-1,
        ]
    }
}
Shape{
    appearance Appearance {
        material  Material 	{
            diffuseColor 1.0 1.0 1.0
            specularColor 0.5019607843137255 0.5019607843137255 0.5019607843137255
            ambientIntensity 1.0
            transparency 0.0
            shininess 0.5
        }
    }
    geometry IndexedFaceSet {
        ccw TRUE
        solid FALSE
        coord DEF co Coordinate {
            point [
                -0.0893 0.6429 0.5587, -0.0892 0.6429 0.5496, -0.0893 0.6425 0.5587, -0.0892 0.6425 0.5496, -0.0574 0.6429 0.559, -0.0574 0.6425 0.559, -0.0579 0.6429 0.6299, -0.0579 0.6425 0.6295, -0.0579 0.6425 0.6299, -0.0476 0.6429 0.63, -0.0476 0.6425 0.63, -0.047 0.6425 0.5499, -0.047 0.6429 0.5499, -0.0475 0.6425 0.6295, -0.1303 0.6429 0.548, -0.1303 0.6425 0.548, -0.1327 0.6425 0.5482, -0.1425 0.6429 0.549, -0.1425 0.6425 0.549, -0.1511 0.6425 0.5518, -0.1511 0.6429 0.5518, -0.1525 0.6425 0.5525, -0.1525 0.6429 0.5525, -0.1525 0.6429 0.5624, -0.1525 0.6425 0.5624, -0.1446 0.6425 0.5589, -0.1446 0.6429 0.5589, -0.1355 0.6425 0.5573, -0.1355 0.6429 0.5573, -0.1318 0.6425 0.5572, -0.1318 0.6429 0.5572, -0.1249 0.6425 0.5579, -0.1249 0.6429 0.5579, -0.119 0.6425 0.56, -0.119 0.6429 0.56, -0.1136 0.6425 0.5635, -0.1136 0.6429 0.5635, -0.1113 0.6425 0.5657, -0.1113 0.6429 0.5657, -0.1077 0.6425 0.5707, -0.1077 0.6429 0.5707, -0.1051 0.6425 0.5771, -0.1051 0.6429 0.5771, -0.1037 0.6425 0.5849, -0.1037 0.6429 0.5849, -0.1036 0.6425 0.5886, -0.1036 0.6429 0.5886, -0.105 0.6425 0.5996, -0.105 0.6429 0.5996, -0.1077 0.6425 0.6065, -0.1077 0.6429 0.6065, -0.1116 0.6425 0.6121, -0.1116 0.6429 0.6121, -0.1122 0.6425 0.6127, -0.1122 0.6429 0.6127, -0.1171 0.6425 0.6167, -0.1171 0.6429 0.6167, -0.1233 0.6425 0.6198, -0.1233 0.6429 0.6198, -0.1302 0.6425 0.6212, -0.1302 0.6429 0.6212, -0.1341 0.6425 0.6214, -0.1341 0.6429 0.6214, -0.1439 0.6425 0.6201, -0.1439 0.6429 0.6201, -0.152 0.6425 0.617, -0.152 0.6429 0.617, -0.1529 0.6425 0.6165, -0.1529 0.6429 0.6165, -0.153 0.6429 0.6273, -0.153 0.6425 0.6273, -0.1445 0.6429 0.6298, -0.1454 0.6425 0.6295, -0.1445 0.6425 0.6298, -0.134 0.6425 0.6307, -0.134 0.6429 0.6307, -0.1225 0.6429 0.6294, -0.1238 0.6425 0.6295, -0.1225 0.6425 0.6294, -0.1141 0.6425 0.6262, -0.1141 0.6429 0.6262, -0.1065 0.6425 0.621, -0.1065 0.6429 0.621, -0.1045 0.6425 0.6191, -0.1045 0.6429 0.6191, -0.0987 0.6425 0.6116, -0.0987 0.6429 0.6116, -0.0958 0.6425 0.6049, -0.0948 0.6429 0.6027, -0.0948 0.6425 0.6027, -0.0929 0.6425 0.5923, -0.0929 0.6429 0.5923, -0.0928 0.6425 0.5881, -0.0928 0.6429 0.5881, -0.0942 0.6425 0.5751, -0.0942 0.6429 0.5751, -0.0958 0.6425 0.571, -0.0974 0.6429 0.5667, -0.0974 0.6425 0.5667, -0.1022 0.6425 0.5598, -0.1022 0.6429 0.5598, -0.1028 0.6425 0.5591, -0.1028 0.6429 0.5591, -0.1262 0.6425 0.5482, -0.1254 0.6429 0.5482, -0.1254 0.6425 0.5482, -0.1168 0.6429 0.5501, -0.1168 0.6425 0.5501, -0.1092 0.6429 0.5537, -0.1092 0.6425 0.5537, -0.2116 0.6429 0.5579, -0.2115 0.6429 0.5487, -0.2116 0.6425 0.5579, -0.2115 0.6425 0.5487, -0.1789 0.6425 0.5581, -0.1789 0.6429 0.5581, -0.1998 0.6425 0.558, -0.179 0.6429 0.585, -0.179 0.6425 0.585, -0.2077 0.6425 0.5848, -0.2077 0.6429 0.5848, -0.1998 0.6425 0.5849, -0.2077 0.6429 0.594, -0.2077 0.6425 0.594, -0.1791 0.6425 0.5942, -0.1791 0.6429 0.5942, -0.1998 0.6425 0.5941, -0.1793 0.6429 0.6198, -0.1793 0.6425 0.6198, -0.2102 0.6425 0.6196, -0.2102 0.6429 0.6196, -0.1998 0.6425 0.6197, -0.2103 0.6429 0.6288, -0.2103 0.6425 0.6288, -0.169 0.6425 0.6291, -0.169 0.6429 0.6291, -0.1998 0.6425 0.6289, -0.1685 0.6429 0.549, -0.1685 0.6425 0.549, -0.1998 0.6425 0.5488, -0.2798 0.6429 0.5595, -0.2716 0.6429 0.5649, -0.2714 0.6429 0.5535, -0.2664 0.6429 0.5614, -0.2623 0.6429 0.55, -0.2598 0.6429 0.5589, -0.2487 0.6429 0.5485, -0.2487 0.6429 0.5576, -0.2266 0.6429 0.5486, -0.237 0.6429 0.5577, -0.2272 0.6429 0.6287, -0.2375 0.6429 0.6194, -0.2501 0.6429 0.6285, -0.2496 0.6429 0.6193, -0.2505 0.6429 0.6193, -0.2623 0.6429 0.6271, -0.2607 0.6429 0.6179, -0.2719 0.6429 0.6235, -0.2675 0.6429 0.6152, -0.2803 0.6429 0.6177, -0.2726 0.6429 0.6116, -0.2831 0.6429 0.6149, -0.2749 0.6429 0.6094, -0.288 0.6429 0.6079, -0.2779 0.6429 0.6049, -0.2909 0.6429 0.6003, -0.2801 0.6429 0.599, -0.2921 0.6429 0.5892, -0.2813 0.6429 0.589, -0.2918 0.6429 0.5841, -0.2809 0.6429 0.5835, -0.2898 0.6429 0.5748, -0.2792 0.6429 0.5762, -0.2858 0.6429 0.5665, -0.2763 0.6429 0.5704, -0.2725 0.6429 0.5658, -0.2487 0.6425 0.5485, -0.2266 0.6425 0.5486, -0.2798 0.6425 0.5595, -0.2623 0.6425 0.55, -0.2626 0.6425 0.5502, -0.2714 0.6425 0.5535, -0.2858 0.6425 0.5665, -0.2898 0.6425 0.5748, -0.2918 0.6425 0.5841, -0.2921 0.6425 0.5892, -0.2909 0.6425 0.6003, -0.288 0.6425 0.6079, -0.2831 0.6425 0.6149, -0.2803 0.6425 0.6177, -0.2719 0.6425 0.6235, -0.2626 0.6425 0.627, -0.2623 0.6425 0.6271, -0.2501 0.6425 0.6285, -0.2272 0.6425 0.6287, -0.2496 0.6425 0.6193, -0.2375 0.6425 0.6194, -0.237 0.6425 0.5577, -0.2487 0.6425 0.5576, -0.2725 0.6425 0.5658, -0.2716 0.6425 0.5649, -0.2664 0.6425 0.5614, -0.2598 0.6425 0.5589, -0.2813 0.6425 0.589, -0.2809 0.6425 0.5835, -0.2792 0.6425 0.5762, -0.2763 0.6425 0.5704, -0.2726 0.6425 0.6116, -0.2749 0.6425 0.6094, -0.2779 0.6425 0.6049, -0.2801 0.6425 0.599, -0.2505 0.6425 0.6193, -0.2607 0.6425 0.6179, -0.2675 0.6425 0.6152
            ]
        }
        coordIndex [
            0,1,2,-1,2,1,3,-1,4,0,5,-1,5,0,2,-1,4,5,6,-1,6,5,7,-1,6,7,8,-1,9,6,10,-1,10,6,8,-1,11,12,13,-1,13,12,9,-1,13,9,10,-1,1,12,3,-1,3,12,11,-1,6,9,4,-1,4,9,12,-1,4,12,0,-1,0,12,1,-1,14,15,16,-1,14,16,17,-1,16,18,17,-1,17,18,19,-1,17,19,20,-1,20,19,21,-1,20,21,22,-1,23,22,24,-1,24,22,21,-1,23,24,25,-1,23,25,26,-1,26,25,27,-1,26,27,28,-1,28,27,29,-1,28,29,30,-1,30,29,31,-1,30,31,32,-1,32,31,33,-1,32,33,34,-1,34,33,35,-1,34,35,36,-1,36,35,37,-1,36,37,38,-1,38,37,39,-1,38,39,40,-1,40,39,41,-1,40,41,42,-1,42,41,43,-1,42,43,44,-1,44,43,45,-1,44,45,46,-1,46,45,47,-1,46,47,48,-1,48,47,49,-1,48,49,50,-1,50,49,51,-1,50,51,52,-1,52,51,53,-1,52,53,54,-1,54,53,55,-1,54,55,56,-1,56,55,57,-1,56,57,58,-1,58,57,59,-1,58,59,60,-1,60,59,61,-1,60,61,62,-1,62,61,63,-1,62,63,64,-1,64,63,65,-1,64,65,66,-1,66,65,67,-1,66,67,68,-1,69,68,70,-1,70,68,67,-1,69,70,71,-1,71,70,72,-1,72,73,71,-1,71,73,74,-1,71,74,75,-1,76,75,77,-1,77,75,74,-1,77,78,76,-1,76,78,79,-1,76,79,80,-1,80,79,81,-1,80,81,82,-1,82,81,83,-1,82,83,84,-1,84,83,85,-1,84,85,86,-1,86,85,87,-1,86,87,88,-1,87,89,88,-1,88,89,90,-1,88,90,91,-1,91,90,92,-1,91,92,93,-1,93,92,94,-1,93,94,95,-1,95,94,96,-1,95,96,97,-1,96,98,97,-1,97,98,99,-1,97,99,100,-1,100,99,101,-1,100,101,102,-1,15,14,103,-1,103,14,104,-1,103,104,105,-1,105,104,106,-1,105,106,107,-1,107,106,108,-1,107,108,109,-1,109,108,102,-1,109,102,101,-1,56,58,76,-1,48,50,86,-1,86,50,84,-1,76,58,75,-1,93,46,91,-1,91,46,48,-1,91,48,88,-1,88,48,86,-1,58,60,75,-1,75,60,62,-1,75,62,71,-1,71,62,64,-1,71,64,69,-1,69,64,66,-1,69,66,68,-1,22,23,20,-1,20,23,26,-1,20,26,17,-1,17,26,28,-1,17,28,14,-1,14,28,30,-1,14,30,104,-1,104,30,32,-1,104,32,106,-1,106,32,34,-1,106,34,108,-1,108,34,36,-1,108,36,102,-1,102,36,38,-1,102,38,100,-1,100,38,40,-1,100,40,97,-1,97,40,95,-1,95,40,42,-1,95,42,93,-1,93,42,44,-1,93,44,46,-1,50,52,84,-1,84,52,54,-1,84,54,82,-1,82,54,56,-1,82,56,80,-1,80,56,76,-1,110,111,112,-1,112,111,113,-1,114,115,116,-1,116,115,110,-1,116,110,112,-1,117,115,118,-1,118,115,114,-1,119,120,121,-1,121,120,117,-1,121,117,118,-1,122,120,123,-1,123,120,119,-1,124,125,126,-1,126,125,122,-1,126,122,123,-1,127,125,128,-1,128,125,124,-1,129,130,131,-1,131,130,127,-1,131,127,128,-1,132,130,133,-1,133,130,129,-1,134,135,136,-1,136,135,132,-1,136,132,133,-1,137,135,138,-1,138,135,134,-1,113,111,139,-1,139,111,137,-1,139,137,138,-1,137,111,110,-1,110,115,137,-1,137,115,117,-1,137,117,135,-1,130,132,127,-1,127,132,135,-1,127,135,125,-1,125,135,117,-1,125,117,122,-1,122,117,120,-1,140,141,142,-1,142,141,143,-1,142,143,144,-1,144,143,145,-1,144,145,146,-1,146,145,147,-1,146,147,148,-1,148,147,149,-1,148,149,150,-1,150,149,151,-1,150,151,152,-1,151,153,152,-1,152,153,154,-1,152,154,155,-1,155,154,156,-1,155,156,157,-1,157,156,158,-1,157,158,159,-1,159,158,160,-1,159,160,161,-1,161,160,162,-1,161,162,163,-1,163,162,164,-1,163,164,165,-1,165,164,166,-1,165,166,167,-1,167,166,168,-1,167,168,169,-1,169,168,170,-1,169,170,171,-1,171,170,172,-1,171,172,173,-1,173,172,174,-1,173,174,140,-1,140,174,175,-1,140,175,141,-1,146,148,176,-1,176,148,177,-1,178,140,142,-1,146,176,179,-1,146,179,144,-1,144,179,180,-1,144,180,142,-1,142,180,181,-1,142,181,178,-1,140,178,182,-1,140,182,173,-1,173,182,183,-1,173,183,171,-1,171,183,184,-1,171,184,169,-1,169,184,185,-1,169,185,167,-1,167,185,186,-1,167,186,165,-1,165,186,187,-1,165,187,163,-1,163,187,188,-1,163,188,161,-1,161,188,189,-1,161,189,159,-1,159,189,190,-1,191,155,190,-1,190,155,157,-1,190,157,159,-1,191,192,155,-1,155,192,193,-1,155,193,152,-1,150,152,194,-1,194,152,193,-1,148,150,177,-1,177,150,194,-1,153,151,195,-1,195,151,196,-1,151,149,196,-1,196,149,197,-1,149,147,197,-1,197,147,198,-1,175,199,200,-1,175,200,141,-1,141,200,201,-1,141,201,143,-1,143,201,202,-1,143,202,145,-1,145,202,198,-1,145,198,147,-1,168,203,204,-1,168,204,170,-1,170,204,205,-1,170,205,172,-1,172,205,206,-1,172,206,174,-1,174,206,199,-1,174,199,175,-1,160,207,208,-1,160,208,162,-1,162,208,209,-1,162,209,164,-1,164,209,210,-1,164,210,166,-1,166,210,203,-1,166,203,168,-1,153,195,211,-1,153,211,154,-1,154,211,212,-1,154,212,156,-1,156,212,213,-1,156,213,158,-1,158,213,207,-1,158,207,160,-1,
        ]
    }
}
Shape{
    appearance Appearance {
        material  Material 	{
            diffuseColor 0.2235294117647059 0.2235294117647059 0.2235294117647059
            specularColor 0.11372549019607843 0.11372549019607843 0.11372549019607843
            ambientIntensity 0.2235
            transparency 0.0
            shininess 0.5
        }
    }
    geometry IndexedFaceSet {
        ccw TRUE
        solid FALSE
        coord DEF co Coordinate {
            point [
                -0.2664 0.6425 0.5614, -0.2716 0.6425 0.5649, -0.2505 0.6425 0.6193, -0.2375 0.6425 0.6194, -0.237 0.6425 0.5577, -0.2496 0.6425 0.6193, -0.2487 0.6425 0.5576, -0.2598 0.6425 0.5589, -0.2725 0.6425 0.5658, -0.2763 0.6425 0.5704, -0.2792 0.6425 0.5762, -0.2813 0.6425 0.589, -0.2726 0.6425 0.6116, -0.2675 0.6425 0.6152, -0.2801 0.6425 0.599, -0.2779 0.6425 0.6049, -0.2749 0.6425 0.6094, -0.2809 0.6425 0.5835, -0.2607 0.6425 0.6179
            ]
        }
        coordIndex [
            0,1,2,-1,3,4,5,-1,5,4,6,-1,5,6,2,-1,2,6,7,-1,2,7,0,-1,1,8,2,-1,2,8,9,-1,2,9,10,-1,11,12,13,-1,14,15,11,-1,11,15,16,-1,11,16,12,-1,10,17,2,-1,2,17,11,-1,2,11,18,-1,18,11,13,-1,
        ]
    }
}
Shape{
    appearance Appearance {
        material  Material 	{
            diffuseColor 1.0 1.0 1.0
            specularColor 0.5019607843137255 0.5019607843137255 0.5019607843137255
            ambientIntensity 1.0
            transparency 0.0
            shininess 0.5
        }
    }
    geometry IndexedFaceSet {
        ccw TRUE
        solid FALSE
        coord DEF co Coordinate {
            point [
                -0.3189 0.6429 0.5789, -0.3311 0.6429 0.6121, -0.3273 0.6429 0.628, -0.2963 0.6429 0.5481, -0.3077 0.6429 0.5481, -0.3155 0.6429 0.5699, -0.3318 0.6429 0.6145, -0.3324 0.6429 0.6177, -0.3384 0.6429 0.6279, -0.3327 0.6429 0.6177, -0.3333 0.6429 0.6143, -0.3339 0.6429 0.6121, -0.3458 0.6429 0.5787, -0.3683 0.6429 0.5476, -0.3569 0.6429 0.5477, -0.3489 0.6429 0.5697, -0.3384 0.6425 0.6279, -0.3681 0.6425 0.5482, -0.3683 0.6425 0.5476, -0.3273 0.6425 0.628, -0.2963 0.6425 0.5482, -0.2963 0.6425 0.5481, -0.3185 0.6425 0.6052, -0.3077 0.6425 0.5481, -0.3155 0.6425 0.5699, -0.3077 0.6425 0.5482, -0.3489 0.6425 0.5697, -0.3185 0.6425 0.5699, -0.3567 0.6425 0.5482, -0.3569 0.6425 0.5477, -0.3189 0.6425 0.5789, -0.3458 0.6425 0.5787, -0.3339 0.6425 0.6121, -0.3327 0.6425 0.6177, -0.3333 0.6425 0.6143, -0.3324 0.6425 0.6177, -0.3311 0.6425 0.6121, -0.3318 0.6425 0.6145
            ]
        }
        coordIndex [
            0,1,2,-1,3,4,5,-1,1,6,2,-1,2,6,7,-1,2,7,8,-1,8,7,9,-1,8,9,10,-1,10,11,8,-1,8,11,12,-1,8,12,13,-1,14,13,15,-1,15,13,12,-1,15,12,5,-1,5,12,0,-1,5,0,3,-1,3,0,2,-1,16,8,17,-1,17,8,13,-1,17,13,18,-1,2,8,19,-1,19,8,16,-1,20,21,3,-1,20,3,22,-1,22,3,2,-1,22,2,19,-1,4,3,23,-1,23,3,21,-1,24,5,25,-1,25,5,4,-1,25,4,23,-1,26,15,27,-1,27,15,5,-1,27,5,24,-1,15,26,14,-1,14,26,28,-1,14,28,29,-1,13,14,18,-1,18,14,29,-1,0,12,30,-1,30,12,31,-1,12,11,31,-1,31,11,32,-1,9,33,34,-1,9,34,10,-1,10,34,32,-1,10,32,11,-1,9,7,33,-1,33,7,35,-1,1,36,37,-1,1,37,6,-1,6,37,35,-1,6,35,7,-1,1,0,36,-1,36,0,30,-1,
        ]
    }
}
Shape{
    appearance Appearance {
        material  Material 	{
            diffuseColor 0.2235294117647059 0.2235294117647059 0.2235294117647059
            specularColor 0.11372549019607843 0.11372549019607843 0.11372549019607843
            ambientIntensity 0.2235
            transparency 0.0
            shininess 0.5
        }
    }
    geometry IndexedFaceSet {
        ccw TRUE
        solid FALSE
        coord DEF co Coordinate {
            point [
                -0.3327 0.6425 0.6177, -0.3324 0.6425 0.6177, -0.3333 0.6425 0.6143, -0.3318 0.6425 0.6145, -0.3339 0.6425 0.6121, -0.3311 0.6425 0.6121, -0.3458 0.6425 0.5787, -0.3189 0.6425 0.5789
            ]
        }
        coordIndex [
            0,1,2,-1,2,1,3,-1,2,3,4,-1,4,3,5,-1,4,5,6,-1,6,5,7,-1,
        ]
    }
}
Shape{
    appearance Appearance {
        material  Material 	{
            diffuseColor 1.0 1.0 1.0
            specularColor 0.5019607843137255 0.5019607843137255 0.5019607843137255
            ambientIntensity 1.0
            transparency 0.0
            shininess 0.5
        }
    }
    geometry IndexedFaceSet {
        ccw TRUE
        solid FALSE
        coord DEF co Coordinate {
            point [
                -0.0892 0.6429 0.4317, -0.0891 0.6429 0.4226, -0.0892 0.6425 0.4317, -0.0891 0.6425 0.4226, -0.0565 0.6429 0.4319, -0.0565 0.6425 0.4319, -0.0567 0.6429 0.4589, -0.0567 0.6425 0.4589, -0.0853 0.6429 0.4587, -0.0853 0.6425 0.4587, -0.0854 0.6429 0.4678, -0.0854 0.6425 0.4678, -0.0567 0.6429 0.468, -0.0567 0.6425 0.468, -0.0569 0.6429 0.4937, -0.0569 0.6425 0.4937, -0.0878 0.6429 0.4935, -0.0878 0.6425 0.4935, -0.0879 0.6429 0.5027, -0.0879 0.6425 0.5027, -0.0467 0.6429 0.503, -0.0467 0.6425 0.503, -0.0461 0.6425 0.4229, -0.0461 0.6429 0.4229, -0.0465 0.6425 0.4864, -0.0465 0.6425 0.4229, -0.1347 0.6429 0.4223, -0.1447 0.6429 0.4222, -0.1347 0.6429 0.4311, -0.145 0.6429 0.459, -0.1215 0.6429 0.4493, -0.1349 0.6429 0.451, -0.1348 0.6429 0.4455, -0.1345 0.6429 0.4311, -0.1292 0.6429 0.4326, -0.1319 0.6429 0.4276, -0.1263 0.6429 0.4307, -0.1348 0.6429 0.4448, -0.1341 0.6429 0.4403, -0.1326 0.6429 0.4368, -0.1304 0.6429 0.4338, -0.1108 0.6429 0.4547, -0.1063 0.6429 0.4526, -0.1126 0.6429 0.4465, -0.1117 0.6429 0.4458, -0.1349 0.6429 0.4586, -0.1346 0.6429 0.463, -0.1443 0.6429 0.4663, -0.1336 0.6429 0.4666, -0.1428 0.6429 0.471, -0.1324 0.6429 0.4687, -0.1408 0.6429 0.4743, -0.1309 0.6429 0.4703, -0.1382 0.6429 0.4769, -0.1292 0.6429 0.4715, -0.1349 0.6429 0.4789, -0.1268 0.6429 0.4723, -0.1307 0.6429 0.4802, -0.1234 0.6429 0.4727, -0.1244 0.6429 0.4808, -0.1168 0.6429 0.472, -0.1143 0.6429 0.4797, -0.1105 0.6429 0.4697, -0.1068 0.6429 0.4768, -0.1046 0.6429 0.4659, -0.1047 0.6429 0.4757, -0.1105 0.6429 0.4443, -0.1032 0.6429 0.4499, -0.1096 0.6429 0.4425, -0.1011 0.6429 0.4471, -0.1091 0.6429 0.4402, -0.111 0.6429 0.4327, -0.1037 0.6429 0.4256, -0.1119 0.6429 0.4319, -0.107 0.6429 0.4233, -0.1139 0.6429 0.4305, -0.1109 0.6429 0.4218, -0.1161 0.6429 0.4297, -0.1169 0.6429 0.421, -0.1195 0.6429 0.4292, -0.1225 0.6429 0.4217, -0.1233 0.6429 0.4296, -0.1265 0.6429 0.4232, -0.1286 0.6429 0.4245, -0.1147 0.6429 0.4476, -0.118 0.6429 0.4564, -0.0996 0.6429 0.4436, -0.0989 0.6429 0.4394, -0.109 0.6429 0.4386, -0.0989 0.6429 0.4378, -0.1093 0.6429 0.4363, -0.0993 0.6429 0.4332, -0.1099 0.6429 0.4344, -0.1005 0.6429 0.4299, -0.1026 0.6429 0.4268, -0.1244 0.6425 0.4808, -0.1143 0.6425 0.4797, -0.1068 0.6425 0.4768, -0.1047 0.6425 0.4757, -0.1046 0.6425 0.4659, -0.1105 0.6425 0.4697, -0.1168 0.6425 0.472, -0.1234 0.6425 0.4727, -0.1268 0.6425 0.4723, -0.1292 0.6425 0.4715, -0.1309 0.6425 0.4703, -0.1324 0.6425 0.4687, -0.1336 0.6425 0.4666, -0.1346 0.6425 0.463, -0.1349 0.6425 0.4586, -0.118 0.6425 0.4564, -0.1108 0.6425 0.4547, -0.1063 0.6425 0.4526, -0.1032 0.6425 0.4499, -0.1011 0.6425 0.4471, -0.0996 0.6425 0.4436, -0.0989 0.6425 0.4394, -0.0989 0.6425 0.4378, -0.0993 0.6425 0.4332, -0.1005 0.6425 0.4299, -0.1026 0.6425 0.4268, -0.1037 0.6425 0.4256, -0.107 0.6425 0.4233, -0.1109 0.6425 0.4218, -0.1169 0.6425 0.421, -0.1225 0.6425 0.4217, -0.1265 0.6425 0.4232, -0.1286 0.6425 0.4245, -0.1319 0.6425 0.4276, -0.1345 0.6425 0.4311, -0.1347 0.6425 0.4311, -0.1347 0.6425 0.4223, -0.1447 0.6425 0.4222, -0.145 0.6425 0.459, -0.1443 0.6425 0.4663, -0.1428 0.6425 0.471, -0.1408 0.6425 0.4743, -0.1382 0.6425 0.4769, -0.1349 0.6425 0.4789, -0.1307 0.6425 0.4802, -0.1117 0.6425 0.4458, -0.1126 0.6425 0.4465, -0.1147 0.6425 0.4476, -0.1215 0.6425 0.4493, -0.109 0.6425 0.4386, -0.1091 0.6425 0.4402, -0.1096 0.6425 0.4425, -0.1105 0.6425 0.4443, -0.1119 0.6425 0.4319, -0.111 0.6425 0.4327, -0.1099 0.6425 0.4344, -0.1093 0.6425 0.4363, -0.1195 0.6425 0.4292, -0.1161 0.6425 0.4297, -0.1139 0.6425 0.4305, -0.1304 0.6425 0.4338, -0.1292 0.6425 0.4326, -0.1263 0.6425 0.4307, -0.1233 0.6425 0.4296, -0.1348 0.6425 0.4455, -0.1348 0.6425 0.4448, -0.1341 0.6425 0.4403, -0.1326 0.6425 0.4368, -0.1349 0.6425 0.451
            ]
        }
        coordIndex [
            0,1,2,-1,2,1,3,-1,4,0,5,-1,5,0,2,-1,6,4,7,-1,7,4,5,-1,8,6,9,-1,9,6,7,-1,10,8,11,-1,11,8,9,-1,12,10,13,-1,13,10,11,-1,14,12,15,-1,15,12,13,-1,16,14,17,-1,17,14,15,-1,18,16,19,-1,19,16,17,-1,20,18,21,-1,21,18,19,-1,22,23,24,-1,24,23,20,-1,24,20,21,-1,3,1,25,-1,25,1,23,-1,25,23,22,-1,23,1,0,-1,0,4,23,-1,23,4,6,-1,23,6,20,-1,16,18,14,-1,14,18,20,-1,14,20,12,-1,12,20,6,-1,12,6,10,-1,10,6,8,-1,26,27,28,-1,28,27,29,-1,30,31,29,-1,29,31,32,-1,33,34,35,-1,35,34,36,-1,32,37,29,-1,29,37,38,-1,29,38,28,-1,28,38,39,-1,28,39,33,-1,33,39,40,-1,33,40,34,-1,41,42,43,-1,43,42,44,-1,45,29,46,-1,46,29,47,-1,46,47,48,-1,48,47,49,-1,48,49,50,-1,50,49,51,-1,50,51,52,-1,52,51,53,-1,52,53,54,-1,54,53,55,-1,54,55,56,-1,56,55,57,-1,56,57,58,-1,58,57,59,-1,58,59,60,-1,60,59,61,-1,60,61,62,-1,62,61,63,-1,62,63,64,-1,64,63,65,-1,44,42,66,-1,66,42,67,-1,66,67,68,-1,68,67,69,-1,68,69,70,-1,71,72,73,-1,73,72,74,-1,73,74,75,-1,75,74,76,-1,75,76,77,-1,77,76,78,-1,77,78,79,-1,79,78,80,-1,79,80,81,-1,81,80,82,-1,81,82,36,-1,36,82,83,-1,36,83,35,-1,30,29,84,-1,84,29,45,-1,84,45,43,-1,43,45,85,-1,43,85,41,-1,69,86,70,-1,70,86,87,-1,70,87,88,-1,88,87,89,-1,88,89,90,-1,90,89,91,-1,90,91,92,-1,92,91,93,-1,92,93,71,-1,71,93,94,-1,71,94,72,-1,59,95,96,-1,59,96,61,-1,61,96,97,-1,61,97,63,-1,63,97,98,-1,63,98,65,-1,64,65,99,-1,99,65,98,-1,64,99,100,-1,64,100,62,-1,62,100,101,-1,62,101,60,-1,60,101,102,-1,60,102,58,-1,58,102,103,-1,58,103,56,-1,56,103,104,-1,56,104,54,-1,54,104,105,-1,54,105,52,-1,52,105,106,-1,52,106,50,-1,50,106,107,-1,50,107,48,-1,48,107,108,-1,48,108,46,-1,46,108,109,-1,46,109,45,-1,85,45,110,-1,110,45,109,-1,85,110,111,-1,85,111,41,-1,41,111,112,-1,41,112,42,-1,42,112,113,-1,42,113,67,-1,67,113,114,-1,67,114,69,-1,69,114,115,-1,69,115,86,-1,86,115,116,-1,86,116,87,-1,87,116,117,-1,87,117,89,-1,89,117,118,-1,89,118,91,-1,91,118,119,-1,91,119,93,-1,93,119,120,-1,93,120,94,-1,94,120,121,-1,94,121,72,-1,72,121,122,-1,72,122,74,-1,74,122,123,-1,74,123,76,-1,76,123,124,-1,76,124,78,-1,78,124,125,-1,78,125,80,-1,80,125,126,-1,80,126,82,-1,82,126,127,-1,82,127,83,-1,83,127,128,-1,83,128,35,-1,35,128,129,-1,35,129,33,-1,28,33,130,-1,130,33,129,-1,26,28,131,-1,131,28,130,-1,27,26,132,-1,132,26,131,-1,29,27,133,-1,133,27,132,-1,29,133,134,-1,29,134,47,-1,47,134,135,-1,47,135,49,-1,49,135,136,-1,49,136,51,-1,51,136,137,-1,51,137,53,-1,53,137,138,-1,53,138,55,-1,55,138,139,-1,55,139,57,-1,57,139,95,-1,57,95,59,-1,44,140,141,-1,44,141,43,-1,43,141,142,-1,43,142,84,-1,84,142,143,-1,84,143,30,-1,88,144,145,-1,88,145,70,-1,70,145,146,-1,70,146,68,-1,68,146,147,-1,68,147,66,-1,66,147,140,-1,66,140,44,-1,73,148,149,-1,73,149,71,-1,71,149,150,-1,71,150,92,-1,92,150,151,-1,92,151,90,-1,90,151,144,-1,90,144,88,-1,79,152,153,-1,79,153,77,-1,77,153,154,-1,77,154,75,-1,75,154,148,-1,75,148,73,-1,40,155,156,-1,40,156,34,-1,34,156,157,-1,34,157,36,-1,36,157,158,-1,36,158,81,-1,81,158,152,-1,81,152,79,-1,32,159,160,-1,32,160,37,-1,37,160,161,-1,37,161,38,-1,38,161,162,-1,38,162,39,-1,39,162,155,-1,39,155,40,-1,32,31,159,-1,159,31,163,-1,31,30,163,-1,163,30,143,-1,
        ]
    }
}
Shape{
    appearance Appearance {
        material  Material 	{
            diffuseColor 0.2235294117647059 0.2235294117647059 0.2235294117647059
            specularColor 0.11372549019607843 0.11372549019607843 0.11372549019607843
            ambientIntensity 0.2235
            transparency 0.0
            shininess 0.5
        }
    }
    geometry IndexedFaceSet {
        ccw TRUE
        solid FALSE
        coord DEF co Coordinate {
            point [
                -0.1348 0.6425 0.4448, -0.1348 0.6425 0.4455, -0.1117 0.6425 0.4458, -0.1349 0.6425 0.451, -0.1215 0.6425 0.4493, -0.1147 0.6425 0.4476, -0.1126 0.6425 0.4465, -0.1341 0.6425 0.4403, -0.1105 0.6425 0.4443, -0.1326 0.6425 0.4368, -0.111 0.6425 0.4327, -0.1119 0.6425 0.4319, -0.1292 0.6425 0.4326, -0.1099 0.6425 0.4344, -0.1263 0.6425 0.4307, -0.1233 0.6425 0.4296, -0.1195 0.6425 0.4292, -0.1096 0.6425 0.4425, -0.1091 0.6425 0.4402, -0.1304 0.6425 0.4338, -0.109 0.6425 0.4386, -0.1093 0.6425 0.4363, -0.1139 0.6425 0.4305, -0.1161 0.6425 0.4297
            ]
        }
        coordIndex [
            0,1,2,-1,1,3,4,-1,4,5,1,-1,1,5,6,-1,1,6,2,-1,0,2,7,-1,7,2,8,-1,7,8,9,-1,10,11,12,-1,10,12,13,-1,14,12,15,-1,15,12,16,-1,8,17,9,-1,9,17,18,-1,9,18,19,-1,19,18,20,-1,19,20,12,-1,12,20,21,-1,12,21,13,-1,11,22,12,-1,12,22,23,-1,12,23,16,-1,
        ]
    }
}
Shape{
    appearance Appearance {
        material  Material 	{
            diffuseColor 1.0 1.0 1.0
            specularColor 0.5019607843137255 0.5019607843137255 0.5019607843137255
            ambientIntensity 1.0
            transparency 0.0
            shininess 0.5
        }
    }
    geometry IndexedFaceSet {
        ccw TRUE
        solid FALSE
        coord DEF co Coordinate {
            point [
                -0.1748 0.6429 0.4288, -0.1748 0.6425 0.4288, -0.1687 0.6425 0.4296, -0.1634 0.6425 0.4316, -0.1624 0.6429 0.4319, -0.1687 0.6429 0.4296, -0.1624 0.6425 0.4319, -0.1584 0.6425 0.4345, -0.1584 0.6429 0.4345, -0.1583 0.6429 0.4241, -0.1583 0.6425 0.4241, -0.1643 0.6429 0.4218, -0.1634 0.6425 0.4222, -0.1738 0.6425 0.4206, -0.1738 0.6429 0.4206, -0.1736 0.6425 0.4207, -0.1643 0.6425 0.4218, -0.174 0.6425 0.4207, -0.1828 0.6429 0.4216, -0.1828 0.6425 0.4216, -0.1881 0.6425 0.4236, -0.1881 0.6429 0.4236, -0.1905 0.6425 0.4251, -0.1905 0.6429 0.4251, -0.1934 0.6425 0.4275, -0.1934 0.6429 0.4275, -0.1953 0.6425 0.4302, -0.1953 0.6429 0.4302, -0.1965 0.6425 0.4333, -0.1965 0.6429 0.4333, -0.197 0.6425 0.4374, -0.197 0.6429 0.4374, -0.1966 0.6425 0.4411, -0.1966 0.6429 0.4411, -0.1956 0.6425 0.4441, -0.1956 0.6429 0.4441, -0.1937 0.6425 0.4469, -0.1937 0.6429 0.4469, -0.1914 0.6425 0.449, -0.1914 0.6429 0.449, -0.1847 0.6425 0.4528, -0.1847 0.6429 0.4528, -0.1808 0.6425 0.4544, -0.1808 0.6429 0.4544, -0.1747 0.6425 0.4571, -0.1747 0.6429 0.4571, -0.1711 0.6425 0.4593, -0.1711 0.6429 0.4593, -0.1702 0.6425 0.4604, -0.1702 0.6429 0.4604, -0.1695 0.6425 0.4618, -0.1695 0.6429 0.4618, -0.1691 0.6425 0.4633, -0.1691 0.6429 0.4633, -0.169 0.6425 0.4647, -0.169 0.6429 0.4647, -0.1692 0.6425 0.4663, -0.1692 0.6429 0.4663, -0.1697 0.6425 0.4676, -0.1697 0.6429 0.4676, -0.1706 0.6425 0.4689, -0.1706 0.6429 0.4689, -0.1721 0.6425 0.4702, -0.1721 0.6429 0.4702, -0.1743 0.6425 0.4714, -0.1743 0.6429 0.4714, -0.177 0.6425 0.4721, -0.177 0.6429 0.4721, -0.18 0.6425 0.4723, -0.18 0.6429 0.4723, -0.1863 0.6425 0.4716, -0.1863 0.6429 0.4716, -0.192 0.6425 0.4695, -0.192 0.6429 0.4695, -0.1945 0.6425 0.4681, -0.1945 0.6429 0.4681, -0.1946 0.6429 0.4778, -0.1946 0.6425 0.4778, -0.1881 0.6425 0.4798, -0.1881 0.6429 0.4798, -0.181 0.6425 0.4804, -0.181 0.6429 0.4804, -0.1741 0.6425 0.4798, -0.1741 0.6429 0.4798, -0.1685 0.6425 0.4779, -0.1685 0.6429 0.4779, -0.1652 0.6425 0.476, -0.1652 0.6429 0.476, -0.1622 0.6429 0.4733, -0.1634 0.6425 0.4744, -0.1622 0.6425 0.4733, -0.1603 0.6425 0.4707, -0.1603 0.6429 0.4707, -0.1591 0.6425 0.4674, -0.1591 0.6429 0.4674, -0.1586 0.6425 0.4638, -0.1586 0.6429 0.4638, -0.159 0.6425 0.46, -0.159 0.6429 0.46, -0.1601 0.6425 0.4569, -0.1601 0.6429 0.4569, -0.1614 0.6425 0.4548, -0.1614 0.6429 0.4548, -0.1737 0.6425 0.4471, -0.1737 0.6429 0.4471, -0.1678 0.6429 0.4499, -0.1631 0.6425 0.4531, -0.1631 0.6429 0.4531, -0.1634 0.6425 0.4528, -0.1678 0.6425 0.4499, -0.1803 0.6425 0.4443, -0.1803 0.6429 0.4443, -0.1842 0.6425 0.4419, -0.1842 0.6429 0.4419, -0.1854 0.6425 0.4406, -0.1854 0.6429 0.4406, -0.1862 0.6425 0.4393, -0.1862 0.6429 0.4393, -0.1866 0.6425 0.4377, -0.1866 0.6429 0.4377, -0.1867 0.6425 0.4365, -0.1867 0.6429 0.4365, -0.1865 0.6425 0.4346, -0.1865 0.6429 0.4346, -0.186 0.6425 0.4331, -0.186 0.6429 0.4331, -0.1851 0.6425 0.4318, -0.1851 0.6429 0.4318, -0.1839 0.6425 0.4308, -0.1839 0.6429 0.4308, -0.183 0.6425 0.4303, -0.183 0.6429 0.4303, -0.1804 0.6425 0.4294, -0.1804 0.6429 0.4294, -0.1753 0.6425 0.4288, -0.1753 0.6429 0.4288, -0.247 0.6429 0.4787, -0.2574 0.6429 0.4786, -0.247 0.6425 0.4787, -0.2574 0.6425 0.4786, -0.2311 0.6429 0.4357, -0.2311 0.6425 0.4357, -0.2303 0.6425 0.433, -0.2303 0.6429 0.433, -0.2298 0.6425 0.4311, -0.2298 0.6429 0.4311, -0.2296 0.6429 0.4311, -0.2296 0.6425 0.4311, -0.2284 0.6429 0.4358, -0.2284 0.6425 0.4358, -0.2137 0.6425 0.4789, -0.2137 0.6429 0.4789, -0.2191 0.6425 0.4631, -0.2025 0.6429 0.479, -0.2025 0.6425 0.479, -0.2246 0.6425 0.4217, -0.2246 0.6429 0.4217, -0.2191 0.6425 0.4359, -0.2201 0.6425 0.4114, -0.2201 0.6429 0.4114, -0.2241 0.6425 0.4207, -0.2191 0.6425 0.4096, -0.2181 0.6429 0.4077, -0.2181 0.6425 0.4077, -0.2177 0.6425 0.4073, -0.2162 0.6429 0.4057, -0.2162 0.6425 0.4057, -0.2145 0.6425 0.4045, -0.2145 0.6429 0.4045, -0.2123 0.6425 0.4037, -0.2123 0.6429 0.4037, -0.2098 0.6425 0.4034, -0.2098 0.6429 0.4034, -0.2061 0.6425 0.4039, -0.2061 0.6429 0.4039, -0.2041 0.6425 0.4046, -0.2041 0.6429 0.4046, -0.204 0.6429 0.3957, -0.204 0.6425 0.3957, -0.2083 0.6425 0.3949, -0.2083 0.6429 0.3949, -0.2105 0.6425 0.3948, -0.2105 0.6429 0.3948, -0.2145 0.6425 0.3952, -0.2145 0.6429 0.3952, -0.2185 0.6425 0.3967, -0.2185 0.6429 0.3967, -0.2191 0.6425 0.3971, -0.222 0.6429 0.3991, -0.231 0.6425 0.4129, -0.231 0.6429 0.4129, -0.2281 0.6425 0.4073, -0.2264 0.6429 0.4041, -0.2264 0.6425 0.4041, -0.2227 0.6429 0.3998, -0.2227 0.6425 0.3998, -0.222 0.6425 0.3991, -0.2341 0.6425 0.4207, -0.311 0.6429 0.4301, -0.3109 0.6429 0.421, -0.311 0.6425 0.4301, -0.3109 0.6425 0.421, -0.2782 0.6425 0.4304, -0.2782 0.6429 0.4304, -0.2942 0.6425 0.4303, -0.2784 0.6429 0.4573, -0.2784 0.6425 0.4573, -0.3071 0.6425 0.4571, -0.3071 0.6429 0.4571, -0.2942 0.6425 0.4572, -0.3071 0.6429 0.4663, -0.3071 0.6425 0.4663, -0.2785 0.6425 0.4665, -0.2785 0.6429 0.4665, -0.2942 0.6425 0.4664, -0.2787 0.6429 0.4921, -0.2787 0.6425 0.4921, -0.3096 0.6425 0.4919, -0.3096 0.6429 0.4919, -0.2942 0.6425 0.492, -0.3096 0.6429 0.5011, -0.3096 0.6425 0.5011, -0.2684 0.6425 0.5014, -0.2684 0.6429 0.5014, -0.2942 0.6425 0.5012, -0.2678 0.6429 0.4213, -0.2678 0.6425 0.4213, -0.2942 0.6425 0.4211, -0.3792 0.6429 0.4317, -0.371 0.6429 0.4372, -0.3708 0.6429 0.4258, -0.3658 0.6429 0.4336, -0.3616 0.6429 0.4223, -0.3591 0.6429 0.4311, -0.348 0.6429 0.4207, -0.348 0.6429 0.4299, -0.326 0.6429 0.4209, -0.3364 0.6429 0.43, -0.3266 0.6429 0.501, -0.3369 0.6429 0.4917, -0.3494 0.6429 0.5008, -0.3489 0.6429 0.4916, -0.3498 0.6429 0.4916, -0.3616 0.6429 0.4994, -0.3601 0.6429 0.4902, -0.3713 0.6429 0.4958, -0.3668 0.6429 0.4875, -0.3796 0.6429 0.49, -0.372 0.6429 0.4839, -0.3824 0.6429 0.4872, -0.3742 0.6429 0.4817, -0.3873 0.6429 0.4802, -0.3773 0.6429 0.4772, -0.3902 0.6429 0.4725, -0.3795 0.6429 0.4713, -0.3915 0.6429 0.4615, -0.3806 0.6429 0.4613, -0.3912 0.6429 0.4564, -0.3803 0.6429 0.4557, -0.3892 0.6429 0.447, -0.3786 0.6429 0.4485, -0.3852 0.6429 0.4388, -0.3757 0.6429 0.4427, -0.3719 0.6429 0.4381, -0.348 0.6425 0.4207, -0.326 0.6425 0.4209, -0.3616 0.6425 0.4223, -0.3708 0.6425 0.4258, -0.3792 0.6425 0.4317, -0.3852 0.6425 0.4388, -0.3892 0.6425 0.447, -0.3912 0.6425 0.4564, -0.3915 0.6425 0.4615, -0.3902 0.6425 0.4725, -0.3873 0.6425 0.4802, -0.3824 0.6425 0.4872, -0.3796 0.6425 0.49, -0.3713 0.6425 0.4958, -0.3616 0.6425 0.4994, -0.3494 0.6425 0.5008, -0.3266 0.6425 0.501, -0.3489 0.6425 0.4916, -0.3369 0.6425 0.4917, -0.3364 0.6425 0.43, -0.348 0.6425 0.4299, -0.3719 0.6425 0.4381, -0.371 0.6425 0.4372, -0.3658 0.6425 0.4336, -0.3591 0.6425 0.4311, -0.3806 0.6425 0.4613, -0.3803 0.6425 0.4557, -0.3786 0.6425 0.4485, -0.3757 0.6425 0.4427, -0.372 0.6425 0.4839, -0.3742 0.6425 0.4817, -0.3773 0.6425 0.4772, -0.3795 0.6425 0.4713, -0.3498 0.6425 0.4916, -0.3601 0.6425 0.4902, -0.3668 0.6425 0.4875
            ]
        }
        coordIndex [
            0,1,2,-1,3,4,2,-1,2,4,5,-1,2,5,0,-1,3,6,4,-1,4,6,7,-1,4,7,8,-1,9,8,10,-1,10,8,7,-1,9,10,11,-1,11,10,12,-1,13,14,15,-1,15,14,11,-1,15,11,16,-1,16,11,12,-1,14,13,17,-1,14,17,18,-1,17,19,18,-1,18,19,20,-1,18,20,21,-1,21,20,22,-1,21,22,23,-1,23,22,24,-1,23,24,25,-1,25,24,26,-1,25,26,27,-1,27,26,28,-1,27,28,29,-1,29,28,30,-1,29,30,31,-1,31,30,32,-1,31,32,33,-1,33,32,34,-1,33,34,35,-1,35,34,36,-1,35,36,37,-1,37,36,38,-1,37,38,39,-1,39,38,40,-1,39,40,41,-1,41,40,42,-1,41,42,43,-1,43,42,44,-1,43,44,45,-1,45,44,46,-1,45,46,47,-1,47,46,48,-1,47,48,49,-1,49,48,50,-1,49,50,51,-1,51,50,52,-1,51,52,53,-1,53,52,54,-1,53,54,55,-1,55,54,56,-1,55,56,57,-1,57,56,58,-1,57,58,59,-1,59,58,60,-1,59,60,61,-1,61,60,62,-1,61,62,63,-1,63,62,64,-1,63,64,65,-1,65,64,66,-1,65,66,67,-1,67,66,68,-1,67,68,69,-1,69,68,70,-1,69,70,71,-1,71,70,72,-1,71,72,73,-1,73,72,74,-1,73,74,75,-1,76,75,77,-1,77,75,74,-1,76,77,78,-1,76,78,79,-1,79,78,80,-1,79,80,81,-1,81,80,82,-1,81,82,83,-1,83,82,84,-1,83,84,85,-1,85,84,86,-1,85,86,87,-1,88,87,89,-1,89,87,86,-1,89,90,88,-1,88,90,91,-1,88,91,92,-1,92,91,93,-1,92,93,94,-1,94,93,95,-1,94,95,96,-1,96,95,97,-1,96,97,98,-1,98,97,99,-1,98,99,100,-1,100,99,101,-1,100,101,102,-1,103,104,105,-1,102,101,106,-1,102,106,107,-1,107,106,108,-1,107,108,105,-1,105,108,109,-1,105,109,103,-1,104,103,110,-1,104,110,111,-1,111,110,112,-1,111,112,113,-1,113,112,114,-1,113,114,115,-1,115,114,116,-1,115,116,117,-1,117,116,118,-1,117,118,119,-1,119,118,120,-1,119,120,121,-1,121,120,122,-1,121,122,123,-1,123,122,124,-1,123,124,125,-1,125,124,126,-1,125,126,127,-1,127,126,128,-1,127,128,129,-1,129,128,130,-1,129,130,131,-1,131,130,132,-1,131,132,133,-1,133,132,134,-1,133,134,135,-1,135,134,1,-1,135,1,0,-1,61,63,85,-1,85,63,83,-1,111,43,104,-1,104,43,45,-1,21,23,127,-1,127,23,25,-1,127,25,125,-1,125,25,27,-1,125,27,123,-1,123,27,29,-1,123,29,121,-1,121,29,31,-1,121,31,119,-1,119,31,33,-1,119,33,117,-1,117,33,35,-1,117,35,115,-1,115,35,37,-1,115,37,113,-1,113,37,39,-1,113,39,111,-1,111,39,41,-1,111,41,43,-1,14,0,11,-1,11,0,5,-1,11,5,9,-1,9,5,4,-1,9,4,8,-1,63,65,83,-1,83,65,67,-1,83,67,81,-1,81,67,69,-1,81,69,79,-1,79,69,71,-1,79,71,76,-1,76,71,73,-1,76,73,75,-1,127,129,21,-1,21,129,131,-1,21,131,18,-1,18,131,133,-1,18,133,14,-1,14,133,135,-1,14,135,0,-1,85,87,61,-1,61,87,88,-1,61,88,59,-1,59,88,92,-1,59,92,57,-1,57,92,94,-1,57,94,55,-1,55,94,96,-1,55,96,53,-1,53,96,98,-1,53,98,51,-1,51,98,100,-1,51,100,49,-1,49,100,102,-1,49,102,47,-1,47,102,107,-1,47,107,45,-1,45,107,105,-1,45,105,104,-1,136,137,138,-1,138,137,139,-1,140,136,141,-1,141,136,138,-1,140,141,142,-1,140,142,143,-1,143,142,144,-1,143,144,145,-1,146,145,147,-1,147,145,144,-1,148,146,149,-1,149,146,147,-1,150,151,152,-1,152,151,148,-1,152,148,149,-1,153,151,154,-1,154,151,150,-1,155,156,157,-1,157,156,153,-1,157,153,154,-1,158,159,160,-1,160,159,156,-1,160,156,155,-1,159,158,161,-1,159,161,162,-1,161,163,162,-1,162,163,164,-1,162,164,165,-1,164,166,165,-1,165,166,167,-1,165,167,168,-1,168,167,169,-1,168,169,170,-1,170,169,171,-1,170,171,172,-1,172,171,173,-1,172,173,174,-1,174,173,175,-1,174,175,176,-1,177,176,178,-1,178,176,175,-1,177,178,179,-1,177,179,180,-1,180,179,181,-1,180,181,182,-1,182,181,183,-1,182,183,184,-1,184,183,185,-1,184,185,186,-1,186,185,187,-1,186,187,188,-1,189,190,191,-1,191,190,192,-1,191,192,193,-1,193,192,194,-1,193,194,195,-1,195,194,188,-1,195,188,196,-1,196,188,187,-1,139,137,197,-1,197,137,190,-1,197,190,189,-1,143,145,190,-1,137,136,190,-1,190,136,140,-1,190,140,143,-1,151,153,148,-1,148,153,156,-1,148,156,146,-1,176,177,174,-1,174,177,180,-1,174,180,172,-1,172,180,182,-1,172,182,170,-1,170,182,184,-1,170,184,168,-1,168,184,186,-1,168,186,165,-1,145,146,190,-1,190,146,156,-1,190,156,192,-1,156,159,192,-1,192,159,162,-1,192,162,194,-1,194,162,165,-1,194,165,188,-1,188,165,186,-1,198,199,200,-1,200,199,201,-1,202,203,204,-1,204,203,198,-1,204,198,200,-1,205,203,206,-1,206,203,202,-1,207,208,209,-1,209,208,205,-1,209,205,206,-1,210,208,211,-1,211,208,207,-1,212,213,214,-1,214,213,210,-1,214,210,211,-1,215,213,216,-1,216,213,212,-1,217,218,219,-1,219,218,215,-1,219,215,216,-1,220,218,221,-1,221,218,217,-1,222,223,224,-1,224,223,220,-1,224,220,221,-1,225,223,226,-1,226,223,222,-1,201,199,227,-1,227,199,225,-1,227,225,226,-1,225,199,198,-1,198,203,225,-1,225,203,205,-1,225,205,223,-1,218,220,215,-1,215,220,223,-1,215,223,213,-1,213,223,205,-1,213,205,210,-1,210,205,208,-1,228,229,230,-1,230,229,231,-1,230,231,232,-1,232,231,233,-1,232,233,234,-1,234,233,235,-1,234,235,236,-1,236,235,237,-1,236,237,238,-1,238,237,239,-1,238,239,240,-1,239,241,240,-1,240,241,242,-1,240,242,243,-1,243,242,244,-1,243,244,245,-1,245,244,246,-1,245,246,247,-1,247,246,248,-1,247,248,249,-1,249,248,250,-1,249,250,251,-1,251,250,252,-1,251,252,253,-1,253,252,254,-1,253,254,255,-1,255,254,256,-1,255,256,257,-1,257,256,258,-1,257,258,259,-1,259,258,260,-1,259,260,261,-1,261,260,262,-1,261,262,228,-1,228,262,263,-1,228,263,229,-1,234,236,264,-1,264,236,265,-1,234,264,266,-1,234,266,232,-1,232,266,267,-1,232,267,230,-1,230,267,268,-1,230,268,228,-1,228,268,269,-1,228,269,261,-1,261,269,270,-1,261,270,259,-1,259,270,271,-1,259,271,257,-1,257,271,272,-1,257,272,255,-1,255,272,273,-1,255,273,253,-1,253,273,274,-1,253,274,251,-1,251,274,275,-1,251,275,249,-1,249,275,276,-1,249,276,247,-1,247,276,277,-1,247,277,245,-1,245,277,278,-1,245,278,243,-1,243,278,279,-1,243,279,240,-1,238,240,280,-1,280,240,279,-1,236,238,265,-1,265,238,280,-1,241,239,281,-1,281,239,282,-1,239,237,282,-1,282,237,283,-1,237,235,283,-1,283,235,284,-1,263,285,286,-1,263,286,229,-1,229,286,287,-1,229,287,231,-1,231,287,288,-1,231,288,233,-1,233,288,284,-1,233,284,235,-1,256,289,290,-1,256,290,258,-1,258,290,291,-1,258,291,260,-1,260,291,292,-1,260,292,262,-1,262,292,285,-1,262,285,263,-1,248,293,294,-1,248,294,250,-1,250,294,295,-1,250,295,252,-1,252,295,296,-1,252,296,254,-1,254,296,289,-1,254,289,256,-1,241,281,297,-1,241,297,242,-1,242,297,298,-1,242,298,244,-1,244,298,299,-1,244,299,246,-1,246,299,293,-1,246,293,248,-1,
        ]
    }
}
Shape{
    appearance Appearance {
        material  Material 	{
            diffuseColor 0.2235294117647059 0.2235294117647059 0.2235294117647059
            specularColor 0.11372549019607843 0.11372549019607843 0.11372549019607843
            ambientIntensity 0.2235
            transparency 0.0
            shininess 0.5
        }
    }
    geometry IndexedFaceSet {
        ccw TRUE
        solid FALSE
        coord DEF co Coordinate {
            point [
                -0.3658 0.6425 0.4336, -0.371 0.6425 0.4372, -0.3498 0.6425 0.4916, -0.3369 0.6425 0.4917, -0.3364 0.6425 0.43, -0.3489 0.6425 0.4916, -0.348 0.6425 0.4299, -0.3591 0.6425 0.4311, -0.3719 0.6425 0.4381, -0.3757 0.6425 0.4427, -0.3786 0.6425 0.4485, -0.3806 0.6425 0.4613, -0.372 0.6425 0.4839, -0.3668 0.6425 0.4875, -0.3795 0.6425 0.4713, -0.3773 0.6425 0.4772, -0.3742 0.6425 0.4817, -0.3803 0.6425 0.4557, -0.3601 0.6425 0.4902
            ]
        }
        coordIndex [
            0,1,2,-1,3,4,5,-1,5,4,6,-1,5,6,2,-1,2,6,7,-1,2,7,0,-1,1,8,2,-1,2,8,9,-1,2,9,10,-1,11,12,13,-1,14,15,11,-1,11,15,16,-1,11,16,12,-1,10,17,2,-1,2,17,11,-1,2,11,18,-1,18,11,13,-1,
        ]
    }
}
Shape{
    appearance Appearance {
        material  Material 	{
            diffuseColor 1.0 1.0 1.0
            specularColor 0.5019607843137255 0.5019607843137255 0.5019607843137255
            ambientIntensity 1.0
            transparency 0.0
            shininess 0.5
        }
    }
    geometry IndexedFaceSet {
        ccw TRUE
        solid FALSE
        coord DEF co Coordinate {
            point [
                -0.4183 0.6429 0.4512, -0.4305 0.6429 0.4844, -0.4267 0.6429 0.5003, -0.3956 0.6429 0.4204, -0.4071 0.6429 0.4203, -0.4149 0.6429 0.4422, -0.4312 0.6429 0.4868, -0.4318 0.6429 0.49, -0.4378 0.6429 0.5002, -0.4321 0.6429 0.49, -0.4327 0.6429 0.4866, -0.4333 0.6429 0.4844, -0.4451 0.6429 0.451, -0.4677 0.6429 0.4199, -0.4563 0.6429 0.42, -0.4483 0.6429 0.4419, -0.4378 0.6425 0.5002, -0.4674 0.6425 0.4207, -0.4677 0.6425 0.4199, -0.4267 0.6425 0.5003, -0.3957 0.6425 0.4207, -0.3956 0.6425 0.4204, -0.4071 0.6425 0.4203, -0.4149 0.6425 0.4422, -0.4072 0.6425 0.4207, -0.4483 0.6425 0.4419, -0.456 0.6425 0.4207, -0.4563 0.6425 0.42, -0.4183 0.6425 0.4512, -0.4451 0.6425 0.451, -0.4333 0.6425 0.4844, -0.4321 0.6425 0.49, -0.4327 0.6425 0.4866, -0.4318 0.6425 0.49, -0.4305 0.6425 0.4844, -0.4312 0.6425 0.4868
            ]
        }
        coordIndex [
            0,1,2,-1,3,4,5,-1,1,6,2,-1,2,6,7,-1,2,7,8,-1,8,7,9,-1,8,9,10,-1,10,11,8,-1,8,11,12,-1,8,12,13,-1,14,13,15,-1,15,13,12,-1,15,12,5,-1,5,12,0,-1,5,0,3,-1,3,0,2,-1,16,8,17,-1,17,8,13,-1,17,13,18,-1,2,8,19,-1,19,8,16,-1,2,19,3,-1,3,19,20,-1,3,20,21,-1,4,3,22,-1,22,3,21,-1,23,5,24,-1,24,5,4,-1,24,4,22,-1,15,5,25,-1,25,5,23,-1,15,25,14,-1,14,25,26,-1,14,26,27,-1,13,14,18,-1,18,14,27,-1,0,12,28,-1,28,12,29,-1,12,11,29,-1,29,11,30,-1,9,31,32,-1,9,32,10,-1,10,32,30,-1,10,30,11,-1,9,7,31,-1,31,7,33,-1,1,34,35,-1,1,35,6,-1,6,35,33,-1,6,33,7,-1,1,0,34,-1,34,0,28,-1,
        ]
    }
}
Shape{
    appearance Appearance {
        material  Material 	{
            diffuseColor 0.2235294117647059 0.2235294117647059 0.2235294117647059
            specularColor 0.11372549019607843 0.11372549019607843 0.11372549019607843
            ambientIntensity 0.2235
            transparency 0.0
            shininess 0.5
        }
    }
    geometry IndexedFaceSet {
        ccw TRUE
        solid FALSE
        coord DEF co Coordinate {
            point [
                -0.4321 0.6425 0.49, -0.4318 0.6425 0.49, -0.4327 0.6425 0.4866, -0.4312 0.6425 0.4868, -0.4333 0.6425 0.4844, -0.4305 0.6425 0.4844, -0.4451 0.6425 0.451, -0.4183 0.6425 0.4512
            ]
        }
        coordIndex [
            0,1,2,-1,2,1,3,-1,2,3,4,-1,4,3,5,-1,4,5,6,-1,6,5,7,-1,
        ]
    }
}
Shape{
    appearance Appearance {
        material  Material 	{
            diffuseColor 1.0 1.0 1.0
            specularColor 0.5019607843137255 0.5019607843137255 0.5019607843137255
            ambientIntensity 1.0
            transparency 0.0
            shininess 0.5
        }
    }
    geometry IndexedFaceSet {
        ccw TRUE
        solid FALSE
        coord DEF co Coordinate {
            point [
                0.3076 0.6429 0.414, 0.2992 0.6429 0.4035, 0.3124 0.6429 0.4644, 0.1221 0.6429 0.491, 0.1395 0.6429 0.5213, 0.2161 0.6429 0.482, 0.2555 0.6429 0.4654, 0.2502 0.6429 0.4637, 0.3216 0.6429 0.5634, 0.3088 0.6429 0.5701, 0.3116 0.6429 0.6051, 0.2761 0.6429 0.6065, 0.2587 0.6429 0.5648, 0.2499 0.6429 0.5828, 0.3247 0.6429 0.4722, 0.3204 0.6429 0.4285, 0.3132 0.6429 0.4263, 0.2892 0.6429 0.6077, 0.2455 0.6429 0.4607, 0.2417 0.6429 0.4567, 0.2021 0.6429 0.4494, 0.2391 0.6429 0.4521, 0.2376 0.6429 0.4469, 0.2021 0.6429 0.4437, 0.2375 0.6429 0.4414, 0.2648 0.6429 0.4651, 0.2722 0.6429 0.5001, 0.2698 0.6429 0.4633, 0.2848 0.6429 0.4953, 0.2743 0.6429 0.4602, 0.2965 0.6429 0.4873, 0.2772 0.6429 0.4571, 0.306 0.6429 0.4766, 0.28 0.6429 0.4523, 0.2815 0.6429 0.4469, 0.238 0.6429 0.4977, 0.2517 0.6429 0.5012, 0.2586 0.6429 0.5016, 0.1029 0.6429 0.5472, 0.0983 0.6429 0.5472, 0.0748 0.6429 0.5778, 0.0875 0.6429 0.5458, 0.072 0.6429 0.5768, 0.0776 0.6429 0.5419, 0.0551 0.6429 0.5683, 0.0397 0.6429 0.5551, 0.2643 0.6429 0.62, 0.237 0.6429 0.5979, 0.2509 0.6429 0.6314, 0.2217 0.6429 0.609, 0.2344 0.6429 0.6412, 0.2948 0.6429 0.5733, 0.2888 0.6429 0.5736, 0.2826 0.6429 0.6073, 0.2755 0.6429 0.5718, 0.2628 0.6429 0.5671, 0.2746 0.6429 0.4272, 0.2701 0.6429 0.424, 0.2881 0.6429 0.3951, 0.2648 0.6429 0.422, 0.0404 0.6429 0.4488, 0.0668 0.6429 0.4716, 0.056 0.6429 0.4358, 0.0752 0.6429 0.4648, 0.0734 0.6429 0.4275, 0.0853 0.6429 0.4602, 0.0924 0.6429 0.4236, 0.0955 0.6429 0.4583, 0.1259 0.6429 0.4238, 0.1211 0.6429 0.4585, 0.1291 0.6429 0.4244, 0.2594 0.6429 0.4658, 0.2259 0.6429 0.4911, 0.0688 0.6429 0.5356, 0.0623 0.6429 0.5283, 0.0282 0.6429 0.5388, 0.0571 0.6429 0.5184, 0.0214 0.6429 0.5214, 0.0545 0.6429 0.5074, 0.0189 0.6429 0.5028, 0.0542 0.6429 0.5025, 0.0217 0.6429 0.4825, 0.0557 0.6429 0.4914, 0.029 0.6429 0.4645, 0.0597 0.6429 0.4813, 0.066 0.6429 0.4724, 0.1052 0.6429 0.6229, 0.1276 0.6429 0.5969, 0.0855 0.6429 0.5995, 0.1149 0.6429 0.5815, 0.1062 0.6429 0.5631, 0.3444 0.6429 0.5308, 0.3818 0.6429 0.5216, 0.3462 0.6429 0.5171, 0.382 0.6429 0.5162, 0.3456 0.6429 0.5083, 0.3795 0.6429 0.4939, 0.3416 0.6429 0.4943, 0.3715 0.6429 0.4726, 0.3349 0.6429 0.4827, 0.3586 0.6429 0.4539, 0.3409 0.6429 0.4387, 0.2781 0.6429 0.4314, 0.2805 0.6429 0.4361, 0.2817 0.6429 0.4414, 0.2079 0.6429 0.6504, 0.203 0.6429 0.6164, 0.1824 0.6429 0.6531, 0.1821 0.6429 0.6189, 0.1552 0.6429 0.6496, 0.1628 0.6429 0.6164, 0.1271 0.6429 0.6384, 0.145 0.6429 0.6095, 0.1291 0.6429 0.5982, 0.3328 0.6429 0.5971, 0.351 0.6429 0.5845, 0.3314 0.6429 0.5548, 0.3548 0.6429 0.5809, 0.3394 0.6429 0.5435, 0.3686 0.6429 0.5634, 0.3779 0.6429 0.543, 0.275 0.6429 0.3895, 0.2616 0.6429 0.3873, 0.2597 0.6429 0.4214, 0.2594 0.6429 0.3872, 0.2543 0.6429 0.422, 0.2456 0.6429 0.3888, 0.2494 0.6429 0.4239, 0.2329 0.6429 0.3936, 0.245 0.6429 0.4269, 0.2215 0.6429 0.4014, 0.2413 0.6429 0.431, 0.2127 0.6429 0.4112, 0.2388 0.6429 0.4359, 0.2059 0.6429 0.4238, 0.2024 0.6429 0.4378, 0.124 0.6429 0.4591, 0.1379 0.6429 0.4299, 0.1366 0.6429 0.4285, 0.1223 0.6429 0.4587, 0.1329 0.6429 0.4259, 0.1423 0.6429 0.4416, 0.1418 0.6429 0.4374, 0.1403 0.6429 0.4335, 0.129 0.6429 0.4586, 0.1329 0.6429 0.4571, 0.1422 0.6429 0.4438, 0.1364 0.6429 0.4546, 0.1388 0.6429 0.452, 0.141 0.6429 0.4482, 0.1246 0.6429 0.4591, 0.0189 0.6425 0.5028, 0.0214 0.6425 0.5214, 0.0349 0.6425 0.5482, 0.0229 0.6425 0.5253, 0.0282 0.6425 0.5388, 0.0397 0.6425 0.5551, 0.0551 0.6425 0.5683, 0.072 0.6425 0.5768, 0.0748 0.6425 0.5778, 0.0855 0.6425 0.5995, 0.1052 0.6425 0.6229, 0.1145 0.6425 0.6295, 0.1271 0.6425 0.6384, 0.1552 0.6425 0.6496, 0.1824 0.6425 0.6531, 0.2079 0.6425 0.6504, 0.2344 0.6425 0.6412, 0.2509 0.6425 0.6314, 0.2761 0.6425 0.6065, 0.253 0.6425 0.6295, 0.2643 0.6425 0.62, 0.2826 0.6425 0.6073, 0.2892 0.6425 0.6077, 0.3116 0.6425 0.6051, 0.3328 0.6425 0.5971, 0.351 0.6425 0.5845, 0.3548 0.6425 0.5809, 0.382 0.6425 0.5162, 0.3686 0.6425 0.5634, 0.3755 0.6425 0.5482, 0.3779 0.6425 0.543, 0.3812 0.6425 0.5253, 0.3818 0.6425 0.5216, 0.3795 0.6425 0.4939, 0.3715 0.6425 0.4726, 0.3586 0.6425 0.4539, 0.3409 0.6425 0.4387, 0.3204 0.6425 0.4285, 0.3132 0.6425 0.4263, 0.3106 0.6425 0.4207, 0.3022 0.6425 0.4073, 0.3076 0.6425 0.414, 0.2992 0.6425 0.4035, 0.2881 0.6425 0.3951, 0.275 0.6425 0.3895, 0.2616 0.6425 0.3873, 0.2594 0.6425 0.3872, 0.2456 0.6425 0.3888, 0.2076 0.6425 0.4207, 0.2329 0.6425 0.3936, 0.2215 0.6425 0.4014, 0.2161 0.6425 0.4073, 0.2127 0.6425 0.4112, 0.2059 0.6425 0.4238, 0.2024 0.6425 0.4378, 0.2021 0.6425 0.4437, 0.2021 0.6425 0.4494, 0.1221 0.6425 0.491, 0.1395 0.6425 0.5213, 0.2161 0.6425 0.482, 0.2259 0.6425 0.4911, 0.238 0.6425 0.4977, 0.2517 0.6425 0.5012, 0.2586 0.6425 0.5016, 0.2722 0.6425 0.5001, 0.2848 0.6425 0.4953, 0.2965 0.6425 0.4873, 0.306 0.6425 0.4766, 0.3124 0.6425 0.4644, 0.3247 0.6425 0.4722, 0.3349 0.6425 0.4827, 0.3416 0.6425 0.4943, 0.3456 0.6425 0.5083, 0.3462 0.6425 0.5171, 0.3451 0.6425 0.5253, 0.3444 0.6425 0.5308, 0.3394 0.6425 0.5435, 0.3361 0.6425 0.5482, 0.3314 0.6425 0.5548, 0.3216 0.6425 0.5634, 0.3088 0.6425 0.5701, 0.2948 0.6425 0.5733, 0.2888 0.6425 0.5736, 0.2755 0.6425 0.5718, 0.2628 0.6425 0.5671, 0.2587 0.6425 0.5648, 0.2499 0.6425 0.5828, 0.237 0.6425 0.5979, 0.2217 0.6425 0.609, 0.203 0.6425 0.6164, 0.1821 0.6425 0.6189, 0.1628 0.6425 0.6164, 0.145 0.6425 0.6095, 0.1291 0.6425 0.5982, 0.1276 0.6425 0.5969, 0.1149 0.6425 0.5815, 0.1062 0.6425 0.5631, 0.1031 0.6425 0.5482, 0.1029 0.6425 0.5472, 0.0983 0.6425 0.5472, 0.0875 0.6425 0.5458, 0.0776 0.6425 0.5419, 0.0688 0.6425 0.5356, 0.0623 0.6425 0.5283, 0.0607 0.6425 0.5253, 0.0571 0.6425 0.5184, 0.0545 0.6425 0.5074, 0.0542 0.6425 0.5025, 0.0557 0.6425 0.4914, 0.0597 0.6425 0.4813, 0.066 0.6425 0.4724, 0.0668 0.6425 0.4716, 0.0752 0.6425 0.4648, 0.0853 0.6425 0.4602, 0.0955 0.6425 0.4583, 0.1211 0.6425 0.4585, 0.1223 0.6425 0.4587, 0.124 0.6425 0.4591, 0.1246 0.6425 0.4591, 0.129 0.6425 0.4586, 0.1329 0.6425 0.4571, 0.1364 0.6425 0.4546, 0.1388 0.6425 0.452, 0.141 0.6425 0.4482, 0.1422 0.6425 0.4438, 0.1423 0.6425 0.4416, 0.1418 0.6425 0.4374, 0.1403 0.6425 0.4335, 0.1379 0.6425 0.4299, 0.1366 0.6425 0.4285, 0.1329 0.6425 0.4259, 0.1291 0.6425 0.4244, 0.1259 0.6425 0.4238, 0.0924 0.6425 0.4236, 0.0734 0.6425 0.4275, 0.056 0.6425 0.4358, 0.0404 0.6425 0.4488, 0.029 0.6425 0.4645, 0.0217 0.6425 0.4825, 0.2594 0.6425 0.4658, 0.2555 0.6425 0.4654, 0.2502 0.6425 0.4637, 0.2455 0.6425 0.4607, 0.2417 0.6425 0.4567, 0.2391 0.6425 0.4521, 0.2376 0.6425 0.4469, 0.2375 0.6425 0.4414, 0.2388 0.6425 0.4359, 0.2413 0.6425 0.431, 0.245 0.6425 0.4269, 0.2494 0.6425 0.4239, 0.2543 0.6425 0.422, 0.2597 0.6425 0.4214, 0.2648 0.6425 0.422, 0.2701 0.6425 0.424, 0.2746 0.6425 0.4272, 0.2781 0.6425 0.4314, 0.2805 0.6425 0.4361, 0.2817 0.6425 0.4414, 0.2815 0.6425 0.4469, 0.28 0.6425 0.4523, 0.2772 0.6425 0.4571, 0.2743 0.6425 0.4602, 0.2698 0.6425 0.4633, 0.2648 0.6425 0.4651
            ]
        }
        coordIndex [
            0,1,2,-1,3,4,5,-1,6,7,3,-1,8,9,10,-1,11,12,13,-1,14,15,2,-1,2,15,16,-1,2,16,0,-1,10,9,17,-1,7,18,3,-1,3,18,19,-1,3,19,20,-1,19,21,20,-1,20,21,22,-1,20,22,23,-1,23,22,24,-1,25,26,27,-1,27,26,28,-1,27,28,29,-1,29,28,30,-1,29,30,31,-1,31,30,32,-1,31,32,33,-1,33,32,2,-1,33,2,34,-1,35,36,25,-1,25,36,37,-1,25,37,26,-1,38,39,40,-1,40,39,41,-1,40,41,42,-1,42,41,43,-1,42,43,44,-1,44,43,45,-1,11,13,46,-1,46,13,47,-1,46,47,48,-1,48,47,49,-1,48,49,50,-1,9,51,17,-1,17,51,52,-1,17,52,53,-1,53,52,54,-1,53,54,11,-1,11,54,55,-1,11,55,12,-1,56,1,57,-1,57,1,58,-1,57,58,59,-1,60,61,62,-1,62,61,63,-1,62,63,64,-1,64,63,65,-1,64,65,66,-1,66,65,67,-1,66,67,68,-1,68,67,69,-1,68,69,70,-1,6,3,71,-1,71,3,5,-1,71,5,25,-1,25,5,72,-1,25,72,35,-1,43,73,45,-1,45,73,74,-1,45,74,75,-1,75,74,76,-1,75,76,77,-1,77,76,78,-1,77,78,79,-1,79,78,80,-1,79,80,81,-1,81,80,82,-1,81,82,83,-1,83,82,84,-1,83,84,60,-1,60,84,85,-1,60,85,61,-1,86,87,88,-1,88,87,89,-1,88,89,40,-1,40,89,90,-1,40,90,38,-1,91,92,93,-1,93,92,94,-1,93,94,95,-1,95,94,96,-1,95,96,97,-1,97,96,98,-1,97,98,99,-1,99,98,100,-1,99,100,14,-1,14,100,101,-1,14,101,15,-1,56,102,1,-1,1,102,103,-1,1,103,2,-1,2,103,104,-1,2,104,34,-1,50,49,105,-1,105,49,106,-1,105,106,107,-1,107,106,108,-1,107,108,109,-1,109,108,110,-1,109,110,111,-1,111,110,112,-1,111,112,86,-1,86,112,113,-1,86,113,87,-1,10,114,8,-1,8,114,115,-1,8,115,116,-1,116,115,117,-1,116,117,118,-1,118,117,119,-1,118,119,91,-1,91,119,120,-1,91,120,92,-1,58,121,59,-1,59,121,122,-1,59,122,123,-1,123,122,124,-1,123,124,125,-1,125,124,126,-1,125,126,127,-1,127,126,128,-1,127,128,129,-1,129,128,130,-1,129,130,131,-1,131,130,132,-1,131,132,133,-1,133,132,134,-1,133,134,24,-1,24,134,135,-1,24,135,23,-1,136,137,138,-1,69,139,70,-1,70,139,136,-1,70,136,140,-1,140,136,138,-1,141,142,136,-1,136,142,143,-1,136,143,137,-1,144,145,146,-1,145,147,146,-1,146,147,148,-1,146,148,149,-1,141,136,146,-1,146,136,150,-1,146,150,144,-1,79,151,152,-1,153,45,75,-1,79,152,77,-1,77,152,154,-1,77,154,75,-1,75,154,155,-1,75,155,153,-1,153,156,45,-1,45,156,157,-1,45,157,44,-1,44,157,158,-1,44,158,42,-1,42,158,159,-1,42,159,40,-1,40,159,160,-1,40,160,88,-1,88,160,161,-1,88,161,86,-1,86,161,162,-1,86,162,111,-1,162,163,111,-1,111,163,164,-1,111,164,109,-1,109,164,165,-1,109,165,107,-1,107,165,166,-1,107,166,105,-1,105,166,167,-1,105,167,50,-1,50,167,168,-1,50,168,48,-1,169,11,46,-1,48,168,170,-1,48,170,46,-1,46,170,171,-1,46,171,169,-1,11,169,172,-1,11,172,53,-1,53,172,173,-1,53,173,17,-1,17,173,174,-1,17,174,10,-1,10,174,175,-1,10,175,114,-1,114,175,176,-1,114,176,115,-1,115,176,177,-1,115,177,117,-1,178,94,92,-1,117,177,179,-1,117,179,119,-1,119,179,180,-1,119,180,120,-1,180,181,120,-1,120,181,182,-1,120,182,92,-1,92,182,183,-1,92,183,178,-1,94,178,184,-1,94,184,96,-1,96,184,185,-1,96,185,98,-1,98,185,186,-1,98,186,100,-1,100,186,187,-1,100,187,101,-1,101,187,188,-1,101,188,15,-1,15,188,189,-1,15,189,16,-1,16,189,190,-1,191,1,0,-1,16,190,0,-1,0,190,192,-1,0,192,191,-1,191,193,1,-1,1,193,194,-1,1,194,58,-1,58,194,195,-1,58,195,121,-1,121,195,196,-1,121,196,122,-1,122,196,197,-1,122,197,124,-1,124,197,198,-1,199,134,132,-1,124,198,126,-1,126,198,200,-1,126,200,128,-1,128,200,201,-1,128,201,130,-1,130,201,202,-1,130,202,132,-1,132,202,203,-1,132,203,199,-1,199,204,134,-1,134,204,205,-1,134,205,135,-1,135,205,206,-1,135,206,23,-1,20,23,207,-1,207,23,206,-1,3,20,208,-1,208,20,207,-1,4,3,209,-1,209,3,208,-1,5,4,210,-1,210,4,209,-1,5,210,211,-1,5,211,72,-1,72,211,212,-1,72,212,35,-1,35,212,213,-1,35,213,36,-1,36,213,214,-1,36,214,37,-1,37,214,215,-1,37,215,26,-1,26,215,216,-1,26,216,28,-1,28,216,217,-1,28,217,30,-1,30,217,218,-1,30,218,32,-1,32,218,219,-1,32,219,2,-1,2,219,220,-1,2,220,14,-1,14,220,221,-1,14,221,99,-1,99,221,222,-1,99,222,97,-1,97,222,223,-1,97,223,95,-1,95,223,224,-1,95,224,93,-1,91,93,225,-1,225,93,224,-1,225,226,91,-1,91,226,227,-1,91,227,118,-1,118,227,228,-1,118,228,116,-1,228,229,116,-1,116,229,230,-1,116,230,8,-1,8,230,231,-1,8,231,9,-1,9,231,232,-1,9,232,51,-1,51,232,233,-1,51,233,52,-1,52,233,234,-1,52,234,54,-1,54,234,235,-1,54,235,55,-1,55,235,236,-1,55,236,12,-1,12,236,237,-1,12,237,13,-1,13,237,238,-1,13,238,47,-1,47,238,239,-1,47,239,49,-1,49,239,240,-1,49,240,106,-1,106,240,241,-1,106,241,108,-1,108,241,242,-1,108,242,110,-1,110,242,243,-1,110,243,112,-1,112,243,244,-1,112,244,113,-1,113,244,245,-1,113,245,87,-1,87,245,246,-1,87,246,89,-1,89,246,247,-1,89,247,90,-1,90,247,38,-1,38,247,248,-1,38,248,249,-1,39,38,250,-1,250,38,249,-1,39,250,251,-1,39,251,41,-1,41,251,252,-1,41,252,43,-1,43,252,253,-1,43,253,73,-1,73,253,254,-1,73,254,74,-1,74,254,255,-1,74,255,76,-1,255,256,76,-1,76,256,257,-1,76,257,78,-1,78,257,258,-1,78,258,80,-1,80,258,259,-1,80,259,82,-1,82,259,260,-1,82,260,84,-1,84,260,261,-1,84,261,85,-1,85,261,262,-1,85,262,61,-1,61,262,263,-1,61,263,63,-1,63,263,264,-1,63,264,65,-1,65,264,265,-1,65,265,67,-1,69,67,266,-1,266,67,265,-1,69,266,267,-1,69,267,139,-1,139,267,268,-1,139,268,136,-1,136,268,269,-1,136,269,150,-1,150,269,270,-1,150,270,144,-1,144,270,271,-1,144,271,145,-1,145,271,272,-1,145,272,147,-1,147,272,273,-1,147,273,148,-1,148,273,274,-1,148,274,149,-1,149,274,275,-1,149,275,146,-1,146,275,276,-1,146,276,141,-1,141,276,277,-1,141,277,142,-1,142,277,278,-1,142,278,143,-1,143,278,279,-1,143,279,137,-1,137,279,280,-1,137,280,138,-1,138,280,281,-1,138,281,140,-1,140,281,282,-1,140,282,70,-1,70,282,283,-1,70,283,68,-1,66,68,284,-1,284,68,283,-1,66,284,285,-1,66,285,64,-1,64,285,286,-1,64,286,62,-1,62,286,287,-1,62,287,60,-1,60,287,288,-1,60,288,83,-1,83,288,289,-1,83,289,81,-1,81,289,151,-1,81,151,79,-1,71,290,291,-1,71,291,6,-1,6,291,292,-1,6,292,7,-1,7,292,293,-1,7,293,18,-1,18,293,294,-1,18,294,19,-1,19,294,295,-1,19,295,21,-1,21,295,296,-1,21,296,22,-1,22,296,297,-1,22,297,24,-1,24,297,298,-1,24,298,133,-1,133,298,299,-1,133,299,131,-1,131,299,300,-1,131,300,129,-1,129,300,301,-1,129,301,127,-1,127,301,302,-1,127,302,125,-1,125,302,303,-1,125,303,123,-1,123,303,304,-1,123,304,59,-1,59,304,305,-1,59,305,57,-1,57,305,306,-1,57,306,56,-1,56,306,307,-1,56,307,102,-1,102,307,308,-1,102,308,103,-1,103,308,309,-1,103,309,104,-1,104,309,310,-1,104,310,34,-1,34,310,311,-1,34,311,33,-1,33,311,312,-1,33,312,31,-1,31,312,313,-1,31,313,29,-1,29,313,314,-1,29,314,27,-1,27,314,315,-1,27,315,25,-1,25,315,290,-1,25,290,71,-1,
        ]
    }
}
Shape{
    appearance Appearance {
        material  Material 	{
            diffuseColor 0.2235294117647059 0.2235294117647059 0.2235294117647059
            specularColor 0.11372549019607843 0.11372549019607843 0.11372549019607843
            ambientIntensity 0.2235
            transparency 0.0
            shininess 0.5
        }
    }
    geometry IndexedFaceSet {
        ccw TRUE
        solid FALSE
        coord DEF co Coordinate {
            point [
                0.2597 0.6425 0.4214, 0.2743 0.6425 0.4602, 0.2772 0.6425 0.4571, 0.2594 0.6425 0.4658, 0.2555 0.6425 0.4654, 0.2543 0.6425 0.422, 0.2648 0.6425 0.4651, 0.2698 0.6425 0.4633, 0.245 0.6425 0.4269, 0.2417 0.6425 0.4567, 0.2455 0.6425 0.4607, 0.2805 0.6425 0.4361, 0.2781 0.6425 0.4314, 0.2746 0.6425 0.4272, 0.2494 0.6425 0.4239, 0.2502 0.6425 0.4637, 0.2701 0.6425 0.424, 0.2648 0.6425 0.422, 0.28 0.6425 0.4523, 0.2815 0.6425 0.4469, 0.2817 0.6425 0.4414, 0.2388 0.6425 0.4359, 0.2375 0.6425 0.4414, 0.2413 0.6425 0.431, 0.2376 0.6425 0.4469, 0.2391 0.6425 0.4521
            ]
        }
        coordIndex [
            0,1,2,-1,3,0,4,-1,4,0,5,-1,3,6,0,-1,0,6,7,-1,0,7,1,-1,8,9,10,-1,11,12,2,-1,2,12,13,-1,5,14,4,-1,4,14,8,-1,4,8,15,-1,15,8,10,-1,13,16,2,-1,2,16,17,-1,2,17,0,-1,18,19,2,-1,2,19,20,-1,2,20,11,-1,21,22,23,-1,23,22,24,-1,23,24,8,-1,8,24,25,-1,8,25,9,-1,
        ]
    }
}
Shape{
    appearance Appearance {
        material  Material 	{
            diffuseColor 0.9686274509803922 0.8784313725490196 0.6
            specularColor 0.6784313725490196 0.615686274509804 0.4196078431372549
            ambientIntensity 0.8737
            transparency 0.0
            shininess 0.5
        }
    }
    geometry IndexedFaceSet {
        ccw TRUE
        solid FALSE
        coord DEF co Coordinate {
            point [
                0.3189 -1.3752 0.5433, 0.2441 -1.3752 0.5433, 0.2367 -1.3548 0.5325, 0.3263 -1.3548 0.5325, 0.2287 -1.3328 0.5259, 0.3343 -1.3328 0.5259, 0.2204 -1.3099 0.5236, 0.3427 -1.3099 0.5236, -0.4685 -1.538 0.5433, -0.5433 -1.538 0.5433, -0.5507 -1.5177 0.5325, -0.4611 -1.5177 0.5325, -0.5587 -1.4956 0.5259, -0.4531 -1.4956 0.5259, -0.567 -1.4727 0.5236, -0.4447 -1.4727 0.5236, -1.0197 -1.538 0.5433, -1.0945 -1.538 0.5433, -1.1019 -1.5177 0.5325, -1.0123 -1.5177 0.5325, -1.1099 -1.4956 0.5259, -1.0042 -1.4956 0.5259, -1.1182 -1.4727 0.5236, -0.9959 -1.4727 0.5236
            ]
        }
        coordIndex [
            0,1,2,-1,0,2,3,-1,3,2,4,-1,3,4,5,-1,5,4,6,-1,5,6,7,-1,8,9,10,-1,8,10,11,-1,11,10,12,-1,11,12,13,-1,13,12,14,-1,13,14,15,-1,16,17,18,-1,16,18,19,-1,19,18,20,-1,19,20,21,-1,21,20,22,-1,21,22,23,-1,
        ]
    }
}