#VRML V2.0 utf8
# 3D model generated by easyeda2kicad.py (https://github.com/uPesy/easyeda2kicad.py)

Shape{
    appearance Appearance {
        material  Material 	{
            diffuseColor 0.7529411764705882 0.7529411764705882 0.7529411764705882
            specularColor 0.3764705882352941 0.3764705882352941 0.3764705882352941
            ambientIntensity 0.7529
            transparency 0.0
            shininess 0.5
        }
    }
    geometry IndexedFaceSet {
        ccw TRUE
        solid FALSE
        coord DEF co Coordinate {
            point [
                -1.5846 0.4067 2.8976, -1.5907 0.3873 2.8836, -1.5611 0.1823 2.8976, -1.5963 0.3766 2.8721, -1.605 0.3598 2.8541, -1.7809 0.2858 2.5376, -1.7642 0.1267 2.5376, -1.7148 0.2928 2.6529, -1.698 0.1337 2.6529, -1.6783 0.3027 2.7175, -1.6844 0.1354 2.6767, -1.6683 0.3054 2.7351, -1.6219 0.1517 2.7873, -1.6452 0.3203 2.7777, -1.621 0.1519 2.7889, -1.6317 0.329 2.8024, -1.6174 0.3455 2.8301, -1.5937 -0.3765 2.8774, -1.5846 -0.4027 2.8976, -1.5611 -0.1784 2.8976, -1.5961 -0.3725 2.8725, -1.7642 -0.1228 2.5376, -1.7809 -0.2819 2.5376, -1.698 -0.1297 2.6529, -1.7148 -0.2889 2.6529, -1.6304 -0.1446 2.7721, -1.6222 -0.1484 2.7869, -1.6419 -0.3169 2.7835, -1.5721 -0.1715 2.8775, -1.6168 -0.341 2.8311, -1.6132 -0.3444 2.8378, -1.6806 -0.2965 2.713, -1.6781 -0.2979 2.7177, -1.6446 -0.3155 2.7786, -2.3404 0.592 -0.9524, -2.4904 0.592 -1.1024, -2.3404 0.752 -0.9524, -2.4904 0.752 -1.1024, -2.9604 0.752 -0.9524, -2.8104 0.752 -1.1024, -2.9604 0.592 -0.9524, -2.8104 0.592 -1.1024, -2.4904 -0.588 -1.1024, -2.3404 -0.588 -0.9524, -2.4904 -0.748 -1.1024, -2.3404 -0.748 -0.9524, -2.9604 -0.588 -0.9524, -2.8104 -0.588 -1.1024, -2.9604 -0.748 -0.9524, -2.8104 -0.748 -1.1024, -2.038 -0.4776 2.8376, -2.6546 -0.4128 2.8376, -2.0437 -0.5321 2.6872, -2.6603 -0.4673 2.6872, -2.032 -0.4209 2.6466, -2.6486 -0.3561 2.6466, -2.6429 -0.3017 2.7969, -2.0263 -0.3665 2.7969, -2.0263 -0.3669 2.6189, -2.6429 -0.3021 2.6189, -2.0215 -0.3212 2.5789, -2.6381 -0.2564 2.5789, -2.0179 -0.2864 2.529, -2.6345 -0.2216 2.529, -2.0156 -0.2647 2.4721, -2.6322 -0.1999 2.4721, -2.0148 -0.2573 2.4116, -2.6314 -0.1925 2.4116, -1.9981 -0.0982 2.4116, -2.6147 -0.0334 2.4116, -2.6156 -0.0418 2.4945, -1.999 -0.1066 2.4945, -2.6182 -0.0667 2.574, -2.0016 -0.1315 2.574, -2.6224 -0.1071 2.6468, -2.0058 -0.1719 2.6468, -2.6281 -0.1613 2.7099, -2.0115 -0.2261 2.7099, -2.635 -0.2271 2.7606, -2.0184 -0.2919 2.7606, -2.0148 -0.2573 1.9676, -1.9981 -0.0982 1.9676, -2.6546 0.4168 2.8376, -2.038 0.4816 2.8376, -2.6603 0.4712 2.6872, -2.0437 0.536 2.6872, -2.6486 0.36 2.6466, -2.032 0.4248 2.6466, -2.0263 0.3704 2.7969, -2.6429 0.3056 2.7969, -2.6429 0.306 2.6189, -2.0263 0.3709 2.6189, -2.6381 0.2603 2.5789, -2.0215 0.3251 2.5789, -2.6345 0.2255 2.529, -2.0179 0.2904 2.529, -2.6322 0.2038 2.4721, -2.0156 0.2686 2.4721, -2.6314 0.1964 2.4116, -2.0148 0.2613 2.4116, -2.6147 0.0373 2.4116, -1.9981 0.1021 2.4116, -1.999 0.1106 2.4945, -2.6156 0.0457 2.4945, -2.0016 0.1355 2.574, -2.6182 0.0707 2.574, -2.0058 0.1759 2.6468, -2.6224 0.1111 2.6468, -2.0115 0.2301 2.7099, -2.6281 0.1653 2.7099, -2.0184 0.2958 2.7606, -2.635 0.231 2.7606, -1.9981 0.1021 1.9676, -2.0148 0.2613 1.9676, -3.2504 0.0515 0.9255, -3.2504 -0.228 1.1655, -3.2504 -0.073 1.1655, -3.2504 0.152 1.1655, -3.2504 0.252 1.1655, -3.2504 0.152 0.9723, -3.2504 0.252 0.6855, -3.2504 0.152 0.8693, -3.2504 0.152 0.6855, -3.2504 -0.308 0.4857, -3.2504 -0.308 0.6257, -3.2704 0.252 0.6855, -3.2704 0.252 1.1655, -3.2704 0.152 0.6855, -3.2704 0.152 0.8693, -3.2704 -0.308 0.4857, -3.2704 -0.308 0.6257, -3.2704 0.0515 0.9255, -3.2704 -0.228 1.1655, -3.2704 -0.073 1.1655, -3.2704 0.152 0.9723, -3.2704 0.152 1.1655, -2.5726 -0.5787 -0.3102, -2.5877 -0.5787 -0.3159, -2.5824 -0.5607 -0.2879, -2.6103 -0.5787 -0.3244, -2.63 -0.5787 -0.3268, -2.6273 -0.5515 -0.2879, -2.6502 -0.5787 -0.3293, -2.6705 -0.5787 -0.3268, -2.6731 -0.5515 -0.2879, -2.6902 -0.5787 -0.3244, -2.7127 -0.5787 -0.3159, -2.718 -0.5607 -0.2879, -2.7601 -0.5787 -0.2879, -2.7602 -0.5787 -0.2878, -2.7701 -0.5607 -0.2398, -2.7278 -0.5787 -0.0145, -2.7127 -0.5787 -0.0088, -2.718 -0.5607 -0.0368, -2.6902 -0.5787 -0.0003, -2.6705 -0.5787 0.0021, -2.6731 -0.5515 -0.0368, -2.6502 -0.5787 0.0046, -2.63 -0.5787 0.0021, -2.6273 -0.5515 -0.0368, -2.6103 -0.5787 -0.0003, -2.5877 -0.5787 -0.0088, -2.5824 -0.5607 -0.0368, -2.5404 -0.5787 -0.0368, -2.5403 -0.5787 -0.0369, -2.5304 -0.5607 -0.0849, -2.5253 -0.5515 -0.1362, -2.486 -0.5787 -0.1363, -2.4845 -0.5787 -0.1422, -2.4833 -0.5787 -0.1624, -2.4845 -0.5787 -0.1825, -2.5253 -0.5515 -0.1885, -2.4941 -0.5787 -0.1032, -2.5036 -0.5787 -0.0851, -2.5395 -0.5787 -0.0374, -2.5128 -0.5787 -0.0675, -2.7601 -0.5787 -0.0368, -2.7241 -0.5411 -0.0849, -2.7602 -0.5787 -0.0369, -2.7701 -0.5607 -0.0849, -2.7876 -0.5787 -0.0675, -2.7609 -0.5787 -0.0374, -2.8159 -0.5787 -0.1422, -2.8145 -0.5787 -0.1363, -2.7751 -0.5515 -0.1362, -2.8063 -0.5787 -0.1032, -2.7968 -0.5787 -0.0851, -2.8159 -0.5787 -0.1825, -2.7751 -0.5515 -0.1885, -2.8145 -0.5787 -0.1885, -2.8063 -0.5787 -0.2216, -2.7968 -0.5787 -0.2396, -2.7609 -0.5787 -0.2873, -2.7876 -0.5787 -0.2572, -2.5404 -0.5787 -0.2879, -2.5763 -0.5411 -0.2398, -2.5403 -0.5787 -0.2878, -2.5304 -0.5607 -0.2398, -2.5128 -0.5787 -0.2572, -2.5395 -0.5787 -0.2873, -2.486 -0.5787 -0.1885, -2.4941 -0.5787 -0.2216, -2.5036 -0.5787 -0.2396, -2.7272 -0.5311 -0.1362, -2.7272 -0.5311 -0.1885, -2.7241 -0.5411 -0.2398, -2.7278 -0.5787 -0.3102, -2.5726 -0.5787 -0.0145, -2.5763 -0.5411 -0.0849, -2.5732 -0.5311 -0.1362, -2.5732 -0.5311 -0.1885, -2.6752 -0.5311 -0.0849, -2.6762 -0.5207 -0.1362, -2.6762 -0.5207 -0.1885, -2.6752 -0.5311 -0.2398, -2.6252 -0.5311 -0.0849, -2.6242 -0.5207 -0.1362, -2.6242 -0.5207 -0.1885, -2.6252 -0.5311 -0.2398, -2.7314 -0.5838 -0.0077, -2.8236 -0.5838 -0.1413, -2.8236 -0.5838 -0.1834, -2.6084 -0.5838 -0.332, -2.569 -0.5838 -0.317, -2.5065 -0.5838 -0.0631, -2.5286 -0.587 -0.2996, -2.565 -0.587 -0.3248, -2.6063 -0.587 0.0157, -2.565 -0.587 0.0, -2.569 -0.5838 -0.0077, -2.7397 -0.588 0.0082, -2.6963 -0.588 0.0247, -2.6941 -0.587 0.0157, -2.7779 -0.588 -0.0182, -2.7354 -0.587 0.0, -2.8087 -0.588 -0.0529, -2.7718 -0.587 -0.0251, -2.8303 -0.588 -0.0941, -2.8012 -0.587 -0.0582, -2.8414 -0.588 -0.1391, -2.8217 -0.587 -0.0973, -2.7397 -0.588 -0.3329, -2.7779 -0.588 -0.3065, -2.7718 -0.587 -0.2996, -2.6963 -0.588 -0.3494, -2.7354 -0.587 -0.3248, -2.5607 -0.588 0.0082, -2.5225 -0.588 -0.0182, -2.5286 -0.587 -0.0251, -2.6041 -0.588 0.0247, -2.6502 -0.588 0.0303, -2.459 -0.588 -0.1391, -2.4682 -0.587 -0.1403, -2.4701 -0.588 -0.0941, -2.4787 -0.587 -0.0973, -2.4917 -0.588 -0.0529, -2.4993 -0.587 -0.0582, -2.4576 -0.588 -0.1624, -2.4682 -0.587 -0.1845, -2.459 -0.588 -0.1856, -2.4787 -0.587 -0.2274, -2.4701 -0.588 -0.2307, -2.4993 -0.587 -0.2665, -2.5607 -0.588 -0.3329, -2.5225 -0.588 -0.3065, -2.4917 -0.588 -0.2718, -2.6941 -0.587 -0.3404, -2.6502 -0.588 -0.355, -2.6502 -0.587 -0.3458, -2.6041 -0.588 -0.3494, -2.6063 -0.587 -0.3404, -2.8323 -0.587 -0.1403, -2.8414 -0.588 -0.1856, -2.8323 -0.587 -0.1845, -2.8303 -0.588 -0.2307, -2.8217 -0.587 -0.2274, -2.8087 -0.588 -0.2718, -2.8012 -0.587 -0.2665, -2.6502 -0.587 0.021, -2.4768 -0.5838 -0.1413, -2.4869 -0.5838 -0.1004, -2.4768 -0.5838 -0.1834, -2.4869 -0.5838 -0.2243, -2.5065 -0.5838 -0.2616, -2.5344 -0.5838 -0.2931, -2.692 -0.5838 -0.332, -2.6502 -0.5838 -0.337, -2.8135 -0.5838 -0.2243, -2.794 -0.5838 -0.2616, -2.7661 -0.5838 -0.0316, -2.794 -0.5838 -0.0631, -2.692 -0.5838 0.0072, -2.6502 -0.5838 0.0123, -2.6084 -0.5838 0.0072, -2.5344 -0.5838 -0.0316, -2.7314 -0.5838 -0.317, -2.7661 -0.5838 -0.2931, -2.8135 -0.5838 -0.1004, -2.6111 -0.7014 -0.1119, -2.5819 -0.7268 -0.0853, -2.6024 -0.7268 -0.0712, -2.6076 -0.7014 -0.1143, -2.6052 -0.7014 -0.1171, -2.5655 -0.7268 -0.1039, -2.5974 -0.7014 -0.1259, -2.5902 -0.7014 -0.1396, -2.5539 -0.7268 -0.1258, -2.5865 -0.7014 -0.1546, -2.548 -0.7268 -0.1499, -2.5865 -0.7014 -0.1624, -2.548 -0.7268 -0.1748, -2.5865 -0.7014 -0.1701, -2.5902 -0.7014 -0.1851, -2.5539 -0.7268 -0.1989, -2.5974 -0.7014 -0.1988, -2.5655 -0.7268 -0.2209, -2.6052 -0.7014 -0.2076, -2.5819 -0.7268 -0.2394, -2.6076 -0.7014 -0.2104, -2.6111 -0.7014 -0.2128, -2.6024 -0.7268 -0.2535, -2.6204 -0.7014 -0.2192, -2.6318 -0.7014 -0.2235, -2.6256 -0.7268 -0.2623, -2.6349 -0.7014 -0.2247, -2.6502 -0.7014 -0.2266, -2.6502 -0.7268 -0.2653, -2.6656 -0.7014 -0.2247, -2.6749 -0.7268 -0.2623, -2.6686 -0.7014 -0.2235, -2.6981 -0.7268 -0.2535, -2.6801 -0.7014 -0.2192, -2.6893 -0.7014 -0.2128, -2.7185 -0.7268 -0.2394, -2.6928 -0.7014 -0.2104, -2.6953 -0.7014 -0.2076, -2.735 -0.7268 -0.2209, -2.7031 -0.7014 -0.1988, -2.7102 -0.7014 -0.1851, -2.7465 -0.7268 -0.1989, -2.714 -0.7014 -0.1701, -2.7524 -0.7268 -0.1748, -2.714 -0.7014 -0.1624, -2.7524 -0.7268 -0.1499, -2.714 -0.7014 -0.1546, -2.7102 -0.7014 -0.1396, -2.7465 -0.7268 -0.1258, -2.7031 -0.7014 -0.1259, -2.735 -0.7268 -0.1039, -2.6953 -0.7014 -0.1171, -2.7185 -0.7268 -0.0853, -2.6928 -0.7014 -0.1143, -2.6893 -0.7014 -0.1119, -2.6981 -0.7268 -0.0712, -2.6801 -0.7014 -0.1055, -2.6686 -0.7014 -0.1012, -2.6749 -0.7268 -0.0624, -2.6656 -0.7014 -0.1, -2.6502 -0.7014 -0.0982, -2.6502 -0.7268 -0.0594, -2.6349 -0.7014 -0.1, -2.6256 -0.7268 -0.0624, -2.6318 -0.7014 -0.1012, -2.6204 -0.7014 -0.1055, -2.6853 -0.7427 -0.0201, -2.7183 -0.7427 -0.0326, -2.7474 -0.7427 -0.0527, -2.7708 -0.7427 -0.0791, -2.7872 -0.7427 -0.1104, -2.7957 -0.7427 -0.1447, -2.7957 -0.7427 -0.18, -2.7872 -0.7427 -0.2143, -2.7708 -0.7427 -0.2456, -2.7474 -0.7427 -0.2721, -2.7183 -0.7427 -0.2921, -2.6853 -0.7427 -0.3047, -2.6502 -0.7427 -0.3089, -2.6151 -0.7427 -0.3047, -2.5821 -0.7427 -0.2921, -2.553 -0.7427 -0.2721, -2.5296 -0.7427 -0.2456, -2.5132 -0.7427 -0.2143, -2.5047 -0.7427 -0.18, -2.5047 -0.7427 -0.1447, -2.5132 -0.7427 -0.1104, -2.5296 -0.7427 -0.0791, -2.553 -0.7427 -0.0527, -2.5821 -0.7427 -0.0326, -2.6151 -0.7427 -0.0201, -2.6502 -0.7427 -0.0158, -2.6963 -0.748 0.0247, -2.7397 -0.748 0.0082, -2.7779 -0.748 -0.0182, -2.8087 -0.748 -0.0529, -2.8303 -0.748 -0.0941, -2.8414 -0.748 -0.1391, -2.8414 -0.748 -0.1856, -2.8303 -0.748 -0.2307, -2.8087 -0.748 -0.2718, -2.7779 -0.748 -0.3065, -2.7397 -0.748 -0.3329, -2.6963 -0.748 -0.3494, -2.6502 -0.748 -0.355, -2.6041 -0.748 -0.3494, -2.5607 -0.748 -0.3329, -2.5225 -0.748 -0.3065, -2.4917 -0.748 -0.2718, -2.4701 -0.748 -0.2307, -2.459 -0.748 -0.1856, -2.459 -0.748 -0.1391, -2.4701 -0.748 -0.0941, -2.4917 -0.748 -0.0529, -2.5225 -0.748 -0.0182, -2.5607 -0.748 0.0082, -2.6041 -0.748 0.0247, -2.6502 -0.748 0.0303, -2.6943 -0.6913 -0.1391, -2.6955 -0.6889 -0.1624, -2.6943 -0.6913 -0.1857, -2.6906 -0.6986 -0.2077, -2.6061 -0.6913 -0.1857, -2.6049 -0.6889 -0.1624, -2.6061 -0.6913 -0.1391, -2.6098 -0.6986 -0.117, -2.6294 -0.6913 -0.117, -2.6502 -0.6889 -0.117, -2.6098 -0.6986 -0.2077, -2.6294 -0.6913 -0.2077, -2.6502 -0.6889 -0.2077, -2.671 -0.6913 -0.2077, -2.671 -0.6913 -0.117, -2.6906 -0.6986 -0.117, -2.6276 -0.6835 -0.1857, -2.6502 -0.6808 -0.1857, -2.6729 -0.6835 -0.1857, -2.6269 -0.6808 -0.1624, -2.6502 -0.678 -0.1624, -2.6735 -0.6808 -0.1624, -2.6276 -0.6835 -0.1391, -2.6502 -0.6808 -0.1391, -2.6729 -0.6835 -0.1391, -2.7278 0.5826 -0.3102, -2.7127 0.5826 -0.3159, -2.718 0.5646 -0.2879, -2.6902 0.5826 -0.3244, -2.6705 0.5826 -0.3268, -2.6731 0.5554 -0.2879, -2.6502 0.5826 -0.3293, -2.63 0.5826 -0.3268, -2.6273 0.5554 -0.2879, -2.6103 0.5826 -0.3244, -2.5877 0.5826 -0.3159, -2.5824 0.5646 -0.2879, -2.5404 0.5826 -0.2879, -2.5403 0.5826 -0.2878, -2.5304 0.5646 -0.2398, -2.5726 0.5826 -0.0145, -2.5877 0.5826 -0.0088, -2.5824 0.5646 -0.0368, -2.6103 0.5826 -0.0003, -2.63 0.5826 0.0021, -2.6273 0.5554 -0.0368, -2.6502 0.5826 0.0046, -2.6705 0.5826 0.0021, -2.6731 0.5554 -0.0368, -2.6902 0.5826 -0.0003, -2.7127 0.5826 -0.0088, -2.718 0.5646 -0.0368, -2.7601 0.5826 -0.0368, -2.7602 0.5826 -0.0369, -2.7701 0.5646 -0.0849, -2.7751 0.5554 -0.1362, -2.8145 0.5826 -0.1363, -2.8159 0.5826 -0.1422, -2.8171 0.5826 -0.1624, -2.8159 0.5826 -0.1825, -2.7751 0.5554 -0.1885, -2.8063 0.5826 -0.1032, -2.7968 0.5826 -0.0851, -2.7609 0.5826 -0.0374, -2.7876 0.5826 -0.0675, -2.5404 0.5826 -0.0368, -2.5763 0.545 -0.0849, -2.5403 0.5826 -0.0369, -2.5304 0.5646 -0.0849, -2.5128 0.5826 -0.0675, -2.5395 0.5826 -0.0374, -2.4845 0.5826 -0.1422, -2.486 0.5826 -0.1363, -2.5253 0.5554 -0.1362, -2.4941 0.5826 -0.1032, -2.5036 0.5826 -0.0851, -2.4845 0.5826 -0.1825, -2.5253 0.5554 -0.1885, -2.486 0.5826 -0.1885, -2.4941 0.5826 -0.2216, -2.5036 0.5826 -0.2396, -2.5395 0.5826 -0.2873, -2.5128 0.5826 -0.2572, -2.7601 0.5826 -0.2879, -2.7241 0.545 -0.2398, -2.7602 0.5826 -0.2878, -2.7701 0.5646 -0.2398, -2.7876 0.5826 -0.2572, -2.7609 0.5826 -0.2873, -2.8145 0.5826 -0.1885, -2.8063 0.5826 -0.2216, -2.7968 0.5826 -0.2396, -2.7272 0.535 -0.1885, -2.7272 0.535 -0.1362, -2.7241 0.545 -0.0849, -2.7278 0.5826 -0.0145, -2.5726 0.5826 -0.3102, -2.5763 0.545 -0.2398, -2.5732 0.535 -0.1885, -2.5732 0.535 -0.1362, -2.6752 0.535 -0.2398, -2.6762 0.5246 -0.1885, -2.6762 0.5246 -0.1362, -2.6752 0.535 -0.0849, -2.6252 0.535 -0.2398, -2.6242 0.5246 -0.1885, -2.6242 0.5246 -0.1362, -2.6252 0.535 -0.0849, -2.569 0.5877 -0.0077, -2.4768 0.5877 -0.1834, -2.4768 0.5877 -0.1413, -2.692 0.5877 -0.332, -2.7314 0.5877 -0.317, -2.794 0.5877 -0.0631, -2.5286 0.5909 -0.0251, -2.565 0.5909 0.0, -2.6941 0.5909 0.0157, -2.7354 0.5909 0.0, -2.7314 0.5877 -0.0077, -2.5607 0.592 0.0082, -2.6041 0.592 0.0247, -2.6063 0.5909 0.0157, -2.5225 0.592 -0.3065, -2.4917 0.592 -0.2718, -2.4993 0.5909 -0.2665, -2.5607 0.592 -0.3329, -2.5286 0.5909 -0.2996, -2.6041 0.592 -0.3494, -2.565 0.5909 -0.3248, -2.7779 0.592 -0.3065, -2.7397 0.592 -0.3329, -2.7354 0.5909 -0.3248, -2.8087 0.592 -0.2718, -2.7718 0.5909 -0.2996, -2.8303 0.592 -0.2307, -2.8012 0.5909 -0.2665, -2.8414 0.592 -0.1856, -2.8217 0.5909 -0.2274, -2.8428 0.592 -0.1624, -2.8323 0.5909 -0.1845, -2.7397 0.592 0.0082, -2.7779 0.592 -0.0182, -2.7718 0.5909 -0.0251, -2.6963 0.592 0.0247, -2.6502 0.592 0.0303, -2.8414 0.592 -0.1391, -2.8323 0.5909 -0.1403, -2.8303 0.592 -0.0941, -2.8217 0.5909 -0.0973, -2.8087 0.592 -0.0529, -2.8012 0.5909 -0.0582, -2.6063 0.5909 -0.3404, -2.6502 0.592 -0.355, -2.6502 0.5909 -0.3458, -2.6963 0.592 -0.3494, -2.6941 0.5909 -0.3404, -2.4787 0.5909 -0.2274, -2.4701 0.592 -0.2307, -2.4682 0.5909 -0.1845, -2.459 0.592 -0.1856, -2.4682 0.5909 -0.1403, -2.459 0.592 -0.1391, -2.4787 0.5909 -0.0973, -2.4701 0.592 -0.0941, -2.4993 0.5909 -0.0582, -2.5225 0.592 -0.0182, -2.4917 0.592 -0.0529, -2.6502 0.5909 0.021, -2.8236 0.5877 -0.1413, -2.8135 0.5877 -0.1004, -2.7661 0.5877 -0.2931, -2.794 0.5877 -0.2616, -2.6084 0.5877 -0.332, -2.6502 0.5877 -0.337, -2.5065 0.5877 -0.2616, -2.4869 0.5877 -0.2243, -2.4869 0.5877 -0.1004, -2.5065 0.5877 -0.0631, -2.5344 0.5877 -0.0316, -2.6084 0.5877 0.0072, -2.6502 0.5877 0.0123, -2.692 0.5877 0.0072, -2.7661 0.5877 -0.0316, -2.8236 0.5877 -0.1834, -2.8135 0.5877 -0.2243, -2.569 0.5877 -0.317, -2.5344 0.5877 -0.2931, -2.6893 0.7053 -0.1119, -2.7185 0.7308 -0.0853, -2.6981 0.7308 -0.0712, -2.6928 0.7053 -0.1143, -2.6953 0.7053 -0.1171, -2.735 0.7308 -0.1039, -2.7031 0.7053 -0.1259, -2.7102 0.7053 -0.1396, -2.7465 0.7308 -0.1258, -2.714 0.7053 -0.1546, -2.7524 0.7308 -0.1499, -2.714 0.7053 -0.1624, -2.7524 0.7308 -0.1748, -2.714 0.7053 -0.1701, -2.7102 0.7053 -0.1851, -2.7465 0.7308 -0.1989, -2.7031 0.7053 -0.1988, -2.735 0.7308 -0.2209, -2.6953 0.7053 -0.2076, -2.7185 0.7308 -0.2394, -2.6928 0.7053 -0.2104, -2.6893 0.7053 -0.2128, -2.6981 0.7308 -0.2535, -2.6801 0.7053 -0.2192, -2.6686 0.7053 -0.2235, -2.6749 0.7308 -0.2623, -2.6656 0.7053 -0.2247, -2.6502 0.7053 -0.2266, -2.6502 0.7308 -0.2653, -2.6349 0.7053 -0.2247, -2.6256 0.7308 -0.2623, -2.6318 0.7053 -0.2235, -2.6024 0.7308 -0.2535, -2.6204 0.7053 -0.2192, -2.6111 0.7053 -0.2128, -2.5819 0.7308 -0.2394, -2.6076 0.7053 -0.2104, -2.6052 0.7053 -0.2076, -2.5655 0.7308 -0.2209, -2.5974 0.7053 -0.1988, -2.5902 0.7053 -0.1851, -2.5539 0.7308 -0.1989, -2.5865 0.7053 -0.1701, -2.548 0.7308 -0.1748, -2.5865 0.7053 -0.1624, -2.548 0.7308 -0.1499, -2.5865 0.7053 -0.1546, -2.5902 0.7053 -0.1396, -2.5539 0.7308 -0.1258, -2.5974 0.7053 -0.1259, -2.5655 0.7308 -0.1039, -2.6052 0.7053 -0.1171, -2.5819 0.7308 -0.0853, -2.6076 0.7053 -0.1143, -2.6111 0.7053 -0.1119, -2.6024 0.7308 -0.0712, -2.6204 0.7053 -0.1055, -2.6318 0.7053 -0.1012, -2.6256 0.7308 -0.0624, -2.6349 0.7053 -0.1, -2.6502 0.7053 -0.0982, -2.6502 0.7308 -0.0594, -2.6656 0.7053 -0.1, -2.6749 0.7308 -0.0624, -2.6686 0.7053 -0.1012, -2.6801 0.7053 -0.1055, -2.6151 0.7466 -0.0201, -2.5821 0.7466 -0.0326, -2.553 0.7466 -0.0527, -2.5296 0.7466 -0.0791, -2.5132 0.7466 -0.1104, -2.5047 0.7466 -0.1447, -2.5047 0.7466 -0.18, -2.5132 0.7466 -0.2143, -2.5296 0.7466 -0.2456, -2.553 0.7466 -0.2721, -2.5821 0.7466 -0.2921, -2.6151 0.7466 -0.3047, -2.6502 0.7466 -0.3089, -2.6853 0.7466 -0.3047, -2.7183 0.7466 -0.2921, -2.7474 0.7466 -0.2721, -2.7708 0.7466 -0.2456, -2.7872 0.7466 -0.2143, -2.7957 0.7466 -0.18, -2.7957 0.7466 -0.1447, -2.7872 0.7466 -0.1104, -2.7708 0.7466 -0.0791, -2.7474 0.7466 -0.0527, -2.7183 0.7466 -0.0326, -2.6853 0.7466 -0.0201, -2.6502 0.7466 -0.0158, -2.6041 0.752 0.0247, -2.5607 0.752 0.0082, -2.5225 0.752 -0.0182, -2.4917 0.752 -0.0529, -2.4701 0.752 -0.0941, -2.459 0.752 -0.1391, -2.459 0.752 -0.1856, -2.4701 0.752 -0.2307, -2.4917 0.752 -0.2718, -2.5225 0.752 -0.3065, -2.5607 0.752 -0.3329, -2.6041 0.752 -0.3494, -2.6502 0.752 -0.355, -2.6963 0.752 -0.3494, -2.7397 0.752 -0.3329, -2.7779 0.752 -0.3065, -2.8087 0.752 -0.2718, -2.8303 0.752 -0.2307, -2.8414 0.752 -0.1856, -2.8414 0.752 -0.1391, -2.8303 0.752 -0.0941, -2.8087 0.752 -0.0529, -2.7779 0.752 -0.0182, -2.7397 0.752 0.0082, -2.6963 0.752 0.0247, -2.6502 0.752 0.0303, -2.6061 0.6953 -0.1391, -2.6049 0.6928 -0.1624, -2.6061 0.6953 -0.1857, -2.6098 0.7025 -0.2077, -2.6943 0.6953 -0.1857, -2.6955 0.6928 -0.1624, -2.6943 0.6953 -0.1391, -2.6906 0.7025 -0.117, -2.671 0.6953 -0.117, -2.6502 0.6928 -0.117, -2.6906 0.7025 -0.2077, -2.671 0.6953 -0.2077, -2.6502 0.6928 -0.2077, -2.6294 0.6953 -0.2077, -2.6294 0.6953 -0.117, -2.6098 0.7025 -0.117, -2.6276 0.6874 -0.1391, -2.6502 0.6847 -0.1391, -2.6729 0.6874 -0.1391, -2.6269 0.6847 -0.1624, -2.6502 0.682 -0.1624, -2.6735 0.6847 -0.1624, -2.6276 0.6874 -0.1857, -2.6502 0.6847 -0.1857, -2.6729 0.6874 -0.1857, -2.6314 -0.1925 1.1176, -2.6147 -0.0334 1.1176, -1.7148 -0.2889 1.1176, -1.698 -0.1297 1.1176, -1.7642 -0.1228 1.9676, -1.7809 -0.2819 1.9676, -1.5526 -0.1841 2.8976, -1.6219 -0.1477 1.1176, -1.5526 -0.1841 1.1176, -1.4947 -0.2367 2.8976, -1.4947 -0.2367 1.1176, -1.4518 -0.3021 2.8976, -1.4518 -0.3021 1.1176, -1.4267 -0.3762 2.8976, -1.4267 -0.3762 1.1176, -1.4209 -0.4543 2.8976, -1.4209 -0.4543 1.1176, -1.4348 -0.5313 2.8976, -1.4348 -0.5313 1.1176, -1.4675 -0.6023 2.8976, -1.4675 -0.6023 1.1176, -1.517 -0.6629 2.8976, -1.517 -0.6629 1.1176, -1.5801 -0.7092 2.8976, -1.5801 -0.7092 1.1176, -1.6528 -0.7382 2.8976, -1.6528 -0.7382 1.1176, -1.7304 -0.748 2.8976, -1.7304 -0.748 1.1176, -1.6779 -0.2975 1.1176, -1.6444 -0.3152 1.1176, -1.6164 -0.3406 1.1176, -1.5956 -0.3723 1.1176, -1.5834 -0.4081 1.1176, -1.7304 -0.588 1.1176, -1.7304 -0.588 2.8976, -1.6929 -0.5833 1.1176, -1.6929 -0.5833 2.8976, -1.6577 -0.5692 1.1176, -1.6577 -0.5692 2.8976, -1.6272 -0.5468 1.1176, -1.6272 -0.5468 2.8976, -1.6032 -0.5175 1.1176, -1.6032 -0.5175 2.8976, -1.5874 -0.4831 1.1176, -1.5874 -0.4831 2.8976, -1.5806 -0.4459 1.1176, -1.5806 -0.4459 2.8976, -1.5834 -0.4081 2.8976, -1.7642 0.1267 1.9676, -2.6147 0.0373 1.1176, -1.698 0.1337 1.1176, -2.6314 0.1964 1.1176, -1.7148 0.2928 1.1176, -1.7809 0.2858 1.9676, -1.6219 0.1516 1.1176, -1.5526 0.188 1.1176, -1.5526 0.188 2.8976, -1.4947 0.2406 1.1176, -1.4947 0.2406 2.8976, -1.4518 0.3061 1.1176, -1.4518 0.3061 2.8976, -1.4267 0.3802 1.1176, -1.4267 0.3802 2.8976, -1.4209 0.4582 1.1176, -1.4209 0.4582 2.8976, -1.4348 0.5352 1.1176, -1.4348 0.5352 2.8976, -1.4675 0.6062 1.1176, -1.4675 0.6062 2.8976, -1.517 0.6668 1.1176, -1.517 0.6668 2.8976, -1.5801 0.7131 1.1176, -1.5801 0.7131 2.8976, -1.6528 0.7421 1.1176, -1.6528 0.7421 2.8976, -1.7304 0.752 1.1176, -1.7304 0.752 2.8976, -1.5834 0.4121 2.8976, -1.5834 0.4121 1.1176, -1.5956 0.3762 1.1176, -1.6164 0.3446 1.1176, -1.6444 0.3191 1.1176, -1.6779 0.3015 1.1176, -1.5806 0.4498 1.1176, -1.5806 0.4498 2.8976, -1.5874 0.4871 1.1176, -1.5874 0.4871 2.8976, -1.6032 0.5215 1.1176, -1.6032 0.5215 2.8976, -1.6272 0.5508 1.1176, -1.6272 0.5508 2.8976, -1.6577 0.5732 1.1176, -1.6577 0.5732 2.8976, -1.6929 0.5872 1.1176, -1.6929 0.5872 2.8976, -1.7304 0.592 1.1176, -1.7304 0.592 2.8976, -2.9604 0.592 2.8976, -2.9604 0.752 2.8976, -2.9604 0.592 0.3976, -2.9604 0.752 0.3976, -2.3404 0.752 0.3976, -2.3404 0.592 0.3976, -1.9699 0.752 0.3976, -1.9699 0.592 0.3976, -1.9699 0.752 0.7976, -1.9699 0.592 0.7976, -2.5999 0.752 0.7976, -2.5999 0.592 0.7976, -2.5999 0.752 1.1176, -2.5999 0.592 1.1176, -2.6413 0.752 1.1122, -2.6413 0.592 1.1122, -2.6799 0.752 1.0962, -2.6799 0.592 1.0962, -2.713 0.752 1.0708, -2.713 0.592 1.0708, -2.7384 0.752 1.0376, -2.7384 0.592 1.0376, -2.7544 0.752 0.9991, -2.7544 0.592 0.9991, -2.7599 0.752 0.9576, -2.7599 0.592 0.9576, -2.7544 0.752 0.9162, -2.7544 0.592 0.9162, -2.7384 0.752 0.8776, -2.7384 0.592 0.8776, -2.713 0.752 0.8445, -2.713 0.592 0.8445, -2.6799 0.752 0.8191, -2.6799 0.592 0.8191, -2.6413 0.752 0.8031, -2.6413 0.592 0.8031, -3.2704 0.442 0.3976, -3.2704 0.442 2.8976, -3.2627 0.511 2.8976, -3.2627 0.511 0.3976, -3.2397 0.5765 2.8976, -3.2397 0.5765 0.3976, -3.2028 0.6353 2.8976, -3.2028 0.6353 0.3976, -3.1537 0.6843 2.8976, -3.1537 0.6843 0.3976, -3.0949 0.7213 2.8976, -3.0949 0.7213 0.3976, -3.0294 0.7442 2.8976, -3.0294 0.7442 0.3976, -2.9993 0.5869 0.3976, -2.9993 0.5869 2.8976, -3.0354 0.5719 0.3976, -3.0354 0.5719 2.8976, -3.0665 0.548 0.3976, -3.0665 0.548 2.8976, -3.0903 0.517 0.3976, -3.0903 0.517 2.8976, -3.1053 0.4808 0.3976, -3.1053 0.4808 2.8976, -3.1104 0.442 0.3976, -3.1104 0.442 2.8976, -2.9604 -0.748 0.3976, -2.9604 -0.588 0.3976, -2.9604 -0.588 2.8976, -2.9604 -0.748 2.8976, -2.3404 -0.588 0.3976, -2.3404 -0.748 0.3976, -2.5999 -0.748 1.1176, -2.5999 -0.588 1.1176, -2.5999 -0.748 0.7976, -2.5999 -0.588 0.7976, -2.6413 -0.748 0.8031, -2.6413 -0.588 0.8031, -2.6799 -0.748 0.8191, -2.6799 -0.588 0.8191, -2.713 -0.748 0.8445, -2.713 -0.588 0.8445, -2.7384 -0.748 0.8776, -2.7384 -0.588 0.8776, -2.7544 -0.748 0.9162, -2.7544 -0.588 0.9162, -2.7599 -0.748 0.9576, -2.7599 -0.588 0.9576, -2.7544 -0.748 0.9991, -2.7544 -0.588 0.9991, -2.7384 -0.748 1.0376, -2.7384 -0.588 1.0376, -2.713 -0.748 1.0708, -2.713 -0.588 1.0708, -2.6799 -0.748 1.0962, -2.6799 -0.588 1.0962, -2.6413 -0.748 1.1122, -2.6413 -0.588 1.1122, -1.9699 -0.748 0.7976, -1.9699 -0.588 0.7976, -1.9699 -0.748 0.3976, -1.9699 -0.588 0.3976, -3.2704 -0.438 2.8976, -3.2704 -0.438 0.3976, -3.2599 -0.5183 0.3976, -3.2599 -0.5183 2.8976, -3.2289 -0.593 0.3976, -3.2289 -0.593 2.8976, -3.1796 -0.6572 0.3976, -3.1796 -0.6572 2.8976, -3.1154 -0.7065 0.3976, -3.1154 -0.7065 2.8976, -3.0407 -0.7375 0.3976, -3.0407 -0.7375 2.8976, -2.9993 -0.5829 2.8976, -2.9993 -0.5829 0.3976, -3.0354 -0.5679 2.8976, -3.0354 -0.5679 0.3976, -3.0665 -0.5441 2.8976, -3.0665 -0.5441 0.3976, -3.0903 -0.513 2.8976, -3.0903 -0.513 0.3976, -3.1053 -0.4769 2.8976, -3.1053 -0.4769 0.3976, -3.1104 -0.438 2.8976, -3.1104 -0.438 0.3976, 1.5838 -0.4027 2.8976, 1.5899 -0.3834 2.8836, 1.5602 -0.1784 2.8976, 1.5954 -0.3726 2.8721, 1.6041 -0.3558 2.8541, 1.7801 -0.2819 2.5376, 1.7633 -0.1228 2.5376, 1.7139 -0.2889 2.6529, 1.6972 -0.1297 2.6529, 1.6774 -0.2988 2.7175, 1.6835 -0.1315 2.6767, 1.6675 -0.3015 2.7351, 1.621 -0.1478 2.7873, 1.6443 -0.3164 2.7777, 1.6201 -0.148 2.7889, 1.6309 -0.3251 2.8024, 1.6166 -0.3415 2.8301, 1.5928 0.3804 2.8774, 1.5838 0.4067 2.8976, 1.5602 0.1823 2.8976, 1.5952 0.3765 2.8725, 1.7633 0.1267 2.5376, 1.7801 0.2858 2.5376, 1.6972 0.1337 2.6529, 1.7139 0.2928 2.6529, 1.6295 0.1486 2.7721, 1.6213 0.1523 2.7869, 1.641 0.3209 2.7835, 1.5712 0.1755 2.8775, 1.6159 0.345 2.8311, 1.6124 0.3483 2.8378, 1.6798 0.3005 2.713, 1.6772 0.3018 2.7177, 1.6437 0.3195 2.7786, 2.3396 -0.588 -0.9524, 2.4896 -0.588 -1.1024, 2.3396 -0.748 -0.9524, 2.4896 -0.748 -1.1024, 2.9596 -0.748 -0.9524, 2.8096 -0.748 -1.1024, 2.9596 -0.588 -0.9524, 2.8096 -0.588 -1.1024, 2.4896 0.592 -1.1024, 2.3396 0.592 -0.9524, 2.4896 0.752 -1.1024, 2.3396 0.752 -0.9524, 2.9596 0.592 -0.9524, 2.8096 0.592 -1.1024, 2.9596 0.752 -0.9524, 2.8096 0.752 -1.1024, 2.0371 0.4816 2.8376, 2.6537 0.4168 2.8376, 2.0428 0.536 2.6872, 2.6594 0.4712 2.6872, 2.0311 0.4248 2.6466, 2.6477 0.36 2.6466, 2.642 0.3056 2.7969, 2.0254 0.3704 2.7969, 2.0255 0.3709 2.6189, 2.6421 0.306 2.6189, 2.0206 0.3251 2.5789, 2.6372 0.2603 2.5789, 2.017 0.2904 2.529, 2.6336 0.2255 2.529, 2.0147 0.2686 2.4721, 2.6313 0.2038 2.4721, 2.0139 0.2613 2.4116, 2.6305 0.1964 2.4116, 1.9972 0.1021 2.4116, 2.6138 0.0373 2.4116, 2.6147 0.0457 2.4945, 1.9981 0.1106 2.4945, 2.6173 0.0707 2.574, 2.0007 0.1355 2.574, 2.6216 0.1111 2.6468, 2.005 0.1759 2.6468, 2.6273 0.1653 2.7099, 2.0107 0.2301 2.7099, 2.6342 0.231 2.7606, 2.0176 0.2958 2.7606, 2.0139 0.2613 1.9676, 1.9972 0.1021 1.9676, 2.6537 -0.4128 2.8376, 2.0371 -0.4776 2.8376, 2.6594 -0.4673 2.6872, 2.0428 -0.5321 2.6872, 2.6477 -0.3561 2.6466, 2.0311 -0.4209 2.6466, 2.0254 -0.3665 2.7969, 2.642 -0.3017 2.7969, 2.6421 -0.3021 2.6189, 2.0255 -0.3669 2.6189, 2.6372 -0.2564 2.5789, 2.0206 -0.3212 2.5789, 2.6336 -0.2216 2.529, 2.017 -0.2864 2.529, 2.6313 -0.1999 2.4721, 2.0147 -0.2647 2.4721, 2.6305 -0.1925 2.4116, 2.0139 -0.2573 2.4116, 2.6138 -0.0334 2.4116, 1.9972 -0.0982 2.4116, 1.9981 -0.1066 2.4945, 2.6147 -0.0418 2.4945, 2.0007 -0.1315 2.574, 2.6173 -0.0667 2.574, 2.005 -0.1719 2.6468, 2.6216 -0.1071 2.6468, 2.0107 -0.2261 2.7099, 2.6273 -0.1613 2.7099, 2.0176 -0.2919 2.7606, 2.6342 -0.2271 2.7606, 1.9972 -0.0982 1.9676, 2.0139 -0.2573 1.9676, 3.2496 -0.0476 0.9255, 3.2496 0.232 1.1655, 3.2496 0.077 1.1655, 3.2496 -0.148 1.1655, 3.2496 -0.248 1.1655, 3.2496 -0.148 0.9723, 3.2496 -0.248 0.6855, 3.2496 -0.148 0.8693, 3.2496 -0.148 0.6855, 3.2496 0.312 0.4857, 3.2496 0.312 0.6257, 3.2696 -0.248 0.6855, 3.2696 -0.248 1.1655, 3.2696 -0.148 0.6855, 3.2696 -0.148 0.8693, 3.2696 0.312 0.4857, 3.2696 0.312 0.6257, 3.2696 -0.0476 0.9255, 3.2696 0.232 1.1655, 3.2696 0.077 1.1655, 3.2696 -0.148 0.9723, 3.2696 -0.148 1.1655, 2.5718 0.5826 -0.3102, 2.5869 0.5826 -0.3159, 2.5816 0.5646 -0.2879, 2.6094 0.5826 -0.3244, 2.6291 0.5826 -0.3268, 2.6264 0.5554 -0.2879, 2.6494 0.5826 -0.3293, 2.6696 0.5826 -0.3268, 2.6723 0.5554 -0.2879, 2.6893 0.5826 -0.3244, 2.7118 0.5826 -0.3159, 2.7171 0.5646 -0.2879, 2.7592 0.5826 -0.2879, 2.7593 0.5826 -0.2878, 2.7692 0.5646 -0.2398, 2.7269 0.5826 -0.0145, 2.7118 0.5826 -0.0088, 2.7171 0.5646 -0.0368, 2.6893 0.5826 -0.0003, 2.6696 0.5826 0.0021, 2.6723 0.5554 -0.0368, 2.6494 0.5826 0.0046, 2.6291 0.5826 0.0021, 2.6264 0.5554 -0.0368, 2.6094 0.5826 -0.0003, 2.5869 0.5826 -0.0088, 2.5816 0.5646 -0.0368, 2.5395 0.5826 -0.0368, 2.5394 0.5826 -0.0369, 2.5295 0.5646 -0.0849, 2.5244 0.5554 -0.1362, 2.4851 0.5826 -0.1363, 2.4836 0.5826 -0.1422, 2.4824 0.5826 -0.1624, 2.4836 0.5826 -0.1825, 2.5244 0.5554 -0.1885, 2.4933 0.5826 -0.1032, 2.5027 0.5826 -0.0851, 2.5387 0.5826 -0.0374, 2.512 0.5826 -0.0675, 2.7592 0.5826 -0.0368, 2.7233 0.545 -0.0849, 2.7593 0.5826 -0.0369, 2.7692 0.5646 -0.0849, 2.7867 0.5826 -0.0675, 2.76 0.5826 -0.0374, 2.8151 0.5826 -0.1422, 2.8136 0.5826 -0.1363, 2.7743 0.5554 -0.1362, 2.8054 0.5826 -0.1032, 2.796 0.5826 -0.0851, 2.8151 0.5826 -0.1825, 2.7743 0.5554 -0.1885, 2.8136 0.5826 -0.1885, 2.8054 0.5826 -0.2216, 2.796 0.5826 -0.2396, 2.76 0.5826 -0.2873, 2.7867 0.5826 -0.2572, 2.5395 0.5826 -0.2879, 2.5754 0.545 -0.2398, 2.5394 0.5826 -0.2878, 2.5295 0.5646 -0.2398, 2.512 0.5826 -0.2572, 2.5387 0.5826 -0.2873, 2.4851 0.5826 -0.1885, 2.4933 0.5826 -0.2216, 2.5027 0.5826 -0.2396, 2.7264 0.535 -0.1362, 2.7264 0.535 -0.1885, 2.7233 0.545 -0.2398, 2.7269 0.5826 -0.3102, 2.5718 0.5826 -0.0145, 2.5754 0.545 -0.0849, 2.5723 0.535 -0.1362, 2.5723 0.535 -0.1885, 2.6743 0.535 -0.0849, 2.6754 0.5246 -0.1362, 2.6754 0.5246 -0.1885, 2.6743 0.535 -0.2398, 2.6244 0.535 -0.0849, 2.6233 0.5246 -0.1362, 2.6233 0.5246 -0.1885, 2.6244 0.535 -0.2398, 2.7305 0.5877 -0.0077, 2.8228 0.5877 -0.1834, 2.8228 0.5877 -0.1413, 2.6075 0.5877 -0.332, 2.5682 0.5877 -0.317, 2.5056 0.5877 -0.0631, 2.771 0.5909 -0.0251, 2.7346 0.5909 0.0, 2.6055 0.5909 0.0157, 2.5641 0.5909 0.0, 2.5682 0.5877 -0.0077, 2.7389 0.592 0.0082, 2.6954 0.592 0.0247, 2.6932 0.5909 0.0157, 2.7771 0.592 -0.3065, 2.8079 0.592 -0.2718, 2.8003 0.5909 -0.2665, 2.7389 0.592 -0.3329, 2.771 0.5909 -0.2996, 2.6954 0.592 -0.3494, 2.7346 0.5909 -0.3248, 2.5216 0.592 -0.3065, 2.5598 0.592 -0.3329, 2.5641 0.5909 -0.3248, 2.4908 0.592 -0.2718, 2.5277 0.5909 -0.2996, 2.4693 0.592 -0.2307, 2.4984 0.5909 -0.2665, 2.4581 0.592 -0.1856, 2.4779 0.5909 -0.2274, 2.4567 0.592 -0.1624, 2.4673 0.5909 -0.1845, 2.5598 0.592 0.0082, 2.5216 0.592 -0.0182, 2.5277 0.5909 -0.0251, 2.6033 0.592 0.0247, 2.6494 0.592 0.0303, 2.4581 0.592 -0.1391, 2.4673 0.5909 -0.1403, 2.4693 0.592 -0.0941, 2.4779 0.5909 -0.0973, 2.4908 0.592 -0.0529, 2.4984 0.5909 -0.0582, 2.6932 0.5909 -0.3404, 2.6494 0.592 -0.355, 2.6494 0.5909 -0.3458, 2.6033 0.592 -0.3494, 2.6055 0.5909 -0.3404, 2.8208 0.5909 -0.2274, 2.8294 0.592 -0.2307, 2.8314 0.5909 -0.1845, 2.8406 0.592 -0.1856, 2.8314 0.5909 -0.1403, 2.8406 0.592 -0.1391, 2.8208 0.5909 -0.0973, 2.8294 0.592 -0.0941, 2.8003 0.5909 -0.0582, 2.7771 0.592 -0.0182, 2.8079 0.592 -0.0529, 2.6494 0.5909 0.021, 2.4759 0.5877 -0.1413, 2.486 0.5877 -0.1004, 2.5335 0.5877 -0.2931, 2.5056 0.5877 -0.2616, 2.6912 0.5877 -0.332, 2.6494 0.5877 -0.337, 2.7931 0.5877 -0.2616, 2.8127 0.5877 -0.2243, 2.8127 0.5877 -0.1004, 2.7931 0.5877 -0.0631, 2.7652 0.5877 -0.0316, 2.6912 0.5877 0.0072, 2.6494 0.5877 0.0123, 2.6075 0.5877 0.0072, 2.5335 0.5877 -0.0316, 2.4759 0.5877 -0.1834, 2.486 0.5877 -0.2243, 2.7305 0.5877 -0.317, 2.7652 0.5877 -0.2931, 2.6102 0.7053 -0.1119, 2.5811 0.7308 -0.0853, 2.6015 0.7308 -0.0712, 2.6068 0.7053 -0.1143, 2.6043 0.7053 -0.1171, 2.5646 0.7308 -0.1039, 2.5965 0.7053 -0.1259, 2.5893 0.7053 -0.1396, 2.5531 0.7308 -0.1258, 2.5856 0.7053 -0.1546, 2.5471 0.7308 -0.1499, 2.5856 0.7053 -0.1624, 2.5471 0.7308 -0.1748, 2.5856 0.7053 -0.1701, 2.5893 0.7053 -0.1851, 2.5531 0.7308 -0.1989, 2.5965 0.7053 -0.1988, 2.5646 0.7308 -0.2209, 2.6043 0.7053 -0.2076, 2.5811 0.7308 -0.2394, 2.6068 0.7053 -0.2104, 2.6102 0.7053 -0.2128, 2.6015 0.7308 -0.2535, 2.6195 0.7053 -0.2192, 2.6309 0.7053 -0.2235, 2.6247 0.7308 -0.2623, 2.634 0.7053 -0.2247, 2.6494 0.7053 -0.2266, 2.6494 0.7308 -0.2653, 2.6647 0.7053 -0.2247, 2.674 0.7308 -0.2623, 2.6678 0.7053 -0.2235, 2.6972 0.7308 -0.2535, 2.6792 0.7053 -0.2192, 2.6885 0.7053 -0.2128, 2.7176 0.7308 -0.2394, 2.6919 0.7053 -0.2104, 2.6944 0.7053 -0.2076, 2.7341 0.7308 -0.2209, 2.7022 0.7053 -0.1988, 2.7094 0.7053 -0.1851, 2.7456 0.7308 -0.1989, 2.7131 0.7053 -0.1701, 2.7516 0.7308 -0.1748, 2.7131 0.7053 -0.1624, 2.7516 0.7308 -0.1499, 2.7131 0.7053 -0.1546, 2.7094 0.7053 -0.1396, 2.7456 0.7308 -0.1258, 2.7022 0.7053 -0.1259, 2.7341 0.7308 -0.1039, 2.6944 0.7053 -0.1171, 2.7176 0.7308 -0.0853, 2.6919 0.7053 -0.1143, 2.6885 0.7053 -0.1119, 2.6972 0.7308 -0.0712, 2.6792 0.7053 -0.1055, 2.6678 0.7053 -0.1012, 2.674 0.7308 -0.0624, 2.6647 0.7053 -0.1, 2.6494 0.7053 -0.0982, 2.6494 0.7308 -0.0594, 2.634 0.7053 -0.1, 2.6247 0.7308 -0.0624, 2.6309 0.7053 -0.1012, 2.6195 0.7053 -0.1055, 2.6844 0.7466 -0.0201, 2.7175 0.7466 -0.0326, 2.7465 0.7466 -0.0527, 2.77 0.7466 -0.0791, 2.7864 0.7466 -0.1104, 2.7948 0.7466 -0.1447, 2.7948 0.7466 -0.18, 2.7864 0.7466 -0.2143, 2.77 0.7466 -0.2456, 2.7465 0.7466 -0.2721, 2.7175 0.7466 -0.2921, 2.6844 0.7466 -0.3047, 2.6494 0.7466 -0.3089, 2.6143 0.7466 -0.3047, 2.5812 0.7466 -0.2921, 2.5522 0.7466 -0.2721, 2.5287 0.7466 -0.2456, 2.5123 0.7466 -0.2143, 2.5039 0.7466 -0.18, 2.5039 0.7466 -0.1447, 2.5123 0.7466 -0.1104, 2.5287 0.7466 -0.0791, 2.5522 0.7466 -0.0527, 2.5812 0.7466 -0.0326, 2.6143 0.7466 -0.0201, 2.6494 0.7466 -0.0158, 2.6954 0.752 0.0247, 2.7389 0.752 0.0082, 2.7771 0.752 -0.0182, 2.8079 0.752 -0.0529, 2.8294 0.752 -0.0941, 2.8406 0.752 -0.1391, 2.8406 0.752 -0.1856, 2.8294 0.752 -0.2307, 2.8079 0.752 -0.2718, 2.7771 0.752 -0.3065, 2.7389 0.752 -0.3329, 2.6954 0.752 -0.3494, 2.6494 0.752 -0.355, 2.6033 0.752 -0.3494, 2.5598 0.752 -0.3329, 2.5216 0.752 -0.3065, 2.4908 0.752 -0.2718, 2.4693 0.752 -0.2307, 2.4581 0.752 -0.1856, 2.4581 0.752 -0.1391, 2.4693 0.752 -0.0941, 2.4908 0.752 -0.0529, 2.5216 0.752 -0.0182, 2.5598 0.752 0.0082, 2.6033 0.752 0.0247, 2.6494 0.752 0.0303, 2.6934 0.6953 -0.1391, 2.6947 0.6928 -0.1624, 2.6934 0.6953 -0.1857, 2.6897 0.7025 -0.2077, 2.6053 0.6953 -0.1857, 2.604 0.6928 -0.1624, 2.6053 0.6953 -0.1391, 2.609 0.7025 -0.117, 2.6286 0.6953 -0.117, 2.6494 0.6928 -0.117, 2.609 0.7025 -0.2077, 2.6286 0.6953 -0.2077, 2.6494 0.6928 -0.2077, 2.6701 0.6953 -0.2077, 2.6701 0.6953 -0.117, 2.6897 0.7025 -0.117, 2.6267 0.6874 -0.1857, 2.6494 0.6847 -0.1857, 2.672 0.6874 -0.1857, 2.626 0.6847 -0.1624, 2.6494 0.682 -0.1624, 2.6727 0.6847 -0.1624, 2.6267 0.6874 -0.1391, 2.6494 0.6847 -0.1391, 2.672 0.6874 -0.1391, 2.7269 -0.5787 -0.3102, 2.7118 -0.5787 -0.3159, 2.7171 -0.5607 -0.2879, 2.6893 -0.5787 -0.3244, 2.6696 -0.5787 -0.3268, 2.6723 -0.5515 -0.2879, 2.6494 -0.5787 -0.3293, 2.6291 -0.5787 -0.3268, 2.6264 -0.5515 -0.2879, 2.6094 -0.5787 -0.3244, 2.5869 -0.5787 -0.3159, 2.5816 -0.5607 -0.2879, 2.5395 -0.5787 -0.2879, 2.5394 -0.5787 -0.2878, 2.5295 -0.5607 -0.2398, 2.5718 -0.5787 -0.0145, 2.5869 -0.5787 -0.0088, 2.5816 -0.5607 -0.0368, 2.6094 -0.5787 -0.0003, 2.6291 -0.5787 0.0021, 2.6264 -0.5515 -0.0368, 2.6494 -0.5787 0.0046, 2.6696 -0.5787 0.0021, 2.6723 -0.5515 -0.0368, 2.6893 -0.5787 -0.0003, 2.7118 -0.5787 -0.0088, 2.7171 -0.5607 -0.0368, 2.7592 -0.5787 -0.0368, 2.7593 -0.5787 -0.0369, 2.7692 -0.5607 -0.0849, 2.7743 -0.5515 -0.1362, 2.8136 -0.5787 -0.1363, 2.8151 -0.5787 -0.1422, 2.7743 -0.5515 -0.1885, 2.8163 -0.5787 -0.1624, 2.8151 -0.5787 -0.1825, 2.8054 -0.5787 -0.1032, 2.796 -0.5787 -0.0851, 2.76 -0.5787 -0.0374, 2.7867 -0.5787 -0.0675, 2.5395 -0.5787 -0.0368, 2.5754 -0.5411 -0.0849, 2.5394 -0.5787 -0.0369, 2.5295 -0.5607 -0.0849, 2.512 -0.5787 -0.0675, 2.5387 -0.5787 -0.0374, 2.5244 -0.5515 -0.1362, 2.4933 -0.5787 -0.1032, 2.5027 -0.5787 -0.0851, 2.4851 -0.5787 -0.1885, 2.4836 -0.5787 -0.1825, 2.5244 -0.5515 -0.1885, 2.4836 -0.5787 -0.1422, 2.4851 -0.5787 -0.1363, 2.4933 -0.5787 -0.2216, 2.5027 -0.5787 -0.2396, 2.5387 -0.5787 -0.2873, 2.512 -0.5787 -0.2572, 2.7592 -0.5787 -0.2879, 2.7233 -0.5411 -0.2398, 2.7593 -0.5787 -0.2878, 2.7692 -0.5607 -0.2398, 2.7867 -0.5787 -0.2572, 2.76 -0.5787 -0.2873, 2.8136 -0.5787 -0.1885, 2.8054 -0.5787 -0.2216, 2.796 -0.5787 -0.2396, 2.7264 -0.5311 -0.1885, 2.7264 -0.5311 -0.1362, 2.7233 -0.5411 -0.0849, 2.7269 -0.5787 -0.0145, 2.5718 -0.5787 -0.3102, 2.5754 -0.5411 -0.2398, 2.5723 -0.5311 -0.1885, 2.5723 -0.5311 -0.1362, 2.6743 -0.5311 -0.2398, 2.6754 -0.5207 -0.1885, 2.6754 -0.5207 -0.1362, 2.6743 -0.5311 -0.0849, 2.6244 -0.5311 -0.2398, 2.6233 -0.5207 -0.1885, 2.6233 -0.5207 -0.1362, 2.6244 -0.5311 -0.0849, 2.5682 -0.5838 -0.0077, 2.4759 -0.5838 -0.1413, 2.4759 -0.5838 -0.1834, 2.6912 -0.5838 -0.332, 2.7305 -0.5838 -0.317, 2.7931 -0.5838 -0.0631, 2.6932 -0.587 0.0157, 2.7346 -0.587 0.0, 2.7305 -0.5838 -0.0077, 2.5598 -0.588 0.0082, 2.6033 -0.588 0.0247, 2.6055 -0.587 0.0157, 2.5216 -0.588 -0.0182, 2.5641 -0.587 0.0, 2.4908 -0.588 -0.0529, 2.5277 -0.587 -0.0251, 2.4693 -0.588 -0.0941, 2.4984 -0.587 -0.0582, 2.4581 -0.588 -0.1391, 2.4779 -0.587 -0.0973, 2.5598 -0.588 -0.3329, 2.5216 -0.588 -0.3065, 2.5277 -0.587 -0.2996, 2.6033 -0.588 -0.3494, 2.5641 -0.587 -0.3248, 2.7771 -0.588 -0.3065, 2.7389 -0.588 -0.3329, 2.7346 -0.587 -0.3248, 2.8079 -0.588 -0.2718, 2.771 -0.587 -0.2996, 2.8294 -0.588 -0.2307, 2.8003 -0.587 -0.2665, 2.8406 -0.588 -0.1856, 2.8208 -0.587 -0.2274, 2.842 -0.588 -0.1624, 2.8314 -0.587 -0.1845, 2.7389 -0.588 0.0082, 2.7771 -0.588 -0.0182, 2.771 -0.587 -0.0251, 2.6954 -0.588 0.0247, 2.6494 -0.588 0.0303, 2.8406 -0.588 -0.1391, 2.8314 -0.587 -0.1403, 2.8294 -0.588 -0.0941, 2.8208 -0.587 -0.0973, 2.8079 -0.588 -0.0529, 2.8003 -0.587 -0.0582, 2.6055 -0.587 -0.3404, 2.6494 -0.588 -0.355, 2.6494 -0.587 -0.3458, 2.6954 -0.588 -0.3494, 2.6932 -0.587 -0.3404, 2.4673 -0.587 -0.1403, 2.4581 -0.588 -0.1856, 2.4673 -0.587 -0.1845, 2.4693 -0.588 -0.2307, 2.4779 -0.587 -0.2274, 2.4908 -0.588 -0.2718, 2.4984 -0.587 -0.2665, 2.6494 -0.587 0.021, 2.8228 -0.5838 -0.1413, 2.8127 -0.5838 -0.1004, 2.7652 -0.5838 -0.2931, 2.7931 -0.5838 -0.2616, 2.6075 -0.5838 -0.332, 2.6494 -0.5838 -0.337, 2.486 -0.5838 -0.2243, 2.5056 -0.5838 -0.2616, 2.5335 -0.5838 -0.0316, 2.5056 -0.5838 -0.0631, 2.6075 -0.5838 0.0072, 2.6494 -0.5838 0.0123, 2.6912 -0.5838 0.0072, 2.7652 -0.5838 -0.0316, 2.8228 -0.5838 -0.1834, 2.8127 -0.5838 -0.2243, 2.5682 -0.5838 -0.317, 2.5335 -0.5838 -0.2931, 2.486 -0.5838 -0.1004, 2.6885 -0.7014 -0.1119, 2.7176 -0.7268 -0.0853, 2.6972 -0.7268 -0.0712, 2.6919 -0.7014 -0.1143, 2.6944 -0.7014 -0.1171, 2.7341 -0.7268 -0.1039, 2.7022 -0.7014 -0.1259, 2.7094 -0.7014 -0.1396, 2.7456 -0.7268 -0.1258, 2.7131 -0.7014 -0.1546, 2.7516 -0.7268 -0.1499, 2.7131 -0.7014 -0.1624, 2.7516 -0.7268 -0.1748, 2.7131 -0.7014 -0.1701, 2.7094 -0.7014 -0.1851, 2.7456 -0.7268 -0.1989, 2.7022 -0.7014 -0.1988, 2.7341 -0.7268 -0.2209, 2.6944 -0.7014 -0.2076, 2.7176 -0.7268 -0.2394, 2.6919 -0.7014 -0.2104, 2.6885 -0.7014 -0.2128, 2.6972 -0.7268 -0.2535, 2.6792 -0.7014 -0.2192, 2.6678 -0.7014 -0.2235, 2.674 -0.7268 -0.2623, 2.6647 -0.7014 -0.2247, 2.6494 -0.7014 -0.2266, 2.6494 -0.7268 -0.2653, 2.634 -0.7014 -0.2247, 2.6247 -0.7268 -0.2623, 2.6309 -0.7014 -0.2235, 2.6015 -0.7268 -0.2535, 2.6195 -0.7014 -0.2192, 2.6102 -0.7014 -0.2128, 2.5811 -0.7268 -0.2394, 2.6068 -0.7014 -0.2104, 2.6043 -0.7014 -0.2076, 2.5646 -0.7268 -0.2209, 2.5965 -0.7014 -0.1988, 2.5893 -0.7014 -0.1851, 2.5531 -0.7268 -0.1989, 2.5856 -0.7014 -0.1701, 2.5471 -0.7268 -0.1748, 2.5856 -0.7014 -0.1624, 2.5471 -0.7268 -0.1499, 2.5856 -0.7014 -0.1546, 2.5893 -0.7014 -0.1396, 2.5531 -0.7268 -0.1258, 2.5965 -0.7014 -0.1259, 2.5646 -0.7268 -0.1039, 2.6043 -0.7014 -0.1171, 2.5811 -0.7268 -0.0853, 2.6068 -0.7014 -0.1143, 2.6102 -0.7014 -0.1119, 2.6015 -0.7268 -0.0712, 2.6195 -0.7014 -0.1055, 2.6309 -0.7014 -0.1012, 2.6247 -0.7268 -0.0624, 2.634 -0.7014 -0.1, 2.6494 -0.7014 -0.0982, 2.6494 -0.7268 -0.0594, 2.6647 -0.7014 -0.1, 2.674 -0.7268 -0.0624, 2.6678 -0.7014 -0.1012, 2.6792 -0.7014 -0.1055, 2.6143 -0.7427 -0.0201, 2.5812 -0.7427 -0.0326, 2.5522 -0.7427 -0.0527, 2.5287 -0.7427 -0.0791, 2.5123 -0.7427 -0.1104, 2.5039 -0.7427 -0.1447, 2.5039 -0.7427 -0.18, 2.5123 -0.7427 -0.2143, 2.5287 -0.7427 -0.2456, 2.5522 -0.7427 -0.2721, 2.5812 -0.7427 -0.2921, 2.6143 -0.7427 -0.3047, 2.6494 -0.7427 -0.3089, 2.6844 -0.7427 -0.3047, 2.7175 -0.7427 -0.2921, 2.7465 -0.7427 -0.2721, 2.77 -0.7427 -0.2456, 2.7864 -0.7427 -0.2143, 2.7948 -0.7427 -0.18, 2.7948 -0.7427 -0.1447, 2.7864 -0.7427 -0.1104, 2.77 -0.7427 -0.0791, 2.7465 -0.7427 -0.0527, 2.7175 -0.7427 -0.0326, 2.6844 -0.7427 -0.0201, 2.6494 -0.7427 -0.0158, 2.6033 -0.748 0.0247, 2.5598 -0.748 0.0082, 2.5216 -0.748 -0.0182, 2.4908 -0.748 -0.0529, 2.4693 -0.748 -0.0941, 2.4581 -0.748 -0.1391, 2.4581 -0.748 -0.1856, 2.4693 -0.748 -0.2307, 2.4908 -0.748 -0.2718, 2.5216 -0.748 -0.3065, 2.5598 -0.748 -0.3329, 2.6033 -0.748 -0.3494, 2.6494 -0.748 -0.355, 2.6954 -0.748 -0.3494, 2.7389 -0.748 -0.3329, 2.7771 -0.748 -0.3065, 2.8079 -0.748 -0.2718, 2.8294 -0.748 -0.2307, 2.8406 -0.748 -0.1856, 2.8406 -0.748 -0.1391, 2.8294 -0.748 -0.0941, 2.8079 -0.748 -0.0529, 2.7771 -0.748 -0.0182, 2.7389 -0.748 0.0082, 2.6954 -0.748 0.0247, 2.6494 -0.748 0.0303, 2.6053 -0.6913 -0.1391, 2.604 -0.6889 -0.1624, 2.6053 -0.6913 -0.1857, 2.609 -0.6986 -0.2077, 2.6934 -0.6913 -0.1857, 2.6947 -0.6889 -0.1624, 2.6934 -0.6913 -0.1391, 2.6897 -0.6986 -0.117, 2.6701 -0.6913 -0.117, 2.6494 -0.6889 -0.117, 2.6897 -0.6986 -0.2077, 2.6701 -0.6913 -0.2077, 2.6494 -0.6889 -0.2077, 2.6286 -0.6913 -0.2077, 2.6286 -0.6913 -0.117, 2.609 -0.6986 -0.117, 2.6267 -0.6835 -0.1391, 2.6494 -0.6808 -0.1391, 2.672 -0.6835 -0.1391, 2.626 -0.6808 -0.1624, 2.6494 -0.678 -0.1624, 2.6727 -0.6808 -0.1624, 2.6267 -0.6835 -0.1857, 2.6494 -0.6808 -0.1857, 2.672 -0.6835 -0.1857, 2.6305 0.1964 1.1176, 2.6138 0.0373 1.1176, 1.7139 0.2928 1.1176, 1.6972 0.1337 1.1176, 1.7633 0.1267 1.9676, 1.7801 0.2858 1.9676, 1.5518 0.188 2.8976, 1.621 0.1516 1.1176, 1.5518 0.188 1.1176, 1.4938 0.2406 2.8976, 1.4938 0.2406 1.1176, 1.4509 0.3061 2.8976, 1.4509 0.3061 1.1176, 1.4258 0.3802 2.8976, 1.4258 0.3802 1.1176, 1.42 0.4582 2.8976, 1.42 0.4582 1.1176, 1.4339 0.5352 2.8976, 1.4339 0.5352 1.1176, 1.4667 0.6062 2.8976, 1.4667 0.6062 1.1176, 1.5162 0.6668 2.8976, 1.5162 0.6668 1.1176, 1.5793 0.7131 2.8976, 1.5793 0.7131 1.1176, 1.6519 0.7421 2.8976, 1.6519 0.7421 1.1176, 1.7296 0.752 2.8976, 1.7296 0.752 1.1176, 1.677 0.3015 1.1176, 1.6435 0.3191 1.1176, 1.6155 0.3446 1.1176, 1.5947 0.3762 1.1176, 1.5826 0.4121 1.1176, 1.7296 0.592 1.1176, 1.7296 0.592 2.8976, 1.692 0.5872 1.1176, 1.692 0.5872 2.8976, 1.6568 0.5732 1.1176, 1.6568 0.5732 2.8976, 1.6263 0.5508 1.1176, 1.6263 0.5508 2.8976, 1.6024 0.5215 1.1176, 1.6024 0.5215 2.8976, 1.5865 0.4871 1.1176, 1.5865 0.4871 2.8976, 1.5798 0.4498 1.1176, 1.5798 0.4498 2.8976, 1.5826 0.4121 2.8976, 1.7633 -0.1228 1.9676, 2.6138 -0.0334 1.1176, 1.6972 -0.1297 1.1176, 2.6305 -0.1925 1.1176, 1.7139 -0.2889 1.1176, 1.7801 -0.2819 1.9676, 1.621 -0.1477 1.1176, 1.5518 -0.1841 1.1176, 1.5518 -0.1841 2.8976, 1.4938 -0.2367 1.1176, 1.4938 -0.2367 2.8976, 1.4509 -0.3021 1.1176, 1.4509 -0.3021 2.8976, 1.4258 -0.3762 1.1176, 1.4258 -0.3762 2.8976, 1.42 -0.4543 1.1176, 1.42 -0.4543 2.8976, 1.4339 -0.5313 1.1176, 1.4339 -0.5313 2.8976, 1.4667 -0.6023 1.1176, 1.4667 -0.6023 2.8976, 1.5162 -0.6629 1.1176, 1.5162 -0.6629 2.8976, 1.5793 -0.7092 1.1176, 1.5793 -0.7092 2.8976, 1.6519 -0.7382 1.1176, 1.6519 -0.7382 2.8976, 1.7296 -0.748 1.1176, 1.7296 -0.748 2.8976, 1.5826 -0.4081 2.8976, 1.5826 -0.4081 1.1176, 1.5947 -0.3723 1.1176, 1.6155 -0.3406 1.1176, 1.6435 -0.3152 1.1176, 1.677 -0.2975 1.1176, 1.5798 -0.4459 1.1176, 1.5798 -0.4459 2.8976, 1.5865 -0.4831 1.1176, 1.5865 -0.4831 2.8976, 1.6024 -0.5175 1.1176, 1.6024 -0.5175 2.8976, 1.6263 -0.5468 1.1176, 1.6263 -0.5468 2.8976, 1.6568 -0.5692 1.1176, 1.6568 -0.5692 2.8976, 1.692 -0.5833 1.1176, 1.692 -0.5833 2.8976, 1.7296 -0.588 1.1176, 1.7296 -0.588 2.8976, 2.9596 -0.588 2.8976, 2.9596 -0.748 2.8976, 2.9596 -0.588 0.3976, 2.9596 -0.748 0.3976, 2.3396 -0.748 0.3976, 2.3396 -0.588 0.3976, 1.969 -0.748 0.3976, 1.969 -0.588 0.3976, 1.969 -0.748 0.7976, 1.969 -0.588 0.7976, 2.599 -0.748 0.7976, 2.599 -0.588 0.7976, 2.599 -0.748 1.1176, 2.599 -0.588 1.1176, 2.6404 -0.748 1.1122, 2.6404 -0.588 1.1122, 2.679 -0.748 1.0962, 2.679 -0.588 1.0962, 2.7121 -0.748 1.0708, 2.7121 -0.588 1.0708, 2.7376 -0.748 1.0376, 2.7376 -0.588 1.0376, 2.7536 -0.748 0.9991, 2.7536 -0.588 0.9991, 2.759 -0.748 0.9576, 2.759 -0.588 0.9576, 2.7536 -0.748 0.9162, 2.7536 -0.588 0.9162, 2.7376 -0.748 0.8776, 2.7376 -0.588 0.8776, 2.7121 -0.748 0.8445, 2.7121 -0.588 0.8445, 2.679 -0.748 0.8191, 2.679 -0.588 0.8191, 2.6404 -0.748 0.8031, 2.6404 -0.588 0.8031, 3.2696 -0.438 0.3976, 3.2696 -0.438 2.8976, 3.2618 -0.507 2.8976, 3.2618 -0.507 0.3976, 3.2389 -0.5725 2.8976, 3.2389 -0.5725 0.3976, 3.2019 -0.6313 2.8976, 3.2019 -0.6313 0.3976, 3.1528 -0.6804 2.8976, 3.1528 -0.6804 0.3976, 3.0941 -0.7173 2.8976, 3.0941 -0.7173 0.3976, 3.0285 -0.7403 2.8976, 3.0285 -0.7403 0.3976, 2.9929 -0.5843 0.3976, 2.9929 -0.5843 2.8976, 3.0246 -0.5732 0.3976, 3.0246 -0.5732 2.8976, 3.0531 -0.5553 0.3976, 3.0531 -0.5553 2.8976, 3.0768 -0.5316 0.3976, 3.0768 -0.5316 2.8976, 3.0947 -0.5031 0.3976, 3.0947 -0.5031 2.8976, 3.1058 -0.4714 0.3976, 3.1058 -0.4714 2.8976, 3.1096 -0.438 0.3976, 3.1096 -0.438 2.8976, 2.9596 0.752 0.3976, 2.9596 0.592 0.3976, 2.9596 0.592 2.8976, 2.9596 0.752 2.8976, 2.3396 0.592 0.3976, 2.3396 0.752 0.3976, 2.599 0.752 1.1176, 2.599 0.592 1.1176, 2.599 0.752 0.7976, 2.599 0.592 0.7976, 2.6404 0.752 0.8031, 2.6404 0.592 0.8031, 2.679 0.752 0.8191, 2.679 0.592 0.8191, 2.7121 0.752 0.8445, 2.7121 0.592 0.8445, 2.7376 0.752 0.8776, 2.7376 0.592 0.8776, 2.7536 0.752 0.9162, 2.7536 0.592 0.9162, 2.759 0.752 0.9576, 2.759 0.592 0.9576, 2.7536 0.752 0.9991, 2.7536 0.592 0.9991, 2.7376 0.752 1.0376, 2.7376 0.592 1.0376, 2.7121 0.752 1.0708, 2.7121 0.592 1.0708, 2.679 0.752 1.0962, 2.679 0.592 1.0962, 2.6404 0.752 1.1122, 2.6404 0.592 1.1122, 1.969 0.752 0.7976, 1.969 0.592 0.7976, 1.969 0.752 0.3976, 1.969 0.592 0.3976, 3.2696 0.442 2.8976, 3.2696 0.442 0.3976, 3.259 0.5222 0.3976, 3.259 0.5222 2.8976, 3.228 0.597 0.3976, 3.228 0.597 2.8976, 3.1788 0.6612 0.3976, 3.1788 0.6612 2.8976, 3.1146 0.7104 0.3976, 3.1146 0.7104 2.8976, 3.0398 0.7414 0.3976, 3.0398 0.7414 2.8976, 2.9984 0.5869 2.8976, 2.9984 0.5869 0.3976, 3.0346 0.5719 2.8976, 3.0346 0.5719 0.3976, 3.0656 0.548 2.8976, 3.0656 0.548 0.3976, 3.0895 0.517 2.8976, 3.0895 0.517 0.3976, 3.1045 0.4808 2.8976, 3.1045 0.4808 0.3976, 3.1096 0.442 2.8976, 3.1096 0.442 0.3976
            ]
        }
        coordIndex [
            0,1,2,-1,2,1,3,-1,2,3,4,-1,5,6,7,-1,7,6,8,-1,7,8,9,-1,9,8,10,-1,9,10,11,-1,11,10,12,-1,11,12,13,-1,13,12,14,-1,13,14,15,-1,15,14,2,-1,15,2,16,-1,16,2,4,-1,17,18,19,-1,17,19,20,-1,21,22,23,-1,23,22,24,-1,23,24,25,-1,26,27,28,-1,28,27,29,-1,28,29,19,-1,19,29,30,-1,19,30,20,-1,24,31,25,-1,25,31,32,-1,25,32,26,-1,26,32,33,-1,26,33,27,-1,34,35,36,-1,36,35,37,-1,38,39,40,-1,40,39,41,-1,42,43,44,-1,44,43,45,-1,46,47,48,-1,48,47,49,-1,50,51,52,-1,52,51,53,-1,54,52,55,-1,55,52,53,-1,51,50,56,-1,56,50,57,-1,57,50,54,-1,54,50,52,-1,55,53,56,-1,56,53,51,-1,54,55,58,-1,58,55,59,-1,58,59,60,-1,60,59,61,-1,60,61,62,-1,62,61,63,-1,62,63,64,-1,64,63,65,-1,64,65,66,-1,66,65,67,-1,68,69,70,-1,68,70,71,-1,71,70,72,-1,71,72,73,-1,73,72,74,-1,73,74,75,-1,75,74,76,-1,75,76,77,-1,77,76,78,-1,77,78,79,-1,79,78,56,-1,79,56,57,-1,55,56,59,-1,59,56,78,-1,59,78,61,-1,69,67,70,-1,70,67,65,-1,70,65,72,-1,72,65,63,-1,72,63,74,-1,74,63,61,-1,74,61,76,-1,76,61,78,-1,57,54,79,-1,79,54,58,-1,79,58,77,-1,77,58,60,-1,77,60,75,-1,75,60,62,-1,66,68,64,-1,64,68,71,-1,64,71,62,-1,62,71,73,-1,62,73,75,-1,66,80,68,-1,68,80,81,-1,82,83,84,-1,84,83,85,-1,86,84,87,-1,87,84,85,-1,83,82,88,-1,88,82,89,-1,82,84,89,-1,89,84,86,-1,85,83,87,-1,87,83,88,-1,86,87,90,-1,90,87,91,-1,90,91,92,-1,92,91,93,-1,92,93,94,-1,94,93,95,-1,94,95,96,-1,96,95,97,-1,96,97,98,-1,98,97,99,-1,100,101,102,-1,100,102,103,-1,103,102,104,-1,103,104,105,-1,105,104,106,-1,105,106,107,-1,107,106,108,-1,107,108,109,-1,109,108,110,-1,109,110,111,-1,111,110,88,-1,111,88,89,-1,87,88,91,-1,91,88,110,-1,91,110,93,-1,101,99,102,-1,102,99,97,-1,102,97,104,-1,104,97,95,-1,104,95,106,-1,106,95,93,-1,106,93,108,-1,108,93,110,-1,89,86,111,-1,111,86,90,-1,111,90,109,-1,109,90,92,-1,109,92,107,-1,107,92,94,-1,98,100,96,-1,96,100,103,-1,96,103,94,-1,94,103,105,-1,94,105,107,-1,101,112,99,-1,99,112,113,-1,114,115,116,-1,117,118,119,-1,119,118,120,-1,119,120,121,-1,121,120,122,-1,123,124,121,-1,121,124,114,-1,121,114,119,-1,119,114,116,-1,120,118,125,-1,125,118,126,-1,122,120,127,-1,127,120,125,-1,121,122,128,-1,128,122,127,-1,123,121,129,-1,129,121,128,-1,124,123,130,-1,130,123,129,-1,114,124,131,-1,131,124,130,-1,115,114,132,-1,132,114,131,-1,116,115,133,-1,133,115,132,-1,119,116,134,-1,134,116,133,-1,117,119,135,-1,135,119,134,-1,118,117,126,-1,126,117,135,-1,136,137,138,-1,139,140,141,-1,142,143,144,-1,145,146,147,-1,148,149,150,-1,151,152,153,-1,154,155,156,-1,157,158,159,-1,160,161,162,-1,163,164,165,-1,166,167,168,-1,168,169,166,-1,166,169,170,-1,166,170,171,-1,167,166,172,-1,172,166,165,-1,172,165,173,-1,164,174,165,-1,165,174,175,-1,165,175,173,-1,151,153,176,-1,176,153,177,-1,176,177,178,-1,179,180,181,-1,182,183,184,-1,184,183,185,-1,184,185,179,-1,179,185,186,-1,179,186,180,-1,182,184,187,-1,187,184,188,-1,187,188,189,-1,189,188,190,-1,190,188,150,-1,190,150,191,-1,149,192,150,-1,150,192,193,-1,150,193,191,-1,136,138,194,-1,194,138,195,-1,194,195,196,-1,197,198,199,-1,170,200,171,-1,171,200,201,-1,171,201,197,-1,197,201,202,-1,197,202,198,-1,181,178,179,-1,179,178,177,-1,179,177,184,-1,184,177,203,-1,184,203,188,-1,188,203,204,-1,188,204,150,-1,150,204,205,-1,150,205,148,-1,148,205,147,-1,148,147,206,-1,206,147,146,-1,161,207,162,-1,162,207,163,-1,162,163,208,-1,208,163,165,-1,208,165,209,-1,209,165,166,-1,209,166,210,-1,210,166,171,-1,210,171,195,-1,195,171,197,-1,195,197,196,-1,196,197,199,-1,152,154,153,-1,153,154,156,-1,153,156,177,-1,177,156,211,-1,177,211,203,-1,203,211,212,-1,203,212,204,-1,204,212,213,-1,204,213,205,-1,205,213,214,-1,205,214,147,-1,147,214,144,-1,147,144,145,-1,145,144,143,-1,155,157,156,-1,156,157,159,-1,156,159,211,-1,211,159,215,-1,211,215,212,-1,212,215,216,-1,212,216,213,-1,213,216,217,-1,213,217,214,-1,214,217,218,-1,214,218,144,-1,144,218,141,-1,144,141,142,-1,142,141,140,-1,158,160,159,-1,159,160,162,-1,159,162,215,-1,215,162,208,-1,215,208,216,-1,216,208,209,-1,216,209,217,-1,217,209,210,-1,217,210,218,-1,218,210,195,-1,218,195,141,-1,141,195,138,-1,141,138,139,-1,139,138,137,-1,152,151,219,-1,183,182,220,-1,220,182,221,-1,140,139,222,-1,137,136,223,-1,173,175,224,-1,225,226,223,-1,227,228,229,-1,230,231,232,-1,233,230,234,-1,235,233,236,-1,237,235,238,-1,239,237,240,-1,241,242,243,-1,244,241,245,-1,246,247,248,-1,246,228,249,-1,249,228,227,-1,249,227,250,-1,251,252,253,-1,253,252,254,-1,253,254,255,-1,255,254,256,-1,255,256,247,-1,251,257,258,-1,258,257,259,-1,258,259,260,-1,260,259,261,-1,260,261,262,-1,263,226,264,-1,264,226,225,-1,264,225,265,-1,244,266,267,-1,267,266,268,-1,267,268,269,-1,269,268,270,-1,269,270,263,-1,239,271,272,-1,272,271,273,-1,272,273,274,-1,274,273,275,-1,274,275,276,-1,276,275,277,-1,276,277,242,-1,232,231,278,-1,252,279,254,-1,254,279,280,-1,254,280,256,-1,256,280,224,-1,281,258,282,-1,282,258,260,-1,282,260,283,-1,283,260,262,-1,283,262,284,-1,266,285,268,-1,268,285,286,-1,268,286,270,-1,270,286,222,-1,271,220,273,-1,273,220,221,-1,273,221,275,-1,275,221,287,-1,275,287,277,-1,277,287,288,-1,235,236,238,-1,238,236,289,-1,238,289,290,-1,291,232,292,-1,292,232,278,-1,292,278,293,-1,207,161,229,-1,229,161,293,-1,229,293,227,-1,227,293,278,-1,227,278,250,-1,250,278,231,-1,163,294,164,-1,164,294,174,-1,246,248,228,-1,228,248,294,-1,228,294,229,-1,229,294,163,-1,229,163,207,-1,247,256,248,-1,248,256,224,-1,248,224,294,-1,294,224,175,-1,294,175,174,-1,173,224,172,-1,172,224,280,-1,172,280,167,-1,167,280,279,-1,167,279,168,-1,281,170,169,-1,251,258,252,-1,252,258,281,-1,252,281,279,-1,279,281,169,-1,279,169,168,-1,283,202,282,-1,282,202,201,-1,282,201,281,-1,281,201,200,-1,281,200,170,-1,194,196,284,-1,284,196,199,-1,284,199,283,-1,283,199,198,-1,283,198,202,-1,136,194,223,-1,223,194,284,-1,223,284,225,-1,225,284,262,-1,225,262,265,-1,265,262,261,-1,263,270,226,-1,226,270,222,-1,226,222,223,-1,223,222,139,-1,223,139,137,-1,140,222,142,-1,142,222,286,-1,142,286,143,-1,143,286,285,-1,143,285,145,-1,295,206,146,-1,244,245,266,-1,266,245,295,-1,266,295,285,-1,285,295,146,-1,285,146,145,-1,192,149,296,-1,296,149,148,-1,241,243,245,-1,245,243,296,-1,245,296,295,-1,295,296,148,-1,295,148,206,-1,242,277,243,-1,243,277,288,-1,243,288,296,-1,296,288,193,-1,296,193,192,-1,182,187,221,-1,221,187,189,-1,221,189,287,-1,287,189,190,-1,287,190,288,-1,288,190,191,-1,288,191,193,-1,239,240,271,-1,271,240,297,-1,271,297,220,-1,220,297,185,-1,220,185,183,-1,237,238,240,-1,240,238,290,-1,240,290,297,-1,297,290,186,-1,297,186,185,-1,233,234,236,-1,236,234,219,-1,236,219,289,-1,289,219,151,-1,289,151,176,-1,176,178,289,-1,289,178,181,-1,289,181,290,-1,290,181,180,-1,290,180,186,-1,230,232,234,-1,234,232,291,-1,234,291,219,-1,219,291,154,-1,219,154,152,-1,161,160,293,-1,293,160,158,-1,293,158,292,-1,292,158,157,-1,292,157,291,-1,291,157,155,-1,291,155,154,-1,298,299,300,-1,298,301,299,-1,299,301,302,-1,299,302,303,-1,302,304,303,-1,303,304,305,-1,303,305,306,-1,306,305,307,-1,306,307,308,-1,308,307,309,-1,308,309,310,-1,309,311,310,-1,310,311,312,-1,310,312,313,-1,313,312,314,-1,313,314,315,-1,315,314,316,-1,315,316,317,-1,316,318,317,-1,317,318,319,-1,317,319,320,-1,319,321,320,-1,320,321,322,-1,320,322,323,-1,322,324,323,-1,323,324,325,-1,323,325,326,-1,326,325,327,-1,326,327,328,-1,328,327,329,-1,328,329,330,-1,329,331,330,-1,330,331,332,-1,330,332,333,-1,332,334,333,-1,333,334,335,-1,333,335,336,-1,335,337,336,-1,336,337,338,-1,336,338,339,-1,339,338,340,-1,339,340,341,-1,341,340,342,-1,341,342,343,-1,342,344,343,-1,343,344,345,-1,343,345,346,-1,346,345,347,-1,346,347,348,-1,348,347,349,-1,348,349,350,-1,349,351,350,-1,350,351,352,-1,350,352,353,-1,352,354,353,-1,353,354,355,-1,353,355,356,-1,355,357,356,-1,356,357,358,-1,356,358,359,-1,359,358,360,-1,359,360,361,-1,361,360,362,-1,361,362,300,-1,300,362,363,-1,300,363,298,-1,359,364,356,-1,356,364,365,-1,356,365,353,-1,353,365,366,-1,353,366,350,-1,350,366,367,-1,350,367,348,-1,348,367,368,-1,348,368,346,-1,346,368,369,-1,346,369,343,-1,343,369,370,-1,343,370,341,-1,341,370,371,-1,341,371,339,-1,339,371,372,-1,339,372,336,-1,336,372,373,-1,336,373,333,-1,333,373,374,-1,333,374,330,-1,330,374,375,-1,330,375,328,-1,328,375,376,-1,328,376,326,-1,326,376,377,-1,326,377,323,-1,323,377,378,-1,323,378,320,-1,320,378,379,-1,320,379,317,-1,317,379,380,-1,317,380,315,-1,315,380,381,-1,315,381,313,-1,313,381,382,-1,313,382,310,-1,310,382,383,-1,310,383,308,-1,308,383,384,-1,308,384,306,-1,306,384,385,-1,306,385,303,-1,303,385,386,-1,303,386,299,-1,299,386,387,-1,299,387,300,-1,300,387,388,-1,300,388,361,-1,361,388,389,-1,361,389,359,-1,359,389,364,-1,389,390,364,-1,364,390,391,-1,364,391,365,-1,365,391,392,-1,365,392,366,-1,366,392,393,-1,366,393,367,-1,367,393,394,-1,367,394,368,-1,368,394,395,-1,368,395,369,-1,369,395,396,-1,369,396,370,-1,370,396,397,-1,370,397,371,-1,371,397,398,-1,371,398,372,-1,372,398,399,-1,372,399,373,-1,373,399,400,-1,373,400,374,-1,374,400,401,-1,374,401,375,-1,375,401,402,-1,375,402,376,-1,376,402,403,-1,376,403,377,-1,377,403,404,-1,377,404,378,-1,378,404,405,-1,378,405,379,-1,379,405,406,-1,379,406,380,-1,380,406,407,-1,380,407,381,-1,381,407,408,-1,381,408,382,-1,382,408,409,-1,382,409,383,-1,383,409,410,-1,383,410,384,-1,384,410,411,-1,384,411,385,-1,385,411,412,-1,385,412,386,-1,386,412,413,-1,386,413,387,-1,387,413,414,-1,387,414,388,-1,388,414,415,-1,388,415,389,-1,389,415,390,-1,347,345,416,-1,344,342,417,-1,340,338,418,-1,337,335,419,-1,314,312,420,-1,311,309,421,-1,307,305,422,-1,304,302,423,-1,362,360,424,-1,424,360,425,-1,302,301,423,-1,423,301,298,-1,423,298,424,-1,424,298,363,-1,424,363,362,-1,314,420,316,-1,426,319,318,-1,319,426,321,-1,321,426,427,-1,321,427,322,-1,322,427,324,-1,324,427,428,-1,324,428,325,-1,325,428,327,-1,327,428,429,-1,327,429,329,-1,335,334,419,-1,419,334,332,-1,419,332,429,-1,429,332,331,-1,429,331,329,-1,347,416,349,-1,430,354,431,-1,431,354,352,-1,431,352,351,-1,360,358,425,-1,425,358,357,-1,425,357,430,-1,430,357,355,-1,430,355,354,-1,318,316,426,-1,426,316,420,-1,426,420,427,-1,427,420,432,-1,427,432,428,-1,428,432,433,-1,428,433,429,-1,429,433,434,-1,429,434,419,-1,419,434,418,-1,419,418,337,-1,337,418,338,-1,312,311,420,-1,420,311,421,-1,420,421,432,-1,432,421,435,-1,432,435,433,-1,433,435,436,-1,433,436,434,-1,434,436,437,-1,434,437,418,-1,418,437,417,-1,418,417,340,-1,340,417,342,-1,309,307,421,-1,421,307,422,-1,421,422,435,-1,435,422,438,-1,435,438,436,-1,436,438,439,-1,436,439,437,-1,437,439,440,-1,437,440,417,-1,417,440,416,-1,417,416,344,-1,344,416,345,-1,305,304,422,-1,422,304,423,-1,422,423,438,-1,438,423,424,-1,438,424,439,-1,439,424,425,-1,439,425,440,-1,440,425,430,-1,440,430,416,-1,416,430,431,-1,416,431,349,-1,349,431,351,-1,441,442,443,-1,444,445,446,-1,447,448,449,-1,450,451,452,-1,453,454,455,-1,456,457,458,-1,459,460,461,-1,462,463,464,-1,465,466,467,-1,468,469,470,-1,471,472,473,-1,473,474,471,-1,471,474,475,-1,471,475,476,-1,472,471,477,-1,477,471,470,-1,477,470,478,-1,469,479,470,-1,470,479,480,-1,470,480,478,-1,456,458,481,-1,481,458,482,-1,481,482,483,-1,484,485,486,-1,487,488,489,-1,489,488,490,-1,489,490,484,-1,484,490,491,-1,484,491,485,-1,487,489,492,-1,492,489,493,-1,492,493,494,-1,494,493,495,-1,495,493,455,-1,495,455,496,-1,454,497,455,-1,455,497,498,-1,455,498,496,-1,441,443,499,-1,499,443,500,-1,499,500,501,-1,502,503,504,-1,475,505,476,-1,476,505,506,-1,476,506,502,-1,502,506,507,-1,502,507,503,-1,504,501,502,-1,502,501,500,-1,502,500,476,-1,476,500,508,-1,476,508,471,-1,471,508,509,-1,471,509,470,-1,470,509,510,-1,470,510,468,-1,468,510,467,-1,468,467,511,-1,511,467,466,-1,451,512,452,-1,452,512,453,-1,452,453,513,-1,513,453,455,-1,513,455,514,-1,514,455,493,-1,514,493,515,-1,515,493,489,-1,515,489,482,-1,482,489,484,-1,482,484,483,-1,483,484,486,-1,442,444,443,-1,443,444,446,-1,443,446,500,-1,500,446,516,-1,500,516,508,-1,508,516,517,-1,508,517,509,-1,509,517,518,-1,509,518,510,-1,510,518,519,-1,510,519,467,-1,467,519,464,-1,467,464,465,-1,465,464,463,-1,445,447,446,-1,446,447,449,-1,446,449,516,-1,516,449,520,-1,516,520,517,-1,517,520,521,-1,517,521,518,-1,518,521,522,-1,518,522,519,-1,519,522,523,-1,519,523,464,-1,464,523,461,-1,464,461,462,-1,462,461,460,-1,448,450,449,-1,449,450,452,-1,449,452,520,-1,520,452,513,-1,520,513,521,-1,521,513,514,-1,521,514,522,-1,522,514,515,-1,522,515,523,-1,523,515,482,-1,523,482,461,-1,461,482,458,-1,461,458,459,-1,459,458,457,-1,457,456,524,-1,525,526,487,-1,445,444,527,-1,442,441,528,-1,478,480,529,-1,530,531,524,-1,532,533,534,-1,535,536,537,-1,538,539,540,-1,541,538,542,-1,543,541,544,-1,545,546,547,-1,548,545,549,-1,550,548,551,-1,552,550,553,-1,554,552,555,-1,556,557,558,-1,556,533,559,-1,559,533,532,-1,559,532,560,-1,561,562,563,-1,563,562,564,-1,563,564,565,-1,565,564,566,-1,565,566,557,-1,554,555,561,-1,543,567,568,-1,568,567,569,-1,568,569,570,-1,570,569,571,-1,570,571,546,-1,540,539,572,-1,572,539,573,-1,572,573,574,-1,574,573,575,-1,574,575,576,-1,576,575,577,-1,576,577,578,-1,578,577,579,-1,578,579,580,-1,535,531,581,-1,581,531,530,-1,581,530,582,-1,537,536,583,-1,562,584,564,-1,564,584,585,-1,564,585,566,-1,566,585,529,-1,548,549,551,-1,551,549,586,-1,551,586,587,-1,567,588,569,-1,569,588,589,-1,569,589,571,-1,571,589,527,-1,590,540,591,-1,591,540,572,-1,591,572,525,-1,525,572,574,-1,525,574,526,-1,526,574,576,-1,526,576,592,-1,592,576,578,-1,592,578,593,-1,593,578,580,-1,593,580,594,-1,595,537,596,-1,596,537,583,-1,596,583,597,-1,511,466,534,-1,534,466,597,-1,534,597,532,-1,532,597,583,-1,532,583,560,-1,560,583,536,-1,468,598,469,-1,469,598,479,-1,556,558,533,-1,533,558,598,-1,533,598,534,-1,534,598,468,-1,534,468,511,-1,557,566,558,-1,558,566,529,-1,558,529,598,-1,598,529,480,-1,598,480,479,-1,478,529,477,-1,477,529,585,-1,477,585,472,-1,472,585,584,-1,472,584,473,-1,505,475,599,-1,599,475,474,-1,561,555,562,-1,562,555,599,-1,562,599,584,-1,584,599,474,-1,584,474,473,-1,552,553,555,-1,555,553,600,-1,555,600,599,-1,599,600,506,-1,599,506,505,-1,550,551,553,-1,553,551,587,-1,553,587,600,-1,600,587,507,-1,600,507,506,-1,545,547,549,-1,549,547,528,-1,549,528,586,-1,586,528,441,-1,586,441,499,-1,499,501,586,-1,586,501,504,-1,586,504,587,-1,587,504,503,-1,587,503,507,-1,546,571,547,-1,547,571,527,-1,547,527,528,-1,528,527,444,-1,528,444,442,-1,445,527,447,-1,447,527,589,-1,447,589,448,-1,448,589,588,-1,448,588,450,-1,601,512,451,-1,543,544,567,-1,567,544,601,-1,567,601,588,-1,588,601,451,-1,588,451,450,-1,497,454,602,-1,602,454,453,-1,541,542,544,-1,544,542,602,-1,544,602,601,-1,601,602,453,-1,601,453,512,-1,538,540,542,-1,542,540,590,-1,542,590,602,-1,602,590,498,-1,602,498,497,-1,487,492,525,-1,525,492,494,-1,525,494,591,-1,591,494,495,-1,591,495,590,-1,590,495,496,-1,590,496,498,-1,593,491,592,-1,592,491,490,-1,592,490,526,-1,526,490,488,-1,526,488,487,-1,481,483,594,-1,594,483,486,-1,594,486,593,-1,593,486,485,-1,593,485,491,-1,456,481,524,-1,524,481,594,-1,524,594,530,-1,530,594,580,-1,530,580,582,-1,582,580,579,-1,535,537,531,-1,531,537,595,-1,531,595,524,-1,524,595,459,-1,524,459,457,-1,466,465,597,-1,597,465,463,-1,597,463,596,-1,596,463,462,-1,596,462,595,-1,595,462,460,-1,595,460,459,-1,603,604,605,-1,603,606,604,-1,604,606,607,-1,604,607,608,-1,607,609,608,-1,608,609,610,-1,608,610,611,-1,611,610,612,-1,611,612,613,-1,613,612,614,-1,613,614,615,-1,614,616,615,-1,615,616,617,-1,615,617,618,-1,618,617,619,-1,618,619,620,-1,620,619,621,-1,620,621,622,-1,621,623,622,-1,622,623,624,-1,622,624,625,-1,624,626,625,-1,625,626,627,-1,625,627,628,-1,627,629,628,-1,628,629,630,-1,628,630,631,-1,631,630,632,-1,631,632,633,-1,633,632,634,-1,633,634,635,-1,634,636,635,-1,635,636,637,-1,635,637,638,-1,637,639,638,-1,638,639,640,-1,638,640,641,-1,640,642,641,-1,641,642,643,-1,641,643,644,-1,644,643,645,-1,644,645,646,-1,646,645,647,-1,646,647,648,-1,647,649,648,-1,648,649,650,-1,648,650,651,-1,651,650,652,-1,651,652,653,-1,653,652,654,-1,653,654,655,-1,654,656,655,-1,655,656,657,-1,655,657,658,-1,657,659,658,-1,658,659,660,-1,658,660,661,-1,660,662,661,-1,661,662,663,-1,661,663,664,-1,664,663,665,-1,664,665,666,-1,666,665,667,-1,666,667,605,-1,605,667,668,-1,605,668,603,-1,664,669,661,-1,661,669,670,-1,661,670,658,-1,658,670,671,-1,658,671,655,-1,655,671,672,-1,655,672,653,-1,653,672,673,-1,653,673,651,-1,651,673,674,-1,651,674,648,-1,648,674,675,-1,648,675,646,-1,646,675,676,-1,646,676,644,-1,644,676,677,-1,644,677,641,-1,641,677,678,-1,641,678,638,-1,638,678,679,-1,638,679,635,-1,635,679,680,-1,635,680,633,-1,633,680,681,-1,633,681,631,-1,631,681,682,-1,631,682,628,-1,628,682,683,-1,628,683,625,-1,625,683,684,-1,625,684,622,-1,622,684,685,-1,622,685,620,-1,620,685,686,-1,620,686,618,-1,618,686,687,-1,618,687,615,-1,615,687,688,-1,615,688,613,-1,613,688,689,-1,613,689,611,-1,611,689,690,-1,611,690,608,-1,608,690,691,-1,608,691,604,-1,604,691,692,-1,604,692,605,-1,605,692,693,-1,605,693,666,-1,666,693,694,-1,666,694,664,-1,664,694,669,-1,694,695,669,-1,669,695,696,-1,669,696,670,-1,670,696,697,-1,670,697,671,-1,671,697,698,-1,671,698,672,-1,672,698,699,-1,672,699,673,-1,673,699,700,-1,673,700,674,-1,674,700,701,-1,674,701,675,-1,675,701,702,-1,675,702,676,-1,676,702,703,-1,676,703,677,-1,677,703,704,-1,677,704,678,-1,678,704,705,-1,678,705,679,-1,679,705,706,-1,679,706,680,-1,680,706,707,-1,680,707,681,-1,681,707,708,-1,681,708,682,-1,682,708,709,-1,682,709,683,-1,683,709,710,-1,683,710,684,-1,684,710,711,-1,684,711,685,-1,685,711,712,-1,685,712,686,-1,686,712,713,-1,686,713,687,-1,687,713,714,-1,687,714,688,-1,688,714,715,-1,688,715,689,-1,689,715,716,-1,689,716,690,-1,690,716,717,-1,690,717,691,-1,691,717,718,-1,691,718,692,-1,692,718,719,-1,692,719,693,-1,693,719,720,-1,693,720,694,-1,694,720,695,-1,652,650,721,-1,649,647,722,-1,645,643,723,-1,642,640,724,-1,619,617,725,-1,616,614,726,-1,612,610,727,-1,609,607,728,-1,667,665,729,-1,729,665,730,-1,607,606,728,-1,728,606,603,-1,728,603,729,-1,729,603,668,-1,729,668,667,-1,619,725,621,-1,731,624,623,-1,624,731,626,-1,626,731,732,-1,626,732,627,-1,627,732,629,-1,629,732,733,-1,629,733,630,-1,630,733,632,-1,632,733,734,-1,632,734,634,-1,640,639,724,-1,724,639,637,-1,724,637,734,-1,734,637,636,-1,734,636,634,-1,652,721,654,-1,735,659,736,-1,736,659,657,-1,736,657,656,-1,665,663,730,-1,730,663,662,-1,730,662,735,-1,735,662,660,-1,735,660,659,-1,656,654,736,-1,736,654,721,-1,736,721,735,-1,735,721,737,-1,735,737,730,-1,730,737,738,-1,730,738,729,-1,729,738,739,-1,729,739,728,-1,728,739,727,-1,728,727,609,-1,609,727,610,-1,650,649,721,-1,721,649,722,-1,721,722,737,-1,737,722,740,-1,737,740,738,-1,738,740,741,-1,738,741,739,-1,739,741,742,-1,739,742,727,-1,727,742,726,-1,727,726,612,-1,612,726,614,-1,647,645,722,-1,722,645,723,-1,722,723,740,-1,740,723,743,-1,740,743,741,-1,741,743,744,-1,741,744,742,-1,742,744,745,-1,742,745,726,-1,726,745,725,-1,726,725,616,-1,616,725,617,-1,643,642,723,-1,723,642,724,-1,723,724,743,-1,743,724,734,-1,743,734,744,-1,744,734,733,-1,744,733,745,-1,745,733,732,-1,745,732,725,-1,725,732,731,-1,725,731,621,-1,621,731,623,-1,746,747,748,-1,748,747,749,-1,21,23,750,-1,750,23,749,-1,750,749,81,-1,81,749,747,-1,81,747,68,-1,68,747,69,-1,24,22,751,-1,66,67,80,-1,80,67,746,-1,80,746,751,-1,751,746,748,-1,751,748,24,-1,21,750,22,-1,22,750,751,-1,69,747,67,-1,67,747,746,-1,28,19,752,-1,753,749,23,-1,28,754,26,-1,26,754,753,-1,26,753,25,-1,25,753,23,-1,28,752,754,-1,754,752,755,-1,754,755,756,-1,756,755,757,-1,756,757,758,-1,758,757,759,-1,758,759,760,-1,760,759,761,-1,760,761,762,-1,762,761,763,-1,762,763,764,-1,764,763,765,-1,764,765,766,-1,766,765,767,-1,766,767,768,-1,768,767,769,-1,768,769,770,-1,770,769,771,-1,770,771,772,-1,772,771,773,-1,772,773,774,-1,24,748,31,-1,31,748,775,-1,31,775,32,-1,32,775,776,-1,32,776,33,-1,33,776,27,-1,27,776,777,-1,27,777,29,-1,29,777,30,-1,30,777,778,-1,30,778,20,-1,20,778,17,-1,17,778,779,-1,17,779,18,-1,780,781,782,-1,782,781,783,-1,782,783,784,-1,784,783,785,-1,784,785,786,-1,786,785,787,-1,786,787,788,-1,788,787,789,-1,788,789,790,-1,790,789,791,-1,790,791,792,-1,792,791,793,-1,792,793,779,-1,779,793,794,-1,779,794,18,-1,752,19,18,-1,752,18,755,-1,781,773,783,-1,783,773,771,-1,783,771,785,-1,785,771,769,-1,785,769,787,-1,787,769,767,-1,787,767,789,-1,789,767,765,-1,789,765,791,-1,791,765,763,-1,791,763,793,-1,793,763,761,-1,793,761,794,-1,794,761,759,-1,794,759,18,-1,18,759,757,-1,18,757,755,-1,748,749,775,-1,775,749,753,-1,775,753,776,-1,776,753,754,-1,776,754,777,-1,777,754,756,-1,777,756,778,-1,778,756,758,-1,778,758,779,-1,779,758,760,-1,779,760,792,-1,792,760,762,-1,792,762,790,-1,790,762,764,-1,790,764,788,-1,788,764,766,-1,788,766,786,-1,786,766,768,-1,786,768,784,-1,784,768,770,-1,784,770,782,-1,782,770,772,-1,782,772,780,-1,780,772,774,-1,8,6,795,-1,101,100,112,-1,112,100,796,-1,112,796,795,-1,795,796,797,-1,795,797,8,-1,796,798,797,-1,797,798,799,-1,5,7,800,-1,800,7,799,-1,800,799,113,-1,113,799,798,-1,113,798,99,-1,99,798,98,-1,112,795,113,-1,113,795,800,-1,5,800,6,-1,6,800,795,-1,98,798,100,-1,100,798,796,-1,8,797,10,-1,10,797,801,-1,10,801,12,-1,12,801,14,-1,14,801,802,-1,14,802,2,-1,2,802,803,-1,803,802,804,-1,803,804,805,-1,805,804,806,-1,805,806,807,-1,807,806,808,-1,807,808,809,-1,809,808,810,-1,809,810,811,-1,811,810,812,-1,811,812,813,-1,813,812,814,-1,813,814,815,-1,815,814,816,-1,815,816,817,-1,817,816,818,-1,817,818,819,-1,819,818,820,-1,819,820,821,-1,821,820,822,-1,821,822,823,-1,1,0,824,-1,825,826,3,-1,827,16,826,-1,826,16,4,-1,826,4,3,-1,9,11,828,-1,828,11,13,-1,828,13,827,-1,827,13,15,-1,827,15,16,-1,828,829,9,-1,9,829,799,-1,9,799,7,-1,3,1,825,-1,825,1,824,-1,825,824,830,-1,830,824,831,-1,830,831,832,-1,832,831,833,-1,832,833,834,-1,834,833,835,-1,834,835,836,-1,836,835,837,-1,836,837,838,-1,838,837,839,-1,838,839,840,-1,840,839,841,-1,840,841,842,-1,842,841,843,-1,0,2,803,-1,823,843,821,-1,821,843,841,-1,821,841,819,-1,819,841,839,-1,819,839,817,-1,817,839,837,-1,817,837,815,-1,815,837,835,-1,815,835,813,-1,813,835,833,-1,813,833,811,-1,811,833,831,-1,811,831,809,-1,809,831,824,-1,809,824,807,-1,807,824,0,-1,807,0,805,-1,805,0,803,-1,842,822,840,-1,840,822,820,-1,840,820,838,-1,838,820,818,-1,838,818,836,-1,836,818,816,-1,836,816,834,-1,834,816,814,-1,834,814,832,-1,832,814,812,-1,832,812,830,-1,830,812,810,-1,830,810,825,-1,825,810,808,-1,825,808,826,-1,826,808,806,-1,826,806,827,-1,827,806,804,-1,827,804,828,-1,828,804,802,-1,828,802,829,-1,829,802,801,-1,829,801,799,-1,799,801,797,-1,844,843,845,-1,845,843,823,-1,40,846,38,-1,38,846,847,-1,36,848,34,-1,34,848,849,-1,848,850,849,-1,849,850,851,-1,850,852,851,-1,851,852,853,-1,852,854,853,-1,853,854,855,-1,856,857,858,-1,858,857,859,-1,858,859,860,-1,860,859,861,-1,860,861,862,-1,862,861,863,-1,862,863,864,-1,864,863,865,-1,864,865,866,-1,866,865,867,-1,866,867,868,-1,868,867,869,-1,868,869,870,-1,870,869,871,-1,870,871,872,-1,872,871,873,-1,872,873,874,-1,874,873,875,-1,874,875,876,-1,876,875,877,-1,876,877,878,-1,878,877,879,-1,878,879,854,-1,854,879,855,-1,857,856,842,-1,842,856,822,-1,39,37,41,-1,41,37,35,-1,880,881,882,-1,880,882,883,-1,883,882,884,-1,883,884,885,-1,885,884,886,-1,885,886,887,-1,887,886,888,-1,887,888,889,-1,889,888,890,-1,889,890,891,-1,891,890,892,-1,891,892,893,-1,893,892,845,-1,893,845,847,-1,846,844,894,-1,894,844,895,-1,894,895,896,-1,896,895,897,-1,896,897,898,-1,898,897,899,-1,898,899,900,-1,900,899,901,-1,900,901,902,-1,902,901,903,-1,902,903,904,-1,904,903,905,-1,897,888,899,-1,899,888,886,-1,899,886,901,-1,901,886,884,-1,901,884,903,-1,903,884,882,-1,903,882,905,-1,905,882,881,-1,844,845,895,-1,895,845,892,-1,895,892,897,-1,897,892,890,-1,897,890,888,-1,847,846,893,-1,893,846,894,-1,893,894,891,-1,891,894,896,-1,891,896,889,-1,889,896,898,-1,904,880,902,-1,902,880,883,-1,902,883,900,-1,900,883,885,-1,900,885,898,-1,898,885,887,-1,898,887,889,-1,48,906,46,-1,46,906,907,-1,781,908,773,-1,773,908,909,-1,43,910,45,-1,45,910,911,-1,47,42,49,-1,49,42,44,-1,912,913,774,-1,774,913,780,-1,914,915,916,-1,916,915,917,-1,916,917,918,-1,918,917,919,-1,918,919,920,-1,920,919,921,-1,920,921,922,-1,922,921,923,-1,922,923,924,-1,924,923,925,-1,924,925,926,-1,926,925,927,-1,926,927,928,-1,928,927,929,-1,928,929,930,-1,930,929,931,-1,930,931,932,-1,932,931,933,-1,932,933,934,-1,934,933,935,-1,934,935,936,-1,936,935,937,-1,936,937,912,-1,912,937,913,-1,914,938,915,-1,915,938,939,-1,938,940,939,-1,939,940,941,-1,940,911,941,-1,941,911,910,-1,942,943,944,-1,942,944,945,-1,945,944,946,-1,945,946,947,-1,947,946,948,-1,947,948,949,-1,949,948,950,-1,949,950,951,-1,951,950,952,-1,951,952,953,-1,953,952,906,-1,953,906,909,-1,908,907,954,-1,954,907,955,-1,954,955,956,-1,956,955,957,-1,956,957,958,-1,958,957,959,-1,958,959,960,-1,960,959,961,-1,960,961,962,-1,962,961,963,-1,962,963,964,-1,964,963,965,-1,964,942,962,-1,962,942,945,-1,962,945,960,-1,960,945,947,-1,960,947,958,-1,958,947,949,-1,958,949,956,-1,956,949,951,-1,956,951,954,-1,954,951,953,-1,954,953,908,-1,908,953,909,-1,907,906,955,-1,955,906,952,-1,955,952,957,-1,957,952,950,-1,957,950,959,-1,959,950,948,-1,959,948,961,-1,961,948,946,-1,961,946,963,-1,963,946,944,-1,963,944,965,-1,965,944,943,-1,965,943,904,-1,904,943,880,-1,126,881,880,-1,881,126,942,-1,132,131,130,-1,129,128,127,-1,126,135,942,-1,942,135,134,-1,942,134,133,-1,133,132,942,-1,942,132,130,-1,942,130,943,-1,130,129,943,-1,943,129,127,-1,943,127,880,-1,880,127,125,-1,880,125,126,-1,905,964,904,-1,904,964,965,-1,964,905,942,-1,942,905,881,-1,858,860,845,-1,845,860,862,-1,845,862,864,-1,852,850,854,-1,854,850,848,-1,854,848,878,-1,823,822,845,-1,845,822,856,-1,845,856,858,-1,864,866,845,-1,845,866,868,-1,845,868,847,-1,699,698,870,-1,870,698,697,-1,870,697,696,-1,36,704,703,-1,870,872,699,-1,699,872,874,-1,699,874,848,-1,848,874,876,-1,848,876,878,-1,37,706,36,-1,36,706,705,-1,36,705,704,-1,703,702,36,-1,36,702,701,-1,36,701,848,-1,848,701,700,-1,848,700,699,-1,717,716,847,-1,847,713,38,-1,38,713,712,-1,38,712,711,-1,711,710,38,-1,38,710,709,-1,38,709,39,-1,39,709,708,-1,39,708,37,-1,37,708,707,-1,37,707,706,-1,696,695,870,-1,870,695,720,-1,870,720,868,-1,868,720,719,-1,868,719,847,-1,847,719,718,-1,847,718,717,-1,716,715,847,-1,847,715,714,-1,847,714,713,-1,875,849,877,-1,877,849,879,-1,865,863,844,-1,842,843,857,-1,857,843,844,-1,851,853,849,-1,849,853,855,-1,849,855,879,-1,863,861,844,-1,844,861,859,-1,844,859,857,-1,873,871,846,-1,846,871,869,-1,846,869,844,-1,844,869,867,-1,844,867,865,-1,846,563,565,-1,582,579,849,-1,545,548,40,-1,40,548,550,-1,565,557,846,-1,846,557,556,-1,846,556,873,-1,873,556,559,-1,873,559,875,-1,582,849,581,-1,559,560,875,-1,875,560,536,-1,875,536,849,-1,849,536,535,-1,849,535,581,-1,539,538,34,-1,34,538,541,-1,34,541,35,-1,579,577,849,-1,849,577,575,-1,849,575,34,-1,34,575,573,-1,34,573,539,-1,541,543,35,-1,35,543,568,-1,35,568,41,-1,41,568,570,-1,41,570,40,-1,40,570,546,-1,40,546,545,-1,550,552,40,-1,40,552,554,-1,40,554,846,-1,846,554,561,-1,846,561,563,-1,916,918,911,-1,774,773,912,-1,912,773,909,-1,912,909,936,-1,940,938,911,-1,911,938,914,-1,911,914,916,-1,922,924,906,-1,906,924,926,-1,906,926,909,-1,909,926,928,-1,909,928,930,-1,930,932,909,-1,909,932,934,-1,909,934,936,-1,48,399,398,-1,398,397,48,-1,48,397,396,-1,48,396,906,-1,396,395,906,-1,906,395,394,-1,906,394,393,-1,918,920,911,-1,911,920,414,-1,911,414,413,-1,413,412,911,-1,911,412,411,-1,911,411,410,-1,406,405,45,-1,45,405,404,-1,45,404,44,-1,404,403,44,-1,44,403,402,-1,44,402,49,-1,49,402,401,-1,49,401,48,-1,48,401,400,-1,48,400,399,-1,393,392,906,-1,906,392,391,-1,906,391,922,-1,922,391,390,-1,922,390,920,-1,920,390,415,-1,920,415,414,-1,410,409,911,-1,911,409,408,-1,911,408,45,-1,45,408,407,-1,45,407,406,-1,939,941,915,-1,915,941,910,-1,915,910,917,-1,937,935,908,-1,908,935,933,-1,908,933,931,-1,253,255,925,-1,925,255,247,-1,925,247,246,-1,931,929,908,-1,908,929,927,-1,908,927,907,-1,781,780,908,-1,908,780,913,-1,908,913,937,-1,264,265,43,-1,43,265,261,-1,42,269,43,-1,43,269,263,-1,43,263,264,-1,925,923,253,-1,253,923,921,-1,253,921,910,-1,910,921,919,-1,910,919,917,-1,233,235,907,-1,907,235,237,-1,276,242,46,-1,46,242,241,-1,46,241,47,-1,47,241,244,-1,47,244,42,-1,42,244,267,-1,42,267,269,-1,261,259,43,-1,43,259,257,-1,43,257,910,-1,910,257,251,-1,910,251,253,-1,246,249,925,-1,925,249,250,-1,925,250,927,-1,927,250,231,-1,927,231,907,-1,907,231,230,-1,907,230,233,-1,237,239,907,-1,907,239,272,-1,907,272,46,-1,46,272,274,-1,46,274,276,-1,751,750,80,-1,80,750,81,-1,966,967,968,-1,968,967,969,-1,968,969,970,-1,971,972,973,-1,973,972,974,-1,973,974,975,-1,975,974,976,-1,975,976,977,-1,977,976,978,-1,977,978,979,-1,979,978,980,-1,979,980,981,-1,981,980,968,-1,981,968,982,-1,982,968,970,-1,983,984,985,-1,983,985,986,-1,987,988,989,-1,989,988,990,-1,989,990,991,-1,992,993,994,-1,994,993,995,-1,994,995,985,-1,985,995,996,-1,985,996,986,-1,990,997,991,-1,991,997,998,-1,991,998,992,-1,992,998,999,-1,992,999,993,-1,1000,1001,1002,-1,1002,1001,1003,-1,1004,1005,1006,-1,1006,1005,1007,-1,1008,1009,1010,-1,1010,1009,1011,-1,1012,1013,1014,-1,1014,1013,1015,-1,1016,1017,1018,-1,1018,1017,1019,-1,1020,1018,1021,-1,1021,1018,1019,-1,1017,1016,1022,-1,1022,1016,1023,-1,1023,1016,1020,-1,1020,1016,1018,-1,1021,1019,1022,-1,1022,1019,1017,-1,1020,1021,1024,-1,1024,1021,1025,-1,1024,1025,1026,-1,1026,1025,1027,-1,1026,1027,1028,-1,1028,1027,1029,-1,1028,1029,1030,-1,1030,1029,1031,-1,1030,1031,1032,-1,1032,1031,1033,-1,1034,1035,1036,-1,1034,1036,1037,-1,1037,1036,1038,-1,1037,1038,1039,-1,1039,1038,1040,-1,1039,1040,1041,-1,1041,1040,1042,-1,1041,1042,1043,-1,1043,1042,1044,-1,1043,1044,1045,-1,1045,1044,1022,-1,1045,1022,1023,-1,1021,1022,1025,-1,1025,1022,1044,-1,1025,1044,1027,-1,1035,1033,1036,-1,1036,1033,1031,-1,1036,1031,1038,-1,1038,1031,1029,-1,1038,1029,1040,-1,1040,1029,1027,-1,1040,1027,1042,-1,1042,1027,1044,-1,1032,1034,1030,-1,1030,1034,1037,-1,1030,1037,1028,-1,1023,1020,1045,-1,1045,1020,1024,-1,1045,1024,1043,-1,1043,1024,1026,-1,1043,1026,1041,-1,1041,1026,1028,-1,1041,1028,1039,-1,1039,1028,1037,-1,1032,1046,1034,-1,1034,1046,1047,-1,1048,1049,1050,-1,1050,1049,1051,-1,1052,1050,1053,-1,1053,1050,1051,-1,1049,1048,1054,-1,1054,1048,1055,-1,1048,1050,1055,-1,1055,1050,1052,-1,1051,1049,1053,-1,1053,1049,1054,-1,1052,1053,1056,-1,1056,1053,1057,-1,1056,1057,1058,-1,1058,1057,1059,-1,1058,1059,1060,-1,1060,1059,1061,-1,1060,1061,1062,-1,1062,1061,1063,-1,1062,1063,1064,-1,1064,1063,1065,-1,1066,1067,1068,-1,1066,1068,1069,-1,1069,1068,1070,-1,1069,1070,1071,-1,1071,1070,1072,-1,1071,1072,1073,-1,1073,1072,1074,-1,1073,1074,1075,-1,1075,1074,1076,-1,1075,1076,1077,-1,1077,1076,1054,-1,1077,1054,1055,-1,1053,1054,1057,-1,1057,1054,1076,-1,1057,1076,1059,-1,1067,1065,1068,-1,1068,1065,1063,-1,1068,1063,1070,-1,1070,1063,1061,-1,1070,1061,1072,-1,1072,1061,1059,-1,1072,1059,1074,-1,1074,1059,1076,-1,1055,1052,1077,-1,1077,1052,1056,-1,1077,1056,1075,-1,1075,1056,1058,-1,1075,1058,1073,-1,1073,1058,1060,-1,1064,1066,1062,-1,1062,1066,1069,-1,1062,1069,1060,-1,1060,1069,1071,-1,1060,1071,1073,-1,1067,1078,1065,-1,1065,1078,1079,-1,1080,1081,1082,-1,1083,1084,1085,-1,1085,1084,1086,-1,1085,1086,1087,-1,1087,1086,1088,-1,1089,1090,1087,-1,1087,1090,1080,-1,1087,1080,1085,-1,1085,1080,1082,-1,1086,1084,1091,-1,1091,1084,1092,-1,1088,1086,1093,-1,1093,1086,1091,-1,1087,1088,1094,-1,1094,1088,1093,-1,1089,1087,1095,-1,1095,1087,1094,-1,1090,1089,1096,-1,1096,1089,1095,-1,1080,1090,1097,-1,1097,1090,1096,-1,1081,1080,1098,-1,1098,1080,1097,-1,1082,1081,1099,-1,1099,1081,1098,-1,1085,1082,1100,-1,1100,1082,1099,-1,1083,1085,1101,-1,1101,1085,1100,-1,1084,1083,1092,-1,1092,1083,1101,-1,1102,1103,1104,-1,1105,1106,1107,-1,1108,1109,1110,-1,1111,1112,1113,-1,1114,1115,1116,-1,1117,1118,1119,-1,1120,1121,1122,-1,1123,1124,1125,-1,1126,1127,1128,-1,1129,1130,1131,-1,1132,1133,1134,-1,1134,1135,1132,-1,1132,1135,1136,-1,1132,1136,1137,-1,1133,1132,1138,-1,1138,1132,1131,-1,1138,1131,1139,-1,1130,1140,1131,-1,1131,1140,1141,-1,1131,1141,1139,-1,1117,1119,1142,-1,1142,1119,1143,-1,1142,1143,1144,-1,1145,1146,1147,-1,1148,1149,1150,-1,1150,1149,1151,-1,1150,1151,1145,-1,1145,1151,1152,-1,1145,1152,1146,-1,1148,1150,1153,-1,1153,1150,1154,-1,1153,1154,1155,-1,1155,1154,1156,-1,1156,1154,1116,-1,1156,1116,1157,-1,1115,1158,1116,-1,1116,1158,1159,-1,1116,1159,1157,-1,1102,1104,1160,-1,1160,1104,1161,-1,1160,1161,1162,-1,1163,1164,1165,-1,1136,1166,1137,-1,1137,1166,1167,-1,1137,1167,1163,-1,1163,1167,1168,-1,1163,1168,1164,-1,1147,1144,1145,-1,1145,1144,1143,-1,1145,1143,1150,-1,1150,1143,1169,-1,1150,1169,1154,-1,1154,1169,1170,-1,1154,1170,1116,-1,1116,1170,1171,-1,1116,1171,1114,-1,1114,1171,1113,-1,1114,1113,1172,-1,1172,1113,1112,-1,1127,1173,1128,-1,1128,1173,1129,-1,1128,1129,1174,-1,1174,1129,1131,-1,1174,1131,1175,-1,1175,1131,1132,-1,1175,1132,1176,-1,1176,1132,1137,-1,1176,1137,1161,-1,1161,1137,1163,-1,1161,1163,1162,-1,1162,1163,1165,-1,1118,1120,1119,-1,1119,1120,1122,-1,1119,1122,1143,-1,1143,1122,1177,-1,1143,1177,1169,-1,1169,1177,1178,-1,1169,1178,1170,-1,1170,1178,1179,-1,1170,1179,1171,-1,1171,1179,1180,-1,1171,1180,1113,-1,1113,1180,1110,-1,1113,1110,1111,-1,1111,1110,1109,-1,1121,1123,1122,-1,1122,1123,1125,-1,1122,1125,1177,-1,1177,1125,1181,-1,1177,1181,1178,-1,1178,1181,1182,-1,1178,1182,1179,-1,1179,1182,1183,-1,1179,1183,1180,-1,1180,1183,1184,-1,1180,1184,1110,-1,1110,1184,1107,-1,1110,1107,1108,-1,1108,1107,1106,-1,1124,1126,1125,-1,1125,1126,1128,-1,1125,1128,1181,-1,1181,1128,1174,-1,1181,1174,1182,-1,1182,1174,1175,-1,1182,1175,1183,-1,1183,1175,1176,-1,1183,1176,1184,-1,1184,1176,1161,-1,1184,1161,1107,-1,1107,1161,1104,-1,1107,1104,1105,-1,1105,1104,1103,-1,1118,1117,1185,-1,1186,1187,1148,-1,1106,1105,1188,-1,1103,1102,1189,-1,1139,1141,1190,-1,1191,1192,1185,-1,1193,1194,1195,-1,1196,1197,1198,-1,1199,1200,1201,-1,1202,1199,1203,-1,1204,1202,1205,-1,1206,1207,1208,-1,1209,1206,1210,-1,1211,1209,1212,-1,1213,1211,1214,-1,1215,1213,1216,-1,1217,1218,1219,-1,1217,1194,1220,-1,1220,1194,1193,-1,1220,1193,1221,-1,1222,1223,1224,-1,1224,1223,1225,-1,1224,1225,1226,-1,1226,1225,1227,-1,1226,1227,1218,-1,1215,1216,1222,-1,1204,1228,1229,-1,1229,1228,1230,-1,1229,1230,1231,-1,1231,1230,1232,-1,1231,1232,1207,-1,1201,1200,1233,-1,1233,1200,1234,-1,1233,1234,1235,-1,1235,1234,1236,-1,1235,1236,1237,-1,1237,1236,1238,-1,1237,1238,1239,-1,1239,1238,1240,-1,1239,1240,1241,-1,1196,1192,1242,-1,1242,1192,1191,-1,1242,1191,1243,-1,1198,1197,1244,-1,1223,1245,1225,-1,1225,1245,1246,-1,1225,1246,1227,-1,1227,1246,1190,-1,1209,1210,1212,-1,1212,1210,1247,-1,1212,1247,1248,-1,1228,1249,1230,-1,1230,1249,1250,-1,1230,1250,1232,-1,1232,1250,1188,-1,1251,1201,1252,-1,1252,1201,1233,-1,1252,1233,1186,-1,1186,1233,1235,-1,1186,1235,1187,-1,1187,1235,1237,-1,1187,1237,1253,-1,1253,1237,1239,-1,1253,1239,1254,-1,1254,1239,1241,-1,1254,1241,1255,-1,1256,1198,1257,-1,1257,1198,1244,-1,1257,1244,1258,-1,1173,1127,1195,-1,1195,1127,1258,-1,1195,1258,1193,-1,1193,1258,1244,-1,1193,1244,1221,-1,1221,1244,1197,-1,1140,1130,1259,-1,1259,1130,1129,-1,1217,1219,1194,-1,1194,1219,1259,-1,1194,1259,1195,-1,1195,1259,1129,-1,1195,1129,1173,-1,1218,1227,1219,-1,1219,1227,1190,-1,1219,1190,1259,-1,1259,1190,1141,-1,1259,1141,1140,-1,1139,1190,1138,-1,1138,1190,1246,-1,1138,1246,1133,-1,1133,1246,1245,-1,1133,1245,1134,-1,1166,1136,1260,-1,1260,1136,1135,-1,1222,1216,1223,-1,1223,1216,1260,-1,1223,1260,1245,-1,1245,1260,1135,-1,1245,1135,1134,-1,1213,1214,1216,-1,1216,1214,1261,-1,1216,1261,1260,-1,1260,1261,1167,-1,1260,1167,1166,-1,1211,1212,1214,-1,1214,1212,1248,-1,1214,1248,1261,-1,1261,1248,1168,-1,1261,1168,1167,-1,1206,1208,1210,-1,1210,1208,1189,-1,1210,1189,1247,-1,1247,1189,1102,-1,1247,1102,1160,-1,1160,1162,1247,-1,1247,1162,1165,-1,1247,1165,1248,-1,1248,1165,1164,-1,1248,1164,1168,-1,1207,1232,1208,-1,1208,1232,1188,-1,1208,1188,1189,-1,1189,1188,1105,-1,1189,1105,1103,-1,1106,1188,1108,-1,1108,1188,1250,-1,1108,1250,1109,-1,1109,1250,1249,-1,1109,1249,1111,-1,1262,1172,1112,-1,1204,1205,1228,-1,1228,1205,1262,-1,1228,1262,1249,-1,1249,1262,1112,-1,1249,1112,1111,-1,1158,1115,1263,-1,1263,1115,1114,-1,1202,1203,1205,-1,1205,1203,1263,-1,1205,1263,1262,-1,1262,1263,1114,-1,1262,1114,1172,-1,1199,1201,1203,-1,1203,1201,1251,-1,1203,1251,1263,-1,1263,1251,1159,-1,1263,1159,1158,-1,1148,1153,1186,-1,1186,1153,1155,-1,1186,1155,1252,-1,1252,1155,1156,-1,1252,1156,1251,-1,1251,1156,1157,-1,1251,1157,1159,-1,1254,1152,1253,-1,1253,1152,1151,-1,1253,1151,1187,-1,1187,1151,1149,-1,1187,1149,1148,-1,1142,1144,1255,-1,1255,1144,1147,-1,1255,1147,1254,-1,1254,1147,1146,-1,1254,1146,1152,-1,1117,1142,1185,-1,1185,1142,1255,-1,1185,1255,1191,-1,1191,1255,1241,-1,1191,1241,1243,-1,1243,1241,1240,-1,1196,1198,1192,-1,1192,1198,1256,-1,1192,1256,1185,-1,1185,1256,1120,-1,1185,1120,1118,-1,1127,1126,1258,-1,1258,1126,1124,-1,1258,1124,1257,-1,1257,1124,1123,-1,1257,1123,1256,-1,1256,1123,1121,-1,1256,1121,1120,-1,1264,1265,1266,-1,1264,1267,1265,-1,1265,1267,1268,-1,1265,1268,1269,-1,1268,1270,1269,-1,1269,1270,1271,-1,1269,1271,1272,-1,1272,1271,1273,-1,1272,1273,1274,-1,1274,1273,1275,-1,1274,1275,1276,-1,1275,1277,1276,-1,1276,1277,1278,-1,1276,1278,1279,-1,1279,1278,1280,-1,1279,1280,1281,-1,1281,1280,1282,-1,1281,1282,1283,-1,1282,1284,1283,-1,1283,1284,1285,-1,1283,1285,1286,-1,1285,1287,1286,-1,1286,1287,1288,-1,1286,1288,1289,-1,1288,1290,1289,-1,1289,1290,1291,-1,1289,1291,1292,-1,1292,1291,1293,-1,1292,1293,1294,-1,1294,1293,1295,-1,1294,1295,1296,-1,1295,1297,1296,-1,1296,1297,1298,-1,1296,1298,1299,-1,1298,1300,1299,-1,1299,1300,1301,-1,1299,1301,1302,-1,1301,1303,1302,-1,1302,1303,1304,-1,1302,1304,1305,-1,1305,1304,1306,-1,1305,1306,1307,-1,1307,1306,1308,-1,1307,1308,1309,-1,1308,1310,1309,-1,1309,1310,1311,-1,1309,1311,1312,-1,1312,1311,1313,-1,1312,1313,1314,-1,1314,1313,1315,-1,1314,1315,1316,-1,1315,1317,1316,-1,1316,1317,1318,-1,1316,1318,1319,-1,1318,1320,1319,-1,1319,1320,1321,-1,1319,1321,1322,-1,1321,1323,1322,-1,1322,1323,1324,-1,1322,1324,1325,-1,1325,1324,1326,-1,1325,1326,1327,-1,1327,1326,1328,-1,1327,1328,1266,-1,1266,1328,1329,-1,1266,1329,1264,-1,1325,1330,1322,-1,1322,1330,1331,-1,1322,1331,1319,-1,1319,1331,1332,-1,1319,1332,1316,-1,1316,1332,1333,-1,1316,1333,1314,-1,1314,1333,1334,-1,1314,1334,1312,-1,1312,1334,1335,-1,1312,1335,1309,-1,1309,1335,1336,-1,1309,1336,1307,-1,1307,1336,1337,-1,1307,1337,1305,-1,1305,1337,1338,-1,1305,1338,1302,-1,1302,1338,1339,-1,1302,1339,1299,-1,1299,1339,1340,-1,1299,1340,1296,-1,1296,1340,1341,-1,1296,1341,1294,-1,1294,1341,1342,-1,1294,1342,1292,-1,1292,1342,1343,-1,1292,1343,1289,-1,1289,1343,1344,-1,1289,1344,1286,-1,1286,1344,1345,-1,1286,1345,1283,-1,1283,1345,1346,-1,1283,1346,1281,-1,1281,1346,1347,-1,1281,1347,1279,-1,1279,1347,1348,-1,1279,1348,1276,-1,1276,1348,1349,-1,1276,1349,1274,-1,1274,1349,1350,-1,1274,1350,1272,-1,1272,1350,1351,-1,1272,1351,1269,-1,1269,1351,1352,-1,1269,1352,1265,-1,1265,1352,1353,-1,1265,1353,1266,-1,1266,1353,1354,-1,1266,1354,1327,-1,1327,1354,1355,-1,1327,1355,1325,-1,1325,1355,1330,-1,1355,1356,1330,-1,1330,1356,1357,-1,1330,1357,1331,-1,1331,1357,1358,-1,1331,1358,1332,-1,1332,1358,1359,-1,1332,1359,1333,-1,1333,1359,1360,-1,1333,1360,1334,-1,1334,1360,1361,-1,1334,1361,1335,-1,1335,1361,1362,-1,1335,1362,1336,-1,1336,1362,1363,-1,1336,1363,1337,-1,1337,1363,1364,-1,1337,1364,1338,-1,1338,1364,1365,-1,1338,1365,1339,-1,1339,1365,1366,-1,1339,1366,1340,-1,1340,1366,1367,-1,1340,1367,1341,-1,1341,1367,1368,-1,1341,1368,1342,-1,1342,1368,1369,-1,1342,1369,1343,-1,1343,1369,1370,-1,1343,1370,1344,-1,1344,1370,1371,-1,1344,1371,1345,-1,1345,1371,1372,-1,1345,1372,1346,-1,1346,1372,1373,-1,1346,1373,1347,-1,1347,1373,1374,-1,1347,1374,1348,-1,1348,1374,1375,-1,1348,1375,1349,-1,1349,1375,1376,-1,1349,1376,1350,-1,1350,1376,1377,-1,1350,1377,1351,-1,1351,1377,1378,-1,1351,1378,1352,-1,1352,1378,1379,-1,1352,1379,1353,-1,1353,1379,1380,-1,1353,1380,1354,-1,1354,1380,1381,-1,1354,1381,1355,-1,1355,1381,1356,-1,1313,1311,1382,-1,1310,1308,1383,-1,1306,1304,1384,-1,1303,1301,1385,-1,1280,1278,1386,-1,1277,1275,1387,-1,1273,1271,1388,-1,1270,1268,1389,-1,1328,1326,1390,-1,1390,1326,1391,-1,1268,1267,1389,-1,1389,1267,1264,-1,1389,1264,1390,-1,1390,1264,1329,-1,1390,1329,1328,-1,1280,1386,1282,-1,1392,1285,1284,-1,1285,1392,1287,-1,1287,1392,1393,-1,1287,1393,1288,-1,1288,1393,1290,-1,1290,1393,1394,-1,1290,1394,1291,-1,1291,1394,1293,-1,1293,1394,1395,-1,1293,1395,1295,-1,1301,1300,1385,-1,1385,1300,1298,-1,1385,1298,1395,-1,1395,1298,1297,-1,1395,1297,1295,-1,1313,1382,1315,-1,1396,1320,1397,-1,1397,1320,1318,-1,1397,1318,1317,-1,1326,1324,1391,-1,1391,1324,1323,-1,1391,1323,1396,-1,1396,1323,1321,-1,1396,1321,1320,-1,1284,1282,1392,-1,1392,1282,1386,-1,1392,1386,1393,-1,1393,1386,1398,-1,1393,1398,1394,-1,1394,1398,1399,-1,1394,1399,1395,-1,1395,1399,1400,-1,1395,1400,1385,-1,1385,1400,1384,-1,1385,1384,1303,-1,1303,1384,1304,-1,1278,1277,1386,-1,1386,1277,1387,-1,1386,1387,1398,-1,1398,1387,1401,-1,1398,1401,1399,-1,1399,1401,1402,-1,1399,1402,1400,-1,1400,1402,1403,-1,1400,1403,1384,-1,1384,1403,1383,-1,1384,1383,1306,-1,1306,1383,1308,-1,1275,1273,1387,-1,1387,1273,1388,-1,1387,1388,1401,-1,1401,1388,1404,-1,1401,1404,1402,-1,1402,1404,1405,-1,1402,1405,1403,-1,1403,1405,1406,-1,1403,1406,1383,-1,1383,1406,1382,-1,1383,1382,1310,-1,1310,1382,1311,-1,1271,1270,1388,-1,1388,1270,1389,-1,1388,1389,1404,-1,1404,1389,1390,-1,1404,1390,1405,-1,1405,1390,1391,-1,1405,1391,1406,-1,1406,1391,1396,-1,1406,1396,1382,-1,1382,1396,1397,-1,1382,1397,1315,-1,1315,1397,1317,-1,1407,1408,1409,-1,1410,1411,1412,-1,1413,1414,1415,-1,1416,1417,1418,-1,1419,1420,1421,-1,1422,1423,1424,-1,1425,1426,1427,-1,1428,1429,1430,-1,1431,1432,1433,-1,1434,1435,1436,-1,1437,1438,1439,-1,1437,1439,1440,-1,1440,1439,1441,-1,1440,1441,1442,-1,1438,1437,1443,-1,1443,1437,1436,-1,1443,1436,1444,-1,1435,1445,1436,-1,1436,1445,1446,-1,1436,1446,1444,-1,1422,1424,1447,-1,1447,1424,1448,-1,1447,1448,1449,-1,1450,1451,1452,-1,1453,1454,1450,-1,1450,1454,1455,-1,1450,1455,1451,-1,1456,1457,1458,-1,1458,1457,1459,-1,1458,1459,1453,-1,1453,1459,1460,-1,1453,1460,1454,-1,1456,1458,1461,-1,1461,1458,1421,-1,1461,1421,1462,-1,1420,1463,1421,-1,1421,1463,1464,-1,1421,1464,1462,-1,1407,1409,1465,-1,1465,1409,1466,-1,1465,1466,1467,-1,1468,1469,1470,-1,1442,1471,1440,-1,1440,1471,1472,-1,1440,1472,1468,-1,1468,1472,1473,-1,1468,1473,1469,-1,1470,1467,1468,-1,1468,1467,1466,-1,1468,1466,1440,-1,1440,1466,1474,-1,1440,1474,1437,-1,1437,1474,1475,-1,1437,1475,1436,-1,1436,1475,1476,-1,1436,1476,1434,-1,1434,1476,1433,-1,1434,1433,1477,-1,1477,1433,1432,-1,1417,1478,1418,-1,1418,1478,1419,-1,1418,1419,1479,-1,1479,1419,1421,-1,1479,1421,1480,-1,1480,1421,1458,-1,1480,1458,1481,-1,1481,1458,1453,-1,1481,1453,1448,-1,1448,1453,1450,-1,1448,1450,1449,-1,1449,1450,1452,-1,1408,1410,1409,-1,1409,1410,1412,-1,1409,1412,1466,-1,1466,1412,1482,-1,1466,1482,1474,-1,1474,1482,1483,-1,1474,1483,1475,-1,1475,1483,1484,-1,1475,1484,1476,-1,1476,1484,1485,-1,1476,1485,1433,-1,1433,1485,1430,-1,1433,1430,1431,-1,1431,1430,1429,-1,1411,1413,1412,-1,1412,1413,1415,-1,1412,1415,1482,-1,1482,1415,1486,-1,1482,1486,1483,-1,1483,1486,1487,-1,1483,1487,1484,-1,1484,1487,1488,-1,1484,1488,1485,-1,1485,1488,1489,-1,1485,1489,1430,-1,1430,1489,1427,-1,1430,1427,1428,-1,1428,1427,1426,-1,1414,1416,1415,-1,1415,1416,1418,-1,1415,1418,1486,-1,1486,1418,1479,-1,1486,1479,1487,-1,1487,1479,1480,-1,1487,1480,1488,-1,1488,1480,1481,-1,1488,1481,1489,-1,1489,1481,1448,-1,1489,1448,1427,-1,1427,1448,1424,-1,1427,1424,1425,-1,1425,1424,1423,-1,1423,1422,1490,-1,1460,1459,1491,-1,1491,1459,1492,-1,1411,1410,1493,-1,1408,1407,1494,-1,1444,1446,1495,-1,1496,1497,1498,-1,1499,1500,1501,-1,1502,1499,1503,-1,1504,1502,1505,-1,1506,1504,1507,-1,1508,1506,1509,-1,1510,1511,1512,-1,1513,1510,1514,-1,1515,1516,1517,-1,1518,1515,1519,-1,1520,1518,1521,-1,1522,1520,1523,-1,1524,1522,1525,-1,1526,1527,1528,-1,1526,1497,1529,-1,1529,1497,1496,-1,1529,1496,1530,-1,1531,1532,1533,-1,1533,1532,1534,-1,1533,1534,1535,-1,1535,1534,1536,-1,1535,1536,1527,-1,1524,1525,1531,-1,1513,1537,1538,-1,1538,1537,1539,-1,1538,1539,1540,-1,1540,1539,1541,-1,1540,1541,1516,-1,1508,1542,1543,-1,1543,1542,1544,-1,1543,1544,1545,-1,1545,1544,1546,-1,1545,1546,1547,-1,1547,1546,1548,-1,1547,1548,1511,-1,1501,1500,1549,-1,1532,1550,1534,-1,1534,1550,1551,-1,1534,1551,1536,-1,1536,1551,1495,-1,1518,1519,1521,-1,1521,1519,1552,-1,1521,1552,1553,-1,1537,1554,1539,-1,1539,1554,1555,-1,1539,1555,1541,-1,1541,1555,1493,-1,1542,1491,1544,-1,1544,1491,1492,-1,1544,1492,1546,-1,1546,1492,1556,-1,1546,1556,1548,-1,1548,1556,1557,-1,1504,1505,1507,-1,1507,1505,1558,-1,1507,1558,1559,-1,1560,1501,1561,-1,1561,1501,1549,-1,1561,1549,1562,-1,1477,1432,1498,-1,1498,1432,1562,-1,1498,1562,1496,-1,1496,1562,1549,-1,1496,1549,1530,-1,1530,1549,1500,-1,1445,1435,1563,-1,1563,1435,1434,-1,1526,1528,1497,-1,1497,1528,1563,-1,1497,1563,1498,-1,1498,1563,1434,-1,1498,1434,1477,-1,1527,1536,1528,-1,1528,1536,1495,-1,1528,1495,1563,-1,1563,1495,1446,-1,1563,1446,1445,-1,1444,1495,1443,-1,1443,1495,1551,-1,1443,1551,1438,-1,1438,1551,1550,-1,1438,1550,1439,-1,1471,1442,1564,-1,1564,1442,1441,-1,1531,1525,1532,-1,1532,1525,1564,-1,1532,1564,1550,-1,1550,1564,1441,-1,1550,1441,1439,-1,1522,1523,1525,-1,1525,1523,1565,-1,1525,1565,1564,-1,1564,1565,1472,-1,1564,1472,1471,-1,1520,1521,1523,-1,1523,1521,1553,-1,1523,1553,1565,-1,1565,1553,1473,-1,1565,1473,1472,-1,1515,1517,1519,-1,1519,1517,1494,-1,1519,1494,1552,-1,1552,1494,1407,-1,1552,1407,1465,-1,1465,1467,1552,-1,1552,1467,1470,-1,1552,1470,1553,-1,1553,1470,1469,-1,1553,1469,1473,-1,1516,1541,1517,-1,1517,1541,1493,-1,1517,1493,1494,-1,1494,1493,1410,-1,1494,1410,1408,-1,1411,1493,1413,-1,1413,1493,1555,-1,1413,1555,1414,-1,1414,1555,1554,-1,1414,1554,1416,-1,1566,1478,1417,-1,1513,1514,1537,-1,1537,1514,1566,-1,1537,1566,1554,-1,1554,1566,1417,-1,1554,1417,1416,-1,1419,1567,1420,-1,1420,1567,1463,-1,1510,1512,1514,-1,1514,1512,1567,-1,1514,1567,1566,-1,1566,1567,1419,-1,1566,1419,1478,-1,1511,1548,1512,-1,1512,1548,1557,-1,1512,1557,1567,-1,1567,1557,1464,-1,1567,1464,1463,-1,1459,1457,1492,-1,1492,1457,1456,-1,1492,1456,1556,-1,1556,1456,1461,-1,1556,1461,1557,-1,1557,1461,1462,-1,1557,1462,1464,-1,1508,1509,1542,-1,1542,1509,1568,-1,1542,1568,1491,-1,1491,1568,1454,-1,1491,1454,1460,-1,1506,1507,1509,-1,1509,1507,1559,-1,1509,1559,1568,-1,1568,1559,1455,-1,1568,1455,1454,-1,1502,1503,1505,-1,1505,1503,1490,-1,1505,1490,1558,-1,1558,1490,1422,-1,1558,1422,1447,-1,1447,1449,1558,-1,1558,1449,1452,-1,1558,1452,1559,-1,1559,1452,1451,-1,1559,1451,1455,-1,1499,1501,1503,-1,1503,1501,1560,-1,1503,1560,1490,-1,1490,1560,1425,-1,1490,1425,1423,-1,1432,1431,1562,-1,1562,1431,1429,-1,1562,1429,1561,-1,1561,1429,1428,-1,1561,1428,1560,-1,1560,1428,1426,-1,1560,1426,1425,-1,1569,1570,1571,-1,1569,1572,1570,-1,1570,1572,1573,-1,1570,1573,1574,-1,1573,1575,1574,-1,1574,1575,1576,-1,1574,1576,1577,-1,1577,1576,1578,-1,1577,1578,1579,-1,1579,1578,1580,-1,1579,1580,1581,-1,1580,1582,1581,-1,1581,1582,1583,-1,1581,1583,1584,-1,1584,1583,1585,-1,1584,1585,1586,-1,1586,1585,1587,-1,1586,1587,1588,-1,1587,1589,1588,-1,1588,1589,1590,-1,1588,1590,1591,-1,1590,1592,1591,-1,1591,1592,1593,-1,1591,1593,1594,-1,1593,1595,1594,-1,1594,1595,1596,-1,1594,1596,1597,-1,1597,1596,1598,-1,1597,1598,1599,-1,1599,1598,1600,-1,1599,1600,1601,-1,1600,1602,1601,-1,1601,1602,1603,-1,1601,1603,1604,-1,1603,1605,1604,-1,1604,1605,1606,-1,1604,1606,1607,-1,1606,1608,1607,-1,1607,1608,1609,-1,1607,1609,1610,-1,1610,1609,1611,-1,1610,1611,1612,-1,1612,1611,1613,-1,1612,1613,1614,-1,1613,1615,1614,-1,1614,1615,1616,-1,1614,1616,1617,-1,1617,1616,1618,-1,1617,1618,1619,-1,1619,1618,1620,-1,1619,1620,1621,-1,1620,1622,1621,-1,1621,1622,1623,-1,1621,1623,1624,-1,1623,1625,1624,-1,1624,1625,1626,-1,1624,1626,1627,-1,1626,1628,1627,-1,1627,1628,1629,-1,1627,1629,1630,-1,1630,1629,1631,-1,1630,1631,1632,-1,1632,1631,1633,-1,1632,1633,1571,-1,1571,1633,1634,-1,1571,1634,1569,-1,1630,1635,1627,-1,1627,1635,1636,-1,1627,1636,1624,-1,1624,1636,1637,-1,1624,1637,1621,-1,1621,1637,1638,-1,1621,1638,1619,-1,1619,1638,1639,-1,1619,1639,1617,-1,1617,1639,1640,-1,1617,1640,1614,-1,1614,1640,1641,-1,1614,1641,1612,-1,1612,1641,1642,-1,1612,1642,1610,-1,1610,1642,1643,-1,1610,1643,1607,-1,1607,1643,1644,-1,1607,1644,1604,-1,1604,1644,1645,-1,1604,1645,1601,-1,1601,1645,1646,-1,1601,1646,1599,-1,1599,1646,1647,-1,1599,1647,1597,-1,1597,1647,1648,-1,1597,1648,1594,-1,1594,1648,1649,-1,1594,1649,1591,-1,1591,1649,1650,-1,1591,1650,1588,-1,1588,1650,1651,-1,1588,1651,1586,-1,1586,1651,1652,-1,1586,1652,1584,-1,1584,1652,1653,-1,1584,1653,1581,-1,1581,1653,1654,-1,1581,1654,1579,-1,1579,1654,1655,-1,1579,1655,1577,-1,1577,1655,1656,-1,1577,1656,1574,-1,1574,1656,1657,-1,1574,1657,1570,-1,1570,1657,1658,-1,1570,1658,1571,-1,1571,1658,1659,-1,1571,1659,1632,-1,1632,1659,1660,-1,1632,1660,1630,-1,1630,1660,1635,-1,1660,1661,1635,-1,1635,1661,1662,-1,1635,1662,1636,-1,1636,1662,1663,-1,1636,1663,1637,-1,1637,1663,1664,-1,1637,1664,1638,-1,1638,1664,1665,-1,1638,1665,1639,-1,1639,1665,1666,-1,1639,1666,1640,-1,1640,1666,1667,-1,1640,1667,1641,-1,1641,1667,1668,-1,1641,1668,1642,-1,1642,1668,1669,-1,1642,1669,1643,-1,1643,1669,1670,-1,1643,1670,1644,-1,1644,1670,1671,-1,1644,1671,1645,-1,1645,1671,1672,-1,1645,1672,1646,-1,1646,1672,1673,-1,1646,1673,1647,-1,1647,1673,1674,-1,1647,1674,1648,-1,1648,1674,1675,-1,1648,1675,1649,-1,1649,1675,1676,-1,1649,1676,1650,-1,1650,1676,1677,-1,1650,1677,1651,-1,1651,1677,1678,-1,1651,1678,1652,-1,1652,1678,1679,-1,1652,1679,1653,-1,1653,1679,1680,-1,1653,1680,1654,-1,1654,1680,1681,-1,1654,1681,1655,-1,1655,1681,1682,-1,1655,1682,1656,-1,1656,1682,1683,-1,1656,1683,1657,-1,1657,1683,1684,-1,1657,1684,1658,-1,1658,1684,1685,-1,1658,1685,1659,-1,1659,1685,1686,-1,1659,1686,1660,-1,1660,1686,1661,-1,1618,1616,1687,-1,1615,1613,1688,-1,1611,1609,1689,-1,1608,1606,1690,-1,1585,1583,1691,-1,1582,1580,1692,-1,1578,1576,1693,-1,1575,1573,1694,-1,1633,1631,1695,-1,1695,1631,1696,-1,1573,1572,1694,-1,1694,1572,1569,-1,1694,1569,1695,-1,1695,1569,1634,-1,1695,1634,1633,-1,1585,1691,1587,-1,1697,1590,1589,-1,1590,1697,1592,-1,1592,1697,1698,-1,1592,1698,1593,-1,1593,1698,1595,-1,1595,1698,1699,-1,1595,1699,1596,-1,1596,1699,1598,-1,1598,1699,1700,-1,1598,1700,1600,-1,1606,1605,1690,-1,1690,1605,1603,-1,1690,1603,1700,-1,1700,1603,1602,-1,1700,1602,1600,-1,1618,1687,1620,-1,1701,1625,1702,-1,1702,1625,1623,-1,1702,1623,1622,-1,1631,1629,1696,-1,1696,1629,1628,-1,1696,1628,1701,-1,1701,1628,1626,-1,1701,1626,1625,-1,1622,1620,1702,-1,1702,1620,1687,-1,1702,1687,1701,-1,1701,1687,1703,-1,1701,1703,1696,-1,1696,1703,1704,-1,1696,1704,1695,-1,1695,1704,1705,-1,1695,1705,1694,-1,1694,1705,1693,-1,1694,1693,1575,-1,1575,1693,1576,-1,1616,1615,1687,-1,1687,1615,1688,-1,1687,1688,1703,-1,1703,1688,1706,-1,1703,1706,1704,-1,1704,1706,1707,-1,1704,1707,1705,-1,1705,1707,1708,-1,1705,1708,1693,-1,1693,1708,1692,-1,1693,1692,1578,-1,1578,1692,1580,-1,1613,1611,1688,-1,1688,1611,1689,-1,1688,1689,1706,-1,1706,1689,1709,-1,1706,1709,1707,-1,1707,1709,1710,-1,1707,1710,1708,-1,1708,1710,1711,-1,1708,1711,1692,-1,1692,1711,1691,-1,1692,1691,1582,-1,1582,1691,1583,-1,1609,1608,1689,-1,1689,1608,1690,-1,1689,1690,1709,-1,1709,1690,1700,-1,1709,1700,1710,-1,1710,1700,1699,-1,1710,1699,1711,-1,1711,1699,1698,-1,1711,1698,1691,-1,1691,1698,1697,-1,1691,1697,1587,-1,1587,1697,1589,-1,1712,1713,1714,-1,1714,1713,1715,-1,987,989,1716,-1,1716,989,1715,-1,1716,1715,1047,-1,1047,1715,1713,-1,1047,1713,1034,-1,1034,1713,1035,-1,990,988,1717,-1,1032,1033,1046,-1,1046,1033,1712,-1,1046,1712,1717,-1,1717,1712,1714,-1,1717,1714,990,-1,987,1716,988,-1,988,1716,1717,-1,1035,1713,1033,-1,1033,1713,1712,-1,994,985,1718,-1,1719,1715,989,-1,994,1720,992,-1,992,1720,1719,-1,992,1719,991,-1,991,1719,989,-1,994,1718,1720,-1,1720,1718,1721,-1,1720,1721,1722,-1,1722,1721,1723,-1,1722,1723,1724,-1,1724,1723,1725,-1,1724,1725,1726,-1,1726,1725,1727,-1,1726,1727,1728,-1,1728,1727,1729,-1,1728,1729,1730,-1,1730,1729,1731,-1,1730,1731,1732,-1,1732,1731,1733,-1,1732,1733,1734,-1,1734,1733,1735,-1,1734,1735,1736,-1,1736,1735,1737,-1,1736,1737,1738,-1,1738,1737,1739,-1,1738,1739,1740,-1,990,1714,997,-1,997,1714,1741,-1,997,1741,998,-1,998,1741,1742,-1,998,1742,999,-1,999,1742,993,-1,993,1742,1743,-1,993,1743,995,-1,995,1743,996,-1,996,1743,1744,-1,996,1744,986,-1,986,1744,983,-1,983,1744,1745,-1,983,1745,984,-1,1746,1747,1748,-1,1748,1747,1749,-1,1748,1749,1750,-1,1750,1749,1751,-1,1750,1751,1752,-1,1752,1751,1753,-1,1752,1753,1754,-1,1754,1753,1755,-1,1754,1755,1756,-1,1756,1755,1757,-1,1756,1757,1758,-1,1758,1757,1759,-1,1758,1759,1745,-1,1745,1759,1760,-1,1745,1760,984,-1,1718,985,984,-1,1747,1739,1749,-1,1749,1739,1737,-1,1749,1737,1751,-1,1751,1737,1735,-1,1751,1735,1753,-1,1753,1735,1733,-1,1753,1733,1755,-1,1755,1733,1731,-1,1755,1731,1757,-1,1757,1731,1729,-1,1757,1729,1759,-1,1759,1729,1727,-1,1759,1727,1760,-1,1727,1725,1760,-1,1760,1725,1723,-1,1760,1723,984,-1,984,1723,1721,-1,984,1721,1718,-1,1714,1715,1741,-1,1741,1715,1719,-1,1741,1719,1742,-1,1742,1719,1720,-1,1742,1720,1743,-1,1743,1720,1722,-1,1743,1722,1744,-1,1744,1722,1724,-1,1744,1724,1745,-1,1745,1724,1726,-1,1745,1726,1758,-1,1758,1726,1728,-1,1758,1728,1756,-1,1756,1728,1730,-1,1756,1730,1754,-1,1754,1730,1732,-1,1754,1732,1752,-1,1752,1732,1734,-1,1752,1734,1750,-1,1750,1734,1736,-1,1750,1736,1748,-1,1748,1736,1738,-1,1748,1738,1746,-1,1746,1738,1740,-1,974,972,1761,-1,1067,1066,1078,-1,1078,1066,1762,-1,1078,1762,1761,-1,1761,1762,1763,-1,1761,1763,974,-1,1762,1764,1763,-1,1763,1764,1765,-1,971,973,1766,-1,1766,973,1765,-1,1766,1765,1079,-1,1079,1765,1764,-1,1079,1764,1065,-1,1065,1764,1064,-1,1078,1761,1079,-1,1079,1761,1766,-1,971,1766,972,-1,972,1766,1761,-1,1064,1764,1066,-1,1066,1764,1762,-1,974,1763,976,-1,976,1763,1767,-1,976,1767,978,-1,978,1767,980,-1,980,1767,1768,-1,980,1768,968,-1,968,1768,1769,-1,1769,1768,1770,-1,1769,1770,1771,-1,1771,1770,1772,-1,1771,1772,1773,-1,1773,1772,1774,-1,1773,1774,1775,-1,1775,1774,1776,-1,1775,1776,1777,-1,1777,1776,1778,-1,1777,1778,1779,-1,1779,1778,1780,-1,1779,1780,1781,-1,1781,1780,1782,-1,1781,1782,1783,-1,1783,1782,1784,-1,1783,1784,1785,-1,1785,1784,1786,-1,1785,1786,1787,-1,1787,1786,1788,-1,1787,1788,1789,-1,967,966,1790,-1,1791,1792,969,-1,1793,982,1792,-1,1792,982,970,-1,1792,970,969,-1,975,977,1794,-1,1794,977,979,-1,1794,979,1793,-1,1793,979,981,-1,1793,981,982,-1,1794,1795,975,-1,975,1795,1765,-1,975,1765,973,-1,969,967,1791,-1,1791,967,1790,-1,1791,1790,1796,-1,1796,1790,1797,-1,1796,1797,1798,-1,1798,1797,1799,-1,1798,1799,1800,-1,1800,1799,1801,-1,1800,1801,1802,-1,1802,1801,1803,-1,1802,1803,1804,-1,1804,1803,1805,-1,1804,1805,1806,-1,1806,1805,1807,-1,1806,1807,1808,-1,1808,1807,1809,-1,966,968,1769,-1,1789,1809,1787,-1,1787,1809,1807,-1,1787,1807,1785,-1,1785,1807,1805,-1,1785,1805,1783,-1,1783,1805,1803,-1,1783,1803,1781,-1,1781,1803,1801,-1,1781,1801,1779,-1,1779,1801,1799,-1,1779,1799,1777,-1,1777,1799,1797,-1,1777,1797,1775,-1,1775,1797,1790,-1,1775,1790,1773,-1,1773,1790,966,-1,1773,966,1771,-1,1771,966,1769,-1,1808,1788,1806,-1,1806,1788,1786,-1,1806,1786,1804,-1,1804,1786,1784,-1,1804,1784,1802,-1,1802,1784,1782,-1,1802,1782,1800,-1,1800,1782,1780,-1,1800,1780,1798,-1,1798,1780,1778,-1,1798,1778,1796,-1,1796,1778,1776,-1,1796,1776,1791,-1,1791,1776,1774,-1,1791,1774,1792,-1,1792,1774,1772,-1,1792,1772,1793,-1,1793,1772,1770,-1,1793,1770,1794,-1,1794,1770,1768,-1,1794,1768,1795,-1,1795,1768,1767,-1,1795,1767,1765,-1,1765,1767,1763,-1,1810,1809,1811,-1,1811,1809,1789,-1,1006,1812,1004,-1,1004,1812,1813,-1,1002,1814,1000,-1,1000,1814,1815,-1,1814,1816,1815,-1,1815,1816,1817,-1,1816,1818,1817,-1,1817,1818,1819,-1,1818,1820,1819,-1,1819,1820,1821,-1,1822,1823,1824,-1,1824,1823,1825,-1,1824,1825,1826,-1,1826,1825,1827,-1,1826,1827,1828,-1,1828,1827,1829,-1,1828,1829,1830,-1,1830,1829,1831,-1,1830,1831,1832,-1,1832,1831,1833,-1,1832,1833,1834,-1,1834,1833,1835,-1,1834,1835,1836,-1,1836,1835,1837,-1,1836,1837,1838,-1,1838,1837,1839,-1,1838,1839,1840,-1,1840,1839,1841,-1,1840,1841,1842,-1,1842,1841,1843,-1,1842,1843,1844,-1,1844,1843,1845,-1,1844,1845,1820,-1,1820,1845,1821,-1,1823,1822,1808,-1,1808,1822,1788,-1,1005,1003,1007,-1,1007,1003,1001,-1,1846,1847,1848,-1,1846,1848,1849,-1,1849,1848,1850,-1,1849,1850,1851,-1,1851,1850,1852,-1,1851,1852,1853,-1,1853,1852,1854,-1,1853,1854,1855,-1,1855,1854,1856,-1,1855,1856,1857,-1,1857,1856,1858,-1,1857,1858,1859,-1,1859,1858,1811,-1,1859,1811,1813,-1,1812,1810,1860,-1,1860,1810,1861,-1,1860,1861,1862,-1,1862,1861,1863,-1,1862,1863,1864,-1,1864,1863,1865,-1,1864,1865,1866,-1,1866,1865,1867,-1,1866,1867,1868,-1,1868,1867,1869,-1,1868,1869,1870,-1,1870,1869,1871,-1,1870,1871,1872,-1,1872,1871,1873,-1,1810,1811,1861,-1,1861,1811,1858,-1,1861,1858,1863,-1,1863,1858,1856,-1,1863,1856,1865,-1,1865,1856,1854,-1,1865,1854,1867,-1,1867,1854,1852,-1,1867,1852,1869,-1,1869,1852,1850,-1,1869,1850,1871,-1,1871,1850,1848,-1,1871,1848,1873,-1,1873,1848,1847,-1,1872,1846,1870,-1,1870,1846,1849,-1,1870,1849,1868,-1,1868,1849,1851,-1,1868,1851,1866,-1,1866,1851,1853,-1,1866,1853,1864,-1,1864,1853,1855,-1,1864,1855,1862,-1,1862,1855,1857,-1,1862,1857,1860,-1,1860,1857,1859,-1,1860,1859,1812,-1,1812,1859,1813,-1,1014,1874,1012,-1,1012,1874,1875,-1,1747,1876,1739,-1,1739,1876,1877,-1,1009,1878,1011,-1,1011,1878,1879,-1,1013,1008,1015,-1,1015,1008,1010,-1,1880,1881,1740,-1,1740,1881,1746,-1,1882,1883,1884,-1,1884,1883,1885,-1,1884,1885,1886,-1,1886,1885,1887,-1,1886,1887,1888,-1,1888,1887,1889,-1,1888,1889,1890,-1,1890,1889,1891,-1,1890,1891,1892,-1,1892,1891,1893,-1,1892,1893,1894,-1,1894,1893,1895,-1,1894,1895,1896,-1,1896,1895,1897,-1,1896,1897,1898,-1,1898,1897,1899,-1,1898,1899,1900,-1,1900,1899,1901,-1,1900,1901,1902,-1,1902,1901,1903,-1,1902,1903,1904,-1,1904,1903,1905,-1,1904,1905,1880,-1,1880,1905,1881,-1,1882,1906,1883,-1,1883,1906,1907,-1,1906,1908,1907,-1,1907,1908,1909,-1,1908,1879,1909,-1,1909,1879,1878,-1,1910,1911,1912,-1,1910,1912,1913,-1,1913,1912,1914,-1,1913,1914,1915,-1,1915,1914,1916,-1,1915,1916,1917,-1,1917,1916,1918,-1,1917,1918,1919,-1,1919,1918,1920,-1,1919,1920,1921,-1,1921,1920,1874,-1,1921,1874,1877,-1,1876,1875,1922,-1,1922,1875,1923,-1,1922,1923,1924,-1,1924,1923,1925,-1,1924,1925,1926,-1,1926,1925,1927,-1,1926,1927,1928,-1,1928,1927,1929,-1,1928,1929,1930,-1,1930,1929,1931,-1,1930,1931,1932,-1,1932,1931,1933,-1,1932,1910,1930,-1,1930,1910,1913,-1,1930,1913,1928,-1,1928,1913,1915,-1,1928,1915,1926,-1,1926,1915,1917,-1,1926,1917,1924,-1,1924,1917,1919,-1,1924,1919,1922,-1,1922,1919,1921,-1,1922,1921,1876,-1,1876,1921,1877,-1,1875,1874,1923,-1,1923,1874,1920,-1,1923,1920,1925,-1,1925,1920,1918,-1,1925,1918,1927,-1,1927,1918,1916,-1,1927,1916,1929,-1,1929,1916,1914,-1,1929,1914,1931,-1,1931,1914,1912,-1,1931,1912,1933,-1,1933,1912,1911,-1,1933,1911,1872,-1,1872,1911,1846,-1,1911,1910,1096,-1,1095,1094,1093,-1,1092,1847,1846,-1,1096,1095,1911,-1,1911,1095,1093,-1,1911,1093,1846,-1,1846,1093,1091,-1,1846,1091,1092,-1,1847,1092,1910,-1,1910,1092,1101,-1,1910,1101,1100,-1,1097,1096,1098,-1,1098,1096,1910,-1,1098,1910,1099,-1,1099,1910,1100,-1,1873,1932,1872,-1,1872,1932,1933,-1,1932,1873,1910,-1,1910,1873,1847,-1,1814,1840,1842,-1,1818,1816,1820,-1,1820,1816,1814,-1,1820,1814,1844,-1,1844,1814,1842,-1,1824,1826,1811,-1,1811,1826,1828,-1,1811,1828,1830,-1,1670,1669,1002,-1,1830,1832,1811,-1,1811,1832,1834,-1,1811,1834,1813,-1,1813,1834,1836,-1,1813,1836,1838,-1,1789,1788,1811,-1,1811,1788,1822,-1,1811,1822,1824,-1,1003,1672,1002,-1,1002,1672,1671,-1,1002,1671,1670,-1,1665,1664,1814,-1,1664,1663,1814,-1,1814,1663,1662,-1,1814,1662,1840,-1,1669,1668,1002,-1,1002,1668,1667,-1,1002,1667,1814,-1,1814,1667,1666,-1,1814,1666,1665,-1,1662,1661,1840,-1,1840,1661,1686,-1,1840,1686,1838,-1,1838,1686,1685,-1,1838,1685,1813,-1,1813,1685,1684,-1,1684,1683,1813,-1,1813,1683,1682,-1,1813,1682,1681,-1,1677,1676,1004,-1,1004,1676,1675,-1,1004,1675,1005,-1,1005,1675,1674,-1,1005,1674,1003,-1,1003,1674,1673,-1,1003,1673,1672,-1,1681,1680,1813,-1,1813,1680,1679,-1,1813,1679,1004,-1,1004,1679,1678,-1,1004,1678,1677,-1,1817,1819,1815,-1,1815,1819,1821,-1,1808,1809,1823,-1,1823,1809,1810,-1,1823,1810,1825,-1,1843,1841,1812,-1,1812,1841,1839,-1,1831,1829,1810,-1,1810,1829,1827,-1,1810,1827,1825,-1,1531,1533,1845,-1,1845,1533,1535,-1,1845,1535,1527,-1,1839,1837,1812,-1,1812,1837,1835,-1,1812,1835,1810,-1,1810,1835,1833,-1,1810,1833,1831,-1,1518,1520,1006,-1,1518,1006,1515,-1,1527,1526,1845,-1,1845,1526,1529,-1,1845,1529,1821,-1,1821,1529,1530,-1,1821,1530,1815,-1,1815,1530,1500,-1,1815,1500,1499,-1,1547,1511,1000,-1,1000,1511,1510,-1,1000,1510,1001,-1,1520,1522,1006,-1,1006,1522,1524,-1,1006,1524,1812,-1,1812,1524,1531,-1,1812,1531,1843,-1,1843,1531,1845,-1,1510,1513,1001,-1,1001,1513,1538,-1,1001,1538,1007,-1,1007,1538,1540,-1,1007,1540,1006,-1,1006,1540,1516,-1,1006,1516,1515,-1,1499,1502,1815,-1,1815,1502,1504,-1,1815,1504,1506,-1,1506,1508,1815,-1,1815,1508,1543,-1,1815,1543,1000,-1,1000,1543,1545,-1,1000,1545,1547,-1,1908,1906,1879,-1,1879,1906,1882,-1,1740,1739,1880,-1,1880,1739,1877,-1,1880,1877,1904,-1,1890,1874,1888,-1,1888,1874,1886,-1,1014,1365,1364,-1,1890,1892,1874,-1,1874,1892,1894,-1,1874,1894,1877,-1,1877,1894,1896,-1,1877,1896,1898,-1,1898,1900,1877,-1,1877,1900,1902,-1,1877,1902,1904,-1,1361,1360,1884,-1,1884,1360,1359,-1,1884,1359,1358,-1,1010,1368,1015,-1,1015,1368,1367,-1,1015,1367,1014,-1,1014,1367,1366,-1,1014,1366,1365,-1,1884,1886,1361,-1,1361,1886,1874,-1,1361,1874,1362,-1,1362,1874,1014,-1,1362,1014,1363,-1,1363,1014,1364,-1,1358,1357,1884,-1,1884,1357,1356,-1,1884,1356,1882,-1,1882,1356,1381,-1,1882,1381,1879,-1,1879,1381,1380,-1,1879,1380,1379,-1,1372,1371,1011,-1,1011,1371,1370,-1,1011,1370,1010,-1,1010,1370,1369,-1,1010,1369,1368,-1,1379,1378,1879,-1,1879,1378,1377,-1,1879,1377,1376,-1,1376,1375,1879,-1,1879,1375,1374,-1,1879,1374,1011,-1,1011,1374,1373,-1,1011,1373,1372,-1,1878,1889,1887,-1,1907,1909,1883,-1,1883,1909,1878,-1,1883,1878,1885,-1,1885,1878,1887,-1,1905,1903,1876,-1,1876,1903,1901,-1,1876,1901,1899,-1,1899,1897,1876,-1,1876,1897,1895,-1,1876,1895,1875,-1,1875,1895,1893,-1,1875,1893,1891,-1,1200,1199,1012,-1,1012,1199,1202,-1,1012,1202,1013,-1,1013,1202,1204,-1,1013,1204,1008,-1,1224,1226,1878,-1,1226,1218,1878,-1,1878,1218,1217,-1,1878,1217,1889,-1,1196,1875,1197,-1,1197,1875,1891,-1,1197,1891,1221,-1,1221,1891,1889,-1,1221,1889,1220,-1,1220,1889,1217,-1,1196,1242,1875,-1,1875,1242,1243,-1,1875,1243,1240,-1,1747,1746,1876,-1,1876,1746,1881,-1,1876,1881,1905,-1,1240,1238,1875,-1,1875,1238,1236,-1,1875,1236,1012,-1,1012,1236,1234,-1,1012,1234,1200,-1,1204,1229,1008,-1,1008,1229,1231,-1,1008,1231,1009,-1,1009,1231,1207,-1,1207,1206,1009,-1,1009,1206,1209,-1,1009,1209,1211,-1,1211,1213,1009,-1,1009,1213,1215,-1,1009,1215,1878,-1,1878,1215,1222,-1,1878,1222,1224,-1,1717,1716,1046,-1,1046,1716,1047,-1,
        ]
    }
}
Shape{
    appearance Appearance {
        material  Material 	{
            diffuseColor 0.25098039215686274 0.25098039215686274 0.25098039215686274
            specularColor 0.12549019607843137 0.12549019607843137 0.12549019607843137
            ambientIntensity 0.251
            transparency 0.0
            shininess 0.5
        }
    }
    geometry IndexedFaceSet {
        ccw TRUE
        solid FALSE
        coord DEF co Coordinate {
            point [
                0.9552 -1.323 -0.0063, 3.7 -1.323 -0.0063, 3.7 -1.323 2.1483, -1.9381 -1.323 -0.0063, 0.9552 -1.323 2.1483, -2.3593 -1.323 2.2126, -2.3659 -1.323 2.2118, -2.3259 -1.323 2.2118, -2.1893 -1.323 2.3733, -2.1386 -1.323 2.3733, -2.1386 -1.323 2.4189, -2.8371 -1.323 2.5024, -2.8062 -1.323 2.4763, -2.6983 -1.323 2.6287, -2.6983 -1.323 2.4658, -2.9889 -1.323 2.6452, -2.9643 -1.323 2.6287, -2.9381 -1.323 2.6111, -2.8974 -1.323 2.5628, -2.8766 -1.323 2.5211, -2.871 -1.323 2.5192, -3.1948 -1.323 2.6466, -3.1419 -1.323 2.6651, -3.7 -1.323 2.8337, -3.0929 -1.323 2.6703, -2.6983 -1.323 2.8337, -3.046 -1.323 2.6654, -3.2249 -1.323 2.6287, -3.7 -1.323 2.6287, -3.2296 -1.323 2.6259, -3.7 -1.323 2.4658, -3.4742 -1.323 2.4658, -3.4636 -1.323 2.4892, -3.4368 -1.323 2.5234, -3.3494 -1.323 2.5728, -3.3059 -1.323 2.5781, -3.2563 -1.323 2.603, -3.2928 -1.323 2.5773, -3.2797 -1.323 2.5758, -3.4281 -1.323 2.5316, -3.3917 -1.323 2.5568, -3.3514 -1.323 2.2149, -3.3676 -1.323 2.2198, -3.7 -1.323 2.2118, -3.4085 -1.323 2.2403, -3.4425 -1.323 2.2695, -3.4691 -1.323 2.3078, -3.4851 -1.323 2.3503, -3.7 -1.323 2.4189, -3.4903 -1.323 2.3936, -3.4899 -1.323 2.4056, -3.4875 -1.323 2.4189, -3.482 -1.323 2.4484, -3.3008 -1.323 2.1528, -3.3231 -1.323 2.1695, -3.7 -1.323 2.1483, -3.34 -1.323 2.1904, -3.35 -1.323 2.2118, -2.6983 -1.323 -0.0063, -2.6983 -1.323 2.1483, -3.1961 -1.323 2.1483, -3.7 -1.323 -0.0063, -3.2745 -1.323 2.1417, -3.2903 -1.323 2.1483, -3.2157 -1.323 2.1408, -3.2432 -1.323 2.1374, -3.2477 -1.323 2.1375, -2.6983 -1.323 2.2118, -3.1365 -1.323 2.2118, -3.1366 -1.323 2.2114, -3.1501 -1.323 2.186, -3.1676 -1.323 2.1663, -3.1903 -1.323 2.1506, -2.7691 -1.323 2.4091, -2.7639 -1.323 2.372, -2.6983 -1.323 2.4189, -2.9912 -1.323 2.2789, -2.9834 -1.323 2.282, -2.97 -1.323 2.3469, -2.806 -1.323 2.2638, -2.837 -1.323 2.2376, -3.1578 -1.323 2.3276, -3.0053 -1.323 2.4073, -3.1777 -1.323 2.3457, -3.2019 -1.323 2.3586, -2.9982 -1.323 2.274, -2.7834 -1.323 2.2953, -2.835 -1.323 2.3807, -2.8404 -1.323 2.4026, -2.8491 -1.323 2.4189, -3.4157 -1.323 2.4189, -2.7691 -1.323 2.3313, -2.9745 -1.323 2.2832, -2.9734 -1.323 2.2831, -2.97 -1.323 2.2823, -3.4091 -1.323 2.3505, -3.3955 -1.323 2.3274, -3.3377 -1.323 2.3156, -3.3751 -1.323 2.3064, -3.3503 -1.323 2.2911, -3.2955 -1.323 2.3533, -3.3188 -1.323 2.3372, -3.4186 -1.323 2.3959, -3.4172 -1.323 2.3784, -3.2704 -1.323 2.3629, -3.2432 -1.323 2.3663, -3.2294 -1.323 2.3655, -3.0098 -1.323 2.2479, -3.0095 -1.323 2.2524, -3.1294 -1.323 2.2627, -3.0073 -1.323 2.261, -3.0029 -1.323 2.2688, -2.8576 -1.323 2.3106, -2.8451 -1.323 2.3284, -2.8372 -1.323 2.3487, -2.8345 -1.323 2.3708, -2.9832 -1.323 2.2136, -2.9908 -1.323 2.2166, -2.9981 -1.323 2.2218, -3.0008 -1.323 2.2245, -3.0058 -1.323 2.2317, -3.0088 -1.323 2.2394, -3.13 -1.323 2.2395, -3.1294 -1.323 2.2513, -2.8718 -1.323 2.2206, -2.9096 -1.323 2.2126, -2.9768 -1.323 2.2126, -2.9677 -1.323 2.282, -2.9165 -1.323 2.282, -2.8961 -1.323 2.2859, -2.876 -1.323 2.2952, -2.8591 -1.323 2.309, -2.9324 -1.323 2.4596, -3.4054 -1.323 2.4488, -3.4152 -1.323 2.4234, -2.9233 -1.323 2.4596, -2.8509 -1.323 2.4223, -2.8641 -1.323 2.437, -2.8818 -1.323 2.4493, -2.9017 -1.323 2.457, -2.9569 -1.323 2.528, -2.9826 -1.323 2.5587, -3.2444 -1.323 2.4927, -2.9855 -1.323 2.5614, -3.0175 -1.323 2.5836, -3.227 -1.323 2.5287, -3.3936 -1.323 2.4658, -3.2526 -1.323 2.4972, -2.9338 -1.323 2.4658, -2.9394 -1.323 2.4913, -3.2781 -1.323 2.5065, -3.3047 -1.323 2.5097, -3.3165 -1.323 2.5091, -3.2015 -1.323 2.5592, -3.0532 -1.323 2.5972, -3.1709 -1.323 2.5815, -3.0918 -1.323 2.602, -3.1337 -1.323 2.5966, -3.3446 -1.323 2.5025, -3.37 -1.323 2.489, -3.3897 -1.323 2.4715, -2.7987 -1.323 2.4658, -2.783 -1.323 2.4439, -2.773 -1.323 2.4189, -2.1031 -1.323 2.2314, -2.1031 -1.323 2.2131, -2.088 -1.323 2.2118, -2.088 -1.323 2.4189, -2.1068 -1.323 2.3733, -2.1068 -1.323 2.3548, -2.1686 -1.323 2.2853, -2.1686 -1.323 2.2314, -2.1386 -1.323 2.2853, -2.1386 -1.323 2.2314, -2.1113 -1.323 2.2853, -2.1113 -1.323 2.3036, -2.1686 -1.323 2.3548, -2.1686 -1.323 2.3036, -2.1386 -1.323 2.3548, -2.1386 -1.323 2.3036, -2.1386 -1.323 2.2118, -2.1386 -1.323 2.2131, -2.1893 -1.323 2.2131, -2.2683 -1.323 2.2415, -2.2659 -1.323 2.2321, -2.2654 -1.323 2.2321, -2.2109 -1.323 2.3275, -2.2885 -1.323 2.4189, -2.2317 -1.323 2.3275, -2.2885 -1.323 2.2997, -2.2629 -1.323 2.2414, -2.2644 -1.323 2.236, -2.4082 -1.323 2.2966, -2.4074 -1.323 2.3038, -2.4287 -1.323 2.4189, -2.4051 -1.323 2.2827, -2.4074 -1.323 2.2888, -2.4083 -1.323 2.2379, -2.3997 -1.323 2.2326, -2.3991 -1.323 2.2324, -2.3991 -1.323 2.275, -2.4025 -1.323 2.2785, -2.3992 -1.323 2.2751, -2.3903 -1.323 2.2118, -2.3942 -1.323 2.2122, -2.3991 -1.323 2.2118, -2.3991 -1.323 2.2139, -2.4287 -1.323 2.2118, -2.4083 -1.323 2.2171, -2.3366 -1.323 2.325, -2.3366 -1.323 2.3056, -2.3954 -1.323 2.321, -2.3904 -1.323 2.3241, -2.3991 -1.323 2.4189, -2.3426 -1.323 2.2674, -2.3378 -1.323 2.2632, -2.405 -1.323 2.3102, -2.4013 -1.323 2.3157, -2.3991 -1.323 2.3177, -2.332 -1.323 2.2362, -2.3345 -1.323 2.2298, -2.3383 -1.323 2.2245, -2.3796 -1.323 2.3282, -2.3637 -1.323 2.3301, -2.3259 -1.323 2.4189, -2.3496 -1.323 2.3289, -2.3341 -1.323 2.2576, -2.3319 -1.323 2.2517, -2.3311 -1.323 2.2442, -2.3809 -1.323 2.2861, -2.3637 -1.323 2.278, -2.3656 -1.323 2.3138, -2.344 -1.323 2.2195, -2.3487 -1.323 2.2166, -2.3559 -1.323 2.2748, -2.342 -1.323 2.3086, -2.3534 -1.323 2.3125, -2.3716 -1.323 2.3134, -2.3769 -1.323 2.312, -2.3875 -1.323 2.2984, -2.3814 -1.323 2.3096, -2.3874 -1.323 2.2958, -2.3866 -1.323 2.2927, -2.3851 -1.323 2.2899, -2.3832 -1.323 2.2878, -2.3845 -1.323 2.3069, -2.3862 -1.323 2.3043, -2.3872 -1.323 2.3016, -2.3871 -1.323 2.2281, -2.3778 -1.323 2.2634, -2.3898 -1.323 2.2689, -2.3753 -1.323 2.2268, -2.3745 -1.323 2.2268, -2.3647 -1.323 2.2579, -2.3642 -1.323 2.228, -2.3517 -1.323 2.2423, -2.3519 -1.323 2.2448, -2.359 -1.323 2.2299, -2.3572 -1.323 2.231, -2.3549 -1.323 2.233, -2.3531 -1.323 2.2356, -2.3521 -1.323 2.2384, -2.3528 -1.323 2.2479, -2.3543 -1.323 2.2506, -2.3568 -1.323 2.2532, -1.9381 -1.323 2.4658, -1.9901 -1.323 2.4672, -2.0129 -1.323 2.4672, -2.0292 -1.323 2.511, -2.088 -1.323 2.511, -2.088 -1.323 2.4658, -2.0511 -1.323 2.6273, -1.9381 -1.323 2.6287, -2.088 -1.323 2.6287, -2.0959 -1.323 2.511, -2.1113 -1.323 2.4672, -2.1386 -1.323 2.4658, -2.1342 -1.323 2.4672, -2.1386 -1.323 2.6287, -2.088 -1.323 2.5884, -2.0732 -1.323 2.6273, -2.2885 -1.323 2.6287, -2.3259 -1.323 2.6287, -2.3073 -1.323 2.6273, -2.3259 -1.323 2.6273, -2.3691 -1.323 2.5393, -2.3691 -1.323 2.4854, -2.3259 -1.323 2.5393, -2.3259 -1.323 2.4854, -2.3119 -1.323 2.5393, -2.3037 -1.323 2.4854, -2.3119 -1.323 2.5576, -2.3073 -1.323 2.6089, -2.3259 -1.323 2.5576, -2.3259 -1.323 2.6089, -2.3691 -1.323 2.5576, -2.3691 -1.323 2.6089, -2.3898 -1.323 2.4672, -2.3991 -1.323 2.4658, -2.3259 -1.323 2.4658, -2.2885 -1.323 2.4658, -2.3037 -1.323 2.4672, -2.3259 -1.323 2.4672, -2.3898 -1.323 2.6273, -2.3991 -1.323 2.6287, -2.4287 -1.323 2.6287, -2.4287 -1.323 2.6254, -2.4218 -1.323 2.6235, -2.4218 -1.323 2.6019, -2.4399 -1.323 2.609, -2.4596 -1.323 2.6113, -2.4287 -1.323 2.4905, -2.4218 -1.323 2.4936, -2.4236 -1.323 2.6028, -2.4287 -1.323 2.6047, -2.4678 -1.323 2.6109, -2.4815 -1.323 2.6078, -2.4939 -1.323 2.6016, -2.5032 -1.323 2.5936, -2.5043 -1.323 2.5924, -2.512 -1.323 2.5813, -2.5174 -1.323 2.5675, -2.5201 -1.323 2.5454, -2.5197 -1.323 2.5374, -2.5168 -1.323 2.5218, -2.4557 -1.323 2.4832, -2.4376 -1.323 2.4865, -2.4907 -1.323 2.4892, -2.4792 -1.323 2.4848, -2.4632 -1.323 2.4829, -2.5114 -1.323 2.5092, -2.5043 -1.323 2.4998, -2.5011 -1.323 2.4966, -2.4598 -1.323 2.63, -2.4426 -1.323 2.6287, -2.4388 -1.323 2.6284, -2.4598 -1.323 2.63, -2.4287 -1.323 2.8337, -2.4709 -1.323 2.6287, -2.5346 -1.323 2.8337, -2.5346 -1.323 2.6287, -2.5302 -1.323 2.5913, -2.5186 -1.323 2.6064, -2.5147 -1.323 2.6102, -2.4997 -1.323 2.6207, -2.483 -1.323 2.6272, -2.5442 -1.323 2.6287, -2.5378 -1.323 2.5735, -2.5346 -1.323 2.5811, -2.5346 -1.323 2.5079, -2.5386 -1.323 2.5181, -2.5442 -1.323 2.4658, -2.5417 -1.323 2.5442, -2.5415 -1.323 2.5526, -2.4932 -1.323 2.4685, -2.5083 -1.323 2.4756, -2.5346 -1.323 2.4658, -2.5212 -1.323 2.4863, -2.5225 -1.323 2.4877, -2.532 -1.323 2.5014, -2.4802 -1.323 2.4658, -2.5346 -1.323 2.4189, -2.4759 -1.323 2.4649, -2.4662 -1.323 2.4645, -2.4521 -1.323 2.4658, -2.4218 -1.323 2.4738, -2.4246 -1.323 2.4724, -2.4287 -1.323 2.4658, -2.4287 -1.323 2.4711, -2.4418 -1.323 2.4668, -2.5199 -1.323 2.2669, -2.5162 -1.323 2.3, -2.5241 -1.323 2.2604, -2.5265 -1.323 2.2531, -2.4355 -1.323 2.2131, -2.4556 -1.323 2.2131, -2.4719 -1.323 2.3131, -2.4787 -1.323 2.3138, -2.4895 -1.323 2.2811, -2.4375 -1.323 2.3035, -2.4355 -1.323 2.2867, -2.5141 -1.323 2.2724, -2.506 -1.323 2.2768, -2.5024 -1.323 2.3087, -2.4899 -1.323 2.3128, -2.5108 -1.323 2.2147, -2.5176 -1.323 2.2194, -2.5346 -1.323 2.2118, -2.5198 -1.323 2.2217, -2.524 -1.323 2.2278, -2.4556 -1.323 2.2308, -2.4561 -1.323 2.2308, -2.4603 -1.323 2.2247, -2.4668 -1.323 2.2182, -2.5264 -1.323 2.2346, -2.5274 -1.323 2.2437, -2.5162 -1.323 2.3195, -2.4632 -1.323 2.3287, -2.4551 -1.323 2.3259, -2.4487 -1.323 2.3219, -2.4556 -1.323 2.2858, -2.4563 -1.323 2.2947, -2.4583 -1.323 2.3018, -2.4607 -1.323 2.306, -2.445 -1.323 2.3183, -2.4408 -1.323 2.3121, -2.5121 -1.323 2.3219, -2.4972 -1.323 2.3277, -2.4769 -1.323 2.3301, -2.4637 -1.323 2.3092, -2.4673 -1.323 2.3115, -2.4801 -1.323 2.2118, -2.4803 -1.323 2.2117, -2.4287 -1.323 2.1483, -2.5346 -1.323 2.1483, -2.4912 -1.323 2.2104, -2.5028 -1.323 2.2118, -2.5032 -1.323 2.2118, -2.2885 -1.323 2.2118, -2.2885 -1.323 2.2458, -2.3207 -1.323 2.3275, -2.2982 -1.323 2.3275, -2.2758 -1.323 2.2134, -2.2765 -1.323 2.2118, -2.2846 -1.323 2.1926, -2.3259 -1.323 2.1483, -2.3165 -1.323 2.1609, -2.3165 -1.323 2.1787, -2.2924 -1.323 2.1811, -2.2886 -1.323 2.1852, -2.2885 -1.323 2.1854, -2.3773 -1.323 2.2104, -2.3991 -1.323 2.1483, -2.3124 -1.323 2.1774, -2.3051 -1.323 2.1765, -2.2885 -1.323 2.1628, -2.2955 -1.323 2.1602, -2.2885 -1.323 2.1483, -2.3036 -1.323 2.1593, -2.308 -1.323 2.1594, -2.2999 -1.323 2.1771, -2.2956 -1.323 2.1788, -2.2628 -1.323 2.1959, -2.2719 -1.323 2.1782, -2.1386 -1.323 2.1483, -2.2565 -1.323 2.2118, -2.2792 -1.323 2.1694, -2.2806 -1.323 2.1681, -2.2876 -1.323 2.1632, -2.088 -1.323 -0.0063, -2.088 -1.323 2.1483, -2.1386 -1.323 -0.0063, -2.2885 -1.323 -0.0063, -2.3259 -1.323 -0.0063, -2.3991 -1.323 -0.0063, -2.4287 -1.323 -0.0063, -2.5346 -1.323 -0.0063, -2.4722 -1.323 2.2147, -1.9381 -1.323 2.1483, 0.9552 -1.323 2.2118, -1.9381 -1.323 2.2118, -2.6327 -1.323 2.3733, -2.6327 -1.323 2.2131, -2.5442 -1.323 2.2118, -2.5442 -1.323 2.1483, -2.5442 -1.323 -0.0063, -2.5503 -1.323 2.3733, -2.5442 -1.323 2.4189, -2.5503 -1.323 2.3548, -2.5466 -1.323 2.2314, -2.5466 -1.323 2.2131, -2.6121 -1.323 2.2853, -2.6121 -1.323 2.2314, -2.5548 -1.323 2.2853, -2.5548 -1.323 2.3036, -2.6121 -1.323 2.3036, -2.6121 -1.323 2.3548, -2.0288 -1.323 2.2131, -2.0729 -1.323 2.2131, -1.9469 -1.323 2.2663, -1.9547 -1.323 2.2497, -1.9666 -1.323 2.2356, -1.9833 -1.323 2.2236, -2.0016 -1.323 2.2165, -2.0729 -1.323 2.3733, -2.0272 -1.323 2.3733, -1.9381 -1.323 2.4189, -2.0027 -1.323 2.3706, -1.9834 -1.323 2.3635, -1.9666 -1.323 2.3521, -1.961 -1.323 2.3466, -1.9511 -1.323 2.3326, -1.9452 -1.323 2.3174, -1.9425 -1.323 2.2952, -1.943 -1.323 2.2851, -1.9108 -1.323 2.2131, -1.9336 -1.323 2.2131, -1.8124 -1.323 2.2131, -1.8287 -1.323 2.2569, -1.8954 -1.323 2.2569, -1.8726 -1.323 2.3733, -1.8505 -1.323 2.3733, -2.6121 -1.323 2.6273, -2.6327 -1.323 2.4672, -2.6327 -1.323 2.6273, -2.6121 -1.323 2.4854, -2.5483 -1.323 2.4854, -2.5483 -1.323 2.4672, -2.1474 -1.323 2.5203, -2.1553 -1.323 2.5038, -2.1672 -1.323 2.4896, -2.1839 -1.323 2.4776, -2.2277 -1.323 2.6273, -2.2033 -1.323 2.6246, -2.184 -1.323 2.6176, -2.2021 -1.323 2.4705, -2.2294 -1.323 2.4672, -2.2734 -1.323 2.4672, -2.2734 -1.323 2.6273, -2.1672 -1.323 2.6061, -2.1616 -1.323 2.6006, -2.1517 -1.323 2.5867, -2.1457 -1.323 2.5714, -2.143 -1.323 2.5493, -2.1435 -1.323 2.5391, -1.7895 -1.323 2.2131, 0.9552 -1.323 2.4189, 0.9552 -1.323 2.4658, 0.9552 -1.323 2.6287, 3.7 -1.323 2.2118, 3.7 -1.323 2.4189, 3.7 -1.323 2.4658, 3.7 -1.323 2.6287, -2.5442 -1.323 2.8337, 3.7 -1.323 2.8337, 0.9552 -1.323 2.8337, -1.9381 -1.323 2.8337, -2.088 -1.323 2.8337, -2.1386 -1.323 2.8337, -2.2885 -1.323 2.8337, -2.3259 -1.323 2.8337, -2.3991 -1.323 2.8337, -2.305 -0.568 -0.0063, -2.305 -0.798 -0.0063, -2.305 -0.568 0.3937, -2.305 -0.798 0.3937, -2.995 -0.568 -0.0063, -2.995 -0.568 0.3937, -2.995 -0.798 -0.0063, -2.995 -0.798 0.3937, 2.305 -0.798 -0.0063, 2.305 -0.568 -0.0063, 2.305 -0.798 0.3937, 2.305 -0.568 0.3937, 2.995 -0.568 -0.0063, 2.995 -0.798 -0.0063, 2.995 -0.568 0.3937, 2.995 -0.798 0.3937, -2.305 0.802 -0.0063, -2.305 0.572 -0.0063, -2.305 0.802 0.3937, -2.305 0.572 0.3937, -2.995 0.572 -0.0063, -2.995 0.802 -0.0063, -2.995 0.572 0.3937, -2.995 0.802 0.3937, 2.305 0.572 -0.0063, 2.305 0.802 -0.0063, 2.305 0.572 0.3937, 2.305 0.802 0.3937, 2.995 0.572 -0.0063, 2.995 0.572 0.3937, 2.995 0.802 -0.0063, 2.995 0.802 0.3937, 1.45 -0.798 1.0437, 1.95 -0.798 1.0437, 1.45 -0.698 1.0437, 1.95 -0.328 1.0437, 1.25 -0.698 1.0437, 1.25 -0.328 1.0437, 1.25 -0.328 0.3937, 1.95 -0.328 0.3937, 1.95 -0.798 0.3937, 1.25 0.702 1.0437, 1.25 0.332 1.0437, 1.45 0.702 1.0437, 1.95 0.332 1.0437, 1.45 0.802 1.0437, 1.95 0.802 1.0437, 1.95 0.802 0.3937, 1.95 0.332 0.3937, 1.25 0.332 0.3937, -1.45 0.802 1.0437, -1.95 0.802 1.0437, -1.45 0.702 1.0437, -1.95 0.332 1.0437, -1.25 0.702 1.0437, -1.25 0.332 1.0437, -1.25 0.332 0.3937, -1.95 0.332 0.3937, -1.95 0.802 0.3937, -1.25 -0.698 1.0437, -1.25 -0.328 1.0437, -1.45 -0.698 1.0437, -1.95 -0.328 1.0437, -1.45 -0.798 1.0437, -1.95 -0.798 1.0437, -1.95 -0.798 0.3937, -1.95 -0.328 0.3937, -1.25 -0.328 0.3937, -1.25 -0.698 2.8937, -1.25 -0.798 2.8937, -1.25 -0.798 0.3937, -1.45 -0.698 2.8937, -1.45 -0.798 2.8937, 1.25 -0.698 2.8937, 1.45 -0.698 2.8937, 1.25 -0.798 2.8937, 1.25 -0.798 0.3937, 1.45 -0.798 2.8937, -1.25 0.702 2.8937, -1.45 0.702 2.8937, -1.25 0.802 2.8937, -1.25 0.802 0.3937, -1.45 0.802 2.8937, 1.25 0.702 2.8937, 1.25 0.802 2.8937, 1.25 0.802 0.3937, 1.45 0.702 2.8937, 1.45 0.802 2.8937, -3.7 -1.263 2.8937, -3.7362 -1.2583 2.8937, -3.7 -1.2786 2.8917, -3.7403 -1.2733 2.8917, -3.7 -1.293 2.8857, -3.744 -1.2872 2.8857, -3.7 -1.3055 2.8761, -3.7472 -1.2992 2.8761, -3.7 -1.315 2.8637, -3.7497 -1.3085 2.8637, -3.7 -1.321 2.8492, -3.7512 -1.3142 2.8492, -3.7518 -1.3162 2.8337, -3.77 -1.2443 2.8937, -3.7778 -1.2577 2.8917, -3.785 -1.2703 2.8857, -3.7912 -1.281 2.8761, -3.796 -1.2893 2.8637, -3.799 -1.2945 2.8492, -3.8 -1.2962 2.8337, -3.799 -1.222 2.8937, -3.81 -1.233 2.8917, -3.8202 -1.2432 2.8857, -3.829 -1.252 2.8761, -3.8357 -1.2588 2.8637, -3.84 -1.263 2.8492, -3.8414 -1.2645 2.8337, -3.8212 -1.193 2.8937, -3.8347 -1.2008 2.8917, -3.8472 -1.208 2.8857, -3.858 -1.2142 2.8761, -3.8662 -1.219 2.8637, -3.8714 -1.222 2.8492, -3.8732 -1.223 2.8337, -3.8352 -1.1593 2.8937, -3.8502 -1.1633 2.8917, -3.8642 -1.167 2.8857, -3.8762 -1.1702 2.8761, -3.8854 -1.1727 2.8637, -3.8912 -1.1743 2.8492, -3.8932 -1.1748 2.8337, -3.84 -1.123 2.8937, -3.8555 -1.123 2.8917, -3.87 -1.123 2.8857, -3.8824 -1.123 2.8761, -3.892 -1.123 2.8637, -3.898 -1.123 2.8492, -3.9 -1.123 2.8337, 3.7 -1.263 2.8937, 3.7 -1.2786 2.8917, 3.7 -1.293 2.8857, 3.7 -1.3055 2.8761, 3.7 -1.315 2.8637, 3.7 -1.321 2.8492, -3.84 1.127 2.8937, -3.8555 1.127 2.8917, -3.87 1.127 2.8857, -3.8824 1.127 2.8761, -3.892 1.127 2.8637, -3.898 1.127 2.8492, -3.9 1.127 2.8337, 3.84 -1.123 2.8937, 3.8352 -1.1593 2.8937, 3.8555 -1.123 2.8917, 3.8502 -1.1633 2.8917, 3.87 -1.123 2.8857, 3.8642 -1.167 2.8857, 3.8824 -1.123 2.8761, 3.8762 -1.1702 2.8761, 3.892 -1.123 2.8637, 3.8854 -1.1727 2.8637, 3.898 -1.123 2.8492, 3.8912 -1.1743 2.8492, 3.9 -1.123 2.8337, 3.8932 -1.1748 2.8337, 3.8212 -1.193 2.8937, 3.8347 -1.2008 2.8917, 3.8472 -1.208 2.8857, 3.858 -1.2142 2.8761, 3.8662 -1.219 2.8637, 3.8714 -1.222 2.8492, 3.8732 -1.223 2.8337, 3.799 -1.222 2.8937, 3.81 -1.233 2.8917, 3.8202 -1.2432 2.8857, 3.829 -1.252 2.8761, 3.8357 -1.2588 2.8637, 3.84 -1.263 2.8492, 3.8414 -1.2645 2.8337, 3.77 -1.2443 2.8937, 3.7778 -1.2577 2.8917, 3.785 -1.2703 2.8857, 3.7912 -1.281 2.8761, 3.796 -1.2893 2.8637, 3.799 -1.2945 2.8492, 3.8 -1.2962 2.8337, 3.7362 -1.2583 2.8937, 3.7403 -1.2733 2.8917, 3.744 -1.2872 2.8857, 3.7472 -1.2992 2.8761, 3.7497 -1.3085 2.8637, 3.7512 -1.3142 2.8492, 3.7518 -1.3162 2.8337, -3.855 1.2506 2.8337, -3.8732 1.227 2.8337, -3.8714 1.2259 2.8492, -3.8789 1.2132 2.8337, -3.8932 1.1787 2.8337, -3.8912 1.1782 2.8492, -3.8942 1.1714 2.8337, -3.799 1.226 2.8937, -3.77 1.2482 2.8937, -3.81 1.2369 2.8917, -3.7778 1.2617 2.8917, -3.8202 1.2472 2.8857, -3.785 1.2742 2.8857, -3.829 1.256 2.8761, -3.7912 1.285 2.8761, -3.8357 1.2627 2.8637, -3.796 1.2932 2.8637, -3.84 1.2669 2.8492, -3.799 1.2984 2.8492, -3.8854 1.1767 2.8637, -3.8762 1.1742 2.8761, -3.8642 1.171 2.8857, -3.8502 1.1672 2.8917, -3.8352 1.1632 2.8937, -3.8662 1.2229 2.8637, -3.858 1.2182 2.8761, -3.8472 1.212 2.8857, -3.8347 1.2047 2.8917, -3.8212 1.197 2.8937, -3.8414 1.2684 2.8337, -3.7444 1.3211 2.8337, -3.7518 1.3202 2.8337, -3.7512 1.3182 2.8492, -3.7497 1.3124 2.8637, -3.7472 1.3032 2.8761, -3.744 1.2912 2.8857, -3.7403 1.2772 2.8917, -3.7362 1.2622 2.8937, -3.7862 1.3059 2.8337, -3.8 1.3002 2.8337, -3.8237 1.282 2.8337, -3.7 1.327 2.8337, -3.7 1.3249 2.8492, -3.7 1.3189 2.8637, -3.7 1.3094 2.8761, -3.7 1.297 2.8857, -3.7 1.2825 2.8917, -3.7 1.267 2.8937, 3.84 1.127 2.8937, 3.8555 1.127 2.8917, 3.87 1.127 2.8857, 3.8824 1.127 2.8761, 3.892 1.127 2.8637, 3.898 1.127 2.8492, 3.9 1.127 2.8337, 3.7 1.267 2.8937, 3.7 1.2825 2.8917, 3.7 1.297 2.8857, 3.7 1.3094 2.8761, 3.7 1.3189 2.8637, 3.7 1.3249 2.8492, 3.7 1.327 2.8337, 3.7362 1.2622 2.8937, 3.7403 1.2772 2.8917, 3.744 1.2912 2.8857, 3.7472 1.3032 2.8761, 3.7497 1.3124 2.8637, 3.7512 1.3182 2.8492, 3.7518 1.3202 2.8337, 3.77 1.2482 2.8937, 3.7778 1.2617 2.8917, 3.785 1.2742 2.8857, 3.7912 1.285 2.8761, 3.796 1.2932 2.8637, 3.799 1.2984 2.8492, 3.8 1.3002 2.8337, 3.799 1.226 2.8937, 3.81 1.2369 2.8917, 3.8202 1.2472 2.8857, 3.829 1.256 2.8761, 3.8357 1.2627 2.8637, 3.84 1.2669 2.8492, 3.8414 1.2684 2.8337, 3.8212 1.197 2.8937, 3.8347 1.2047 2.8917, 3.8472 1.212 2.8857, 3.858 1.2182 2.8761, 3.8662 1.2229 2.8637, 3.8714 1.2259 2.8492, 3.8732 1.227 2.8337, 3.8352 1.1632 2.8937, 3.8502 1.1672 2.8917, 3.8642 1.171 2.8857, 3.8762 1.1742 2.8761, 3.8854 1.1767 2.8637, 3.8912 1.1782 2.8492, 3.8932 1.1787 2.8337, -3.35 -0.798 0.3937, -3.35 0.802 0.3937, -3.35 -0.798 2.8937, -3.35 0.802 2.8937, 3.35 0.802 0.3937, 3.35 -0.798 0.3937, 3.35 0.802 2.8937, 3.35 -0.798 2.8937, -3.7518 -1.3162 -0.0063, -3.8 -1.2962 -0.0063, -3.8414 -1.2645 -0.0063, -3.8732 -1.223 -0.0063, 3.9 1.127 -0.0063, 3.9 -1.123 -0.0063, 3.8932 -1.1748 -0.0063, -3.8802 1.2137 -0.0063, -3.8564 1.2517 -0.0063, -3.8247 1.2833 -0.0063, 3.7 1.327 -0.0063, -3.7 1.327 -0.0063, -3.7445 1.322 -0.0063, -3.7868 1.3072 -0.0063, 3.8732 -1.223 -0.0063, 3.8414 -1.2645 -0.0063, 3.8 -1.2962 -0.0063, -3.8932 -1.1748 -0.0063, -3.9 -1.123 -0.0063, -3.9 1.127 -0.0063, -3.895 1.1715 -0.0063, 3.7518 -1.3162 -0.0063, 3.7518 1.3202 -0.0063, 3.8 1.3002 -0.0063, 3.8414 1.2684 -0.0063, 3.8932 1.1787 -0.0063, 3.8732 1.227 -0.0063
            ]
        }
        coordIndex [
            0,1,2,-1,3,0,4,-1,5,6,7,-1,8,9,10,-1,11,12,13,-1,13,12,14,-1,15,16,13,-1,13,16,17,-1,13,17,18,-1,18,19,13,-1,13,19,20,-1,13,20,11,-1,21,22,23,-1,23,22,24,-1,23,24,25,-1,25,24,26,-1,21,23,27,-1,27,23,28,-1,27,28,29,-1,30,31,28,-1,28,31,32,-1,28,32,33,-1,28,34,29,-1,29,34,35,-1,29,35,36,-1,36,35,37,-1,36,37,38,-1,33,39,28,-1,28,39,40,-1,28,40,34,-1,41,42,43,-1,43,42,44,-1,43,44,45,-1,45,46,43,-1,43,46,47,-1,43,47,48,-1,48,47,49,-1,49,50,48,-1,48,50,51,-1,48,51,30,-1,30,51,52,-1,30,52,31,-1,53,54,55,-1,55,54,56,-1,55,56,43,-1,43,56,57,-1,43,57,41,-1,58,59,60,-1,61,62,55,-1,55,62,63,-1,55,63,53,-1,60,64,58,-1,58,64,65,-1,58,65,61,-1,61,65,66,-1,61,66,62,-1,67,68,59,-1,59,68,69,-1,59,69,70,-1,70,71,59,-1,59,71,72,-1,59,72,60,-1,73,74,75,-1,76,77,78,-1,79,80,67,-1,81,82,83,-1,83,82,84,-1,76,78,85,-1,79,67,86,-1,87,88,82,-1,82,88,89,-1,82,89,90,-1,75,74,67,-1,67,74,91,-1,67,91,86,-1,77,92,78,-1,78,92,93,-1,78,93,94,-1,95,96,97,-1,97,96,98,-1,97,98,99,-1,100,90,101,-1,101,90,102,-1,101,102,97,-1,97,102,103,-1,97,103,95,-1,100,104,90,-1,90,104,105,-1,90,105,82,-1,82,105,106,-1,82,106,84,-1,107,108,109,-1,109,108,110,-1,109,110,78,-1,78,110,111,-1,78,111,85,-1,112,113,78,-1,78,113,114,-1,78,114,82,-1,82,114,115,-1,82,115,87,-1,116,117,68,-1,68,117,118,-1,68,118,119,-1,119,120,68,-1,68,120,121,-1,68,121,122,-1,122,121,107,-1,122,107,123,-1,123,107,109,-1,80,124,67,-1,67,124,125,-1,67,125,68,-1,68,125,126,-1,68,126,116,-1,94,127,78,-1,78,127,128,-1,78,128,129,-1,129,130,78,-1,78,130,131,-1,78,131,112,-1,132,133,134,-1,134,90,132,-1,132,90,89,-1,132,89,135,-1,135,89,136,-1,136,137,135,-1,135,137,138,-1,135,138,139,-1,140,141,142,-1,141,143,142,-1,142,143,144,-1,142,144,145,-1,146,142,147,-1,133,132,146,-1,146,132,148,-1,146,148,142,-1,142,148,149,-1,142,149,140,-1,147,150,146,-1,146,150,151,-1,146,151,152,-1,145,144,153,-1,153,144,154,-1,153,154,155,-1,155,154,156,-1,155,156,157,-1,158,159,152,-1,152,159,160,-1,152,160,146,-1,12,161,14,-1,14,161,162,-1,14,162,75,-1,75,162,163,-1,75,163,73,-1,164,165,166,-1,10,9,167,-1,167,9,168,-1,167,168,169,-1,170,171,172,-1,172,171,173,-1,172,173,174,-1,174,173,164,-1,174,164,175,-1,176,177,178,-1,178,177,179,-1,178,179,169,-1,166,165,180,-1,180,165,181,-1,180,181,182,-1,183,184,185,-1,186,187,188,-1,188,187,189,-1,188,189,190,-1,190,189,183,-1,190,183,191,-1,191,183,185,-1,192,193,194,-1,195,196,197,-1,198,199,200,-1,195,197,201,-1,198,200,197,-1,197,200,202,-1,197,202,201,-1,203,204,205,-1,205,204,206,-1,205,206,207,-1,207,206,208,-1,207,208,197,-1,209,210,7,-1,211,212,213,-1,214,215,210,-1,193,216,194,-1,194,216,217,-1,194,217,213,-1,213,217,218,-1,213,218,211,-1,219,220,7,-1,7,220,221,-1,212,222,213,-1,213,222,223,-1,213,223,224,-1,224,223,225,-1,224,225,209,-1,215,226,210,-1,210,226,227,-1,210,227,7,-1,7,227,228,-1,7,228,219,-1,229,230,231,-1,221,232,7,-1,7,232,233,-1,7,233,5,-1,214,210,234,-1,234,210,235,-1,234,235,230,-1,230,235,236,-1,230,236,231,-1,237,238,239,-1,239,238,240,-1,237,239,231,-1,231,239,241,-1,231,241,242,-1,242,243,231,-1,231,243,244,-1,231,244,229,-1,245,246,240,-1,240,246,247,-1,240,247,239,-1,248,249,199,-1,199,249,250,-1,199,250,200,-1,248,251,249,-1,249,251,252,-1,249,252,253,-1,253,252,254,-1,253,255,256,-1,254,257,253,-1,253,257,258,-1,253,258,259,-1,259,260,253,-1,253,260,261,-1,253,261,255,-1,256,262,253,-1,253,262,263,-1,253,263,264,-1,265,266,267,-1,268,269,267,-1,267,269,270,-1,267,270,265,-1,266,265,271,-1,271,265,272,-1,271,272,273,-1,269,274,270,-1,270,274,275,-1,270,275,276,-1,276,275,277,-1,276,277,278,-1,278,277,279,-1,278,279,273,-1,273,279,280,-1,273,280,271,-1,281,282,283,-1,283,282,284,-1,285,286,287,-1,287,286,288,-1,287,288,289,-1,289,288,290,-1,289,290,291,-1,291,290,292,-1,291,292,293,-1,293,292,294,-1,293,294,295,-1,295,294,296,-1,297,298,299,-1,283,292,281,-1,281,292,290,-1,281,290,300,-1,300,290,301,-1,300,301,299,-1,299,301,302,-1,299,302,297,-1,284,282,303,-1,303,282,304,-1,303,304,297,-1,305,306,304,-1,304,306,307,-1,304,307,308,-1,309,310,311,-1,297,304,298,-1,298,304,308,-1,298,308,312,-1,312,308,313,-1,312,313,311,-1,311,313,314,-1,311,314,309,-1,310,315,311,-1,311,315,316,-1,311,316,317,-1,317,318,311,-1,311,318,319,-1,311,319,320,-1,320,321,311,-1,311,321,322,-1,311,322,323,-1,324,325,323,-1,323,325,326,-1,323,326,311,-1,327,328,329,-1,324,330,325,-1,325,330,331,-1,325,331,329,-1,329,331,332,-1,329,332,327,-1,333,334,305,-1,305,334,335,-1,305,335,306,-1,336,337,338,-1,338,337,339,-1,340,341,342,-1,342,343,340,-1,340,343,344,-1,340,344,345,-1,346,347,340,-1,340,347,348,-1,340,348,341,-1,349,350,351,-1,351,350,352,-1,351,352,346,-1,346,352,353,-1,346,353,347,-1,354,355,356,-1,356,355,357,-1,357,358,356,-1,356,358,359,-1,356,359,349,-1,354,356,360,-1,360,356,361,-1,360,361,362,-1,362,361,363,-1,363,361,194,-1,363,194,364,-1,312,365,298,-1,298,365,366,-1,298,366,367,-1,367,366,368,-1,367,368,369,-1,370,371,372,-1,372,371,373,-1,207,374,375,-1,376,377,378,-1,194,379,380,-1,370,381,371,-1,371,381,382,-1,371,382,383,-1,383,382,378,-1,383,378,384,-1,384,378,377,-1,196,192,197,-1,197,192,194,-1,197,194,207,-1,207,194,380,-1,207,380,374,-1,385,386,387,-1,387,386,388,-1,387,388,389,-1,390,391,375,-1,375,391,392,-1,375,392,393,-1,389,394,387,-1,387,394,395,-1,387,395,361,-1,361,395,373,-1,361,373,396,-1,396,373,371,-1,397,398,194,-1,194,398,399,-1,400,401,378,-1,378,401,402,-1,378,402,403,-1,399,404,194,-1,194,404,405,-1,194,405,379,-1,396,406,361,-1,361,406,407,-1,361,407,194,-1,194,407,408,-1,194,408,397,-1,403,409,378,-1,378,409,410,-1,378,410,376,-1,411,412,413,-1,413,412,414,-1,412,415,414,-1,414,415,416,-1,414,416,387,-1,387,416,417,-1,387,417,385,-1,418,419,7,-1,7,419,420,-1,209,7,224,-1,224,7,420,-1,224,420,187,-1,187,420,421,-1,187,421,189,-1,422,419,423,-1,423,419,418,-1,423,418,424,-1,425,426,427,-1,428,429,418,-1,418,429,430,-1,418,430,424,-1,431,432,6,-1,6,432,425,-1,6,425,7,-1,7,425,427,-1,7,427,418,-1,418,427,433,-1,418,433,434,-1,435,436,437,-1,437,436,438,-1,437,438,425,-1,425,438,439,-1,425,439,426,-1,434,440,418,-1,418,440,441,-1,418,441,428,-1,442,443,444,-1,442,444,445,-1,443,446,444,-1,444,446,447,-1,444,447,437,-1,437,447,448,-1,437,448,435,-1,449,450,451,-1,451,450,444,-1,451,444,452,-1,452,444,437,-1,452,437,453,-1,453,437,425,-1,453,425,454,-1,454,425,432,-1,454,432,455,-1,455,432,413,-1,455,413,456,-1,456,413,414,-1,431,203,432,-1,432,203,205,-1,432,205,413,-1,413,205,207,-1,413,207,411,-1,411,207,375,-1,411,375,457,-1,457,375,393,-1,450,166,444,-1,444,166,180,-1,444,180,445,-1,445,180,182,-1,445,182,186,-1,186,182,8,-1,186,8,187,-1,187,8,10,-1,3,4,458,-1,458,4,459,-1,458,459,460,-1,461,75,462,-1,462,75,67,-1,462,67,463,-1,463,67,59,-1,463,59,464,-1,464,59,58,-1,464,58,465,-1,461,466,467,-1,466,468,467,-1,467,468,469,-1,467,469,463,-1,463,469,470,-1,463,470,462,-1,471,472,473,-1,473,472,469,-1,473,469,474,-1,474,469,468,-1,474,468,475,-1,475,468,476,-1,477,166,460,-1,460,166,450,-1,460,450,458,-1,458,450,449,-1,458,449,3,-1,477,478,166,-1,166,478,167,-1,166,167,164,-1,164,167,169,-1,164,169,175,-1,175,169,179,-1,479,480,460,-1,460,480,481,-1,481,482,460,-1,460,482,483,-1,460,483,477,-1,478,484,167,-1,167,484,485,-1,167,485,486,-1,486,485,487,-1,486,487,488,-1,488,489,486,-1,486,489,490,-1,486,490,491,-1,491,492,486,-1,486,492,493,-1,486,493,460,-1,460,493,494,-1,460,494,479,-1,495,496,460,-1,497,498,499,-1,460,496,486,-1,486,496,500,-1,486,500,501,-1,349,351,356,-1,356,351,467,-1,356,467,361,-1,361,467,463,-1,361,463,387,-1,387,463,464,-1,387,464,414,-1,414,464,465,-1,414,465,456,-1,486,265,167,-1,167,265,270,-1,167,270,10,-1,10,270,276,-1,10,276,187,-1,187,276,300,-1,187,300,224,-1,224,300,299,-1,224,299,213,-1,213,299,298,-1,213,298,194,-1,194,298,367,-1,194,367,364,-1,364,367,369,-1,502,346,13,-1,461,467,75,-1,75,467,351,-1,75,351,14,-1,14,351,503,-1,14,503,13,-1,13,503,504,-1,13,504,502,-1,502,505,346,-1,346,505,506,-1,346,506,351,-1,351,506,507,-1,351,507,503,-1,508,509,276,-1,276,509,510,-1,276,510,511,-1,281,512,278,-1,278,512,513,-1,278,513,514,-1,511,515,276,-1,276,515,516,-1,276,516,300,-1,300,516,517,-1,300,517,281,-1,281,517,518,-1,281,518,512,-1,514,519,278,-1,278,519,520,-1,278,520,521,-1,521,522,278,-1,278,522,523,-1,278,523,276,-1,276,523,524,-1,276,524,508,-1,499,495,497,-1,497,495,460,-1,497,460,525,-1,525,460,459,-1,525,459,501,-1,501,459,526,-1,501,526,486,-1,486,526,527,-1,486,527,265,-1,265,527,528,-1,265,528,272,-1,0,2,4,-1,4,2,529,-1,4,529,459,-1,459,529,530,-1,459,530,526,-1,526,530,531,-1,526,531,527,-1,527,531,532,-1,527,532,528,-1,345,338,340,-1,340,338,339,-1,340,339,346,-1,346,339,533,-1,346,533,13,-1,13,533,25,-1,13,25,15,-1,15,25,26,-1,532,534,528,-1,528,534,535,-1,528,535,272,-1,272,535,536,-1,272,536,273,-1,273,536,537,-1,273,537,278,-1,278,537,538,-1,278,538,281,-1,281,538,539,-1,281,539,282,-1,282,539,540,-1,282,540,304,-1,304,540,541,-1,304,541,305,-1,305,541,337,-1,305,337,333,-1,333,337,336,-1,542,543,544,-1,544,543,545,-1,546,542,547,-1,547,542,544,-1,548,546,549,-1,549,546,547,-1,550,551,552,-1,552,551,553,-1,554,555,556,-1,556,555,557,-1,551,554,553,-1,553,554,556,-1,558,559,560,-1,560,559,561,-1,562,563,564,-1,564,563,565,-1,559,562,561,-1,561,562,564,-1,566,567,568,-1,568,567,569,-1,570,566,571,-1,571,566,568,-1,572,570,573,-1,573,570,571,-1,574,575,576,-1,576,575,577,-1,576,577,578,-1,578,577,579,-1,579,577,580,-1,580,577,581,-1,577,575,581,-1,581,575,582,-1,583,584,585,-1,585,584,586,-1,585,586,587,-1,587,586,588,-1,588,586,589,-1,589,586,590,-1,586,584,590,-1,590,584,591,-1,592,593,594,-1,594,593,595,-1,594,595,596,-1,596,595,597,-1,597,595,598,-1,598,595,599,-1,595,593,599,-1,599,593,600,-1,601,602,603,-1,603,602,604,-1,603,604,605,-1,605,604,606,-1,606,604,607,-1,607,604,608,-1,604,602,608,-1,608,602,609,-1,610,611,601,-1,601,611,612,-1,601,612,602,-1,602,612,609,-1,613,610,603,-1,603,610,601,-1,614,613,605,-1,605,613,603,-1,615,616,578,-1,578,616,576,-1,617,615,578,-1,579,580,578,-1,578,580,618,-1,578,618,617,-1,616,619,576,-1,576,619,574,-1,620,621,596,-1,596,621,594,-1,622,620,596,-1,597,598,596,-1,596,598,623,-1,596,623,622,-1,621,624,594,-1,594,624,592,-1,625,626,583,-1,583,626,627,-1,583,627,584,-1,584,627,591,-1,628,625,585,-1,585,625,583,-1,629,628,587,-1,587,628,585,-1,630,631,632,-1,632,631,633,-1,632,633,634,-1,634,633,635,-1,634,635,636,-1,636,635,637,-1,636,637,638,-1,638,637,639,-1,638,639,640,-1,640,639,641,-1,640,641,23,-1,23,641,642,-1,631,643,633,-1,633,643,644,-1,633,644,635,-1,635,644,645,-1,635,645,637,-1,637,645,646,-1,637,646,639,-1,639,646,647,-1,639,647,641,-1,641,647,648,-1,641,648,642,-1,642,648,649,-1,643,650,644,-1,644,650,651,-1,644,651,645,-1,645,651,652,-1,645,652,646,-1,646,652,653,-1,646,653,647,-1,647,653,654,-1,647,654,648,-1,648,654,655,-1,648,655,649,-1,649,655,656,-1,650,657,651,-1,651,657,658,-1,651,658,652,-1,652,658,659,-1,652,659,653,-1,653,659,660,-1,653,660,654,-1,654,660,661,-1,654,661,655,-1,655,661,662,-1,655,662,656,-1,656,662,663,-1,657,664,658,-1,658,664,665,-1,658,665,659,-1,659,665,666,-1,659,666,660,-1,660,666,667,-1,660,667,661,-1,661,667,668,-1,661,668,662,-1,662,668,669,-1,662,669,663,-1,663,669,670,-1,664,671,665,-1,665,671,672,-1,665,672,666,-1,666,672,673,-1,666,673,667,-1,667,673,674,-1,667,674,668,-1,668,674,675,-1,668,675,669,-1,669,675,676,-1,669,676,670,-1,670,676,677,-1,678,630,632,-1,678,632,679,-1,679,632,634,-1,679,634,680,-1,680,634,636,-1,680,636,681,-1,681,636,638,-1,681,638,682,-1,682,638,640,-1,682,640,683,-1,683,640,23,-1,683,23,534,-1,671,684,685,-1,671,685,672,-1,672,685,686,-1,672,686,673,-1,673,686,687,-1,673,687,674,-1,674,687,688,-1,674,688,675,-1,675,688,689,-1,675,689,676,-1,676,689,690,-1,676,690,677,-1,691,692,693,-1,693,692,694,-1,693,694,695,-1,695,694,696,-1,695,696,697,-1,697,696,698,-1,697,698,699,-1,699,698,700,-1,699,700,701,-1,701,700,702,-1,701,702,703,-1,703,702,704,-1,692,705,694,-1,694,705,706,-1,694,706,696,-1,696,706,707,-1,696,707,698,-1,698,707,708,-1,698,708,700,-1,700,708,709,-1,700,709,702,-1,702,709,710,-1,702,710,704,-1,704,710,711,-1,705,712,706,-1,706,712,713,-1,706,713,707,-1,707,713,714,-1,707,714,708,-1,708,714,715,-1,708,715,709,-1,709,715,716,-1,709,716,710,-1,710,716,717,-1,710,717,711,-1,711,717,718,-1,712,719,713,-1,713,719,720,-1,713,720,714,-1,714,720,721,-1,714,721,715,-1,715,721,722,-1,715,722,716,-1,716,722,723,-1,716,723,717,-1,717,723,724,-1,717,724,718,-1,718,724,725,-1,719,726,720,-1,720,726,727,-1,720,727,721,-1,721,727,728,-1,721,728,722,-1,722,728,729,-1,722,729,723,-1,723,729,730,-1,723,730,724,-1,724,730,731,-1,724,731,725,-1,725,731,732,-1,726,678,727,-1,727,678,679,-1,727,679,728,-1,728,679,680,-1,728,680,729,-1,729,680,681,-1,729,681,730,-1,730,681,682,-1,730,682,731,-1,731,682,683,-1,731,683,732,-1,732,683,534,-1,733,734,735,-1,736,737,738,-1,739,690,689,-1,740,741,742,-1,742,741,743,-1,742,743,744,-1,744,743,745,-1,744,745,746,-1,746,745,747,-1,746,747,748,-1,748,747,749,-1,748,749,750,-1,750,749,751,-1,737,739,738,-1,738,739,689,-1,738,689,752,-1,752,689,688,-1,752,688,753,-1,753,688,687,-1,753,687,754,-1,754,687,686,-1,754,686,755,-1,755,686,685,-1,755,685,756,-1,756,685,684,-1,734,736,735,-1,735,736,738,-1,735,738,757,-1,757,738,752,-1,757,752,758,-1,758,752,753,-1,758,753,759,-1,759,753,754,-1,759,754,760,-1,760,754,755,-1,760,755,761,-1,761,755,756,-1,762,733,750,-1,750,733,735,-1,750,735,748,-1,748,735,757,-1,748,757,746,-1,746,757,758,-1,746,758,744,-1,744,758,759,-1,744,759,742,-1,742,759,760,-1,742,760,740,-1,740,760,761,-1,763,764,765,-1,765,764,751,-1,765,751,766,-1,766,751,749,-1,766,749,767,-1,767,749,747,-1,767,747,768,-1,768,747,745,-1,768,745,769,-1,769,745,743,-1,769,743,770,-1,770,743,741,-1,764,771,751,-1,751,771,772,-1,751,772,750,-1,750,772,773,-1,750,773,762,-1,774,763,775,-1,775,763,765,-1,775,765,776,-1,776,765,766,-1,776,766,777,-1,777,766,767,-1,777,767,778,-1,778,767,768,-1,778,768,779,-1,779,768,769,-1,779,769,780,-1,780,769,770,-1,781,691,693,-1,781,693,782,-1,782,693,695,-1,782,695,783,-1,783,695,697,-1,783,697,784,-1,784,697,699,-1,784,699,785,-1,785,699,701,-1,785,701,786,-1,786,701,703,-1,786,703,787,-1,780,788,789,-1,780,789,779,-1,779,789,790,-1,779,790,778,-1,778,790,791,-1,778,791,777,-1,777,791,792,-1,777,792,776,-1,776,792,793,-1,776,793,775,-1,775,793,794,-1,775,794,774,-1,788,795,789,-1,789,795,796,-1,789,796,790,-1,790,796,797,-1,790,797,791,-1,791,797,798,-1,791,798,792,-1,792,798,799,-1,792,799,793,-1,793,799,800,-1,793,800,794,-1,794,800,801,-1,795,802,796,-1,796,802,803,-1,796,803,797,-1,797,803,804,-1,797,804,798,-1,798,804,805,-1,798,805,799,-1,799,805,806,-1,799,806,800,-1,800,806,807,-1,800,807,801,-1,801,807,808,-1,802,809,803,-1,803,809,810,-1,803,810,804,-1,804,810,811,-1,804,811,805,-1,805,811,812,-1,805,812,806,-1,806,812,813,-1,806,813,807,-1,807,813,814,-1,807,814,808,-1,808,814,815,-1,809,816,810,-1,810,816,817,-1,810,817,811,-1,811,817,818,-1,811,818,812,-1,812,818,819,-1,812,819,813,-1,813,819,820,-1,813,820,814,-1,814,820,821,-1,814,821,815,-1,815,821,822,-1,816,823,817,-1,817,823,824,-1,817,824,818,-1,818,824,825,-1,818,825,819,-1,819,825,826,-1,819,826,820,-1,820,826,827,-1,820,827,821,-1,821,827,828,-1,821,828,822,-1,822,828,829,-1,823,781,824,-1,824,781,782,-1,824,782,825,-1,825,782,783,-1,825,783,826,-1,826,783,784,-1,826,784,827,-1,827,784,785,-1,827,785,828,-1,828,785,786,-1,828,786,829,-1,829,786,787,-1,623,627,622,-1,622,627,626,-1,830,831,832,-1,832,831,833,-1,611,617,612,-1,612,617,618,-1,834,835,836,-1,836,835,837,-1,548,61,838,-1,838,839,548,-1,548,839,840,-1,548,840,841,-1,546,562,542,-1,542,562,559,-1,558,567,559,-1,559,567,566,-1,842,843,555,-1,555,843,844,-1,845,846,562,-1,562,846,847,-1,572,567,848,-1,848,567,558,-1,848,558,849,-1,849,558,563,-1,849,563,850,-1,850,563,562,-1,850,562,851,-1,851,562,847,-1,844,852,555,-1,555,852,853,-1,555,853,854,-1,841,855,548,-1,548,855,856,-1,548,856,546,-1,546,856,857,-1,546,857,562,-1,562,857,858,-1,562,858,845,-1,548,543,61,-1,61,543,550,-1,61,550,1,-1,1,550,555,-1,1,555,859,-1,859,555,854,-1,570,554,566,-1,566,554,551,-1,566,551,559,-1,559,551,550,-1,559,550,542,-1,542,550,543,-1,848,860,572,-1,572,860,861,-1,572,861,862,-1,555,554,842,-1,842,554,570,-1,842,570,863,-1,863,570,572,-1,863,572,864,-1,864,572,862,-1,816,809,836,-1,657,650,832,-1,616,615,619,-1,619,615,617,-1,610,613,611,-1,611,613,614,-1,621,620,624,-1,624,620,622,-1,625,628,626,-1,626,628,629,-1,719,712,837,-1,837,712,705,-1,617,630,619,-1,619,630,678,-1,619,678,837,-1,837,678,726,-1,837,726,719,-1,622,788,624,-1,624,788,780,-1,624,780,833,-1,833,780,770,-1,816,836,823,-1,657,832,664,-1,622,626,788,-1,788,626,629,-1,788,629,795,-1,795,629,836,-1,795,836,802,-1,802,836,809,-1,705,692,837,-1,837,692,691,-1,837,691,836,-1,836,691,781,-1,836,781,823,-1,770,741,833,-1,833,741,740,-1,833,740,761,-1,617,611,630,-1,630,611,614,-1,630,614,631,-1,631,614,832,-1,631,832,643,-1,643,832,650,-1,761,756,833,-1,833,756,684,-1,833,684,832,-1,832,684,671,-1,832,671,664,-1,703,843,787,-1,787,843,842,-1,534,1,859,-1,534,859,732,-1,732,859,854,-1,732,854,725,-1,725,854,853,-1,725,853,718,-1,718,853,852,-1,718,852,711,-1,711,852,844,-1,711,844,704,-1,704,844,843,-1,704,843,703,-1,677,856,855,-1,677,855,670,-1,670,855,841,-1,670,841,663,-1,663,841,840,-1,663,840,656,-1,656,840,839,-1,656,839,649,-1,649,839,838,-1,649,838,642,-1,642,838,61,-1,642,61,23,-1,690,857,677,-1,677,857,856,-1,774,849,850,-1,851,764,850,-1,850,764,763,-1,850,763,774,-1,847,772,851,-1,851,772,771,-1,851,771,764,-1,846,762,847,-1,847,762,773,-1,847,773,772,-1,845,734,846,-1,846,734,733,-1,846,733,762,-1,739,737,845,-1,845,737,736,-1,845,736,734,-1,845,858,739,-1,739,858,857,-1,739,857,690,-1,794,848,774,-1,774,848,849,-1,787,842,863,-1,787,863,829,-1,829,863,864,-1,829,864,822,-1,822,864,862,-1,822,862,815,-1,815,862,861,-1,815,861,808,-1,808,861,860,-1,808,860,801,-1,801,860,848,-1,801,848,794,-1,607,545,606,-1,606,545,832,-1,606,832,605,-1,605,832,614,-1,830,832,549,-1,549,832,545,-1,549,545,548,-1,548,545,543,-1,593,592,624,-1,624,833,593,-1,593,833,831,-1,593,831,565,-1,600,593,560,-1,560,593,565,-1,560,565,558,-1,558,565,563,-1,589,569,588,-1,588,569,836,-1,588,836,587,-1,587,836,629,-1,834,836,573,-1,573,836,569,-1,573,569,572,-1,572,569,567,-1,575,574,619,-1,619,837,575,-1,575,837,835,-1,575,835,557,-1,582,575,552,-1,552,575,557,-1,552,557,550,-1,550,557,555,-1,556,557,835,-1,564,565,831,-1,544,598,547,-1,547,598,599,-1,830,549,547,-1,581,571,580,-1,580,571,568,-1,834,573,571,-1,627,623,598,-1,600,560,599,-1,599,560,561,-1,599,561,547,-1,547,561,564,-1,547,564,830,-1,830,564,831,-1,612,618,580,-1,591,627,609,-1,609,627,598,-1,609,598,608,-1,608,598,544,-1,608,544,607,-1,607,544,545,-1,609,612,591,-1,591,612,580,-1,591,580,590,-1,590,580,568,-1,590,568,589,-1,589,568,569,-1,582,552,581,-1,581,552,553,-1,581,553,571,-1,571,553,556,-1,571,556,834,-1,834,556,835,-1,
        ]
    }
}
Shape{
    appearance Appearance {
        material  Material 	{
            diffuseColor 1.0 1.0 1.0
            specularColor 0.5019607843137255 0.5019607843137255 0.5019607843137255
            ambientIntensity 1.0
            transparency 0.0
            shininess 0.5
        }
    }
    geometry IndexedFaceSet {
        ccw TRUE
        solid FALSE
        coord DEF co Coordinate {
            point [
                -2.5483 -1.327 2.4854, -2.5483 -1.327 2.4672, -2.5483 -1.323 2.4854, -2.5483 -1.323 2.4672, -2.6121 -1.327 2.4854, -2.6121 -1.323 2.4854, -2.6121 -1.327 2.6273, -2.6121 -1.323 2.6273, -2.6327 -1.327 2.6273, -2.6327 -1.323 2.6273, -2.6327 -1.327 2.4672, -2.6327 -1.323 2.4672, -2.4418 -1.327 2.4668, -2.4662 -1.327 2.4645, -2.4662 -1.323 2.4645, -2.4521 -1.323 2.4658, -2.4418 -1.323 2.4668, -2.4246 -1.327 2.4724, -2.4287 -1.323 2.4711, -2.4246 -1.323 2.4724, -2.4218 -1.323 2.4738, -2.4218 -1.327 2.4738, -2.4218 -1.327 2.4936, -2.4218 -1.323 2.4936, -2.4287 -1.323 2.4905, -2.4376 -1.327 2.4865, -2.4376 -1.323 2.4865, -2.4557 -1.323 2.4832, -2.4557 -1.327 2.4832, -2.4632 -1.323 2.4829, -2.4632 -1.327 2.4829, -2.4792 -1.323 2.4848, -2.4792 -1.327 2.4848, -2.4907 -1.323 2.4892, -2.4907 -1.327 2.4892, -2.5011 -1.323 2.4966, -2.5011 -1.327 2.4966, -2.5043 -1.323 2.4998, -2.5043 -1.327 2.4998, -2.5114 -1.323 2.5092, -2.5114 -1.327 2.5092, -2.5168 -1.323 2.5218, -2.5168 -1.327 2.5218, -2.5197 -1.323 2.5374, -2.5197 -1.327 2.5374, -2.5201 -1.323 2.5454, -2.5201 -1.327 2.5454, -2.5174 -1.323 2.5675, -2.5174 -1.327 2.5675, -2.512 -1.323 2.5813, -2.512 -1.327 2.5813, -2.5043 -1.323 2.5924, -2.5043 -1.327 2.5924, -2.5032 -1.323 2.5936, -2.5032 -1.327 2.5936, -2.4939 -1.323 2.6016, -2.4939 -1.327 2.6016, -2.4815 -1.323 2.6078, -2.4815 -1.327 2.6078, -2.4678 -1.323 2.6109, -2.4678 -1.327 2.6109, -2.4596 -1.323 2.6113, -2.4596 -1.327 2.6113, -2.4399 -1.323 2.609, -2.4287 -1.323 2.6047, -2.4236 -1.327 2.6028, -2.4399 -1.327 2.609, -2.4236 -1.323 2.6028, -2.4218 -1.323 2.6019, -2.4218 -1.327 2.6019, -2.4218 -1.327 2.6235, -2.4218 -1.323 2.6235, -2.4598 -1.323 2.63, -2.4598 -1.327 2.63, -2.4598 -1.327 2.63, -2.4287 -1.323 2.6254, -2.4388 -1.327 2.6284, -2.4388 -1.323 2.6284, -2.4426 -1.323 2.6287, -2.4598 -1.323 2.63, -2.4709 -1.323 2.6287, -2.483 -1.327 2.6272, -2.483 -1.323 2.6272, -2.4997 -1.323 2.6207, -2.4997 -1.327 2.6207, -2.5147 -1.323 2.6102, -2.5147 -1.327 2.6102, -2.5186 -1.323 2.6064, -2.5186 -1.327 2.6064, -2.5302 -1.323 2.5913, -2.5346 -1.323 2.5811, -2.5378 -1.327 2.5735, -2.5302 -1.327 2.5913, -2.5378 -1.323 2.5735, -2.5415 -1.323 2.5526, -2.5415 -1.327 2.5526, -2.5417 -1.323 2.5442, -2.5417 -1.327 2.5442, -2.5386 -1.323 2.5181, -2.5346 -1.323 2.5079, -2.532 -1.327 2.5014, -2.5386 -1.327 2.5181, -2.532 -1.323 2.5014, -2.5225 -1.323 2.4877, -2.5225 -1.327 2.4877, -2.5212 -1.323 2.4863, -2.5212 -1.327 2.4863, -2.4932 -1.323 2.4685, -2.5083 -1.327 2.4756, -2.5083 -1.323 2.4756, -2.4802 -1.323 2.4658, -2.4759 -1.327 2.4649, -2.4932 -1.327 2.4685, -2.4759 -1.323 2.4649, -2.3037 -1.327 2.4854, -2.3037 -1.327 2.4672, -2.3037 -1.323 2.4854, -2.3037 -1.323 2.4672, -2.3691 -1.323 2.4854, -2.3691 -1.327 2.4854, -2.3259 -1.323 2.4854, -2.3691 -1.327 2.5393, -2.3691 -1.323 2.5393, -2.3119 -1.323 2.5393, -2.3119 -1.327 2.5393, -2.3259 -1.323 2.5393, -2.3119 -1.327 2.5576, -2.3119 -1.323 2.5576, -2.3691 -1.323 2.5576, -2.3691 -1.327 2.5576, -2.3259 -1.323 2.5576, -2.3691 -1.327 2.6089, -2.3691 -1.323 2.6089, -2.3073 -1.323 2.6089, -2.3073 -1.327 2.6089, -2.3259 -1.323 2.6089, -2.3073 -1.327 2.6273, -2.3073 -1.323 2.6273, -2.3898 -1.323 2.6273, -2.3898 -1.327 2.6273, -2.3259 -1.323 2.6273, -2.3898 -1.327 2.4672, -2.3898 -1.323 2.4672, -2.3259 -1.323 2.4672, -2.1672 -1.327 2.4896, -2.1837 -1.327 2.5004, -2.1839 -1.327 2.4776, -2.194 -1.327 2.4932, -2.2021 -1.327 2.4705, -2.2072 -1.327 2.4881, -2.2294 -1.327 2.4672, -2.2295 -1.327 2.4854, -2.2734 -1.327 2.4672, -2.2527 -1.327 2.4854, -2.2734 -1.327 2.6273, -2.2527 -1.327 2.6089, -2.2277 -1.327 2.6273, -2.2286 -1.327 2.6089, -2.2226 -1.327 2.6087, -2.2033 -1.327 2.6246, -2.2058 -1.327 2.6061, -2.184 -1.327 2.6176, -2.1923 -1.327 2.6007, -2.1672 -1.327 2.6061, -2.1823 -1.327 2.5938, -2.1616 -1.327 2.6006, -2.1779 -1.327 2.5895, -2.1517 -1.327 2.5867, -2.1717 -1.327 2.5805, -2.1457 -1.327 2.5714, -2.1672 -1.327 2.5688, -2.143 -1.327 2.5493, -2.1648 -1.327 2.5487, -2.1435 -1.327 2.5391, -2.1655 -1.327 2.537, -2.1474 -1.327 2.5203, -2.1688 -1.327 2.5227, -2.1553 -1.327 2.5038, -2.1746 -1.327 2.511, -2.1819 -1.327 2.5021, -2.2294 -1.323 2.4672, -2.2734 -1.323 2.4672, -2.2021 -1.323 2.4705, -2.1839 -1.323 2.4776, -2.1672 -1.323 2.4896, -2.1553 -1.323 2.5038, -2.1474 -1.323 2.5203, -2.1435 -1.323 2.5391, -2.143 -1.323 2.5493, -2.1457 -1.323 2.5714, -2.1517 -1.323 2.5867, -2.1616 -1.323 2.6006, -2.1672 -1.323 2.6061, -2.184 -1.323 2.6176, -2.2033 -1.323 2.6246, -2.2277 -1.323 2.6273, -2.2734 -1.323 2.6273, -2.2286 -1.323 2.6089, -2.2527 -1.323 2.6089, -2.2527 -1.323 2.4854, -2.2295 -1.323 2.4854, -2.1819 -1.323 2.5021, -2.1837 -1.323 2.5004, -2.194 -1.323 2.4932, -2.2072 -1.323 2.4881, -2.1648 -1.323 2.5487, -2.1655 -1.323 2.537, -2.1688 -1.323 2.5227, -2.1746 -1.323 2.511, -2.1823 -1.323 2.5938, -2.1779 -1.323 2.5895, -2.1717 -1.323 2.5805, -2.1672 -1.323 2.5688, -2.2226 -1.323 2.6087, -2.2058 -1.323 2.6061, -2.1923 -1.323 2.6007
            ]
        }
        coordIndex [
            0,1,2,-1,2,1,3,-1,4,0,5,-1,5,0,2,-1,6,4,7,-1,7,4,5,-1,8,6,9,-1,9,6,7,-1,10,8,11,-1,11,8,9,-1,1,10,3,-1,3,10,11,-1,6,8,4,-1,4,8,10,-1,4,10,0,-1,0,10,1,-1,12,13,14,-1,14,15,12,-1,12,15,16,-1,12,16,17,-1,17,16,18,-1,18,19,17,-1,17,19,20,-1,17,20,21,-1,22,21,23,-1,23,21,20,-1,22,23,24,-1,22,24,25,-1,24,26,25,-1,25,26,27,-1,25,27,28,-1,28,27,29,-1,28,29,30,-1,30,29,31,-1,30,31,32,-1,32,31,33,-1,32,33,34,-1,34,33,35,-1,34,35,36,-1,36,35,37,-1,36,37,38,-1,38,37,39,-1,38,39,40,-1,40,39,41,-1,40,41,42,-1,42,41,43,-1,42,43,44,-1,44,43,45,-1,44,45,46,-1,46,45,47,-1,46,47,48,-1,48,47,49,-1,48,49,50,-1,50,49,51,-1,50,51,52,-1,52,51,53,-1,52,53,54,-1,54,53,55,-1,54,55,56,-1,56,55,57,-1,56,57,58,-1,58,57,59,-1,58,59,60,-1,60,59,61,-1,60,61,62,-1,62,61,63,-1,64,65,63,-1,63,65,66,-1,63,66,62,-1,64,67,65,-1,65,67,68,-1,65,68,69,-1,70,69,71,-1,71,69,68,-1,72,73,74,-1,70,71,75,-1,70,75,76,-1,75,77,76,-1,76,77,78,-1,76,78,74,-1,74,78,79,-1,74,79,72,-1,73,72,80,-1,73,80,81,-1,80,82,81,-1,81,82,83,-1,81,83,84,-1,84,83,85,-1,84,85,86,-1,86,85,87,-1,86,87,88,-1,88,87,89,-1,90,91,89,-1,89,91,92,-1,89,92,88,-1,90,93,91,-1,91,93,94,-1,91,94,95,-1,95,94,96,-1,95,96,97,-1,97,96,98,-1,99,100,98,-1,98,100,101,-1,98,101,97,-1,99,102,100,-1,100,102,103,-1,100,103,104,-1,104,103,105,-1,104,105,106,-1,107,108,109,-1,109,108,106,-1,109,106,105,-1,110,111,107,-1,107,111,112,-1,107,112,108,-1,110,113,111,-1,111,113,14,-1,111,14,13,-1,65,69,70,-1,48,50,92,-1,92,50,88,-1,65,70,66,-1,66,70,76,-1,66,76,62,-1,62,76,74,-1,62,74,60,-1,60,74,73,-1,60,73,58,-1,58,73,81,-1,58,81,56,-1,21,22,17,-1,17,22,25,-1,17,25,12,-1,12,25,28,-1,12,28,13,-1,13,28,30,-1,13,30,111,-1,111,30,32,-1,111,32,112,-1,112,32,34,-1,112,34,108,-1,108,34,36,-1,108,36,106,-1,106,36,38,-1,106,38,104,-1,104,38,40,-1,104,40,100,-1,97,46,95,-1,95,46,48,-1,95,48,91,-1,91,48,92,-1,50,52,88,-1,88,52,54,-1,88,54,86,-1,86,54,56,-1,86,56,84,-1,84,56,81,-1,100,40,101,-1,101,40,42,-1,101,42,97,-1,97,42,44,-1,97,44,46,-1,114,115,116,-1,116,115,117,-1,118,119,120,-1,120,119,114,-1,120,114,116,-1,121,119,122,-1,122,119,118,-1,123,124,125,-1,125,124,121,-1,125,121,122,-1,126,124,127,-1,127,124,123,-1,128,129,130,-1,130,129,126,-1,130,126,127,-1,131,129,132,-1,132,129,128,-1,133,134,135,-1,135,134,131,-1,135,131,132,-1,136,134,137,-1,137,134,133,-1,138,139,140,-1,140,139,136,-1,140,136,137,-1,141,139,142,-1,142,139,138,-1,117,115,143,-1,143,115,141,-1,143,141,142,-1,141,115,114,-1,114,119,141,-1,141,119,121,-1,141,121,139,-1,134,136,131,-1,131,136,139,-1,131,139,129,-1,129,139,121,-1,129,121,126,-1,126,121,124,-1,144,145,146,-1,146,145,147,-1,146,147,148,-1,148,147,149,-1,148,149,150,-1,150,149,151,-1,150,151,152,-1,152,151,153,-1,152,153,154,-1,154,153,155,-1,154,155,156,-1,155,157,156,-1,156,157,158,-1,156,158,159,-1,159,158,160,-1,159,160,161,-1,161,160,162,-1,161,162,163,-1,163,162,164,-1,163,164,165,-1,165,164,166,-1,165,166,167,-1,167,166,168,-1,167,168,169,-1,169,168,170,-1,169,170,171,-1,171,170,172,-1,171,172,173,-1,173,172,174,-1,173,174,175,-1,175,174,176,-1,175,176,177,-1,177,176,178,-1,177,178,144,-1,144,178,179,-1,144,179,145,-1,150,152,180,-1,180,152,181,-1,150,180,182,-1,150,182,148,-1,148,182,183,-1,148,183,146,-1,146,183,184,-1,146,184,144,-1,144,184,185,-1,144,185,177,-1,177,185,186,-1,177,186,175,-1,175,186,187,-1,175,187,173,-1,173,187,188,-1,173,188,171,-1,171,188,189,-1,171,189,169,-1,169,189,190,-1,169,190,167,-1,167,190,191,-1,167,191,165,-1,165,191,192,-1,165,192,163,-1,163,192,193,-1,163,193,161,-1,161,193,194,-1,161,194,159,-1,159,194,195,-1,159,195,156,-1,154,156,196,-1,196,156,195,-1,152,154,181,-1,181,154,196,-1,157,155,197,-1,197,155,198,-1,155,153,198,-1,198,153,199,-1,153,151,199,-1,199,151,200,-1,179,201,202,-1,179,202,145,-1,145,202,203,-1,145,203,147,-1,147,203,204,-1,147,204,149,-1,149,204,200,-1,149,200,151,-1,172,205,206,-1,172,206,174,-1,174,206,207,-1,174,207,176,-1,176,207,208,-1,176,208,178,-1,178,208,201,-1,178,201,179,-1,164,209,210,-1,164,210,166,-1,166,210,211,-1,166,211,168,-1,168,211,212,-1,168,212,170,-1,170,212,205,-1,170,205,172,-1,157,197,213,-1,157,213,158,-1,158,213,214,-1,158,214,160,-1,160,214,215,-1,160,215,162,-1,162,215,209,-1,162,209,164,-1,
        ]
    }
}
Shape{
    appearance Appearance {
        material  Material 	{
            diffuseColor 0.25098039215686274 0.25098039215686274 0.25098039215686274
            specularColor 0.12549019607843137 0.12549019607843137 0.12549019607843137
            ambientIntensity 0.251
            transparency 0.0
            shininess 0.5
        }
    }
    geometry IndexedFaceSet {
        ccw TRUE
        solid FALSE
        coord DEF co Coordinate {
            point [
                -2.1837 -1.323 2.5004, -2.1819 -1.323 2.5021, -2.2226 -1.323 2.6087, -2.194 -1.323 2.4932, -2.2527 -1.323 2.6089, -2.2527 -1.323 2.4854, -2.2286 -1.323 2.6089, -2.2295 -1.323 2.4854, -2.2072 -1.323 2.4881, -2.1746 -1.323 2.511, -2.1688 -1.323 2.5227, -2.1655 -1.323 2.537, -2.1823 -1.323 2.5938, -2.1648 -1.323 2.5487, -2.1923 -1.323 2.6007, -2.2058 -1.323 2.6061, -2.1672 -1.323 2.5688, -2.1717 -1.323 2.5805, -2.1779 -1.323 2.5895
            ]
        }
        coordIndex [
            0,1,2,-1,0,2,3,-1,4,5,6,-1,6,5,7,-1,6,7,2,-1,2,7,8,-1,2,8,3,-1,1,9,2,-1,2,9,10,-1,2,10,11,-1,12,11,13,-1,12,14,11,-1,11,14,15,-1,11,15,2,-1,16,17,13,-1,13,17,18,-1,13,18,12,-1,
        ]
    }
}
Shape{
    appearance Appearance {
        material  Material 	{
            diffuseColor 1.0 1.0 1.0
            specularColor 0.5019607843137255 0.5019607843137255 0.5019607843137255
            ambientIntensity 1.0
            transparency 0.0
            shininess 0.5
        }
    }
    geometry IndexedFaceSet {
        ccw TRUE
        solid FALSE
        coord DEF co Coordinate {
            point [
                -2.0894 -1.327 2.5291, -2.0959 -1.327 2.511, -2.0356 -1.327 2.5291, -2.0292 -1.327 2.511, -2.0654 -1.327 2.5956, -2.0732 -1.327 2.6273, -2.1342 -1.327 2.4672, -2.1113 -1.327 2.4672, -2.064 -1.327 2.6004, -2.0628 -1.327 2.6068, -2.0511 -1.327 2.6273, -2.0623 -1.327 2.6068, -2.061 -1.327 2.6001, -2.0598 -1.327 2.5956, -1.9901 -1.327 2.4672, -2.0129 -1.327 2.4672, -2.0511 -1.323 2.6273, -1.9901 -1.323 2.4672, -2.0732 -1.323 2.6273, -2.1342 -1.323 2.4672, -2.088 -1.323 2.5884, -2.1113 -1.323 2.4672, -2.0959 -1.323 2.511, -2.0292 -1.323 2.511, -2.088 -1.323 2.511, -2.0129 -1.323 2.4672, -2.0894 -1.323 2.5291, -2.0356 -1.323 2.5291, -2.0598 -1.323 2.5956, -2.0623 -1.323 2.6068, -2.061 -1.323 2.6001, -2.0628 -1.323 2.6068, -2.0654 -1.323 2.5956, -2.064 -1.323 2.6004
            ]
        }
        coordIndex [
            0,1,2,-1,2,1,3,-1,4,5,0,-1,0,5,6,-1,0,6,1,-1,1,6,7,-1,4,8,5,-1,5,8,9,-1,5,9,10,-1,10,9,11,-1,10,11,12,-1,12,13,10,-1,10,13,2,-1,10,2,14,-1,14,2,3,-1,14,3,15,-1,10,14,16,-1,16,14,17,-1,5,10,18,-1,18,10,16,-1,19,6,20,-1,20,6,5,-1,20,5,18,-1,7,6,21,-1,21,6,19,-1,1,7,22,-1,22,7,21,-1,23,3,24,-1,24,3,1,-1,24,1,22,-1,15,3,25,-1,25,3,23,-1,14,15,17,-1,17,15,25,-1,0,2,26,-1,26,2,27,-1,2,13,27,-1,27,13,28,-1,11,29,30,-1,11,30,12,-1,12,30,28,-1,12,28,13,-1,11,9,29,-1,29,9,31,-1,4,32,33,-1,4,33,8,-1,8,33,31,-1,8,31,9,-1,4,0,32,-1,32,0,26,-1,
        ]
    }
}
Shape{
    appearance Appearance {
        material  Material 	{
            diffuseColor 0.25098039215686274 0.25098039215686274 0.25098039215686274
            specularColor 0.12549019607843137 0.12549019607843137 0.12549019607843137
            ambientIntensity 0.251
            transparency 0.0
            shininess 0.5
        }
    }
    geometry IndexedFaceSet {
        ccw TRUE
        solid FALSE
        coord DEF co Coordinate {
            point [
                -2.0623 -1.323 2.6068, -2.0628 -1.323 2.6068, -2.061 -1.323 2.6001, -2.064 -1.323 2.6004, -2.0598 -1.323 2.5956, -2.0654 -1.323 2.5956, -2.0356 -1.323 2.5291, -2.0894 -1.323 2.5291
            ]
        }
        coordIndex [
            0,1,2,-1,2,1,3,-1,2,3,4,-1,4,3,5,-1,4,5,6,-1,6,5,7,-1,
        ]
    }
}
Shape{
    appearance Appearance {
        material  Material 	{
            diffuseColor 1.0 1.0 1.0
            specularColor 0.5019607843137255 0.5019607843137255 0.5019607843137255
            ambientIntensity 1.0
            transparency 0.0
            shininess 0.5
        }
    }
    geometry IndexedFaceSet {
        ccw TRUE
        solid FALSE
        coord DEF co Coordinate {
            point [
                -2.5466 -1.327 2.2314, -2.5466 -1.327 2.2131, -2.5466 -1.323 2.2314, -2.5466 -1.323 2.2131, -2.6121 -1.327 2.2314, -2.6121 -1.323 2.2314, -2.6121 -1.327 2.2853, -2.6121 -1.323 2.2853, -2.5548 -1.327 2.2853, -2.5548 -1.323 2.2853, -2.5548 -1.327 2.3036, -2.5548 -1.323 2.3036, -2.6121 -1.327 2.3036, -2.6121 -1.323 2.3036, -2.6121 -1.327 2.3548, -2.6121 -1.323 2.3548, -2.5503 -1.327 2.3548, -2.5503 -1.323 2.3548, -2.5503 -1.327 2.3733, -2.5503 -1.323 2.3733, -2.6327 -1.327 2.3733, -2.6327 -1.323 2.3733, -2.6327 -1.327 2.2131, -2.6327 -1.323 2.2131, -2.4998 -1.327 2.2615, -2.4954 -1.327 2.2637, -2.506 -1.327 2.2768, -2.4561 -1.327 2.2308, -2.4556 -1.327 2.2308, -2.4569 -1.327 2.2493, -2.4556 -1.327 2.2582, -2.4355 -1.327 2.2867, -2.4556 -1.327 2.2596, -2.4556 -1.327 2.2705, -2.4556 -1.327 2.2131, -2.4355 -1.327 2.2131, -2.4632 -1.327 2.3287, -2.4673 -1.327 2.3115, -2.4551 -1.327 2.3259, -2.4637 -1.327 2.3092, -2.4895 -1.327 2.2811, -2.4824 -1.327 2.2669, -2.4556 -1.327 2.2858, -2.4598 -1.327 2.2421, -2.4642 -1.327 2.2362, -2.4603 -1.327 2.2247, -2.4667 -1.327 2.2338, -2.4668 -1.327 2.2182, -2.4724 -1.327 2.2299, -2.4722 -1.327 2.2147, -2.4784 -1.327 2.2277, -2.4803 -1.327 2.2117, -2.486 -1.327 2.2269, -2.4912 -1.327 2.2104, -2.4927 -1.327 2.2276, -2.5032 -1.327 2.2118, -2.4973 -1.327 2.2293, -2.5108 -1.327 2.2147, -2.5013 -1.327 2.232, -2.5176 -1.327 2.2194, -2.503 -1.327 2.2338, -2.4563 -1.327 2.2947, -2.4375 -1.327 2.3035, -2.4583 -1.327 2.3018, -2.4408 -1.327 2.3121, -2.4607 -1.327 2.306, -2.445 -1.327 2.3183, -2.4487 -1.327 2.3219, -2.5162 -1.327 2.3195, -2.5162 -1.327 2.3, -2.5121 -1.327 2.3219, -2.5024 -1.327 2.3087, -2.4972 -1.327 2.3277, -2.4899 -1.327 2.3128, -2.4769 -1.327 2.3301, -2.4787 -1.327 2.3138, -2.4719 -1.327 2.3131, -2.5018 -1.327 2.2599, -2.5141 -1.327 2.2724, -2.5042 -1.327 2.2569, -2.5199 -1.327 2.2669, -2.5059 -1.327 2.2532, -2.5241 -1.327 2.2604, -2.5069 -1.327 2.2486, -2.5265 -1.327 2.2531, -2.5071 -1.327 2.2454, -2.5274 -1.327 2.2437, -2.5066 -1.327 2.2408, -2.5264 -1.327 2.2346, -2.5052 -1.327 2.2371, -2.524 -1.327 2.2278, -2.5198 -1.327 2.2217, -2.4769 -1.323 2.3301, -2.4972 -1.323 2.3277, -2.5121 -1.323 2.3219, -2.5162 -1.323 2.3195, -2.5162 -1.323 2.3, -2.5024 -1.323 2.3087, -2.4899 -1.323 2.3128, -2.4787 -1.323 2.3138, -2.4719 -1.323 2.3131, -2.4673 -1.323 2.3115, -2.4637 -1.323 2.3092, -2.4607 -1.323 2.306, -2.4583 -1.323 2.3018, -2.4563 -1.323 2.2947, -2.4556 -1.323 2.2858, -2.4895 -1.323 2.2811, -2.506 -1.323 2.2768, -2.5141 -1.323 2.2724, -2.5199 -1.323 2.2669, -2.5241 -1.323 2.2604, -2.5265 -1.323 2.2531, -2.5274 -1.323 2.2437, -2.5264 -1.323 2.2346, -2.524 -1.323 2.2278, -2.5198 -1.323 2.2217, -2.5176 -1.323 2.2194, -2.4912 -1.323 2.2104, -2.5028 -1.323 2.2118, -2.5032 -1.323 2.2118, -2.5108 -1.323 2.2147, -2.4803 -1.323 2.2117, -2.4801 -1.323 2.2118, -2.4722 -1.323 2.2147, -2.4668 -1.323 2.2182, -2.4603 -1.323 2.2247, -2.4561 -1.323 2.2308, -2.4556 -1.323 2.2308, -2.4556 -1.323 2.2131, -2.4355 -1.323 2.2131, -2.4355 -1.323 2.2867, -2.4375 -1.323 2.3035, -2.4408 -1.323 2.3121, -2.445 -1.323 2.3183, -2.4487 -1.323 2.3219, -2.4551 -1.323 2.3259, -2.4632 -1.323 2.3287, -2.5018 -1.323 2.2599, -2.4998 -1.323 2.2615, -2.4954 -1.323 2.2637, -2.4824 -1.323 2.2669, -2.5071 -1.323 2.2454, -2.5069 -1.323 2.2486, -2.5059 -1.323 2.2532, -2.5042 -1.323 2.2569, -2.5013 -1.323 2.232, -2.503 -1.323 2.2338, -2.5052 -1.323 2.2371, -2.5066 -1.323 2.2408, -2.486 -1.323 2.2269, -2.4927 -1.323 2.2276, -2.4973 -1.323 2.2293, -2.4642 -1.323 2.2362, -2.4667 -1.323 2.2338, -2.4724 -1.323 2.2299, -2.4784 -1.323 2.2277, -2.4556 -1.323 2.2596, -2.4556 -1.323 2.2582, -2.4569 -1.323 2.2493, -2.4598 -1.323 2.2421, -2.4556 -1.323 2.2705
            ]
        }
        coordIndex [
            0,1,2,-1,2,1,3,-1,4,0,5,-1,5,0,2,-1,6,4,7,-1,7,4,5,-1,8,6,9,-1,9,6,7,-1,10,8,11,-1,11,8,9,-1,12,10,13,-1,13,10,11,-1,14,12,15,-1,15,12,13,-1,16,14,17,-1,17,14,15,-1,18,16,19,-1,19,16,17,-1,20,18,21,-1,21,18,19,-1,22,20,23,-1,23,20,21,-1,1,22,3,-1,3,22,23,-1,22,1,0,-1,0,4,22,-1,22,4,6,-1,22,6,20,-1,16,18,14,-1,14,18,20,-1,14,20,12,-1,12,20,6,-1,12,6,10,-1,10,6,8,-1,24,25,26,-1,27,28,29,-1,30,31,32,-1,32,31,33,-1,34,35,28,-1,28,35,31,-1,28,31,29,-1,29,31,30,-1,36,37,38,-1,38,37,39,-1,26,25,40,-1,40,25,41,-1,40,41,42,-1,29,43,27,-1,27,43,44,-1,27,44,45,-1,45,44,46,-1,45,46,47,-1,47,46,48,-1,47,48,49,-1,49,48,50,-1,49,50,51,-1,51,50,52,-1,51,52,53,-1,53,52,54,-1,53,54,55,-1,55,54,56,-1,55,56,57,-1,57,56,58,-1,57,58,59,-1,59,58,60,-1,41,33,42,-1,42,33,31,-1,42,31,61,-1,61,31,62,-1,61,62,63,-1,63,62,64,-1,63,64,65,-1,65,64,66,-1,65,66,39,-1,39,66,67,-1,39,67,38,-1,68,69,70,-1,70,69,71,-1,70,71,72,-1,72,71,73,-1,72,73,74,-1,74,73,75,-1,74,75,36,-1,36,75,76,-1,36,76,37,-1,24,26,77,-1,77,26,78,-1,77,78,79,-1,79,78,80,-1,79,80,81,-1,81,80,82,-1,81,82,83,-1,83,82,84,-1,83,84,85,-1,85,84,86,-1,85,86,87,-1,87,86,88,-1,87,88,89,-1,89,88,90,-1,89,90,60,-1,60,90,91,-1,60,91,59,-1,74,92,93,-1,74,93,72,-1,72,93,94,-1,72,94,70,-1,70,94,95,-1,70,95,68,-1,69,68,96,-1,96,68,95,-1,69,96,97,-1,69,97,71,-1,71,97,98,-1,71,98,73,-1,73,98,99,-1,73,99,75,-1,75,99,100,-1,75,100,76,-1,76,100,101,-1,76,101,37,-1,37,101,102,-1,37,102,39,-1,39,102,103,-1,39,103,65,-1,65,103,104,-1,65,104,63,-1,63,104,105,-1,63,105,61,-1,61,105,106,-1,61,106,42,-1,40,42,107,-1,107,42,106,-1,40,107,108,-1,40,108,26,-1,26,108,109,-1,26,109,78,-1,78,109,110,-1,78,110,80,-1,80,110,111,-1,80,111,82,-1,82,111,112,-1,82,112,84,-1,84,112,113,-1,84,113,86,-1,86,113,114,-1,86,114,88,-1,88,114,115,-1,88,115,90,-1,90,115,116,-1,90,116,91,-1,91,116,117,-1,91,117,59,-1,118,53,119,-1,119,53,55,-1,119,55,120,-1,120,55,57,-1,120,57,121,-1,121,57,59,-1,121,59,117,-1,53,118,122,-1,53,122,51,-1,51,122,123,-1,51,123,49,-1,123,124,49,-1,49,124,125,-1,49,125,47,-1,47,125,126,-1,47,126,45,-1,45,126,127,-1,45,127,27,-1,28,27,128,-1,128,27,127,-1,34,28,129,-1,129,28,128,-1,35,34,130,-1,130,34,129,-1,31,35,131,-1,131,35,130,-1,31,131,132,-1,31,132,62,-1,62,132,133,-1,62,133,64,-1,64,133,134,-1,64,134,66,-1,66,134,135,-1,66,135,67,-1,67,135,136,-1,67,136,38,-1,38,136,137,-1,38,137,36,-1,36,137,92,-1,36,92,74,-1,77,138,139,-1,77,139,24,-1,24,139,140,-1,24,140,25,-1,25,140,141,-1,25,141,41,-1,85,142,143,-1,85,143,83,-1,83,143,144,-1,83,144,81,-1,81,144,145,-1,81,145,79,-1,79,145,138,-1,79,138,77,-1,58,146,147,-1,58,147,60,-1,60,147,148,-1,60,148,89,-1,89,148,149,-1,89,149,87,-1,87,149,142,-1,87,142,85,-1,52,150,151,-1,52,151,54,-1,54,151,152,-1,54,152,56,-1,56,152,146,-1,56,146,58,-1,44,153,154,-1,44,154,46,-1,46,154,155,-1,46,155,48,-1,48,155,156,-1,48,156,50,-1,50,156,150,-1,50,150,52,-1,32,157,158,-1,32,158,30,-1,30,158,159,-1,30,159,29,-1,29,159,160,-1,29,160,43,-1,43,160,153,-1,43,153,44,-1,32,33,157,-1,157,33,161,-1,33,41,161,-1,161,41,141,-1,
        ]
    }
}
Shape{
    appearance Appearance {
        material  Material 	{
            diffuseColor 0.25098039215686274 0.25098039215686274 0.25098039215686274
            specularColor 0.12549019607843137 0.12549019607843137 0.12549019607843137
            ambientIntensity 0.251
            transparency 0.0
            shininess 0.5
        }
    }
    geometry IndexedFaceSet {
        ccw TRUE
        solid FALSE
        coord DEF co Coordinate {
            point [
                -2.4556 -1.323 2.2582, -2.4556 -1.323 2.2596, -2.5018 -1.323 2.2599, -2.4556 -1.323 2.2705, -2.4824 -1.323 2.2669, -2.4954 -1.323 2.2637, -2.4998 -1.323 2.2615, -2.4569 -1.323 2.2493, -2.5042 -1.323 2.2569, -2.4598 -1.323 2.2421, -2.503 -1.323 2.2338, -2.5013 -1.323 2.232, -2.4667 -1.323 2.2338, -2.5052 -1.323 2.2371, -2.4724 -1.323 2.2299, -2.4784 -1.323 2.2277, -2.486 -1.323 2.2269, -2.5059 -1.323 2.2532, -2.5069 -1.323 2.2486, -2.4642 -1.323 2.2362, -2.5071 -1.323 2.2454, -2.5066 -1.323 2.2408, -2.4973 -1.323 2.2293, -2.4927 -1.323 2.2276
            ]
        }
        coordIndex [
            0,1,2,-1,1,3,4,-1,4,5,1,-1,1,5,6,-1,1,6,2,-1,0,2,7,-1,7,2,8,-1,7,8,9,-1,10,11,12,-1,10,12,13,-1,14,12,15,-1,15,12,16,-1,8,17,9,-1,9,17,18,-1,9,18,19,-1,19,18,20,-1,19,20,12,-1,12,20,21,-1,12,21,13,-1,11,22,12,-1,12,22,23,-1,12,23,16,-1,
        ]
    }
}
Shape{
    appearance Appearance {
        material  Material 	{
            diffuseColor 1.0 1.0 1.0
            specularColor 0.5019607843137255 0.5019607843137255 0.5019607843137255
            ambientIntensity 1.0
            transparency 0.0
            shininess 0.5
        }
    }
    geometry IndexedFaceSet {
        ccw TRUE
        solid FALSE
        coord DEF co Coordinate {
            point [
                -2.4083 -1.323 2.2379, -2.4083 -1.327 2.2379, -2.3997 -1.327 2.2326, -2.3753 -1.327 2.2268, -2.3753 -1.323 2.2268, -2.3871 -1.323 2.2281, -2.3871 -1.327 2.2281, -2.3991 -1.323 2.2324, -2.3997 -1.323 2.2326, -2.4083 -1.327 2.2171, -2.4083 -1.323 2.2171, -2.3942 -1.327 2.2122, -2.3991 -1.323 2.2139, -2.3773 -1.323 2.2104, -2.3773 -1.327 2.2104, -2.3903 -1.323 2.2118, -2.3942 -1.323 2.2122, -2.3593 -1.327 2.2126, -2.3659 -1.323 2.2118, -2.3593 -1.323 2.2126, -2.3487 -1.323 2.2166, -2.3487 -1.327 2.2166, -2.344 -1.323 2.2195, -2.344 -1.327 2.2195, -2.3383 -1.323 2.2245, -2.3383 -1.327 2.2245, -2.3345 -1.323 2.2298, -2.3345 -1.327 2.2298, -2.332 -1.323 2.2362, -2.332 -1.327 2.2362, -2.3311 -1.323 2.2442, -2.3311 -1.327 2.2442, -2.3319 -1.323 2.2517, -2.3319 -1.327 2.2517, -2.3341 -1.323 2.2576, -2.3341 -1.327 2.2576, -2.3378 -1.323 2.2632, -2.3378 -1.327 2.2632, -2.3426 -1.323 2.2674, -2.3426 -1.327 2.2674, -2.3559 -1.323 2.2748, -2.3559 -1.327 2.2748, -2.3637 -1.323 2.278, -2.3637 -1.327 2.278, -2.3809 -1.323 2.2861, -2.3809 -1.327 2.2861, -2.3832 -1.323 2.2878, -2.3832 -1.327 2.2878, -2.3851 -1.323 2.2899, -2.3851 -1.327 2.2899, -2.3866 -1.323 2.2927, -2.3866 -1.327 2.2927, -2.3874 -1.323 2.2958, -2.3874 -1.327 2.2958, -2.3875 -1.323 2.2984, -2.3875 -1.327 2.2984, -2.3872 -1.323 2.3016, -2.3872 -1.327 2.3016, -2.3862 -1.323 2.3043, -2.3862 -1.327 2.3043, -2.3845 -1.323 2.3069, -2.3845 -1.327 2.3069, -2.3814 -1.323 2.3096, -2.3814 -1.327 2.3096, -2.3769 -1.323 2.312, -2.3769 -1.327 2.312, -2.3716 -1.323 2.3134, -2.3716 -1.327 2.3134, -2.3656 -1.323 2.3138, -2.3656 -1.327 2.3138, -2.3534 -1.323 2.3125, -2.3534 -1.327 2.3125, -2.342 -1.323 2.3086, -2.342 -1.327 2.3086, -2.3366 -1.323 2.3056, -2.3366 -1.327 2.3056, -2.3366 -1.327 2.325, -2.3366 -1.323 2.325, -2.3496 -1.323 2.3289, -2.3496 -1.327 2.3289, -2.3637 -1.323 2.3301, -2.3637 -1.327 2.3301, -2.3796 -1.323 2.3282, -2.3796 -1.327 2.3282, -2.3904 -1.323 2.3241, -2.3904 -1.327 2.3241, -2.3954 -1.323 2.321, -2.3954 -1.327 2.321, -2.4013 -1.327 2.3157, -2.3991 -1.323 2.3177, -2.4013 -1.323 2.3157, -2.405 -1.323 2.3102, -2.405 -1.327 2.3102, -2.4074 -1.323 2.3038, -2.4074 -1.327 2.3038, -2.4082 -1.323 2.2966, -2.4082 -1.327 2.2966, -2.4074 -1.323 2.2888, -2.4074 -1.327 2.2888, -2.4051 -1.323 2.2827, -2.4051 -1.327 2.2827, -2.4025 -1.323 2.2785, -2.4025 -1.327 2.2785, -2.3778 -1.323 2.2634, -2.3778 -1.327 2.2634, -2.3898 -1.327 2.2689, -2.3992 -1.323 2.2751, -2.3992 -1.327 2.2751, -2.3991 -1.323 2.275, -2.3898 -1.323 2.2689, -2.3647 -1.323 2.2579, -2.3647 -1.327 2.2579, -2.3568 -1.323 2.2532, -2.3568 -1.327 2.2532, -2.3543 -1.323 2.2506, -2.3543 -1.327 2.2506, -2.3528 -1.323 2.2479, -2.3528 -1.327 2.2479, -2.3519 -1.323 2.2448, -2.3519 -1.327 2.2448, -2.3517 -1.323 2.2423, -2.3517 -1.327 2.2423, -2.3521 -1.323 2.2384, -2.3521 -1.327 2.2384, -2.3531 -1.323 2.2356, -2.3531 -1.327 2.2356, -2.3549 -1.323 2.233, -2.3549 -1.327 2.233, -2.3572 -1.323 2.231, -2.3572 -1.327 2.231, -2.359 -1.323 2.2299, -2.359 -1.327 2.2299, -2.3642 -1.323 2.228, -2.3642 -1.327 2.228, -2.3745 -1.323 2.2268, -2.3745 -1.327 2.2268, -2.2317 -1.327 2.3275, -2.2109 -1.327 2.3275, -2.2317 -1.323 2.3275, -2.2109 -1.323 2.3275, -2.2629 -1.327 2.2414, -2.2629 -1.323 2.2414, -2.2644 -1.323 2.236, -2.2644 -1.327 2.236, -2.2654 -1.323 2.2321, -2.2654 -1.327 2.2321, -2.2659 -1.327 2.2321, -2.2659 -1.323 2.2321, -2.2683 -1.327 2.2415, -2.2683 -1.323 2.2415, -2.2982 -1.323 2.3275, -2.2982 -1.327 2.3275, -2.2885 -1.323 2.2997, -2.3207 -1.327 2.3275, -2.3207 -1.323 2.3275, -2.2758 -1.323 2.2134, -2.2758 -1.327 2.2134, -2.2885 -1.323 2.2458, -2.2846 -1.323 2.1926, -2.2846 -1.327 2.1926, -2.2765 -1.323 2.2118, -2.2885 -1.323 2.1854, -2.2886 -1.327 2.1852, -2.2886 -1.323 2.1852, -2.2924 -1.323 2.1811, -2.2924 -1.327 2.1811, -2.2956 -1.323 2.1788, -2.2956 -1.327 2.1788, -2.2999 -1.323 2.1771, -2.2999 -1.327 2.1771, -2.3051 -1.323 2.1765, -2.3051 -1.327 2.1765, -2.3124 -1.323 2.1774, -2.3124 -1.327 2.1774, -2.3165 -1.323 2.1787, -2.3165 -1.327 2.1787, -2.3165 -1.327 2.1609, -2.3165 -1.323 2.1609, -2.308 -1.323 2.1594, -2.308 -1.327 2.1594, -2.3036 -1.323 2.1593, -2.3036 -1.327 2.1593, -2.2955 -1.323 2.1602, -2.2955 -1.327 2.1602, -2.2885 -1.323 2.1628, -2.2876 -1.327 2.1632, -2.2876 -1.323 2.1632, -2.2806 -1.323 2.1681, -2.2806 -1.327 2.1681, -2.2792 -1.323 2.1694, -2.2792 -1.327 2.1694, -2.2719 -1.323 2.1782, -2.2719 -1.327 2.1782, -2.2628 -1.323 2.1959, -2.2628 -1.327 2.1959, -2.2565 -1.323 2.2118, -2.1031 -1.327 2.2314, -2.1031 -1.327 2.2131, -2.1031 -1.323 2.2314, -2.1031 -1.323 2.2131, -2.1686 -1.323 2.2314, -2.1686 -1.327 2.2314, -2.1386 -1.323 2.2314, -2.1686 -1.327 2.2853, -2.1686 -1.323 2.2853, -2.1113 -1.323 2.2853, -2.1113 -1.327 2.2853, -2.1386 -1.323 2.2853, -2.1113 -1.327 2.3036, -2.1113 -1.323 2.3036, -2.1686 -1.323 2.3036, -2.1686 -1.327 2.3036, -2.1386 -1.323 2.3036, -2.1686 -1.327 2.3548, -2.1686 -1.323 2.3548, -2.1068 -1.323 2.3548, -2.1068 -1.327 2.3548, -2.1386 -1.323 2.3548, -2.1068 -1.327 2.3733, -2.1068 -1.323 2.3733, -2.1893 -1.323 2.3733, -2.1893 -1.327 2.3733, -2.1386 -1.323 2.3733, -2.1893 -1.327 2.2131, -2.1893 -1.323 2.2131, -2.1386 -1.323 2.2131, -1.9666 -1.327 2.2356, -1.9832 -1.327 2.2464, -1.9833 -1.327 2.2236, -1.9935 -1.327 2.2392, -2.0016 -1.327 2.2165, -2.0067 -1.327 2.2341, -2.0288 -1.327 2.2131, -2.029 -1.327 2.2314, -2.0729 -1.327 2.2131, -2.0522 -1.327 2.2314, -2.0729 -1.327 2.3733, -2.0522 -1.327 2.3548, -2.0272 -1.327 2.3733, -2.028 -1.327 2.3548, -2.022 -1.327 2.3547, -2.0027 -1.327 2.3706, -2.0052 -1.327 2.352, -1.9834 -1.327 2.3635, -1.9917 -1.327 2.3466, -1.9666 -1.327 2.3521, -1.9818 -1.327 2.3398, -1.961 -1.327 2.3466, -1.9774 -1.327 2.3354, -1.9511 -1.327 2.3326, -1.9712 -1.327 2.3265, -1.9452 -1.327 2.3174, -1.9666 -1.327 2.3148, -1.9425 -1.327 2.2952, -1.9642 -1.327 2.2947, -1.943 -1.327 2.2851, -1.965 -1.327 2.2829, -1.9469 -1.327 2.2663, -1.9683 -1.327 2.2686, -1.9547 -1.327 2.2497, -1.974 -1.327 2.2569, -1.9813 -1.327 2.2481, -2.0288 -1.323 2.2131, -2.0729 -1.323 2.2131, -2.0016 -1.323 2.2165, -1.9833 -1.323 2.2236, -1.9666 -1.323 2.2356, -1.9547 -1.323 2.2497, -1.9469 -1.323 2.2663, -1.943 -1.323 2.2851, -1.9425 -1.323 2.2952, -1.9452 -1.323 2.3174, -1.9511 -1.323 2.3326, -1.961 -1.323 2.3466, -1.9666 -1.323 2.3521, -1.9834 -1.323 2.3635, -2.0027 -1.323 2.3706, -2.0272 -1.323 2.3733, -2.0729 -1.323 2.3733, -2.028 -1.323 2.3548, -2.0522 -1.323 2.3548, -2.0522 -1.323 2.2314, -2.029 -1.323 2.2314, -1.9813 -1.323 2.2481, -1.9832 -1.323 2.2464, -1.9935 -1.323 2.2392, -2.0067 -1.323 2.2341, -1.9642 -1.323 2.2947, -1.965 -1.323 2.2829, -1.9683 -1.323 2.2686, -1.974 -1.323 2.2569, -1.9818 -1.323 2.3398, -1.9774 -1.323 2.3354, -1.9712 -1.323 2.3265, -1.9666 -1.323 2.3148, -2.022 -1.323 2.3547, -2.0052 -1.323 2.352, -1.9917 -1.323 2.3466
            ]
        }
        coordIndex [
            0,1,2,-1,3,4,5,-1,3,5,6,-1,6,5,7,-1,6,7,2,-1,2,7,8,-1,2,8,0,-1,9,1,10,-1,10,1,0,-1,9,10,11,-1,11,10,12,-1,13,14,15,-1,15,14,11,-1,15,11,16,-1,16,11,12,-1,14,13,17,-1,17,13,18,-1,18,19,17,-1,17,19,20,-1,17,20,21,-1,21,20,22,-1,21,22,23,-1,23,22,24,-1,23,24,25,-1,25,24,26,-1,25,26,27,-1,27,26,28,-1,27,28,29,-1,29,28,30,-1,29,30,31,-1,31,30,32,-1,31,32,33,-1,33,32,34,-1,33,34,35,-1,35,34,36,-1,35,36,37,-1,37,36,38,-1,37,38,39,-1,39,38,40,-1,39,40,41,-1,41,40,42,-1,41,42,43,-1,43,42,44,-1,43,44,45,-1,45,44,46,-1,45,46,47,-1,47,46,48,-1,47,48,49,-1,49,48,50,-1,49,50,51,-1,51,50,52,-1,51,52,53,-1,53,52,54,-1,53,54,55,-1,55,54,56,-1,55,56,57,-1,57,56,58,-1,57,58,59,-1,59,58,60,-1,59,60,61,-1,61,60,62,-1,61,62,63,-1,63,62,64,-1,63,64,65,-1,65,64,66,-1,65,66,67,-1,67,66,68,-1,67,68,69,-1,69,68,70,-1,69,70,71,-1,71,70,72,-1,71,72,73,-1,73,72,74,-1,73,74,75,-1,76,75,77,-1,77,75,74,-1,76,77,78,-1,76,78,79,-1,79,78,80,-1,79,80,81,-1,81,80,82,-1,81,82,83,-1,83,82,84,-1,83,84,85,-1,85,84,86,-1,85,86,87,-1,87,86,88,-1,88,86,89,-1,89,90,88,-1,88,90,91,-1,88,91,92,-1,92,91,93,-1,92,93,94,-1,94,93,95,-1,94,95,96,-1,96,95,97,-1,96,97,98,-1,98,97,99,-1,98,99,100,-1,100,99,101,-1,100,101,102,-1,103,104,105,-1,102,101,106,-1,102,106,107,-1,107,106,108,-1,107,108,105,-1,105,108,109,-1,105,109,103,-1,104,103,110,-1,104,110,111,-1,111,110,112,-1,111,112,113,-1,113,112,114,-1,113,114,115,-1,115,114,116,-1,115,116,117,-1,117,116,118,-1,117,118,119,-1,119,118,120,-1,119,120,121,-1,121,120,122,-1,121,122,123,-1,123,122,124,-1,123,124,125,-1,125,124,126,-1,125,126,127,-1,127,126,128,-1,127,128,129,-1,129,128,130,-1,129,130,131,-1,131,130,132,-1,131,132,133,-1,133,132,134,-1,133,134,135,-1,135,134,4,-1,135,4,3,-1,61,63,85,-1,85,63,83,-1,14,3,11,-1,11,3,6,-1,11,6,9,-1,9,6,2,-1,9,2,1,-1,63,65,83,-1,83,65,67,-1,83,67,81,-1,81,67,69,-1,81,69,79,-1,79,69,71,-1,79,71,76,-1,76,71,73,-1,76,73,75,-1,127,129,21,-1,21,129,131,-1,21,131,17,-1,17,131,133,-1,17,133,14,-1,14,133,135,-1,14,135,3,-1,85,87,61,-1,61,87,88,-1,61,88,59,-1,59,88,92,-1,59,92,57,-1,57,92,94,-1,57,94,55,-1,55,94,96,-1,55,96,53,-1,53,96,98,-1,53,98,51,-1,51,98,100,-1,51,100,49,-1,49,100,102,-1,49,102,47,-1,47,102,107,-1,47,107,45,-1,45,107,105,-1,45,105,43,-1,43,105,104,-1,43,104,41,-1,41,104,111,-1,41,111,39,-1,39,111,113,-1,39,113,37,-1,37,113,115,-1,37,115,35,-1,35,115,117,-1,35,117,33,-1,33,117,119,-1,33,119,31,-1,31,119,121,-1,31,121,29,-1,29,121,123,-1,29,123,27,-1,27,123,125,-1,27,125,25,-1,25,125,127,-1,25,127,23,-1,23,127,21,-1,136,137,138,-1,138,137,139,-1,140,136,141,-1,141,136,138,-1,140,141,142,-1,140,142,143,-1,143,142,144,-1,143,144,145,-1,146,145,147,-1,147,145,144,-1,148,146,149,-1,149,146,147,-1,150,151,152,-1,152,151,148,-1,152,148,149,-1,153,151,154,-1,154,151,150,-1,155,156,157,-1,157,156,153,-1,157,153,154,-1,158,159,160,-1,160,159,156,-1,160,156,155,-1,158,161,159,-1,159,161,162,-1,161,163,162,-1,162,163,164,-1,162,164,165,-1,165,164,166,-1,165,166,167,-1,167,166,168,-1,167,168,169,-1,169,168,170,-1,169,170,171,-1,171,170,172,-1,171,172,173,-1,173,172,174,-1,173,174,175,-1,176,175,177,-1,177,175,174,-1,176,177,178,-1,176,178,179,-1,179,178,180,-1,179,180,181,-1,181,180,182,-1,181,182,183,-1,183,182,184,-1,183,184,185,-1,184,186,185,-1,185,186,187,-1,185,187,188,-1,188,187,189,-1,188,189,190,-1,190,189,191,-1,190,191,192,-1,192,191,193,-1,192,193,194,-1,139,137,195,-1,195,137,194,-1,195,194,193,-1,143,145,194,-1,137,136,194,-1,194,136,140,-1,194,140,143,-1,151,153,148,-1,148,153,156,-1,148,156,146,-1,175,176,173,-1,173,176,179,-1,173,179,171,-1,171,179,181,-1,171,181,169,-1,169,181,183,-1,169,183,167,-1,167,183,185,-1,167,185,165,-1,145,146,194,-1,194,146,156,-1,194,156,192,-1,156,159,192,-1,192,159,162,-1,192,162,190,-1,190,162,165,-1,190,165,188,-1,188,165,185,-1,196,197,198,-1,198,197,199,-1,200,201,202,-1,202,201,196,-1,202,196,198,-1,203,201,204,-1,204,201,200,-1,205,206,207,-1,207,206,203,-1,207,203,204,-1,208,206,209,-1,209,206,205,-1,210,211,212,-1,212,211,208,-1,212,208,209,-1,213,211,214,-1,214,211,210,-1,215,216,217,-1,217,216,213,-1,217,213,214,-1,218,216,219,-1,219,216,215,-1,220,221,222,-1,222,221,218,-1,222,218,219,-1,223,221,224,-1,224,221,220,-1,199,197,225,-1,225,197,223,-1,225,223,224,-1,223,197,196,-1,196,201,223,-1,223,201,203,-1,223,203,221,-1,216,218,213,-1,213,218,221,-1,213,221,211,-1,211,221,203,-1,211,203,208,-1,208,203,206,-1,226,227,228,-1,228,227,229,-1,228,229,230,-1,230,229,231,-1,230,231,232,-1,232,231,233,-1,232,233,234,-1,234,233,235,-1,234,235,236,-1,236,235,237,-1,236,237,238,-1,237,239,238,-1,238,239,240,-1,238,240,241,-1,241,240,242,-1,241,242,243,-1,243,242,244,-1,243,244,245,-1,245,244,246,-1,245,246,247,-1,247,246,248,-1,247,248,249,-1,249,248,250,-1,249,250,251,-1,251,250,252,-1,251,252,253,-1,253,252,254,-1,253,254,255,-1,255,254,256,-1,255,256,257,-1,257,256,258,-1,257,258,259,-1,259,258,260,-1,259,260,226,-1,226,260,261,-1,226,261,227,-1,232,234,262,-1,262,234,263,-1,232,262,264,-1,232,264,230,-1,230,264,265,-1,230,265,228,-1,228,265,266,-1,228,266,226,-1,226,266,267,-1,226,267,259,-1,259,267,268,-1,259,268,257,-1,257,268,269,-1,257,269,255,-1,255,269,270,-1,255,270,253,-1,253,270,271,-1,253,271,251,-1,251,271,272,-1,251,272,249,-1,249,272,273,-1,249,273,247,-1,247,273,274,-1,247,274,245,-1,245,274,275,-1,245,275,243,-1,243,275,276,-1,243,276,241,-1,241,276,277,-1,241,277,238,-1,236,238,278,-1,278,238,277,-1,234,236,263,-1,263,236,278,-1,239,237,279,-1,279,237,280,-1,237,235,280,-1,280,235,281,-1,235,233,281,-1,281,233,282,-1,261,283,284,-1,261,284,227,-1,227,284,285,-1,227,285,229,-1,229,285,286,-1,229,286,231,-1,231,286,282,-1,231,282,233,-1,254,287,288,-1,254,288,256,-1,256,288,289,-1,256,289,258,-1,258,289,290,-1,258,290,260,-1,260,290,283,-1,260,283,261,-1,246,291,292,-1,246,292,248,-1,248,292,293,-1,248,293,250,-1,250,293,294,-1,250,294,252,-1,252,294,287,-1,252,287,254,-1,239,279,295,-1,239,295,240,-1,240,295,296,-1,240,296,242,-1,242,296,297,-1,242,297,244,-1,244,297,291,-1,244,291,246,-1,
        ]
    }
}
Shape{
    appearance Appearance {
        material  Material 	{
            diffuseColor 0.25098039215686274 0.25098039215686274 0.25098039215686274
            specularColor 0.12549019607843137 0.12549019607843137 0.12549019607843137
            ambientIntensity 0.251
            transparency 0.0
            shininess 0.5
        }
    }
    geometry IndexedFaceSet {
        ccw TRUE
        solid FALSE
        coord DEF co Coordinate {
            point [
                -1.9832 -1.323 2.2464, -1.9813 -1.323 2.2481, -2.022 -1.323 2.3547, -1.9935 -1.323 2.2392, -2.0522 -1.323 2.3548, -2.0522 -1.323 2.2314, -2.028 -1.323 2.3548, -2.029 -1.323 2.2314, -2.0067 -1.323 2.2341, -1.974 -1.323 2.2569, -1.9683 -1.323 2.2686, -1.965 -1.323 2.2829, -1.9818 -1.323 2.3398, -1.9642 -1.323 2.2947, -1.9917 -1.323 2.3466, -2.0052 -1.323 2.352, -1.9666 -1.323 2.3148, -1.9712 -1.323 2.3265, -1.9774 -1.323 2.3354
            ]
        }
        coordIndex [
            0,1,2,-1,0,2,3,-1,4,5,6,-1,6,5,7,-1,6,7,2,-1,2,7,8,-1,2,8,3,-1,1,9,2,-1,2,9,10,-1,2,10,11,-1,12,11,13,-1,12,14,11,-1,11,14,15,-1,11,15,2,-1,16,17,13,-1,13,17,18,-1,13,18,12,-1,
        ]
    }
}
Shape{
    appearance Appearance {
        material  Material 	{
            diffuseColor 1.0 1.0 1.0
            specularColor 0.5019607843137255 0.5019607843137255 0.5019607843137255
            ambientIntensity 1.0
            transparency 0.0
            shininess 0.5
        }
    }
    geometry IndexedFaceSet {
        ccw TRUE
        solid FALSE
        coord DEF co Coordinate {
            point [
                -1.8888 -1.327 2.275, -1.8954 -1.327 2.2569, -1.8351 -1.327 2.275, -1.8287 -1.327 2.2569, -1.8649 -1.327 2.3416, -1.8726 -1.327 2.3733, -1.9336 -1.327 2.2131, -1.9108 -1.327 2.2131, -1.8635 -1.327 2.3464, -1.8623 -1.327 2.3528, -1.8505 -1.327 2.3733, -1.8618 -1.327 2.3528, -1.8605 -1.327 2.346, -1.8593 -1.327 2.3416, -1.7895 -1.327 2.2131, -1.8124 -1.327 2.2131, -1.8505 -1.323 2.3733, -1.7895 -1.323 2.2131, -1.8726 -1.323 2.3733, -1.9336 -1.323 2.2131, -1.9108 -1.323 2.2131, -1.8954 -1.323 2.2569, -1.8287 -1.323 2.2569, -1.8124 -1.323 2.2131, -1.8888 -1.323 2.275, -1.8351 -1.323 2.275, -1.8593 -1.323 2.3416, -1.8618 -1.323 2.3528, -1.8605 -1.323 2.346, -1.8623 -1.323 2.3528, -1.8649 -1.323 2.3416, -1.8635 -1.323 2.3464
            ]
        }
        coordIndex [
            0,1,2,-1,2,1,3,-1,4,5,0,-1,0,5,6,-1,0,6,1,-1,1,6,7,-1,4,8,5,-1,5,8,9,-1,5,9,10,-1,10,9,11,-1,10,11,12,-1,12,13,10,-1,10,13,2,-1,10,2,14,-1,14,2,3,-1,14,3,15,-1,10,14,16,-1,16,14,17,-1,5,10,18,-1,18,10,16,-1,6,5,19,-1,19,5,18,-1,7,6,20,-1,20,6,19,-1,1,7,21,-1,21,7,20,-1,3,1,22,-1,22,1,21,-1,15,3,23,-1,23,3,22,-1,14,15,17,-1,17,15,23,-1,0,2,24,-1,24,2,25,-1,2,13,25,-1,25,13,26,-1,11,27,28,-1,11,28,12,-1,12,28,26,-1,12,26,13,-1,11,9,27,-1,27,9,29,-1,4,30,31,-1,4,31,8,-1,8,31,29,-1,8,29,9,-1,4,0,30,-1,30,0,24,-1,
        ]
    }
}
Shape{
    appearance Appearance {
        material  Material 	{
            diffuseColor 0.25098039215686274 0.25098039215686274 0.25098039215686274
            specularColor 0.12549019607843137 0.12549019607843137 0.12549019607843137
            ambientIntensity 0.251
            transparency 0.0
            shininess 0.5
        }
    }
    geometry IndexedFaceSet {
        ccw TRUE
        solid FALSE
        coord DEF co Coordinate {
            point [
                -1.8618 -1.323 2.3528, -1.8623 -1.323 2.3528, -1.8605 -1.323 2.346, -1.8635 -1.323 2.3464, -1.8593 -1.323 2.3416, -1.8649 -1.323 2.3416, -1.8351 -1.323 2.275, -1.8888 -1.323 2.275
            ]
        }
        coordIndex [
            0,1,2,-1,2,1,3,-1,2,3,4,-1,4,3,5,-1,4,5,6,-1,6,5,7,-1,
        ]
    }
}
Shape{
    appearance Appearance {
        material  Material 	{
            diffuseColor 1.0 1.0 1.0
            specularColor 0.5019607843137255 0.5019607843137255 0.5019607843137255
            ambientIntensity 1.0
            transparency 0.0
            shininess 0.5
        }
    }
    geometry IndexedFaceSet {
        ccw TRUE
        solid FALSE
        coord DEF co Coordinate {
            point [
                -3.34 -1.327 2.1904, -3.3231 -1.327 2.1695, -3.3503 -1.327 2.2911, -3.37 -1.327 2.489, -3.3446 -1.327 2.5025, -3.3494 -1.327 2.5728, -3.1501 -1.327 2.186, -3.1366 -1.327 2.2114, -3.13 -1.327 2.2395, -3.2797 -1.327 2.5758, -3.2444 -1.327 2.4927, -3.227 -1.327 2.5287, -3.2738 -1.327 2.217, -3.2647 -1.327 2.2107, -3.3008 -1.327 2.1528, -3.2542 -1.327 2.2068, -3.3059 -1.327 2.5781, -2.97 -1.327 2.3469, -3.0053 -1.327 2.4073, -3.1294 -1.327 2.2627, -3.1578 -1.327 2.3276, -3.1294 -1.327 2.2513, -3.1903 -1.327 2.1506, -3.1676 -1.327 2.1663, -3.2034 -1.327 2.2672, -3.2005 -1.327 2.2568, -3.2002 -1.327 2.2457, -3.2027 -1.327 2.2348, -3.2079 -1.327 2.2249, -3.3751 -1.327 2.3064, -3.3676 -1.327 2.2198, -3.3514 -1.327 2.2149, -2.9324 -1.327 2.4596, -2.9233 -1.327 2.4596, -2.8766 -1.327 2.5211, -2.9017 -1.327 2.457, -2.871 -1.327 2.5192, -2.8818 -1.327 2.4493, -2.8371 -1.327 2.5024, -2.8062 -1.327 2.4763, -3.2563 -1.327 2.603, -3.2015 -1.327 2.5592, -3.2296 -1.327 2.6259, -3.1709 -1.327 2.5815, -3.1948 -1.327 2.6466, -3.3165 -1.327 2.5091, -3.3047 -1.327 2.5097, -3.2928 -1.327 2.5773, -3.2781 -1.327 2.5065, -3.2526 -1.327 2.4972, -3.2811 -1.327 2.2252, -3.286 -1.327 2.2346, -3.2885 -1.327 2.2451, -3.2745 -1.327 2.1417, -3.2477 -1.327 2.1375, -3.2444 -1.327 2.2057, -3.2432 -1.327 2.1374, -3.234 -1.327 2.207, -3.2157 -1.327 2.1408, -3.224 -1.327 2.2107, -3.2152 -1.327 2.2167, -2.806 -1.327 2.2638, -2.8591 -1.327 2.309, -2.837 -1.327 2.2376, -2.876 -1.327 2.2952, -2.8718 -1.327 2.2206, -2.8961 -1.327 2.2859, -2.9096 -1.327 2.2126, -2.9165 -1.327 2.282, -2.9768 -1.327 2.2126, -2.9677 -1.327 2.282, -2.9832 -1.327 2.2136, -3.4152 -1.327 2.4234, -3.4899 -1.327 2.4056, -3.4186 -1.327 2.3959, -3.4903 -1.327 2.3936, -3.4172 -1.327 2.3784, -3.4851 -1.327 2.3503, -3.4091 -1.327 2.3505, -3.4691 -1.327 2.3078, -3.3955 -1.327 2.3274, -3.4425 -1.327 2.2695, -3.4085 -1.327 2.2403, -2.8641 -1.327 2.437, -2.8509 -1.327 2.4223, -2.783 -1.327 2.4439, -2.8404 -1.327 2.4026, -2.7691 -1.327 2.4091, -2.835 -1.327 2.3807, -2.7639 -1.327 2.372, -2.8345 -1.327 2.3708, -2.7691 -1.327 2.3313, -2.8372 -1.327 2.3487, -2.7834 -1.327 2.2953, -2.8451 -1.327 2.3284, -2.8576 -1.327 2.3106, -2.9381 -1.327 2.6111, -2.9826 -1.327 2.5587, -2.8974 -1.327 2.5628, -2.9569 -1.327 2.528, -2.9394 -1.327 2.4913, -3.3917 -1.327 2.5568, -3.4281 -1.327 2.5316, -3.3897 -1.327 2.4715, -3.4368 -1.327 2.5234, -3.4054 -1.327 2.4488, -3.4636 -1.327 2.4892, -3.482 -1.327 2.4484, -3.2885 -1.327 2.2552, -3.2858 -1.327 2.2662, -3.3377 -1.327 2.3156, -3.2805 -1.327 2.276, -3.3188 -1.327 2.3372, -3.2737 -1.327 2.2835, -3.2955 -1.327 2.3533, -3.2647 -1.327 2.2896, -3.2704 -1.327 2.3629, -3.2547 -1.327 2.2933, -3.2432 -1.327 2.3663, -3.2444 -1.327 2.2946, -3.2294 -1.327 2.3655, -3.2362 -1.327 2.2938, -3.2019 -1.327 2.3586, -3.2255 -1.327 2.2903, -3.1777 -1.327 2.3457, -3.2161 -1.327 2.2844, -3.2086 -1.327 2.2764, -3.1419 -1.327 2.6651, -3.1337 -1.327 2.5966, -3.0929 -1.327 2.6703, -3.0918 -1.327 2.602, -3.046 -1.327 2.6654, -3.0532 -1.327 2.5972, -2.9889 -1.327 2.6452, -3.0175 -1.327 2.5836, -2.9855 -1.327 2.5614, -2.9734 -1.327 2.2831, -3.0008 -1.327 2.2245, -2.9981 -1.327 2.2218, -2.97 -1.327 2.2823, -2.9908 -1.327 2.2166, -3.0098 -1.327 2.2479, -3.0088 -1.327 2.2394, -3.0058 -1.327 2.2317, -2.9834 -1.327 2.282, -2.9912 -1.327 2.2789, -3.0095 -1.327 2.2524, -2.9982 -1.327 2.274, -3.0029 -1.327 2.2688, -3.0073 -1.327 2.261, -2.9745 -1.327 2.2832, -2.7639 -1.323 2.372, -2.7691 -1.323 2.4091, -2.7987 -1.323 2.4658, -2.773 -1.323 2.4189, -2.783 -1.323 2.4439, -2.8062 -1.323 2.4763, -2.8371 -1.323 2.5024, -2.871 -1.323 2.5192, -2.8766 -1.323 2.5211, -2.8974 -1.323 2.5628, -2.9381 -1.323 2.6111, -2.9643 -1.323 2.6287, -2.9889 -1.323 2.6452, -3.046 -1.323 2.6654, -3.0929 -1.323 2.6703, -3.1419 -1.323 2.6651, -3.1948 -1.323 2.6466, -3.2249 -1.323 2.6287, -3.2296 -1.323 2.6259, -3.2563 -1.323 2.603, -3.2797 -1.323 2.5758, -3.2928 -1.323 2.5773, -3.3059 -1.323 2.5781, -3.3494 -1.323 2.5728, -3.3917 -1.323 2.5568, -3.4281 -1.323 2.5316, -3.4368 -1.323 2.5234, -3.4903 -1.323 2.3936, -3.4636 -1.323 2.4892, -3.4742 -1.323 2.4658, -3.482 -1.323 2.4484, -3.4875 -1.323 2.4189, -3.4899 -1.323 2.4056, -3.4851 -1.323 2.3503, -3.4691 -1.323 2.3078, -3.4425 -1.323 2.2695, -3.4085 -1.323 2.2403, -3.3676 -1.323 2.2198, -3.3514 -1.323 2.2149, -3.35 -1.323 2.2118, -3.34 -1.323 2.1904, -3.3231 -1.323 2.1695, -3.3008 -1.323 2.1528, -3.2903 -1.323 2.1483, -3.2745 -1.323 2.1417, -3.2477 -1.323 2.1375, -3.2432 -1.323 2.1374, -3.1294 -1.323 2.2513, -3.2157 -1.323 2.1408, -3.1961 -1.323 2.1483, -3.1903 -1.323 2.1506, -3.1676 -1.323 2.1663, -3.1501 -1.323 2.186, -3.1366 -1.323 2.2114, -3.1365 -1.323 2.2118, -3.13 -1.323 2.2395, -3.1294 -1.323 2.2627, -2.97 -1.323 2.3469, -3.0053 -1.323 2.4073, -3.1578 -1.323 2.3276, -3.1777 -1.323 2.3457, -3.2019 -1.323 2.3586, -3.2294 -1.323 2.3655, -3.2432 -1.323 2.3663, -3.2704 -1.323 2.3629, -3.2955 -1.323 2.3533, -3.3188 -1.323 2.3372, -3.3377 -1.323 2.3156, -3.3503 -1.323 2.2911, -3.3751 -1.323 2.3064, -3.3955 -1.323 2.3274, -3.4091 -1.323 2.3505, -3.4172 -1.323 2.3784, -3.4186 -1.323 2.3959, -3.4157 -1.323 2.4189, -3.4152 -1.323 2.4234, -3.4054 -1.323 2.4488, -3.3936 -1.323 2.4658, -3.3897 -1.323 2.4715, -3.37 -1.323 2.489, -3.3446 -1.323 2.5025, -3.3165 -1.323 2.5091, -3.3047 -1.323 2.5097, -3.2781 -1.323 2.5065, -3.2526 -1.323 2.4972, -3.2444 -1.323 2.4927, -3.227 -1.323 2.5287, -3.2015 -1.323 2.5592, -3.1709 -1.323 2.5815, -3.1337 -1.323 2.5966, -3.0918 -1.323 2.602, -3.0532 -1.323 2.5972, -3.0175 -1.323 2.5836, -2.9855 -1.323 2.5614, -2.9826 -1.323 2.5587, -2.9569 -1.323 2.528, -2.9394 -1.323 2.4913, -2.9338 -1.323 2.4658, -2.9324 -1.323 2.4596, -2.9233 -1.323 2.4596, -2.9017 -1.323 2.457, -2.8818 -1.323 2.4493, -2.8641 -1.323 2.437, -2.8509 -1.323 2.4223, -2.8491 -1.323 2.4189, -2.8404 -1.323 2.4026, -2.835 -1.323 2.3807, -2.8345 -1.323 2.3708, -2.8372 -1.323 2.3487, -2.8451 -1.323 2.3284, -2.8576 -1.323 2.3106, -2.8591 -1.323 2.309, -2.876 -1.323 2.2952, -2.8961 -1.323 2.2859, -2.9165 -1.323 2.282, -2.9677 -1.323 2.282, -2.97 -1.323 2.2823, -2.9734 -1.323 2.2831, -2.9745 -1.323 2.2832, -2.9834 -1.323 2.282, -2.9912 -1.323 2.2789, -2.9982 -1.323 2.274, -3.0029 -1.323 2.2688, -3.0073 -1.323 2.261, -3.0095 -1.323 2.2524, -3.0098 -1.323 2.2479, -3.0088 -1.323 2.2394, -3.0058 -1.323 2.2317, -3.0008 -1.323 2.2245, -2.9981 -1.323 2.2218, -2.9908 -1.323 2.2166, -2.9832 -1.323 2.2136, -2.9768 -1.323 2.2126, -2.9096 -1.323 2.2126, -2.8718 -1.323 2.2206, -2.837 -1.323 2.2376, -2.806 -1.323 2.2638, -2.7834 -1.323 2.2953, -2.7691 -1.323 2.3313, -3.2444 -1.323 2.2946, -3.2362 -1.323 2.2938, -3.2255 -1.323 2.2903, -3.2161 -1.323 2.2844, -3.2086 -1.323 2.2764, -3.2034 -1.323 2.2672, -3.2005 -1.323 2.2568, -3.2002 -1.323 2.2457, -3.2027 -1.323 2.2348, -3.2079 -1.323 2.2249, -3.2152 -1.323 2.2167, -3.224 -1.323 2.2107, -3.234 -1.323 2.207, -3.2444 -1.323 2.2057, -3.2542 -1.323 2.2068, -3.2647 -1.323 2.2107, -3.2738 -1.323 2.217, -3.2811 -1.323 2.2252, -3.286 -1.323 2.2346, -3.2885 -1.323 2.2451, -3.2885 -1.323 2.2552, -3.2858 -1.323 2.2662, -3.2805 -1.323 2.276, -3.2737 -1.323 2.2835, -3.2647 -1.323 2.2896, -3.2547 -1.323 2.2933
            ]
        }
        coordIndex [
            0,1,2,-1,3,4,5,-1,6,7,8,-1,9,10,11,-1,12,1,13,-1,13,1,14,-1,13,14,15,-1,5,4,16,-1,17,18,19,-1,19,18,20,-1,19,20,21,-1,21,20,22,-1,21,22,8,-1,8,22,23,-1,8,23,6,-1,24,25,20,-1,20,25,26,-1,20,26,22,-1,22,26,27,-1,22,27,28,-1,29,30,2,-1,2,30,31,-1,2,31,0,-1,32,33,34,-1,34,33,35,-1,34,35,36,-1,36,35,37,-1,36,37,38,-1,38,37,39,-1,9,11,40,-1,40,11,41,-1,40,41,42,-1,42,41,43,-1,42,43,44,-1,4,45,16,-1,16,45,46,-1,16,46,47,-1,47,46,48,-1,47,48,9,-1,9,48,49,-1,9,49,10,-1,12,50,1,-1,1,50,51,-1,1,51,2,-1,2,51,52,-1,14,53,15,-1,15,53,54,-1,15,54,55,-1,55,54,56,-1,55,56,57,-1,57,56,58,-1,57,58,59,-1,59,58,22,-1,59,22,60,-1,60,22,28,-1,61,62,63,-1,63,62,64,-1,63,64,65,-1,65,64,66,-1,65,66,67,-1,67,66,68,-1,67,68,69,-1,69,68,70,-1,69,70,71,-1,72,73,74,-1,74,73,75,-1,74,75,76,-1,76,75,77,-1,76,77,78,-1,78,77,79,-1,78,79,80,-1,80,79,81,-1,80,81,29,-1,29,81,82,-1,29,82,30,-1,37,83,39,-1,39,83,84,-1,39,84,85,-1,85,84,86,-1,85,86,87,-1,87,86,88,-1,87,88,89,-1,89,88,90,-1,89,90,91,-1,91,90,92,-1,91,92,93,-1,93,92,94,-1,93,94,61,-1,61,94,95,-1,61,95,62,-1,96,97,98,-1,98,97,99,-1,98,99,34,-1,34,99,100,-1,34,100,32,-1,5,101,3,-1,3,101,102,-1,3,102,103,-1,103,102,104,-1,103,104,105,-1,105,104,106,-1,105,106,72,-1,72,106,107,-1,72,107,73,-1,52,108,2,-1,2,108,109,-1,2,109,110,-1,110,109,111,-1,110,111,112,-1,112,111,113,-1,112,113,114,-1,114,113,115,-1,114,115,116,-1,116,115,117,-1,116,117,118,-1,118,117,119,-1,118,119,120,-1,120,119,121,-1,120,121,122,-1,122,121,123,-1,122,123,124,-1,124,123,125,-1,124,125,20,-1,20,125,126,-1,20,126,24,-1,44,43,127,-1,127,43,128,-1,127,128,129,-1,129,128,130,-1,129,130,131,-1,131,130,132,-1,131,132,133,-1,133,132,134,-1,133,134,96,-1,96,134,135,-1,96,135,97,-1,136,137,138,-1,70,139,71,-1,71,139,136,-1,71,136,140,-1,140,136,138,-1,141,142,136,-1,136,142,143,-1,136,143,137,-1,144,145,146,-1,145,147,146,-1,146,147,148,-1,146,148,149,-1,141,136,146,-1,146,136,150,-1,146,150,144,-1,89,151,152,-1,153,39,85,-1,89,152,87,-1,87,152,154,-1,87,154,85,-1,85,154,155,-1,85,155,153,-1,153,156,39,-1,39,156,157,-1,39,157,38,-1,38,157,158,-1,38,158,36,-1,36,158,159,-1,36,159,34,-1,34,159,160,-1,34,160,98,-1,98,160,161,-1,98,161,96,-1,133,96,162,-1,162,96,161,-1,162,163,133,-1,133,163,164,-1,133,164,131,-1,131,164,165,-1,131,165,129,-1,129,165,166,-1,129,166,127,-1,127,166,167,-1,127,167,44,-1,44,167,42,-1,42,167,168,-1,42,168,169,-1,42,169,170,-1,42,170,40,-1,40,170,171,-1,40,171,9,-1,9,171,172,-1,9,172,47,-1,47,172,173,-1,47,173,16,-1,16,173,174,-1,16,174,5,-1,5,174,175,-1,5,175,101,-1,101,175,176,-1,101,176,102,-1,102,176,177,-1,102,177,104,-1,178,75,73,-1,104,177,179,-1,104,179,106,-1,106,179,180,-1,106,180,107,-1,180,181,107,-1,107,181,182,-1,107,182,73,-1,73,182,183,-1,73,183,178,-1,75,178,184,-1,75,184,77,-1,77,184,185,-1,77,185,79,-1,79,185,186,-1,79,186,81,-1,81,186,187,-1,81,187,82,-1,82,187,188,-1,82,188,30,-1,30,188,189,-1,30,189,31,-1,31,189,190,-1,31,190,0,-1,190,191,0,-1,0,191,192,-1,0,192,1,-1,1,192,193,-1,1,193,14,-1,14,193,194,-1,14,194,53,-1,194,195,53,-1,53,195,196,-1,53,196,54,-1,54,196,197,-1,54,197,56,-1,198,21,8,-1,56,197,199,-1,200,22,199,-1,199,22,58,-1,199,58,56,-1,200,201,22,-1,22,201,202,-1,22,202,23,-1,23,202,203,-1,23,203,6,-1,6,203,204,-1,6,204,7,-1,7,204,205,-1,7,205,8,-1,8,205,206,-1,8,206,198,-1,19,21,207,-1,207,21,198,-1,17,19,208,-1,208,19,207,-1,18,17,209,-1,209,17,208,-1,20,18,210,-1,210,18,209,-1,20,210,211,-1,20,211,124,-1,124,211,212,-1,124,212,122,-1,122,212,213,-1,122,213,120,-1,120,213,214,-1,120,214,118,-1,118,214,215,-1,118,215,116,-1,116,215,216,-1,116,216,114,-1,114,216,217,-1,114,217,112,-1,112,217,218,-1,112,218,110,-1,110,218,219,-1,110,219,2,-1,2,219,220,-1,2,220,29,-1,29,220,221,-1,29,221,80,-1,80,221,222,-1,80,222,78,-1,78,222,223,-1,78,223,76,-1,76,223,224,-1,76,224,74,-1,72,74,224,-1,224,225,72,-1,72,225,226,-1,72,226,227,-1,228,103,227,-1,227,103,105,-1,227,105,72,-1,228,229,103,-1,103,229,230,-1,103,230,3,-1,3,230,231,-1,3,231,4,-1,4,231,232,-1,4,232,45,-1,45,232,233,-1,45,233,46,-1,46,233,234,-1,46,234,48,-1,48,234,235,-1,48,235,49,-1,49,235,236,-1,49,236,10,-1,10,236,237,-1,10,237,11,-1,11,237,238,-1,11,238,41,-1,41,238,239,-1,41,239,43,-1,43,239,240,-1,43,240,128,-1,128,240,241,-1,128,241,130,-1,130,241,242,-1,130,242,132,-1,132,242,243,-1,132,243,134,-1,134,243,244,-1,134,244,135,-1,135,244,245,-1,135,245,97,-1,97,245,246,-1,97,246,99,-1,99,246,247,-1,99,247,100,-1,100,247,32,-1,32,247,248,-1,32,248,249,-1,33,32,250,-1,250,32,249,-1,33,250,251,-1,33,251,35,-1,35,251,252,-1,35,252,37,-1,37,252,253,-1,37,253,83,-1,83,253,254,-1,83,254,84,-1,84,254,255,-1,84,255,86,-1,255,256,86,-1,86,256,257,-1,86,257,88,-1,88,257,258,-1,88,258,90,-1,90,258,259,-1,90,259,92,-1,92,259,260,-1,92,260,94,-1,94,260,261,-1,94,261,95,-1,95,261,262,-1,95,262,62,-1,62,262,263,-1,62,263,64,-1,64,263,264,-1,64,264,66,-1,66,264,265,-1,66,265,68,-1,70,68,266,-1,266,68,265,-1,70,266,267,-1,70,267,139,-1,139,267,268,-1,139,268,136,-1,136,268,269,-1,136,269,150,-1,150,269,270,-1,150,270,144,-1,144,270,271,-1,144,271,145,-1,145,271,272,-1,145,272,147,-1,147,272,273,-1,147,273,148,-1,148,273,274,-1,148,274,149,-1,149,274,275,-1,149,275,146,-1,146,275,276,-1,146,276,141,-1,141,276,277,-1,141,277,142,-1,142,277,278,-1,142,278,143,-1,143,278,279,-1,143,279,137,-1,137,279,280,-1,137,280,138,-1,138,280,281,-1,138,281,140,-1,140,281,282,-1,140,282,71,-1,71,282,283,-1,71,283,69,-1,67,69,284,-1,284,69,283,-1,67,284,285,-1,67,285,65,-1,65,285,286,-1,65,286,63,-1,63,286,287,-1,63,287,61,-1,61,287,288,-1,61,288,93,-1,93,288,289,-1,93,289,91,-1,91,289,151,-1,91,151,89,-1,119,290,291,-1,119,291,121,-1,121,291,292,-1,121,292,123,-1,123,292,293,-1,123,293,125,-1,125,293,294,-1,125,294,126,-1,126,294,295,-1,126,295,24,-1,24,295,296,-1,24,296,25,-1,25,296,297,-1,25,297,26,-1,26,297,298,-1,26,298,27,-1,27,298,299,-1,27,299,28,-1,28,299,300,-1,28,300,60,-1,60,300,301,-1,60,301,59,-1,59,301,302,-1,59,302,57,-1,57,302,303,-1,57,303,55,-1,55,303,304,-1,55,304,15,-1,15,304,305,-1,15,305,13,-1,13,305,306,-1,13,306,12,-1,12,306,307,-1,12,307,50,-1,50,307,308,-1,50,308,51,-1,51,308,309,-1,51,309,52,-1,52,309,310,-1,52,310,108,-1,108,310,311,-1,108,311,109,-1,109,311,312,-1,109,312,111,-1,111,312,313,-1,111,313,113,-1,113,313,314,-1,113,314,115,-1,115,314,315,-1,115,315,117,-1,117,315,290,-1,117,290,119,-1,
        ]
    }
}
Shape{
    appearance Appearance {
        material  Material 	{
            diffuseColor 0.25098039215686274 0.25098039215686274 0.25098039215686274
            specularColor 0.12549019607843137 0.12549019607843137 0.12549019607843137
            ambientIntensity 0.251
            transparency 0.0
            shininess 0.5
        }
    }
    geometry IndexedFaceSet {
        ccw TRUE
        solid FALSE
        coord DEF co Coordinate {
            point [
                -3.2362 -1.323 2.2938, -3.2444 -1.323 2.2057, -3.234 -1.323 2.207, -3.2444 -1.323 2.2946, -3.2547 -1.323 2.2933, -3.2647 -1.323 2.2896, -3.2737 -1.323 2.2835, -3.2805 -1.323 2.276, -3.2858 -1.323 2.2662, -3.2885 -1.323 2.2552, -3.2885 -1.323 2.2451, -3.2542 -1.323 2.2068, -3.286 -1.323 2.2346, -3.2811 -1.323 2.2252, -3.2738 -1.323 2.217, -3.2647 -1.323 2.2107, -3.2152 -1.323 2.2167, -3.2086 -1.323 2.2764, -3.2161 -1.323 2.2844, -3.224 -1.323 2.2107, -3.2255 -1.323 2.2903, -3.2027 -1.323 2.2348, -3.2002 -1.323 2.2457, -3.2079 -1.323 2.2249, -3.2005 -1.323 2.2568, -3.2034 -1.323 2.2672
            ]
        }
        coordIndex [
            0,1,2,-1,0,3,1,-1,1,3,4,-1,1,4,5,-1,5,6,1,-1,1,6,7,-1,1,7,8,-1,8,9,1,-1,1,9,10,-1,1,10,11,-1,11,10,12,-1,12,13,11,-1,11,13,14,-1,11,14,15,-1,16,17,18,-1,2,19,0,-1,0,19,16,-1,0,16,20,-1,20,16,18,-1,21,22,23,-1,23,22,24,-1,23,24,16,-1,16,24,25,-1,16,25,17,-1,
        ]
    }
}