#VRML V2.0 utf8
# 3D model generated by easyeda2kicad.py (https://github.com/uPesy/easyeda2kicad.py)

Shape{
    appearance Appearance {
        material  Material 	{
            diffuseColor 0.6470588235294118 0.6196078431372549 0.5882352941176471
            specularColor 0.45098039215686275 0.43529411764705883 0.4117647058823529
            ambientIntensity 0.6242
            transparency 0.0
            shininess 0.5
        }
    }
    geometry IndexedFaceSet {
        ccw TRUE
        solid FALSE
        coord DEF co Coordinate {
            point [
                -0.7111 0.0394 3.2283, -0.4068 0.0394 3.2283, -0.723 0.1091 3.2283, -0.4068 0.3543 3.2283, -0.723 0.2846 3.2283, -0.7111 0.3543 3.2283, 0.1575 0.6036 3.2283, 0.1575 0.689 3.2283, -0.1575 0.6036 3.2283, -0.1575 0.689 3.2283, 0.723 0.2846 3.2283, 0.7111 0.3543 3.2283, 0.4068 0.3543 3.2283, 0.723 0.1091 3.2283, 0.4068 0.0394 3.2283, 0.7111 0.0394 3.2283, -0.1575 -0.2099 3.2283, -0.1575 -0.2953 3.2283, 0.1575 -0.2099 3.2283, 0.1575 -0.2953 3.2283, -0.495 0.3904 3.5433, -0.5076 0.3543 3.5433, -0.315 0.3543 3.5433, -0.3361 0.6086 3.5433, -0.4013 0.5453 3.5433, -0.1575 0.5118 3.5433, 0.0905 0.7206 3.5433, -0.0 0.7283 3.5433, -0.1575 0.689 3.5433, -0.0905 0.7206 3.5433, -0.1784 0.6975 3.5433, -0.261 0.6598 3.5433, 0.1784 0.6975 3.5433, 0.1575 0.689 3.5433, 0.261 0.6598 3.5433, 0.1575 0.5118 3.5433, 0.3361 0.6086 3.5433, -0.4548 0.4719 3.5433, -0.2742 0.3597 3.5433, -0.2362 0.3754 3.5433, -0.2036 0.4005 3.5433, -0.1786 0.4331 3.5433, -0.1628 0.471 3.5433, 0.1786 0.4331 3.5433, 0.2036 0.4005 3.5433, 0.4013 0.5453 3.5433, 0.2362 0.3754 3.5433, 0.4548 0.4719 3.5433, 0.2742 0.3597 3.5433, 0.495 0.3904 3.5433, 0.315 0.3543 3.5433, 0.5076 0.3543 3.5433, 0.1628 0.471 3.5433, 0.5975 0.6092 3.3465, 0.5499 0.6744 3.3465, 0.5449 0.67 3.3974, 0.4816 0.7406 3.3465, 0.4605 0.7611 3.3465, 0.4563 0.7559 3.3974, 0.3378 0.8404 3.3465, 0.2445 0.8829 3.3465, 0.2422 0.8766 3.3974, -0.1736 0.9015 3.3465, -0.2445 0.8829 3.3465, -0.2422 0.8766 3.3974, -0.3378 0.8404 3.3465, -0.3577 0.8313 3.3465, -0.3544 0.8254 3.3974, -0.4816 0.7406 3.3465, -0.5499 0.6744 3.3465, -0.5449 0.67 3.3974, 0.6805 0.455 3.3465, 0.6783 0.4622 3.3465, 0.6721 0.4597 3.3974, -0.5141 0.3543 3.5432, -0.5569 0.3543 3.5376, -0.5424 0.409 3.5366, -0.5607 0.3543 3.5364, -0.5804 0.3543 3.5305, -0.5866 0.4263 3.5169, -0.6095 0.3543 3.5162, -0.6186 0.3543 3.5118, -0.6246 0.4412 3.4857, -0.6383 0.3543 3.4978, -0.6837 0.3543 3.4447, -0.6821 0.3543 3.4481, -0.6537 0.4525 3.4449, -0.6679 0.3543 3.4682, -0.6511 0.3543 3.4849, -0.7 0.3543 3.4108, -0.6721 0.4597 3.3974, -0.7034 0.3543 3.3972, -0.6783 0.4622 3.3465, -0.6805 0.455 3.3465, -0.709 0.3543 3.3748, -0.7111 0.3543 3.3465, 0.7055 0.3543 3.3927, 0.711 0.3543 3.352, 0.7111 0.3543 3.3465, 0.6786 0.3543 3.4536, 0.6833 0.3543 3.4445, 0.6537 0.4525 3.4449, 0.6977 0.3543 3.417, 0.704 0.3543 3.3973, 0.5866 0.4263 3.5169, 0.631 0.3543 3.5034, 0.6246 0.4412 3.4857, 0.6512 0.3543 3.485, 0.6619 0.3543 3.4753, 0.5667 0.3543 3.535, 0.606 0.3543 3.5191, 0.6098 0.3543 3.5167, 0.5607 0.3543 3.5365, 0.5424 0.409 3.5366, 0.5505 0.3543 3.539, -0.4984 0.4983 3.5366, -0.4398 0.5788 3.5366, -0.539 0.5229 3.5169, -0.4756 0.6099 3.5169, -0.5739 0.544 3.4857, -0.5064 0.6366 3.4857, -0.6006 0.5601 3.4449, -0.53 0.6571 3.4449, -0.6175 0.5703 3.3974, 0.0992 0.7708 3.5366, 0.1955 0.7455 3.5366, 0.1073 0.8176 3.5169, 0.2114 0.7902 3.5169, 0.1142 0.8577 3.4857, 0.2251 0.8286 3.4857, 0.1195 0.8886 3.4449, 0.2356 0.8581 3.4449, 0.1229 0.9079 3.3974, -0.6232 0.5738 3.3465, -0.5975 0.6092 3.3465, -0.4605 0.7611 3.3465, -0.4563 0.7559 3.3974, -0.4439 0.7407 3.4449, -0.4241 0.7164 3.4857, -0.3983 0.6848 3.5169, -0.3683 0.6481 3.5366, -0.2861 0.7042 3.5366, -0.3094 0.7456 3.5169, -0.3294 0.7811 3.4857, -0.3448 0.8083 3.4449, -0.2356 0.8581 3.4449, -0.2251 0.8286 3.4857, -0.2114 0.7902 3.5169, -0.1955 0.7455 3.5366, -0.124 0.9146 3.3465, -0.1229 0.9079 3.3974, -0.1195 0.8886 3.4449, -0.1142 0.8577 3.4857, -0.1073 0.8176 3.5169, -0.0992 0.7708 3.5366, -0.0 0.7793 3.5366, -0.0 0.8268 3.5169, -0.0 0.8675 3.4857, -0.0 0.8988 3.4449, -0.0 0.9185 3.3974, -0.0 0.9252 3.3465, 0.124 0.9146 3.3465, 0.1736 0.9015 3.3465, 0.3577 0.8313 3.3465, 0.3544 0.8254 3.3974, 0.3448 0.8083 3.4449, 0.3294 0.7811 3.4857, 0.3094 0.7456 3.5169, 0.2861 0.7042 3.5366, 0.3683 0.6481 3.5366, 0.3983 0.6848 3.5169, 0.4241 0.7164 3.4857, 0.4439 0.7407 3.4449, 0.53 0.6571 3.4449, 0.5064 0.6366 3.4857, 0.4756 0.6099 3.5169, 0.4398 0.5788 3.5366, 0.6232 0.5738 3.3465, 0.6175 0.5703 3.3974, 0.6006 0.5601 3.4449, 0.5739 0.544 3.4857, 0.539 0.5229 3.5169, 0.4984 0.4983 3.5366, -0.316 0.5211 1.9978, -0.3201 0.517 2.9528, -0.2532 0.5722 1.9941, -0.2264 0.5889 2.9528, -0.2264 0.5889 1.9908, -0.1565 0.6217 1.9811, -0.1172 0.6342 2.9528, -0.1172 0.6342 1.9762, -0.059 0.6457 1.971, -0.0 0.6496 2.9528, -0.0 0.6496 1.9691, 0.0594 0.6457 1.971, 0.1172 0.6342 2.9528, 0.1172 0.6342 1.9762, 0.1565 0.6217 1.9811, 0.2264 0.5889 2.9528, 0.2264 0.5889 1.9908, 0.3201 -0.1233 2.9528, 0.3921 -0.0295 1.9858, 0.3921 -0.0295 2.9528, 0.4373 0.0797 1.9882, 0.4373 0.0797 2.9528, 0.4528 0.1968 1.9907, 0.4528 0.1968 2.9528, 0.4373 0.314 1.9933, 0.4373 0.314 2.9528, 0.3921 0.4232 1.9956, 0.3921 0.4232 2.9528, 0.3201 0.517 1.9977, 0.3201 0.517 2.9528, 0.316 0.5211 1.9978, 0.2532 0.5722 1.9941, 0.2264 -0.1953 2.9528, 0.2756 -0.1624 1.9829, 0.3201 -0.1233 1.9838, 0.1172 -0.2405 2.9528, 0.1733 -0.2214 1.9816, 0.2264 -0.1953 1.9822, -0.0 -0.2559 2.9528, 0.0591 -0.252 1.981, 0.1172 -0.2405 1.9812, -0.1172 -0.2405 2.9528, -0.0591 -0.252 1.981, -0.0 -0.2559 1.9809, -0.2264 -0.1953 2.9528, -0.1733 -0.2214 1.9816, -0.1172 -0.2405 1.9812, -0.3201 0.517 1.9977, -0.3921 0.4232 1.9956, -0.3921 0.4232 2.9528, -0.4373 0.314 1.9933, -0.4373 0.314 2.9528, -0.4528 0.1968 1.9907, -0.4528 0.1968 2.9528, -0.4373 0.0797 1.9882, -0.4373 0.0797 2.9528, -0.3921 -0.0295 1.9858, -0.3921 -0.0295 2.9528, -0.3201 -0.1233 1.9838, -0.3201 -0.1233 2.9528, -0.2756 -0.1624 1.9829, -0.2264 -0.1953 1.9822, 0.495 0.0032 3.5433, 0.5076 0.0394 3.5433, 0.315 0.0394 3.5433, 0.3361 -0.2149 3.5433, 0.4013 -0.1517 3.5433, 0.1575 -0.1181 3.5433, -0.1575 -0.2953 3.5433, -0.1784 -0.3038 3.5433, -0.0905 -0.3269 3.5433, -0.0 -0.3347 3.5433, 0.0905 -0.3269 3.5433, 0.1575 -0.2953 3.5433, 0.1784 -0.3038 3.5433, 0.261 -0.2661 3.5433, -0.261 -0.2661 3.5433, -0.1575 -0.1181 3.5433, -0.3361 -0.2149 3.5433, 0.2036 -0.0068 3.5433, 0.1786 -0.0394 3.5433, 0.1628 -0.0774 3.5433, 0.4548 -0.0782 3.5433, 0.2742 0.034 3.5433, 0.2362 0.0183 3.5433, -0.4013 -0.1517 3.5433, -0.1628 -0.0774 3.5433, -0.1786 -0.0394 3.5433, -0.2036 -0.0068 3.5433, -0.2362 0.0183 3.5433, -0.4548 -0.0782 3.5433, -0.2742 0.034 3.5433, -0.495 0.0032 3.5433, -0.315 0.0394 3.5433, -0.5076 0.0394 3.5433, -0.723 0.1091 2.9528, 0.723 0.2846 2.9528, 0.7111 0.0394 3.3465, 0.6805 -0.0613 3.3465, 0.681 -0.0614 2.9528, 0.723 0.1091 2.9528, 0.681 0.4551 2.9528, -0.681 0.4551 2.9528, -0.723 0.2846 2.9528, -0.681 -0.0614 2.9528, -0.7111 0.0394 3.3465, -0.124 -0.5209 3.3465, -0.1743 -0.5103 2.9528, -0.0 -0.5315 2.9528, -0.3378 -0.4467 3.3465, -0.3385 -0.4481 2.9528, -0.2445 -0.4893 3.3465, -0.1736 -0.5078 3.3465, -0.3577 -0.4376 3.3465, -0.4605 -0.3674 3.3465, -0.483 -0.3483 2.9528, -0.5975 -0.2155 3.3465, -0.5994 -0.2169 2.9528, -0.5499 -0.2807 3.3465, -0.4816 -0.3469 3.3465, -0.6232 -0.1801 3.3465, -0.6783 -0.0685 3.3465, -0.6805 -0.0613 3.3465, -0.5994 0.6106 2.9528, -0.483 0.742 2.9528, -0.3385 0.8418 2.9528, -0.1743 0.904 2.9528, -0.0 0.9252 2.9528, 0.1743 0.904 2.9528, 0.3385 0.8418 2.9528, 0.483 0.742 2.9528, 0.5994 0.6106 2.9528, 0.6783 -0.0685 3.3465, 0.6232 -0.1801 3.3465, 0.5994 -0.2169 2.9528, 0.4816 -0.3469 3.3465, 0.483 -0.3483 2.9528, 0.5499 -0.2807 3.3465, 0.5975 -0.2155 3.3465, 0.4605 -0.3674 3.3465, 0.3577 -0.4376 3.3465, 0.3385 -0.4481 2.9528, 0.3378 -0.4467 3.3465, 0.2445 -0.4893 3.3465, 0.1743 -0.5103 2.9528, 0.1736 -0.5078 3.3465, 0.124 -0.5209 3.3465, -0.0 -0.5315 3.3465, -0.3142 0.5228 1.919, -0.4921 0.5228 1.919, -0.3114 0.5252 1.9189, -0.4921 0.5593 1.9164, -0.2713 0.5593 1.9164, -0.2201 0.5922 1.9078, -0.4921 0.5947 1.9071, -0.2162 0.5947 1.9071, -0.4921 0.6277 1.8914, -0.1391 0.6277 1.8914, -0.4921 0.6305 1.8898, -0.1301 0.6305 1.8898, -0.4921 0.6693 1.8667, -0.4921 0.7745 1.8042, 0.4921 0.6693 1.8667, 0.4921 0.7745 1.8042, 0.3833 0.4378 1.9172, 0.3142 0.5228 1.919, 0.4921 0.5228 1.919, -0.1663 -0.2242 1.9028, -0.0566 -0.2524 1.9022, -0.4921 -0.8239 1.8898, 0.4921 -0.8239 1.8898, 0.0566 -0.2524 1.9022, 0.1663 -0.2242 1.9028, -0.4092 0.0031 1.9077, -0.3483 -0.0924 1.9057, -0.2657 -0.1698 1.904, 0.2657 -0.1698 1.904, 0.3483 -0.0924 1.9057, 0.4092 0.0031 1.9077, -0.3833 0.4378 1.9172, -0.4311 0.3351 1.915, -0.452 0.2238 1.9125, -0.4445 0.1108 1.9101, 0.4445 0.1108 1.9101, 0.452 0.2238 1.9125, 0.4311 0.3351 1.915, 0.4921 -0.9055 1.888, 0.4921 -0.9985 1.886, -0.4921 -0.9055 1.888, -0.4921 -0.9985 1.886, -0.4921 -1.0002 1.9647, 0.4921 -1.0002 1.9647, -0.4921 -0.8248 1.9685, 0.4921 -0.8248 1.9685, 0.4921 0.5211 1.9978, -0.4921 0.5211 1.9978, 0.4921 -0.1296 1.9836, -0.4921 -0.1296 1.9836, 0.4176 -0.2207 1.9816, 0.3595 -0.2717 1.9805, 0.2953 -0.3146 1.9796, 0.226 -0.3488 1.9789, 0.1528 -0.3736 1.9783, 0.0771 -0.3887 1.978, -0.0 -0.3937 1.9779, -0.0771 -0.3887 1.978, -0.1528 -0.3736 1.9783, -0.226 -0.3488 1.9789, -0.2953 -0.3146 1.9796, -0.3595 -0.2717 1.9805, -0.4176 -0.2207 1.9816, -0.4102 0.6217 1.9811, -0.4172 0.6141 1.9831, -0.4559 0.5722 1.9941, -0.4921 0.5233 1.9978, 0.4921 0.6679 1.9591, -0.4921 0.6679 1.9591, -0.3777 0.6508 1.9685, -0.4921 0.6508 1.9685, 0.3777 0.6508 1.9685, 0.4098 0.6215 1.9807, 0.4921 0.6508 1.9685, 0.4176 0.6144 1.9836, 0.4559 0.5722 1.9941, 0.4921 0.5233 1.9978, -0.4921 0.5233 1.9685, -0.4921 -0.9055 1.8898, -0.4921 -0.1296 1.9685, -0.4921 0.8147 1.8718, -0.4921 0.6693 1.8898, -0.4921 0.4872 0.9521, -0.4921 0.4815 0.8736, -0.4921 -1.0814 1.0662, -0.4921 -1.0871 0.9877, -0.4921 -1.1273 1.0751, -0.4921 -1.1514 1.0001, -0.4921 -1.1698 1.0946, -0.4921 -1.2109 1.0274, -0.4921 -1.2066 1.1236, -0.4921 -1.2623 1.068, -0.4921 -1.2354 1.1604, -0.4921 -1.3027 1.1196, -0.4921 -1.2547 1.203, -0.4921 -1.3298 1.1792, -0.4921 -1.2635 1.249, -0.4921 -1.342 1.2435, -0.4921 -1.2611 1.2957, -0.4921 -1.3388 1.3089, -0.4921 -1.1882 1.7223, -0.4921 -1.2659 1.7356, -0.4921 -1.1756 1.7657, -0.4921 -1.2481 1.7963, -0.4921 -1.1534 1.805, -0.4921 -1.217 1.8514, -0.4921 -1.1228 1.8382, -0.4921 -1.1742 1.8979, -0.4921 -1.0854 1.8636, -0.4921 -1.1219 1.9334, -0.4921 -1.0432 1.8798, -0.4921 -1.0628 1.9561, 0.4921 0.6693 1.8898, 0.4921 0.8147 1.8718, 0.4921 0.5233 1.9685, 0.4921 0.6305 1.8898, 0.4921 0.6277 1.8914, 0.4921 0.5947 1.9071, 0.4921 0.5593 1.9164, 0.4921 -0.9055 1.8898, 0.4921 -0.1296 1.9685, 0.4921 -1.0432 1.8798, 0.4921 -1.0628 1.9561, 0.4921 -1.0854 1.8636, 0.4921 -1.1219 1.9334, 0.4921 -1.1228 1.8382, 0.4921 -1.1742 1.8979, 0.4921 -1.1534 1.805, 0.4921 -1.217 1.8514, 0.4921 -1.1756 1.7657, 0.4921 -1.2481 1.7963, 0.4921 -1.1882 1.7223, 0.4921 -1.2659 1.7356, 0.4921 -1.2611 1.2957, 0.4921 -1.3388 1.3089, 0.4921 -1.2635 1.249, 0.4921 -1.342 1.2435, 0.4921 -1.2547 1.203, 0.4921 -1.3298 1.1792, 0.4921 -1.2354 1.1604, 0.4921 -1.3027 1.1196, 0.4921 -1.2066 1.1236, 0.4921 -1.2623 1.068, 0.4921 -1.1698 1.0946, 0.4921 -1.2109 1.0274, 0.4921 -1.1273 1.0751, 0.4921 -1.1514 1.0001, 0.4921 -1.0814 1.0662, 0.4921 -1.0871 0.9877, 0.4921 0.4872 0.9521, 0.4921 0.4815 0.8736, 0.1301 0.6305 1.8898, 0.1391 0.6277 1.8914, 0.2153 0.5946 1.9069, 0.3114 0.5252 1.9189, 0.2713 0.5593 1.9164, 0.2202 0.5924 1.9079
            ]
        }
        coordIndex [
            0,1,2,-1,2,1,3,-1,2,3,4,-1,4,3,5,-1,6,7,8,-1,8,7,9,-1,10,11,12,-1,10,12,13,-1,13,12,14,-1,13,14,15,-1,16,17,18,-1,18,17,19,-1,20,21,22,-1,23,24,25,-1,26,27,28,-1,27,29,28,-1,28,29,30,-1,28,30,25,-1,25,30,31,-1,25,31,23,-1,26,28,32,-1,32,28,33,-1,32,33,34,-1,34,33,35,-1,34,35,36,-1,20,22,37,-1,37,22,38,-1,37,38,24,-1,24,38,39,-1,24,39,40,-1,40,41,24,-1,24,41,42,-1,24,42,25,-1,43,44,45,-1,45,44,46,-1,45,46,47,-1,47,46,48,-1,47,48,49,-1,49,48,50,-1,49,50,51,-1,36,35,45,-1,45,35,52,-1,45,52,43,-1,53,54,55,-1,56,57,58,-1,59,60,61,-1,62,63,64,-1,65,66,67,-1,68,69,70,-1,71,72,73,-1,74,21,20,-1,74,20,75,-1,75,20,76,-1,75,76,77,-1,77,76,78,-1,78,76,79,-1,78,79,80,-1,80,79,81,-1,81,79,82,-1,81,82,83,-1,84,85,86,-1,86,85,87,-1,86,87,82,-1,82,87,88,-1,82,88,83,-1,84,86,89,-1,89,86,90,-1,89,90,91,-1,90,92,93,-1,91,90,94,-1,94,90,93,-1,94,93,95,-1,73,96,71,-1,71,96,97,-1,71,97,98,-1,99,100,101,-1,101,100,102,-1,101,102,73,-1,73,102,103,-1,73,103,96,-1,104,105,106,-1,106,105,107,-1,106,107,101,-1,101,107,108,-1,101,108,99,-1,109,110,104,-1,104,110,111,-1,104,111,105,-1,109,104,112,-1,112,104,113,-1,112,113,114,-1,114,113,49,-1,114,49,51,-1,37,24,115,-1,115,24,116,-1,115,116,117,-1,117,116,118,-1,117,118,119,-1,119,118,120,-1,119,120,121,-1,121,120,122,-1,121,122,123,-1,123,122,70,-1,26,32,124,-1,124,32,125,-1,124,125,126,-1,126,125,127,-1,126,127,128,-1,128,127,129,-1,128,129,130,-1,130,129,131,-1,130,131,132,-1,132,131,61,-1,20,37,76,-1,76,37,115,-1,76,115,79,-1,79,115,117,-1,79,117,82,-1,82,117,119,-1,82,119,86,-1,86,119,121,-1,86,121,90,-1,90,121,123,-1,90,123,92,-1,92,123,133,-1,70,69,123,-1,123,69,134,-1,123,134,133,-1,135,68,136,-1,136,68,70,-1,136,70,137,-1,137,70,122,-1,137,122,138,-1,138,122,120,-1,138,120,139,-1,139,120,118,-1,139,118,140,-1,140,118,116,-1,140,116,23,-1,23,116,24,-1,23,31,140,-1,140,31,141,-1,140,141,139,-1,139,141,142,-1,139,142,138,-1,138,142,143,-1,138,143,137,-1,137,143,144,-1,137,144,136,-1,136,144,67,-1,136,67,135,-1,135,67,66,-1,63,65,64,-1,64,65,67,-1,64,67,145,-1,145,67,144,-1,145,144,146,-1,146,144,143,-1,146,143,147,-1,147,143,142,-1,147,142,148,-1,148,142,141,-1,148,141,30,-1,30,141,31,-1,149,62,150,-1,150,62,64,-1,150,64,151,-1,151,64,145,-1,151,145,152,-1,152,145,146,-1,152,146,153,-1,153,146,147,-1,153,147,154,-1,154,147,148,-1,154,148,29,-1,29,148,30,-1,29,27,154,-1,154,27,155,-1,154,155,153,-1,153,155,156,-1,153,156,152,-1,152,156,157,-1,152,157,151,-1,151,157,158,-1,151,158,150,-1,150,158,159,-1,150,159,149,-1,149,159,160,-1,27,26,155,-1,155,26,124,-1,155,124,156,-1,156,124,126,-1,156,126,157,-1,157,126,128,-1,157,128,158,-1,158,128,130,-1,158,130,159,-1,159,130,132,-1,159,132,160,-1,160,132,161,-1,61,60,132,-1,132,60,162,-1,132,162,161,-1,163,59,164,-1,164,59,61,-1,164,61,165,-1,165,61,131,-1,165,131,166,-1,166,131,129,-1,166,129,167,-1,167,129,127,-1,167,127,168,-1,168,127,125,-1,168,125,34,-1,34,125,32,-1,34,36,168,-1,168,36,169,-1,168,169,167,-1,167,169,170,-1,167,170,166,-1,166,170,171,-1,166,171,165,-1,165,171,172,-1,165,172,164,-1,164,172,58,-1,164,58,163,-1,163,58,57,-1,54,56,55,-1,55,56,58,-1,55,58,173,-1,173,58,172,-1,173,172,174,-1,174,172,171,-1,174,171,175,-1,175,171,170,-1,175,170,176,-1,176,170,169,-1,176,169,45,-1,45,169,36,-1,177,53,178,-1,178,53,55,-1,178,55,179,-1,179,55,173,-1,179,173,180,-1,180,173,174,-1,180,174,181,-1,181,174,175,-1,181,175,182,-1,182,175,176,-1,182,176,47,-1,47,176,45,-1,47,49,182,-1,182,49,113,-1,182,113,181,-1,181,113,104,-1,181,104,180,-1,180,104,106,-1,180,106,179,-1,179,106,101,-1,179,101,178,-1,178,101,73,-1,178,73,177,-1,177,73,72,-1,183,184,185,-1,185,184,186,-1,185,186,187,-1,187,186,188,-1,188,186,189,-1,188,189,190,-1,190,189,191,-1,191,189,192,-1,191,192,193,-1,193,192,194,-1,194,192,195,-1,194,195,196,-1,196,195,197,-1,197,195,198,-1,197,198,199,-1,200,201,202,-1,202,201,203,-1,202,203,204,-1,204,203,205,-1,204,205,206,-1,206,205,207,-1,206,207,208,-1,208,207,209,-1,208,209,210,-1,210,209,211,-1,210,211,212,-1,212,211,213,-1,212,213,198,-1,198,213,214,-1,198,214,199,-1,215,216,200,-1,200,216,217,-1,200,217,201,-1,218,219,215,-1,215,219,220,-1,215,220,216,-1,221,222,218,-1,218,222,223,-1,218,223,219,-1,224,225,221,-1,221,225,226,-1,221,226,222,-1,227,228,224,-1,224,228,229,-1,224,229,225,-1,183,230,184,-1,184,230,231,-1,184,231,232,-1,232,231,233,-1,232,233,234,-1,234,233,235,-1,234,235,236,-1,236,235,237,-1,236,237,238,-1,238,237,239,-1,238,239,240,-1,240,239,241,-1,240,241,242,-1,242,241,243,-1,242,243,227,-1,227,243,244,-1,227,244,228,-1,245,246,247,-1,248,249,250,-1,251,252,253,-1,253,254,251,-1,251,254,255,-1,251,255,256,-1,256,255,257,-1,256,257,250,-1,250,257,258,-1,250,258,248,-1,252,251,259,-1,259,251,260,-1,259,260,261,-1,262,263,249,-1,249,263,264,-1,249,264,250,-1,245,247,265,-1,265,247,266,-1,265,266,249,-1,249,266,267,-1,249,267,262,-1,261,260,268,-1,268,260,269,-1,268,269,270,-1,270,271,268,-1,268,271,272,-1,268,272,273,-1,273,272,274,-1,273,274,275,-1,275,274,276,-1,275,276,277,-1,278,2,4,-1,279,10,13,-1,280,281,15,-1,15,281,282,-1,15,282,13,-1,13,282,283,-1,13,283,279,-1,10,279,11,-1,11,279,284,-1,11,284,98,-1,95,93,5,-1,5,93,285,-1,5,285,4,-1,4,285,286,-1,4,286,278,-1,2,278,0,-1,0,278,287,-1,0,287,288,-1,289,290,291,-1,292,293,294,-1,294,293,290,-1,294,290,295,-1,295,290,289,-1,292,296,293,-1,293,296,297,-1,293,297,298,-1,299,300,301,-1,301,300,298,-1,301,298,302,-1,302,298,297,-1,299,303,300,-1,300,303,304,-1,300,304,287,-1,287,304,305,-1,287,305,288,-1,93,92,285,-1,285,92,133,-1,285,133,306,-1,68,307,69,-1,69,307,306,-1,69,306,134,-1,134,306,133,-1,68,135,307,-1,307,135,66,-1,307,66,308,-1,66,65,308,-1,308,65,63,-1,308,63,309,-1,63,62,309,-1,309,62,149,-1,309,149,310,-1,149,160,310,-1,310,160,161,-1,310,161,311,-1,59,312,60,-1,60,312,311,-1,60,311,162,-1,162,311,161,-1,59,163,312,-1,312,163,57,-1,312,57,313,-1,53,314,54,-1,54,314,313,-1,54,313,56,-1,56,313,57,-1,53,177,314,-1,314,177,72,-1,314,72,284,-1,284,72,71,-1,284,71,98,-1,281,315,282,-1,282,315,316,-1,282,316,317,-1,318,319,320,-1,320,319,317,-1,320,317,321,-1,321,317,316,-1,318,322,319,-1,319,322,323,-1,319,323,324,-1,323,325,324,-1,324,325,326,-1,324,326,327,-1,326,328,327,-1,327,328,329,-1,327,329,291,-1,291,329,330,-1,291,330,289,-1,208,279,206,-1,206,279,283,-1,206,283,204,-1,204,283,282,-1,204,282,202,-1,202,282,317,-1,202,317,200,-1,200,317,319,-1,200,319,215,-1,215,319,324,-1,215,324,218,-1,218,324,327,-1,218,327,221,-1,221,327,291,-1,221,291,224,-1,224,291,290,-1,224,290,227,-1,227,290,293,-1,227,293,242,-1,242,293,298,-1,242,298,240,-1,240,298,300,-1,240,300,238,-1,300,287,238,-1,238,287,278,-1,238,278,236,-1,236,278,286,-1,236,286,234,-1,234,286,285,-1,234,285,232,-1,232,285,306,-1,232,306,184,-1,184,306,307,-1,184,307,186,-1,186,307,308,-1,186,308,189,-1,189,308,309,-1,189,309,192,-1,192,309,310,-1,192,310,195,-1,195,310,311,-1,195,311,198,-1,198,311,312,-1,198,312,212,-1,212,312,313,-1,212,313,210,-1,210,313,314,-1,210,314,208,-1,208,314,284,-1,208,284,279,-1,331,332,333,-1,333,332,334,-1,333,334,335,-1,335,334,336,-1,336,334,337,-1,336,337,338,-1,338,337,339,-1,338,339,340,-1,339,341,340,-1,340,341,342,-1,343,344,345,-1,345,344,346,-1,347,348,349,-1,350,351,352,-1,352,351,353,-1,353,351,354,-1,353,354,355,-1,356,357,352,-1,352,357,358,-1,352,358,350,-1,355,359,353,-1,353,359,360,-1,353,360,361,-1,332,331,362,-1,362,363,332,-1,332,363,364,-1,332,364,352,-1,352,364,365,-1,352,365,356,-1,361,366,353,-1,353,366,367,-1,353,367,349,-1,349,367,368,-1,349,368,347,-1,369,370,371,-1,371,370,372,-1,373,374,375,-1,375,374,376,-1,209,377,211,-1,211,377,213,-1,233,231,378,-1,378,231,230,-1,378,230,183,-1,209,207,377,-1,377,207,205,-1,377,205,379,-1,233,378,235,-1,235,378,380,-1,235,380,237,-1,205,203,379,-1,379,203,201,-1,379,201,381,-1,381,201,217,-1,381,217,382,-1,382,217,216,-1,382,216,383,-1,383,216,220,-1,383,220,384,-1,384,220,219,-1,384,219,385,-1,385,219,223,-1,385,223,386,-1,386,223,222,-1,386,222,387,-1,387,222,226,-1,387,226,388,-1,388,226,225,-1,388,225,389,-1,389,225,229,-1,389,229,390,-1,390,229,228,-1,390,228,391,-1,391,228,244,-1,391,244,392,-1,392,244,243,-1,392,243,393,-1,393,243,241,-1,393,241,380,-1,380,241,239,-1,380,239,237,-1,394,395,185,-1,185,395,396,-1,185,396,183,-1,183,396,397,-1,183,397,378,-1,398,399,400,-1,400,399,401,-1,185,187,394,-1,394,187,188,-1,394,188,400,-1,400,188,190,-1,400,190,191,-1,193,194,402,-1,402,194,196,-1,402,196,403,-1,404,398,402,-1,402,398,400,-1,402,400,193,-1,193,400,191,-1,196,197,403,-1,403,197,199,-1,403,199,405,-1,405,199,214,-1,405,214,406,-1,406,214,407,-1,407,214,213,-1,407,213,377,-1,332,352,408,-1,352,409,373,-1,410,380,378,-1,373,375,352,-1,352,375,410,-1,352,410,408,-1,408,410,378,-1,408,378,397,-1,344,343,411,-1,411,343,412,-1,411,412,399,-1,412,341,399,-1,399,341,339,-1,399,339,401,-1,401,339,337,-1,401,337,408,-1,408,337,334,-1,408,334,332,-1,413,414,415,-1,415,414,416,-1,415,416,417,-1,417,416,418,-1,417,418,419,-1,419,418,420,-1,419,420,421,-1,421,420,422,-1,421,422,423,-1,423,422,424,-1,423,424,425,-1,425,424,426,-1,425,426,427,-1,427,426,428,-1,427,428,429,-1,429,428,430,-1,429,430,431,-1,431,430,432,-1,431,432,433,-1,433,432,434,-1,433,434,435,-1,435,434,436,-1,435,436,437,-1,437,436,438,-1,437,438,439,-1,439,438,440,-1,439,440,441,-1,441,440,442,-1,441,442,372,-1,372,442,373,-1,372,373,371,-1,371,373,409,-1,345,346,443,-1,443,346,444,-1,443,444,398,-1,445,407,377,-1,446,443,447,-1,447,443,398,-1,447,398,448,-1,448,398,404,-1,448,404,449,-1,449,404,445,-1,449,445,349,-1,349,445,450,-1,349,450,353,-1,369,450,370,-1,370,450,445,-1,370,445,451,-1,451,445,377,-1,451,377,379,-1,451,376,370,-1,370,376,374,-1,370,374,452,-1,452,374,453,-1,452,453,454,-1,454,453,455,-1,454,455,456,-1,456,455,457,-1,456,457,458,-1,458,457,459,-1,458,459,460,-1,460,459,461,-1,460,461,462,-1,462,461,463,-1,462,463,464,-1,464,463,465,-1,464,465,466,-1,466,465,467,-1,466,467,468,-1,468,467,469,-1,468,469,470,-1,470,469,471,-1,470,471,472,-1,472,471,473,-1,472,473,474,-1,474,473,475,-1,474,475,476,-1,476,475,477,-1,476,477,478,-1,478,477,479,-1,478,479,480,-1,480,479,481,-1,413,415,480,-1,480,415,478,-1,414,413,481,-1,481,413,480,-1,416,414,479,-1,479,414,481,-1,416,479,477,-1,416,477,418,-1,418,477,475,-1,418,475,420,-1,420,475,473,-1,420,473,422,-1,422,473,471,-1,422,471,424,-1,424,471,469,-1,424,469,426,-1,426,469,467,-1,426,467,428,-1,428,467,465,-1,428,465,430,-1,432,430,463,-1,463,430,465,-1,432,463,461,-1,432,461,434,-1,434,461,459,-1,434,459,436,-1,436,459,457,-1,436,457,438,-1,438,457,455,-1,438,455,440,-1,440,455,453,-1,440,453,442,-1,442,453,374,-1,442,374,373,-1,411,399,444,-1,444,399,398,-1,344,411,346,-1,346,411,444,-1,446,447,482,-1,482,447,483,-1,447,448,483,-1,483,448,484,-1,449,349,348,-1,348,485,449,-1,449,485,486,-1,449,486,448,-1,448,486,487,-1,448,487,484,-1,372,370,441,-1,441,370,452,-1,441,452,439,-1,439,452,454,-1,439,454,437,-1,437,454,456,-1,437,456,435,-1,435,456,458,-1,435,458,433,-1,433,458,460,-1,433,460,431,-1,431,460,462,-1,429,431,464,-1,464,431,462,-1,429,464,427,-1,427,464,466,-1,427,466,425,-1,425,466,468,-1,425,468,423,-1,423,468,470,-1,423,470,421,-1,421,470,472,-1,421,472,419,-1,419,472,474,-1,419,474,417,-1,417,474,476,-1,417,476,415,-1,415,476,478,-1,
        ]
    }
}
Shape{
    appearance Appearance {
        material  Material 	{
            diffuseColor 0.13725490196078433 0.32941176470588235 0.7019607843137254
            specularColor 0.011764705882352941 0.023529411764705882 0.050980392156862744
            ambientIntensity 0.4489
            transparency 0.0
            shininess 0.5
        }
    }
    geometry IndexedFaceSet {
        ccw TRUE
        solid FALSE
        coord DEF co Coordinate {
            point [
                2.9528 -0.6867 3.937, -2.9528 -0.6867 3.937, 2.9528 -1.2598 2.3622, -2.9528 -1.2598 2.3622, 2.9528 1.5748 0.0, -2.9528 1.5748 0.0, 2.9528 1.5748 2.3622, -2.9528 1.5748 2.3622, 2.9528 0.9842 0.0, 3.1102 0.9842 0.0, 3.1102 0.5905 0.0, 1.7126 -1.4567 0.0, 0.2559 -1.4567 0.0, 1.7126 0.3937 0.0, 0.2559 0.3937 0.0, 2.9528 -1.4567 0.0, 2.2244 -1.4567 0.0, 2.9528 0.5905 0.0, 2.2244 0.3937 0.0, -0.2559 -1.4567 0.0, -1.7126 -1.4567 0.0, -0.2559 0.3937 0.0, -1.7126 0.3937 0.0, -2.7953 0.9842 0.0, -2.9528 0.9842 0.0, -2.9528 -1.4567 0.0, -2.9528 0.5905 0.0, -2.7953 0.5905 0.0, -2.2244 0.3937 0.0, -2.2244 -1.4567 0.0, 2.9528 -1.4567 2.3622, -2.9528 -1.4567 2.3622, 2.7228 0.4227 3.937, 2.7546 0.2426 3.937, 2.9528 1.0236 3.937, 2.7439 0.0601 3.937, 2.6915 -0.115 3.937, -0.5061 -0.4063 3.937, -1.2455 -0.115 3.937, -0.3534 -0.5068 3.937, -1.3369 -0.2734 3.937, -0.1816 -0.5693 3.937, -0.6316 -0.2734 3.937, -0.723 -0.115 3.937, -1.1931 0.0601 3.937, -0.7754 0.0601 3.937, -1.1824 0.2426 3.937, 2.6001 -0.2734 3.937, 2.4746 -0.4063 3.937, 2.3219 -0.5068 3.937, -2.3219 -0.5068 3.937, -2.4746 -0.4063 3.937, -2.6001 -0.2734 3.937, -2.6915 -0.115 3.937, 2.4012 0.8547 3.937, 2.5412 0.7372 3.937, 2.6504 0.5905 3.937, 1.3958 0.7372 3.937, 0.2693 0.9368 3.937, 0.4327 0.8547 3.937, 0.7861 0.2426 3.937, 1.2142 0.4227 3.937, 0.7543 0.4227 3.937, 1.2866 0.5905 3.937, 0.6819 0.5905 3.937, 0.5727 0.7372 3.937, 0.0914 0.9789 3.937, 1.5358 0.8547 3.937, 1.6992 0.9368 3.937, 2.1501 -0.5693 3.937, 1.9685 -0.5906 3.937, -0.0 -0.5906 3.937, -2.7439 0.0601 3.937, -2.7546 0.2426 3.937, -2.9528 1.0236 3.937, -2.7228 0.4227 3.937, -2.6504 0.5905 3.937, 1.7869 -0.5693 3.937, 1.6151 -0.5068 3.937, 0.1816 -0.5693 3.937, 1.4624 -0.4063 3.937, 0.3534 -0.5068 3.937, -1.4624 -0.4063 3.937, -1.6151 -0.5068 3.937, -1.7869 -0.5693 3.937, -1.9685 -0.5906 3.937, -2.1501 -0.5693 3.937, -0.7861 0.2426 3.937, -0.7543 0.4227 3.937, -1.2142 0.4227 3.937, -0.6819 0.5905 3.937, -1.2866 0.5905 3.937, -0.5727 0.7372 3.937, -1.3958 0.7372 3.937, -0.4327 0.8547 3.937, 0.723 -0.115 3.937, 0.6316 -0.2734 3.937, 0.5061 -0.4063 3.937, -2.5412 0.7372 3.937, -2.4012 0.8547 3.937, -2.2378 0.9368 3.937, -2.0599 0.9789 3.937, -1.8771 0.9789 3.937, 1.3369 -0.2734 3.937, 1.2455 -0.115 3.937, 0.7754 0.0601 3.937, 1.1931 0.0601 3.937, 1.1824 0.2426 3.937, -0.2693 0.9368 3.937, -0.0914 0.9789 3.937, -1.5358 0.8547 3.937, -1.6992 0.9368 3.937, 1.8771 0.9789 3.937, 2.0599 0.9789 3.937, 2.2378 0.9368 3.937, 0.1114 1.3712 1.9685, 0.0787 1.3962 1.9685, 0.1364 1.3386 1.9685, 0.0408 1.412 1.9685, -0.0 1.4173 1.9685, -0.1364 1.3386 1.9685, -0.1521 1.3006 1.9685, 0.1521 1.3006 1.9685, -0.1575 1.2598 1.9685, 0.1575 1.2598 1.9685, -0.0408 1.412 1.9685, -0.0787 1.3962 1.9685, -0.1114 1.3712 1.9685, -0.0 -0.5906 2.1583, 0.1816 -0.5693 2.1583, 0.3534 -0.5068 2.1583, 0.5061 -0.4063 2.1583, 0.6316 -0.2734 2.1583, 0.723 -0.115 2.1583, 0.7754 0.0601 2.1583, 0.7861 0.2426 2.1583, 0.7543 0.4227 2.1583, 0.6819 0.5905 2.1583, 0.5727 0.7372 2.1583, 0.4327 0.8547 2.1583, 0.2693 0.9368 2.1583, 0.0914 0.9789 2.1583, -0.0914 0.9789 2.1583, -0.2693 0.9368 2.1583, -0.4327 0.8547 2.1583, -0.5727 0.7372 2.1583, -0.6819 0.5905 2.1583, -0.7543 0.4227 2.1583, -0.7861 0.2426 2.1583, -0.7754 0.0601 2.1583, -0.723 -0.115 2.1583, -0.6316 -0.2734 2.1583, -0.5061 -0.4063 2.1583, -0.3534 -0.5068 2.1583, -0.1816 -0.5693 2.1583
            ]
        }
        coordIndex [
            0,1,2,-1,2,1,3,-1,4,5,6,-1,6,5,7,-1,8,9,10,-1,11,12,13,-1,13,12,14,-1,15,16,17,-1,17,16,18,-1,10,17,8,-1,8,17,18,-1,8,18,4,-1,4,18,13,-1,4,13,5,-1,5,13,14,-1,19,20,21,-1,21,20,22,-1,23,24,5,-1,25,26,27,-1,14,21,5,-1,5,21,22,-1,5,22,23,-1,23,22,28,-1,23,28,27,-1,27,28,29,-1,27,29,25,-1,2,3,30,-1,30,3,31,-1,32,33,34,-1,34,33,0,-1,0,33,35,-1,0,35,36,-1,37,38,39,-1,39,38,40,-1,39,40,41,-1,37,42,38,-1,38,42,43,-1,38,43,44,-1,44,43,45,-1,44,45,46,-1,36,47,0,-1,0,47,48,-1,0,48,49,-1,50,51,1,-1,1,51,52,-1,1,52,53,-1,54,55,34,-1,34,55,56,-1,34,56,32,-1,57,58,59,-1,60,61,62,-1,62,61,63,-1,62,63,64,-1,64,63,57,-1,64,57,65,-1,65,57,59,-1,58,57,66,-1,66,57,67,-1,66,67,68,-1,49,69,0,-1,0,69,70,-1,0,70,71,-1,53,72,1,-1,1,72,73,-1,1,73,74,-1,74,73,75,-1,74,75,76,-1,70,77,71,-1,71,77,78,-1,71,78,79,-1,79,78,80,-1,79,80,81,-1,40,82,41,-1,41,82,83,-1,41,83,71,-1,71,83,84,-1,71,84,0,-1,0,84,85,-1,0,85,1,-1,1,85,86,-1,1,86,50,-1,45,87,46,-1,46,87,88,-1,46,88,89,-1,89,88,90,-1,89,90,91,-1,91,90,92,-1,91,92,93,-1,93,92,94,-1,95,96,80,-1,80,96,97,-1,80,97,81,-1,76,98,74,-1,74,98,99,-1,74,99,100,-1,100,101,74,-1,74,101,102,-1,74,102,34,-1,80,103,95,-1,95,103,104,-1,95,104,105,-1,105,104,106,-1,105,106,60,-1,60,106,107,-1,60,107,61,-1,94,108,93,-1,93,108,109,-1,93,109,110,-1,110,109,111,-1,112,113,34,-1,34,113,114,-1,34,114,54,-1,68,112,66,-1,66,112,34,-1,66,34,109,-1,109,34,102,-1,109,102,111,-1,115,116,117,-1,117,116,118,-1,117,118,119,-1,120,121,122,-1,122,121,123,-1,122,123,124,-1,119,125,117,-1,117,125,126,-1,117,126,122,-1,122,126,127,-1,122,127,120,-1,128,71,129,-1,129,71,79,-1,129,79,130,-1,130,79,81,-1,130,81,131,-1,131,81,97,-1,131,97,132,-1,132,97,96,-1,132,96,133,-1,133,96,95,-1,133,95,134,-1,134,95,105,-1,134,105,135,-1,135,105,60,-1,135,60,136,-1,136,60,62,-1,136,62,137,-1,137,62,64,-1,137,64,138,-1,138,64,65,-1,138,65,139,-1,139,65,59,-1,139,59,140,-1,140,59,58,-1,140,58,141,-1,141,58,66,-1,141,66,142,-1,142,66,109,-1,142,109,143,-1,143,109,108,-1,143,108,144,-1,144,108,94,-1,144,94,145,-1,145,94,92,-1,145,92,146,-1,146,92,90,-1,146,90,147,-1,147,90,88,-1,147,88,148,-1,148,88,87,-1,148,87,149,-1,149,87,45,-1,149,45,150,-1,150,45,43,-1,150,43,151,-1,151,43,42,-1,151,42,152,-1,152,42,37,-1,152,37,153,-1,153,37,39,-1,153,39,154,-1,154,39,41,-1,154,41,128,-1,128,41,71,-1,
        ]
    }
}
Shape{
    appearance Appearance {
        material  Material 	{
            diffuseColor 0.6470588235294118 0.6196078431372549 0.5882352941176471
            specularColor 0.45098039215686275 0.43529411764705883 0.4117647058823529
            ambientIntensity 0.6242
            transparency 0.0
            shininess 0.5
        }
    }
    geometry IndexedFaceSet {
        ccw TRUE
        solid FALSE
        coord DEF co Coordinate {
            point [
                0.7087 -0.9055 0.3937, 0.7087 0.6693 0.3937, 0.7087 -0.9055 1.8898, 0.7087 0.6693 1.8898
            ]
        }
        coordIndex [
            0,1,2,-1,2,1,3,-1,
        ]
    }
}
Shape{
    appearance Appearance {
        material  Material 	{
            diffuseColor 0.13725490196078433 0.32941176470588235 0.7019607843137254
            specularColor 0.011764705882352941 0.023529411764705882 0.050980392156862744
            ambientIntensity 0.4489
            transparency 0.0
            shininess 0.5
        }
    }
    geometry IndexedFaceSet {
        ccw TRUE
        solid FALSE
        coord DEF co Coordinate {
            point [
                -0.7874 -1.4567 0.3937, -0.7874 1.2598 0.3937, -0.7874 -1.4567 1.9685, -0.7874 1.2598 1.9685, 1.7126 -1.4567 0.0, 1.7126 -1.4567 0.3937, 0.2559 -1.4567 0.0, 1.1811 -1.4567 0.3937, -1.1811 -1.4567 0.3937, -1.7126 -1.4567 0.3937, -1.7126 -1.4567 0.0, -2.2244 -1.4567 0.0, -2.2244 -1.4567 0.3937, -2.9528 -1.4567 0.0, -2.7559 -1.4567 0.3937, -2.9528 -1.4567 2.3622, -2.7559 -1.4567 1.9685, -1.1811 -1.4567 1.9685, 0.2559 -1.4567 0.3937, 0.7874 -1.4567 0.3937, 0.7874 -1.4567 1.9685, 1.1811 -1.4567 1.9685, -0.2559 -1.4567 0.0, -0.2559 -1.4567 0.3937, 2.2244 -1.4567 0.3937, 2.2244 -1.4567 0.0, 2.7559 -1.4567 0.3937, 2.9528 -1.4567 0.0, 2.7559 -1.4567 1.9685, 2.9528 -1.4567 2.3622, 0.7874 1.2598 0.3937, 0.7874 1.2598 1.9685, -0.0787 1.1235 3.6518, -0.0603 1.1143 3.6778, -0.0408 1.1077 1.9685, -0.0408 1.1077 3.6967, -0.0 1.1024 1.9685, -0.0307 1.1054 3.7034, -0.0206 1.1037 3.7082, -0.0787 1.1235 1.9685, -0.1114 1.1485 1.9685, -0.1114 1.1485 3.5803, -0.1364 1.1811 1.9685, -0.1364 1.1811 3.4871, -0.1521 1.2191 1.9685, -0.1521 1.2191 3.3785, -0.1575 1.2598 1.9685, -0.1575 1.2598 3.2621, -0.1521 1.3006 1.9685, -0.1521 1.3006 3.1456, -0.1364 1.3386 1.9685, -0.1364 1.3386 3.0371, -0.1114 1.3712 1.9685, -0.1114 1.3712 2.9439, -0.0787 1.3962 1.9685, -0.0787 1.3962 2.8724, -0.0206 1.416 2.816, -0.0307 1.4143 2.8208, -0.0408 1.412 1.9685, -0.0408 1.412 2.8275, -0.0603 1.4053 2.8464, 0.0307 1.4143 2.8208, 0.0206 1.416 2.816, 0.0408 1.412 1.9685, 0.0103 1.417 2.8131, -0.0 1.4173 1.9685, -0.0 1.4173 2.8122, -0.0103 1.417 2.8131, 0.0787 1.1235 1.9685, 0.1114 1.1485 3.5803, 0.1114 1.1485 1.9685, 0.1364 1.1811 3.4871, 0.1364 1.1811 1.9685, 0.1521 1.2191 3.3785, 0.1521 1.2191 1.9685, 0.1575 1.2598 3.2621, 0.1575 1.2598 1.9685, 0.1521 1.3006 3.1456, 0.1521 1.3006 1.9685, 0.1364 1.3386 3.0371, 0.1364 1.3386 1.9685, 0.1114 1.3712 2.9439, 0.1114 1.3712 1.9685, 0.0787 1.3962 2.8724, 0.0787 1.3962 1.9685, 0.0603 1.4053 2.8464, 0.0408 1.412 2.8275, 0.0408 1.1077 1.9685, 0.0603 1.1143 3.6778, 0.0787 1.1235 3.6518, -0.0103 1.1027 3.7111, -0.0 1.1024 3.712, 0.0103 1.1027 3.7111, 0.0206 1.1037 3.7082, 0.0307 1.1054 3.7034, 0.0408 1.1077 3.6967, -0.3534 -0.5068 2.1583, -0.1816 -0.5693 2.1583, -0.1522 -0.3719 2.0866, -0.265 -0.3309 2.0866, -0.2936 -0.3121 2.0866, -0.5061 -0.4063 2.1583, -0.3796 -0.2555 2.0866, -0.4149 -0.2182 2.0866, -0.6316 -0.2734 2.1583, -0.4737 -0.1558 2.0866, -0.508 -0.0964 2.0866, -0.723 -0.115 2.1583, -0.5423 -0.0371 2.0866, -0.5668 0.0451 2.0866, -0.7754 0.0601 2.1583, -0.5816 0.0943 2.0866, -0.5876 0.197 2.0866, -0.7861 0.2426 2.1583, -0.5896 0.2312 2.0866, -0.5687 0.3494 2.0866, -0.7543 0.4227 2.1583, -0.5657 0.3662 2.0866, -0.6819 0.5905 2.1583, -0.5114 0.4921 2.0866, -0.5727 0.7372 2.1583, -0.4296 0.6021 2.0866, -0.4165 0.6131 2.0866, -0.4327 0.8547 2.1583, -0.3245 0.6902 2.0866, -0.2939 0.7056 2.0866, -0.2693 0.9368 2.1583, -0.202 0.7518 2.0866, -0.152 0.7636 2.0866, -0.0914 0.9789 2.1583, -0.0686 0.7834 2.0866, -0.0 0.7834 2.0866, 0.0914 0.9789 2.1583, 0.0686 0.7834 2.0866, 0.152 0.7636 2.0866, 0.2693 0.9368 2.1583, 0.202 0.7518 2.0866, 0.2939 0.7056 2.0866, 0.4327 0.8547 2.1583, 0.3245 0.6902 2.0866, 0.4165 0.6131 2.0866, 0.5727 0.7372 2.1583, 0.4296 0.6021 2.0866, 0.6819 0.5905 2.1583, 0.5114 0.4921 2.0866, 0.7543 0.4227 2.1583, 0.5657 0.3662 2.0866, 0.5687 0.3494 2.0866, 0.7861 0.2426 2.1583, 0.5896 0.2312 2.0866, 0.5876 0.197 2.0866, 0.7754 0.0601 2.1583, 0.5816 0.0943 2.0866, 0.5668 0.0451 2.0866, 0.723 -0.115 2.1583, 0.5423 -0.0371 2.0866, 0.508 -0.0964 2.0866, 0.6316 -0.2734 2.1583, 0.4737 -0.1558 2.0866, 0.4149 -0.2182 2.0866, 0.5061 -0.4063 2.1583, 0.3796 -0.2555 2.0866, 0.2936 -0.3121 2.0866, 0.3534 -0.5068 2.1583, 0.265 -0.3309 2.0866, 0.1522 -0.3719 2.0866, 0.1816 -0.5693 2.1583, 0.1362 -0.3778 2.0866, -0.0 -0.5906 2.1583, -0.0 -0.3937 2.0866, -0.1362 -0.3778 2.0866, 0.4098 0.6215 1.9807, 0.4176 0.6144 1.9836, 0.4921 0.5233 1.9978, 0.4921 0.5233 1.9685, 0.5114 0.4921 1.9685, -0.4921 -0.1296 1.9836, -0.4921 -0.1296 1.9685, -0.5114 -0.0984 1.9685, -0.2953 -0.3146 1.9796, -0.226 -0.3488 1.9789, -0.1528 -0.3736 1.9783, -0.0771 -0.3887 1.978, -0.0 -0.3937 1.9779, 0.0771 -0.3887 1.978, 0.1528 -0.3736 1.9783, 0.226 -0.3488 1.9789, 0.2953 -0.3146 1.9796, 0.3595 -0.2717 1.9805, 0.4176 -0.2207 1.9816, 0.4921 -0.1296 1.9836, 0.4921 -0.1296 1.9685, 0.4559 0.5722 1.9941, 0.3777 0.6508 1.9685, 0.2953 0.7083 1.9685, -0.2953 0.7083 1.9685, -0.3777 0.6508 1.9685, -0.4102 0.6217 1.9811, -0.4172 0.6141 1.9831, -0.4559 0.5722 1.9941, -0.4921 0.5233 1.9978, -0.4921 0.5233 1.9685, 0.5114 -0.0984 1.9685, 0.5704 0.044 1.9685, 0.5906 0.1968 1.9685, 0.5704 0.3497 1.9685, 0.1528 0.7673 1.9685, -0.0 0.7874 1.9685, -0.1528 0.7673 1.9685, -0.5114 0.4921 1.9685, -0.5704 0.3497 1.9685, -0.5906 0.1968 1.9685, -0.5704 0.044 1.9685, -0.4176 -0.2207 1.9816, -0.3595 -0.2717 1.9805, 0.4921 -0.8248 1.9685, -0.4921 -0.8248 1.9685, 0.4921 0.6508 1.9685, -0.4921 0.6508 1.9685, -0.2559 -0.9055 0.3937, -0.7087 -0.9055 0.3937, -0.7087 0.6693 0.3937, 0.2559 -0.9055 0.3937, 0.7087 -0.9055 0.3937, 0.7087 0.6693 0.3937
            ]
        }
        coordIndex [
            0,1,2,-1,2,1,3,-1,4,5,6,-1,6,5,7,-1,8,9,10,-1,11,12,13,-1,13,12,14,-1,13,14,15,-1,15,14,16,-1,15,16,17,-1,18,6,19,-1,19,6,7,-1,19,7,20,-1,20,7,21,-1,22,23,0,-1,10,22,8,-1,8,22,0,-1,8,0,17,-1,17,0,2,-1,17,2,15,-1,24,25,26,-1,26,25,27,-1,26,27,28,-1,28,27,29,-1,28,29,21,-1,21,29,15,-1,21,15,20,-1,20,15,2,-1,30,19,31,-1,31,19,20,-1,32,33,34,-1,34,33,35,-1,34,35,36,-1,36,35,37,-1,36,37,38,-1,34,39,32,-1,32,39,40,-1,32,40,41,-1,41,40,42,-1,41,42,43,-1,43,42,44,-1,43,44,45,-1,45,44,46,-1,45,46,47,-1,47,46,48,-1,47,48,49,-1,49,48,50,-1,49,50,51,-1,51,50,52,-1,51,52,53,-1,53,52,54,-1,53,54,55,-1,56,57,58,-1,58,57,59,-1,58,59,54,-1,54,59,60,-1,54,60,55,-1,61,62,63,-1,63,62,64,-1,63,64,65,-1,65,64,66,-1,65,66,58,-1,58,66,67,-1,58,67,56,-1,68,69,70,-1,70,69,71,-1,70,71,72,-1,72,71,73,-1,72,73,74,-1,74,73,75,-1,74,75,76,-1,76,75,77,-1,76,77,78,-1,78,77,79,-1,78,79,80,-1,80,79,81,-1,80,81,82,-1,82,81,83,-1,82,83,84,-1,84,83,85,-1,84,85,63,-1,63,85,86,-1,63,86,61,-1,87,88,68,-1,68,88,89,-1,68,89,69,-1,38,90,36,-1,36,90,91,-1,36,91,92,-1,92,93,36,-1,36,93,94,-1,36,94,87,-1,87,94,95,-1,87,95,88,-1,3,1,46,-1,46,1,30,-1,46,30,76,-1,76,30,31,-1,96,97,98,-1,98,99,96,-1,96,99,100,-1,96,100,101,-1,100,102,101,-1,101,102,103,-1,101,103,104,-1,103,105,104,-1,104,105,106,-1,104,106,107,-1,106,108,107,-1,107,108,109,-1,107,109,110,-1,109,111,110,-1,110,111,112,-1,110,112,113,-1,112,114,113,-1,113,114,115,-1,113,115,116,-1,116,115,117,-1,116,117,118,-1,118,117,119,-1,118,119,120,-1,119,121,120,-1,120,121,122,-1,120,122,123,-1,122,124,123,-1,123,124,125,-1,123,125,126,-1,125,127,126,-1,126,127,128,-1,126,128,129,-1,128,130,129,-1,129,130,131,-1,129,131,132,-1,131,133,132,-1,132,133,134,-1,132,134,135,-1,134,136,135,-1,135,136,137,-1,135,137,138,-1,137,139,138,-1,138,139,140,-1,138,140,141,-1,141,140,142,-1,141,142,143,-1,143,142,144,-1,143,144,145,-1,144,146,145,-1,145,146,147,-1,145,147,148,-1,147,149,148,-1,148,149,150,-1,148,150,151,-1,150,152,151,-1,151,152,153,-1,151,153,154,-1,153,155,154,-1,154,155,156,-1,154,156,157,-1,156,158,157,-1,157,158,159,-1,157,159,160,-1,159,161,160,-1,160,161,162,-1,160,162,163,-1,162,164,163,-1,163,164,165,-1,163,165,166,-1,166,165,167,-1,166,167,168,-1,168,167,169,-1,168,169,97,-1,97,169,170,-1,97,170,98,-1,171,172,140,-1,173,174,175,-1,176,177,178,-1,179,99,180,-1,180,99,98,-1,180,98,181,-1,181,98,170,-1,181,170,182,-1,182,170,169,-1,182,169,183,-1,183,169,184,-1,184,169,167,-1,184,167,185,-1,185,167,165,-1,185,165,186,-1,186,165,164,-1,186,164,187,-1,187,164,162,-1,187,162,188,-1,188,162,161,-1,188,161,189,-1,161,159,189,-1,189,159,158,-1,189,158,190,-1,190,158,156,-1,190,156,191,-1,140,172,142,-1,142,172,192,-1,142,192,144,-1,171,140,193,-1,193,140,139,-1,193,139,194,-1,195,124,196,-1,196,124,122,-1,196,122,197,-1,197,122,198,-1,198,122,199,-1,199,122,121,-1,199,121,200,-1,200,121,119,-1,200,119,201,-1,191,156,202,-1,202,156,155,-1,202,155,203,-1,155,153,203,-1,203,153,152,-1,203,152,204,-1,152,150,204,-1,204,150,149,-1,204,149,205,-1,192,173,144,-1,144,173,175,-1,144,175,146,-1,146,175,205,-1,146,205,147,-1,147,205,149,-1,139,137,194,-1,194,137,136,-1,194,136,206,-1,206,136,134,-1,206,134,207,-1,207,134,133,-1,133,131,207,-1,207,131,130,-1,207,130,208,-1,130,128,208,-1,208,128,127,-1,208,127,195,-1,195,127,125,-1,195,125,124,-1,201,119,209,-1,209,119,117,-1,209,117,210,-1,117,115,210,-1,210,115,114,-1,210,114,211,-1,114,112,211,-1,211,112,111,-1,211,111,212,-1,212,111,109,-1,212,109,178,-1,109,108,178,-1,178,108,106,-1,178,106,176,-1,176,106,105,-1,176,105,213,-1,213,105,103,-1,213,103,214,-1,214,103,102,-1,214,102,179,-1,179,102,100,-1,179,100,99,-1,215,20,216,-1,216,20,2,-1,209,210,3,-1,3,210,211,-1,3,211,2,-1,177,216,178,-1,178,216,2,-1,178,2,212,-1,212,2,211,-1,31,20,204,-1,204,20,203,-1,3,46,44,-1,215,191,20,-1,20,191,202,-1,20,202,203,-1,174,217,175,-1,175,217,31,-1,175,31,205,-1,205,31,204,-1,44,218,3,-1,3,218,201,-1,3,201,209,-1,68,70,217,-1,217,70,72,-1,217,72,31,-1,31,72,74,-1,31,74,76,-1,39,196,40,-1,40,196,218,-1,40,218,42,-1,42,218,44,-1,217,193,68,-1,68,193,194,-1,68,194,87,-1,87,194,206,-1,87,206,36,-1,36,206,207,-1,36,207,34,-1,34,207,208,-1,34,208,39,-1,39,208,195,-1,39,195,196,-1,23,219,0,-1,0,219,220,-1,0,220,221,-1,222,18,223,-1,223,18,19,-1,223,19,224,-1,224,19,30,-1,224,30,221,-1,221,30,1,-1,221,1,0,-1,
        ]
    }
}
Shape{
    appearance Appearance {
        material  Material 	{
            diffuseColor 0.6470588235294118 0.6196078431372549 0.5882352941176471
            specularColor 0.45098039215686275 0.43529411764705883 0.4117647058823529
            ambientIntensity 0.6242
            transparency 0.0
            shininess 0.5
        }
    }
    geometry IndexedFaceSet {
        ccw TRUE
        solid FALSE
        coord DEF co Coordinate {
            point [
                -0.7087 0.6693 0.3937, -0.7087 -0.9055 0.3937, -0.7087 0.6693 1.8898, -0.7087 -0.9055 1.8898, -0.0 0.6693 0.5118, -0.0 -0.9055 0.5118, 0.1427 0.6693 0.5306, 0.1427 -0.9055 0.5306, 0.2756 0.6693 0.5857, 0.2756 -0.9055 0.5857, 0.3897 0.6693 0.6733, 0.3897 -0.9055 0.6733, 0.4773 0.6693 0.7874, 0.4773 -0.9055 0.7874, 0.5324 0.6693 0.9203, 0.5324 -0.9055 0.9203, 0.5512 0.6693 1.063, 0.5512 -0.9055 1.063, 0.5324 0.6693 1.2057, 0.5324 -0.9055 1.2057, 0.4773 0.6693 1.3386, 0.4773 -0.9055 1.3386, 0.3897 0.6693 1.4527, 0.3897 -0.9055 1.4527, 0.2756 0.6693 1.5403, 0.2756 -0.9055 1.5403, 0.1427 0.6693 1.5954, 0.1427 -0.9055 1.5954, -0.0 0.6693 1.6142, -0.0 -0.9055 1.6142, -0.1427 0.6693 1.5954, -0.1427 -0.9055 1.5954, -0.2756 0.6693 1.5403, -0.2756 -0.9055 1.5403, -0.3897 0.6693 1.4527, -0.3897 -0.9055 1.4527, -0.4773 0.6693 1.3386, -0.4773 -0.9055 1.3386, -0.5324 0.6693 1.2057, -0.5324 -0.9055 1.2057, -0.5512 0.6693 1.063, -0.5512 -0.9055 1.063, -0.5324 0.6693 0.9203, -0.5324 -0.9055 0.9203, -0.4773 0.6693 0.7874, -0.4773 -0.9055 0.7874, -0.3897 0.6693 0.6733, -0.3897 -0.9055 0.6733, -0.2756 0.6693 0.5857, -0.2756 -0.9055 0.5857, -0.1427 0.6693 0.5306, -0.1427 -0.9055 0.5306, -0.4921 -0.9055 1.8898, -0.4921 -0.9055 1.888, 0.7087 -0.9055 0.3937, 0.7087 -0.9055 1.8898, 0.4921 -0.9055 1.888, 0.4921 -0.9055 1.8898, 0.2559 -0.9055 0.3937, -0.2559 -0.9055 0.3937, -0.4921 0.6693 1.8667, -0.4921 0.6693 1.8898, 0.7087 0.6693 1.8898, 0.4921 0.6693 1.8898, 0.4921 0.6693 1.8667, 0.7087 0.6693 0.3937, 0.4921 -0.8239 1.8898, 0.4921 0.6305 1.8898, -0.4921 0.6305 1.8898, -0.4921 -0.8239 1.8898, 0.1301 0.6305 1.8898, 0.2202 0.5924 1.8898, 0.3115 0.5254 1.8898, 0.3833 0.4378 1.8898, 0.4445 0.1108 1.8898, 0.452 0.2238 1.8898, 0.4311 0.3351 1.8898, -0.1663 -0.2242 1.8898, -0.2657 -0.1698 1.8898, -0.3483 -0.0924 1.8898, -0.4092 0.0031 1.8898, 0.4092 0.0031 1.8898, 0.3483 -0.0924 1.8898, 0.2657 -0.1698 1.8898, 0.1663 -0.2242 1.8898, 0.0566 -0.2524 1.8898, -0.0566 -0.2524 1.8898, -0.3833 0.4378 1.8898, -0.3115 0.5254 1.8898, -0.2202 0.5924 1.8898, -0.1301 0.6305 1.8898, -0.4445 0.1108 1.8898, -0.452 0.2238 1.8898, -0.4311 0.3351 1.8898, -0.1391 0.6277 1.8914, -0.3142 0.5228 1.919, -0.3833 0.4378 1.9172, -0.4311 0.3351 1.915, -0.452 0.2238 1.9125, -0.4445 0.1108 1.9101, -0.4092 0.0031 1.9077, -0.3483 -0.0924 1.9057, -0.2657 -0.1698 1.904, -0.1663 -0.2242 1.9028, -0.0566 -0.2524 1.9022, 0.0566 -0.2524 1.9022, 0.1663 -0.2242 1.9028, 0.2657 -0.1698 1.904, 0.3483 -0.0924 1.9057, 0.4092 0.0031 1.9077, 0.4445 0.1108 1.9101, 0.452 0.2238 1.9125, 0.4311 0.3351 1.915, 0.3833 0.4378 1.9172, 0.3142 0.5228 1.919, 0.3114 0.5252 1.9189, 0.1391 0.6277 1.8914, 0.2153 0.5946 1.9069, 0.2202 0.5924 1.9079, 0.2713 0.5593 1.9164, -0.2162 0.5947 1.9071, -0.3114 0.5252 1.9189, -0.2713 0.5593 1.9164, -0.2201 0.5922 1.9078
            ]
        }
        coordIndex [
            0,1,2,-1,2,1,3,-1,4,5,6,-1,6,5,7,-1,6,7,8,-1,8,7,9,-1,8,9,10,-1,10,9,11,-1,10,11,12,-1,12,11,13,-1,12,13,14,-1,14,13,15,-1,14,15,16,-1,16,15,17,-1,16,17,18,-1,18,17,19,-1,18,19,20,-1,20,19,21,-1,20,21,22,-1,22,21,23,-1,22,23,24,-1,24,23,25,-1,24,25,26,-1,26,25,27,-1,26,27,28,-1,28,27,29,-1,28,29,30,-1,30,29,31,-1,30,31,32,-1,32,31,33,-1,32,33,34,-1,34,33,35,-1,34,35,36,-1,36,35,37,-1,36,37,38,-1,38,37,39,-1,38,39,40,-1,40,39,41,-1,40,41,42,-1,42,41,43,-1,42,43,44,-1,44,43,45,-1,44,45,46,-1,46,45,47,-1,46,47,48,-1,48,47,49,-1,48,49,50,-1,50,49,51,-1,50,51,4,-1,4,51,5,-1,52,3,53,-1,53,3,1,-1,54,55,56,-1,56,55,57,-1,23,56,25,-1,25,56,27,-1,23,21,56,-1,56,21,19,-1,56,19,54,-1,54,19,17,-1,54,17,15,-1,15,13,54,-1,54,13,11,-1,54,11,58,-1,58,11,9,-1,9,7,58,-1,58,7,5,-1,58,5,59,-1,35,33,53,-1,53,33,31,-1,53,31,56,-1,56,31,29,-1,56,29,27,-1,5,51,59,-1,59,51,49,-1,59,49,1,-1,49,47,1,-1,1,47,45,-1,1,45,43,-1,43,41,1,-1,1,41,39,-1,1,39,53,-1,53,39,37,-1,53,37,35,-1,0,2,60,-1,60,2,61,-1,20,22,62,-1,63,62,64,-1,64,62,28,-1,64,28,60,-1,8,10,65,-1,65,10,12,-1,22,24,62,-1,62,24,26,-1,62,26,28,-1,12,14,65,-1,65,14,16,-1,65,16,62,-1,62,16,18,-1,62,18,20,-1,48,50,0,-1,0,50,4,-1,0,4,65,-1,65,4,6,-1,65,6,8,-1,28,30,60,-1,60,30,32,-1,60,32,34,-1,42,44,0,-1,0,44,46,-1,0,46,48,-1,34,36,60,-1,60,36,38,-1,60,38,0,-1,0,38,40,-1,0,40,42,-1,57,55,66,-1,66,55,62,-1,66,62,67,-1,67,62,63,-1,61,2,68,-1,68,2,3,-1,68,3,69,-1,69,3,52,-1,70,71,67,-1,67,71,72,-1,67,72,73,-1,74,66,75,-1,75,66,67,-1,75,67,76,-1,76,67,73,-1,77,78,69,-1,69,78,79,-1,69,79,80,-1,74,81,66,-1,66,81,82,-1,66,82,83,-1,83,84,66,-1,66,84,85,-1,66,85,69,-1,69,85,86,-1,69,86,77,-1,87,88,68,-1,68,88,89,-1,68,89,90,-1,80,91,69,-1,69,91,92,-1,69,92,68,-1,68,92,93,-1,68,93,87,-1,94,90,89,-1,95,88,87,-1,95,87,96,-1,96,87,93,-1,96,93,97,-1,97,93,92,-1,97,92,98,-1,98,92,91,-1,98,91,99,-1,99,91,80,-1,99,80,100,-1,100,80,79,-1,100,79,101,-1,101,79,78,-1,101,78,102,-1,102,78,77,-1,102,77,103,-1,103,77,86,-1,103,86,104,-1,104,86,85,-1,104,85,105,-1,105,85,84,-1,105,84,106,-1,106,84,83,-1,106,83,107,-1,107,83,82,-1,107,82,108,-1,108,82,81,-1,108,81,109,-1,109,81,74,-1,109,74,110,-1,110,74,75,-1,110,75,111,-1,111,75,76,-1,111,76,112,-1,112,76,73,-1,112,73,113,-1,113,73,114,-1,114,73,72,-1,114,72,115,-1,71,70,116,-1,116,117,71,-1,71,117,118,-1,71,118,72,-1,72,118,119,-1,72,119,115,-1,94,89,120,-1,95,121,88,-1,88,121,122,-1,88,122,89,-1,89,122,123,-1,89,123,120,-1,
        ]
    }
}
Shape{
    appearance Appearance {
        material  Material 	{
            diffuseColor 0.13725490196078433 0.32941176470588235 0.7019607843137254
            specularColor 0.011764705882352941 0.023529411764705882 0.050980392156862744
            ambientIntensity 0.4489
            transparency 0.0
            shininess 0.5
        }
    }
    geometry IndexedFaceSet {
        ccw TRUE
        solid FALSE
        coord DEF co Coordinate {
            point [
                -0.1705 -0.0984 0.3937, -0.1392 -0.1392 0.3937, -0.2559 -0.9055 0.3937, -0.1392 0.1392 0.3937, -0.1705 0.0984 0.3937, -0.2559 0.3937 0.3937, 0.1705 0.0984 0.3937, 0.1392 0.1392 0.3937, 0.2559 0.3937 0.3937, 0.0984 0.1705 0.3937, -0.0984 0.1705 0.3937, -0.1901 0.0509 0.3937, -0.1969 -0.0 0.3937, -0.1901 -0.051 0.3937, 0.0509 0.1901 0.3937, -0.0 0.1968 0.3937, -0.0509 0.1901 0.3937, -0.0984 -0.1705 0.3937, -0.0509 -0.1901 0.3937, 0.2559 -0.9055 0.3937, -0.0 -0.1969 0.3937, 0.0509 -0.1901 0.3937, 0.0984 -0.1705 0.3937, 0.1392 -0.1392 0.3937, 0.1705 -0.0984 0.3937, 0.1901 -0.051 0.3937, 0.1969 -0.0 0.3937, 0.1901 0.0509 0.3937, 0.2559 0.3937 0.0, -0.2559 0.3937 0.0, 0.2559 -1.4567 0.0, 0.2559 -1.4567 0.3937, -0.2559 -1.4567 0.0, -0.2559 -1.4567 0.3937, -1.9788 1.417 2.8131, -1.9685 1.4173 2.8122, -2.9528 1.5748 2.3622, -1.9788 1.1027 3.7111, -1.9891 1.1037 3.7082, -2.9528 1.0236 3.937, 1.9891 1.1037 3.7082, 1.9788 1.1027 3.7111, 2.9528 1.0236 3.937, -1.9685 1.1024 3.712, -1.9582 1.1027 3.7111, 1.9788 1.417 2.8131, 1.9891 1.416 2.816, 2.9528 1.5748 2.3622, 1.9992 1.4143 2.8208, 2.0093 1.412 2.8275, -2.0288 1.4053 2.8464, -2.0093 1.412 2.8275, -1.9082 1.1143 3.6778, -1.9277 1.1077 3.6967, 1.9992 1.1054 3.7034, -1.9992 1.1054 3.7034, -2.0093 1.1077 3.6967, -2.0288 1.1143 3.6778, -1.9992 1.4143 2.8208, -1.9891 1.416 2.816, -0.0 1.4173 2.8122, 0.0103 1.417 2.8131, 1.9582 1.417 2.8131, -1.8898 1.1235 3.6518, -0.0 1.1024 3.712, -1.8571 1.1485 3.5803, -0.0103 1.1027 3.7111, -1.8321 1.1811 3.4871, -1.9378 1.1054 3.7034, -1.9479 1.1037 3.7082, 2.0472 1.1235 3.6518, 2.0288 1.1143 3.6778, 2.0093 1.1077 3.6967, -0.1114 1.3712 2.9439, -0.0787 1.3962 2.8724, -0.0603 1.4053 2.8464, -0.0408 1.412 2.8275, -0.0307 1.4143 2.8208, -0.0206 1.416 2.816, -0.0103 1.417 2.8131, -0.0206 1.1037 3.7082, -1.9277 1.412 2.8275, -1.9082 1.4053 2.8464, 1.9685 1.4173 2.8122, 0.0103 1.1027 3.7111, 2.0288 1.4053 2.8464, 2.0472 1.3962 2.8724, 2.0799 1.3712 2.9439, -2.1049 1.3386 3.0371, -2.0799 1.3712 2.9439, -2.0472 1.3962 2.8724, -1.8898 1.3962 2.8724, -1.8571 1.3712 2.9439, -1.8321 1.3386 3.0371, 1.9378 1.1054 3.7034, 1.9277 1.1077 3.6967, 2.1206 1.2191 3.3785, 2.1049 1.1811 3.4871, 2.0799 1.1485 3.5803, -1.9378 1.4143 2.8208, -0.0307 1.1054 3.7034, -1.9479 1.416 2.816, -0.0408 1.1077 3.6967, -0.0603 1.1143 3.6778, -0.0787 1.1235 3.6518, -0.1114 1.1485 3.5803, -0.1364 1.1811 3.4871, 1.9685 1.1024 3.712, 1.9582 1.1027 3.7111, 1.9479 1.1037 3.7082, -2.0472 1.1235 3.6518, -2.0799 1.1485 3.5803, -2.1049 1.1811 3.4871, -1.8164 1.3006 3.1456, -1.811 1.2598 3.2621, -1.8164 1.2191 3.3785, 0.0408 1.1077 3.6967, 0.0307 1.1054 3.7034, 0.0206 1.1037 3.7082, -1.9582 1.417 2.8131, -0.1364 1.3386 3.0371, -0.1521 1.2191 3.3785, -0.1575 1.2598 3.2621, -0.1521 1.3006 3.1456, 1.9277 1.412 2.8275, 0.0206 1.416 2.816, 1.9378 1.4143 2.8208, 1.9479 1.416 2.816, 0.0307 1.4143 2.8208, 0.0408 1.412 2.8275, 1.9082 1.4053 2.8464, 1.8898 1.3962 2.8724, 2.1049 1.3386 3.0371, 2.1206 1.3006 3.1456, 2.126 1.2598 3.2621, -2.1206 1.2191 3.3785, -2.126 1.2598 3.2621, -2.1206 1.3006 3.1456, 0.0603 1.4053 2.8464, 0.0787 1.3962 2.8724, 1.8571 1.3712 2.9439, 1.9082 1.1143 3.6778, 1.8898 1.1235 3.6518, 0.0603 1.1143 3.6778, 0.0787 1.1235 3.6518, 0.1114 1.1485 3.5803, 1.8571 1.1485 3.5803, 1.8321 1.1811 3.4871, 0.1114 1.3712 2.9439, 0.1364 1.3386 3.0371, 1.8321 1.3386 3.0371, 1.8164 1.3006 3.1456, 0.1521 1.3006 3.1456, 1.811 1.2598 3.2621, 0.1575 1.2598 3.2621, 1.8164 1.2191 3.3785, 0.1521 1.2191 3.3785, 0.1364 1.1811 3.4871
            ]
        }
        coordIndex [
            0,1,2,-1,3,4,5,-1,6,7,8,-1,8,7,9,-1,3,5,10,-1,4,11,5,-1,5,11,12,-1,5,12,2,-1,2,12,13,-1,2,13,0,-1,9,14,8,-1,8,14,15,-1,8,15,5,-1,5,15,16,-1,5,16,10,-1,1,17,2,-1,2,17,18,-1,2,18,19,-1,19,18,20,-1,19,20,21,-1,21,22,19,-1,19,22,23,-1,19,23,24,-1,24,25,19,-1,19,25,26,-1,19,26,8,-1,8,26,27,-1,8,27,6,-1,28,8,29,-1,29,8,5,-1,8,28,19,-1,19,28,30,-1,19,30,31,-1,29,5,32,-1,32,5,2,-1,32,2,33,-1,34,35,36,-1,37,38,39,-1,40,41,42,-1,37,39,43,-1,43,39,42,-1,43,42,44,-1,45,46,47,-1,47,46,48,-1,47,48,49,-1,50,51,36,-1,52,53,42,-1,40,42,54,-1,38,55,39,-1,39,55,56,-1,39,56,57,-1,51,58,36,-1,36,58,59,-1,36,59,34,-1,60,61,62,-1,63,64,65,-1,65,64,66,-1,65,66,67,-1,53,68,42,-1,42,68,69,-1,42,69,44,-1,70,71,42,-1,42,71,72,-1,42,72,54,-1,73,74,36,-1,36,74,75,-1,36,75,76,-1,76,77,36,-1,36,77,78,-1,36,78,79,-1,80,81,82,-1,79,60,36,-1,36,60,62,-1,36,62,47,-1,47,62,83,-1,47,83,45,-1,84,64,42,-1,42,64,63,-1,42,63,52,-1,49,85,47,-1,47,85,86,-1,47,86,87,-1,88,89,36,-1,36,89,90,-1,36,90,50,-1,82,91,80,-1,80,91,92,-1,80,92,93,-1,94,95,84,-1,96,97,42,-1,42,97,98,-1,42,98,70,-1,81,80,99,-1,99,80,100,-1,99,100,101,-1,101,100,102,-1,101,102,103,-1,103,104,101,-1,101,104,105,-1,101,105,106,-1,41,107,42,-1,42,107,108,-1,42,108,84,-1,84,108,109,-1,84,109,94,-1,57,110,39,-1,39,110,111,-1,39,111,112,-1,93,113,80,-1,80,113,114,-1,80,114,66,-1,66,114,115,-1,66,115,67,-1,116,117,95,-1,95,117,118,-1,95,118,84,-1,35,119,36,-1,36,119,120,-1,36,120,73,-1,106,121,101,-1,101,121,122,-1,101,122,119,-1,119,122,123,-1,119,123,120,-1,124,61,125,-1,124,126,61,-1,61,126,127,-1,61,127,62,-1,125,128,124,-1,124,128,129,-1,124,129,130,-1,130,129,131,-1,87,132,47,-1,47,132,133,-1,47,133,42,-1,42,133,134,-1,42,134,96,-1,112,135,39,-1,39,135,136,-1,39,136,36,-1,36,136,137,-1,36,137,88,-1,129,138,131,-1,131,138,139,-1,131,139,140,-1,95,141,116,-1,116,141,142,-1,116,142,143,-1,143,142,144,-1,144,142,145,-1,145,142,146,-1,145,146,147,-1,139,148,140,-1,140,148,149,-1,140,149,150,-1,150,149,151,-1,151,149,152,-1,151,152,153,-1,153,152,154,-1,153,154,155,-1,155,154,156,-1,155,156,147,-1,147,156,157,-1,147,157,145,-1,
        ]
    }
}
Shape{
    appearance Appearance {
        material  Material 	{
            diffuseColor 0.6470588235294118 0.6196078431372549 0.5882352941176471
            specularColor 0.45098039215686275 0.43529411764705883 0.4117647058823529
            ambientIntensity 0.6242
            transparency 0.0
            shininess 0.5
        }
    }
    geometry IndexedFaceSet {
        ccw TRUE
        solid FALSE
        coord DEF co Coordinate {
            point [
                -0.0 -0.1969 0.3937, 0.0509 -0.1901 -1.6535, 0.0509 -0.1901 0.3937, 0.0984 -0.1705 -1.6535, 0.0984 -0.1705 0.3937, 0.1392 -0.1392 -1.6535, 0.1392 -0.1392 0.3937, 0.1705 -0.0984 -1.6535, 0.1705 -0.0984 0.3937, 0.1901 -0.051 -1.6535, 0.1901 -0.051 0.3937, 0.1969 -0.0 -1.6535, 0.1969 -0.0 0.3937, 0.1901 0.0509 -1.6535, 0.1901 0.0509 0.3937, 0.1705 0.0984 -1.6535, 0.1705 0.0984 0.3937, 0.1392 0.1392 -1.6535, 0.1392 0.1392 0.3937, 0.0984 0.1705 -1.6535, 0.0984 0.1705 0.3937, 0.0509 0.1901 -1.6535, 0.0509 0.1901 0.3937, -0.0 0.1968 -1.6535, -0.0 0.1968 0.3937, -0.0509 0.1901 -1.6535, -0.0509 0.1901 0.3937, -0.0984 0.1705 -1.6535, -0.0984 0.1705 0.3937, -0.1392 0.1392 -1.6535, -0.1392 0.1392 0.3937, -0.1705 0.0984 -1.6535, -0.1705 0.0984 0.3937, -0.1901 0.0509 -1.6535, -0.1901 0.0509 0.3937, -0.1969 -0.0 -1.6535, -0.1969 -0.0 0.3937, -0.1901 -0.051 -1.6535, -0.1901 -0.051 0.3937, -0.1705 -0.0984 -1.6535, -0.1705 -0.0984 0.3937, -0.1392 -0.1392 -1.6535, -0.1392 -0.1392 0.3937, -0.0984 -0.1705 -1.6535, -0.0984 -0.1705 0.3937, -0.0509 -0.1901 -1.6535, -0.0509 -0.1901 0.3937, -0.0 -0.1969 -1.6535, -0.0 -0.0 -1.6535, -0.5975 -0.2155 3.3465, -0.5499 -0.2807 3.3465, -0.5449 -0.2763 3.3974, -0.4816 -0.3469 3.3465, -0.4605 -0.3674 3.3465, -0.4563 -0.3622 3.3974, -0.3378 -0.4467 3.3465, -0.2445 -0.4893 3.3465, -0.2422 -0.4829 3.3974, 0.1736 -0.5078 3.3465, 0.2445 -0.4893 3.3465, 0.2422 -0.4829 3.3974, 0.3378 -0.4467 3.3465, 0.3577 -0.4376 3.3465, 0.3544 -0.4318 3.3974, 0.4816 -0.3469 3.3465, 0.5499 -0.2807 3.3465, 0.5449 -0.2763 3.3974, -0.6383 0.0394 3.4978, -0.6511 0.0394 3.4849, -0.6246 -0.0475 3.4857, -0.6783 -0.0685 3.3465, -0.6721 -0.066 3.3974, -0.6805 -0.0613 3.3465, -0.709 0.0394 3.3748, -0.7111 0.0394 3.3465, -0.6821 0.0394 3.4481, -0.6837 0.0394 3.4447, -0.6537 -0.0589 3.4449, -0.7 0.0394 3.4108, -0.7034 0.0394 3.3972, -0.6679 0.0394 3.4682, -0.5424 -0.0153 3.5366, -0.5804 0.0394 3.5305, -0.5866 -0.0326 3.5169, -0.6095 0.0394 3.5162, -0.6186 0.0394 3.5118, -0.5076 0.0394 3.5433, -0.5141 0.0394 3.5432, -0.495 0.0032 3.5433, -0.5569 0.0394 3.5376, -0.5607 0.0394 3.5364, 0.5076 0.0394 3.5433, 0.495 0.0032 3.5433, 0.5505 0.0394 3.539, 0.5424 -0.0153 3.5366, 0.6098 0.0394 3.5167, 0.606 0.0394 3.5191, 0.5866 -0.0326 3.5169, 0.5667 0.0394 3.535, 0.5607 0.0394 3.5365, 0.631 0.0394 3.5034, 0.6246 -0.0475 3.4857, 0.6512 0.0394 3.485, 0.6619 0.0394 3.4753, 0.6537 -0.0589 3.4449, 0.6786 0.0394 3.4536, 0.6721 -0.066 3.3974, 0.6977 0.0394 3.417, 0.6833 0.0394 3.4445, 0.6783 -0.0685 3.3465, 0.6805 -0.0613 3.3465, 0.7111 0.0394 3.3465, 0.711 0.0394 3.352, 0.7055 0.0394 3.3927, 0.704 0.0394 3.3973, 0.4548 -0.0782 3.5433, 0.4013 -0.1517 3.5433, 0.4984 -0.1046 3.5366, 0.4398 -0.1851 3.5366, 0.539 -0.1292 3.5169, 0.4756 -0.2162 3.5169, 0.5739 -0.1503 3.4857, 0.5064 -0.2429 3.4857, 0.6006 -0.1665 3.4449, 0.53 -0.2634 3.4449, 0.6175 -0.1766 3.3974, -0.0905 -0.3269 3.5433, -0.1784 -0.3038 3.5433, -0.0992 -0.3771 3.5366, -0.1955 -0.3518 3.5366, -0.1073 -0.4239 3.5169, -0.2114 -0.3965 3.5169, -0.1142 -0.464 3.4857, -0.2251 -0.4349 3.4857, -0.1195 -0.4949 3.4449, -0.2356 -0.4644 3.4449, -0.1229 -0.5143 3.3974, 0.6232 -0.1801 3.3465, 0.5975 -0.2155 3.3465, 0.4605 -0.3674 3.3465, 0.4563 -0.3622 3.3974, 0.4439 -0.347 3.4449, 0.4241 -0.3227 3.4857, 0.3983 -0.2912 3.5169, 0.3683 -0.2544 3.5366, 0.3361 -0.2149 3.5433, 0.261 -0.2661 3.5433, 0.2861 -0.3105 3.5366, 0.3094 -0.3519 3.5169, 0.3294 -0.3874 3.4857, 0.3448 -0.4146 3.4449, 0.2356 -0.4644 3.4449, 0.2251 -0.4349 3.4857, 0.2114 -0.3965 3.5169, 0.1955 -0.3518 3.5366, 0.1784 -0.3038 3.5433, 0.124 -0.5209 3.3465, 0.1229 -0.5143 3.3974, 0.1195 -0.4949 3.4449, 0.1142 -0.464 3.4857, 0.1073 -0.4239 3.5169, 0.0992 -0.3771 3.5366, 0.0905 -0.3269 3.5433, -0.0 -0.3347 3.5433, -0.0 -0.3856 3.5366, -0.0 -0.4331 3.5169, -0.0 -0.4738 3.4857, -0.0 -0.5051 3.4449, -0.0 -0.5248 3.3974, -0.0 -0.5315 3.3465, -0.124 -0.5209 3.3465, -0.1736 -0.5078 3.3465, -0.3577 -0.4376 3.3465, -0.3544 -0.4318 3.3974, -0.3448 -0.4146 3.4449, -0.3294 -0.3874 3.4857, -0.3094 -0.3519 3.5169, -0.2861 -0.3105 3.5366, -0.261 -0.2661 3.5433, -0.3361 -0.2149 3.5433, -0.3683 -0.2544 3.5366, -0.3983 -0.2912 3.5169, -0.4241 -0.3227 3.4857, -0.4439 -0.347 3.4449, -0.53 -0.2634 3.4449, -0.5064 -0.2429 3.4857, -0.4756 -0.2162 3.5169, -0.4398 -0.1851 3.5366, -0.4013 -0.1517 3.5433, -0.6232 -0.1801 3.3465, -0.6175 -0.1766 3.3974, -0.6006 -0.1665 3.4449, -0.5739 -0.1503 3.4857, -0.539 -0.1292 3.5169, -0.4984 -0.1046 3.5366, -0.4548 -0.0782 3.5433, 0.1575 -0.1181 3.2283, 0.1575 -0.1239 3.2282, 0.1575 -0.1181 3.5433, 0.1575 -0.1598 3.2219, 0.1575 -0.2953 3.2283, 0.1575 -0.2953 3.5433, 0.1575 -0.2099 3.2283, 0.1575 -0.1673 3.2237, -0.1575 -0.2953 3.2283, -0.1575 -0.2953 3.5433, -0.1575 -0.1239 3.2282, -0.1575 -0.1181 3.2283, -0.1575 -0.1181 3.5433, -0.1575 -0.1598 3.2219, -0.1575 -0.1673 3.2237, -0.1575 -0.2099 3.2283, -0.1575 0.689 3.2283, 0.1575 0.689 3.2283, -0.1575 0.689 3.5433, 0.1575 0.689 3.5433, 0.1575 0.5176 3.2282, 0.1575 0.5118 3.2283, 0.1575 0.5118 3.5433, 0.1575 0.5535 3.2219, 0.1575 0.561 3.2237, 0.1575 0.6036 3.2283, -0.1575 0.5118 3.2283, -0.1575 0.5176 3.2282, -0.1575 0.5118 3.5433, -0.1575 0.5535 3.2219, -0.1575 0.6036 3.2283, -0.1575 0.561 3.2237, 0.3207 0.0394 3.2282, 0.315 0.0394 3.2283, 0.315 0.0394 3.5433, 0.7111 0.0394 3.2283, 0.4068 0.0394 3.2283, 0.3567 0.0394 3.2219, 0.3641 0.0394 3.2237, 0.315 0.3543 3.5433, 0.315 0.3543 3.2283, 0.3207 0.3543 3.2282, 0.3567 0.3543 3.2219, 0.3641 0.3543 3.2237, 0.4068 0.3543 3.2283, 0.6098 0.3543 3.5167, 0.631 0.3543 3.5034, 0.6512 0.3543 3.485, 0.6977 0.3543 3.417, 0.6833 0.3543 3.4445, 0.606 0.3543 3.5191, 0.5667 0.3543 3.535, 0.5607 0.3543 3.5365, 0.5505 0.3543 3.539, 0.5076 0.3543 3.5433, 0.7111 0.3543 3.2283, 0.7111 0.3543 3.3465, 0.711 0.3543 3.352, 0.7055 0.3543 3.3927, 0.704 0.3543 3.3973, 0.6786 0.3543 3.4536, 0.6619 0.3543 3.4753, -0.315 0.0394 3.2283, -0.3207 0.0394 3.2282, -0.315 0.0394 3.5433, -0.3567 0.0394 3.2219, -0.3641 0.0394 3.2237, -0.4068 0.0394 3.2283, -0.7111 0.0394 3.2283, -0.3207 0.3543 3.2282, -0.315 0.3543 3.2283, -0.315 0.3543 3.5433, -0.7 0.3543 3.4108, -0.7034 0.3543 3.3972, -0.4068 0.3543 3.2283, -0.6679 0.3543 3.4682, -0.6821 0.3543 3.4481, -0.6837 0.3543 3.4447, -0.709 0.3543 3.3748, -0.7111 0.3543 3.3465, -0.7111 0.3543 3.2283, -0.3567 0.3543 3.2219, -0.3641 0.3543 3.2237, -0.5076 0.3543 3.5433, -0.5141 0.3543 3.5432, -0.5804 0.3543 3.5305, -0.6095 0.3543 3.5162, -0.6186 0.3543 3.5118, -0.5569 0.3543 3.5376, -0.5607 0.3543 3.5364, -0.6383 0.3543 3.4978, -0.6511 0.3543 3.4849, -0.2839 0.0363 3.2283, -0.2742 0.034 3.5433, -0.2745 0.0332 3.2283, -0.2489 0.0248 3.2283, -0.2362 0.0183 3.5433, -0.2368 0.0174 3.2283, -0.2174 0.0055 3.2283, -0.2036 -0.0068 3.5433, -0.2044 -0.0075 3.2283, -0.1913 -0.0206 3.2283, -0.1786 -0.0394 3.5433, -0.1795 -0.0399 3.2283, -0.172 -0.052 3.2283, -0.1628 -0.0774 3.5433, -0.1637 -0.0776 3.2283, -0.1606 -0.0871 3.2283, 0.2839 0.0363 3.2283, 0.2742 0.034 3.5433, 0.2745 0.0332 3.2283, 0.2489 0.0248 3.2283, 0.2362 0.0183 3.5433, 0.2368 0.0174 3.2283, 0.2174 0.0055 3.2283, 0.2036 -0.0068 3.5433, 0.2044 -0.0075 3.2283, 0.1913 -0.0206 3.2283, 0.1786 -0.0394 3.5433, 0.1795 -0.0399 3.2283, 0.172 -0.052 3.2283, 0.1628 -0.0774 3.5433, 0.1606 -0.0871 3.2283, 0.1637 -0.0776 3.2283, 0.2839 0.3574 3.2283, 0.2742 0.3597 3.5433, 0.2745 0.3605 3.2283, 0.2489 0.3689 3.2283, 0.2362 0.3754 3.5433, 0.2368 0.3763 3.2283, 0.2174 0.3882 3.2283, 0.2036 0.4005 3.5433, 0.2044 0.4012 3.2283, 0.1913 0.4143 3.2283, 0.1786 0.4331 3.5433, 0.1795 0.4336 3.2283, 0.172 0.4457 3.2283, 0.1628 0.471 3.5433, 0.1637 0.4713 3.2283, 0.1606 0.4808 3.2283, -0.2839 0.3574 3.2283, -0.2742 0.3597 3.5433, -0.2745 0.3605 3.2283, -0.2489 0.3689 3.2283, -0.2362 0.3754 3.5433, -0.2368 0.3763 3.2283, -0.2174 0.3882 3.2283, -0.2036 0.4005 3.5433, -0.2044 0.4012 3.2283, -0.1913 0.4143 3.2283, -0.1786 0.4331 3.5433, -0.1795 0.4336 3.2283, -0.172 0.4457 3.2283, -0.1628 0.471 3.5433, -0.1606 0.4808 3.2283, -0.1637 0.4713 3.2283, -0.256 0.3035 3.158, -0.256 0.0902 3.158, -0.2011 0.2655 3.0926, -0.2011 0.1282 3.0926, -0.0787 0.1968 2.9468, -0.066 0.1968 2.9372, -0.0345 0.1968 2.9134, -0.0 0.2313 2.9134, -0.118 0.4716 3.176, -0.1254 0.4838 3.1877, -0.1411 0.518 3.2085, -0.1422 0.5204 3.2099, -0.1067 0.4528 3.158, -0.3236 0.3391 3.2097, -0.3213 0.3381 3.2088, -0.2878 0.3221 3.1864, -0.2757 0.3163 3.1784, -0.0 0.2628 2.9372, -0.0 0.2756 2.9468, -0.0686 0.3979 3.0926, 0.1067 0.4528 3.158, 0.0686 0.3979 3.0926, 0.066 0.1968 2.9372, 0.0345 0.1968 2.9134, 0.1195 0.4725 3.1784, 0.1252 0.4846 3.1864, 0.1412 0.5182 3.2088, 0.1423 0.5205 3.2097, 0.2748 0.3149 3.176, 0.2869 0.3223 3.1877, 0.3212 0.338 3.2085, 0.3236 0.3391 3.2099, 0.256 0.3035 3.158, 0.0787 0.1968 2.9468, 0.2011 0.2655 3.0926, 0.256 0.0902 3.158, 0.2011 0.1282 3.0926, -0.0 0.1624 2.9134, 0.118 -0.0779 3.176, 0.1254 -0.0901 3.1877, 0.1411 -0.1244 3.2085, 0.1422 -0.1267 3.2099, 0.1067 -0.0591 3.158, 0.3236 0.0546 3.2097, 0.3213 0.0556 3.2088, 0.2878 0.0716 3.1864, 0.2757 0.0774 3.1784, -0.0 0.1309 2.9372, -0.0 0.1181 2.9468, 0.0686 -0.0042 3.0926, -0.1067 -0.0591 3.158, -0.0686 -0.0042 3.0926, -0.2748 0.0788 3.176, -0.2869 0.0714 3.1877, -0.3212 0.0557 3.2085, -0.3236 0.0546 3.2099, -0.1423 -0.1268 3.2097, -0.1412 -0.1245 3.2088, -0.1252 -0.0909 3.1864, -0.1195 -0.0788 3.1784, -2.6796 0.0394 3.2283, -2.3753 0.0394 3.2283, -2.6915 0.1091 3.2283, -2.3753 0.3543 3.2283, -2.6915 0.2846 3.2283, -2.6796 0.3543 3.2283, -1.811 0.6036 3.2283, -1.811 0.689 3.2283, -2.126 0.6036 3.2283, -2.126 0.689 3.2283, -1.2455 0.2846 3.2283, -1.2574 0.3543 3.2283, -1.5618 0.3543 3.2283, -1.2455 0.1091 3.2283, -1.5618 0.0394 3.2283, -1.2574 0.0394 3.2283, -2.126 -0.2099 3.2283, -2.126 -0.2953 3.2283, -1.811 -0.2099 3.2283, -1.811 -0.2953 3.2283, -2.4635 0.3904 3.5433, -2.4761 0.3543 3.5433, -2.2835 0.3543 3.5433, -1.878 0.7206 3.5433, -1.9685 0.7283 3.5433, -2.126 0.689 3.5433, -2.1721 0.4005 3.5433, -2.1471 0.4331 3.5433, -2.3698 0.5453 3.5433, -2.1314 0.471 3.5433, -2.126 0.5118 3.5433, -2.3046 0.6086 3.5433, -2.059 0.7206 3.5433, -2.1469 0.6975 3.5433, -2.2295 0.6598 3.5433, -1.7901 0.6975 3.5433, -1.811 0.689 3.5433, -1.7075 0.6598 3.5433, -1.811 0.5118 3.5433, -1.6324 0.6086 3.5433, -2.4233 0.4719 3.5433, -2.2427 0.3597 3.5433, -2.2047 0.3754 3.5433, -1.5672 0.5453 3.5433, -1.8057 0.471 3.5433, -1.7899 0.4331 3.5433, -1.7649 0.4005 3.5433, -1.7323 0.3754 3.5433, -1.5137 0.4719 3.5433, -1.6943 0.3597 3.5433, -1.4735 0.3904 3.5433, -1.6535 0.3543 3.5433, -1.4609 0.3543 3.5433, -1.3711 0.6092 3.3465, -1.4186 0.6744 3.3465, -1.4237 0.67 3.3974, -1.4869 0.7406 3.3465, -1.508 0.7611 3.3465, -1.5122 0.7559 3.3974, -1.6307 0.8404 3.3465, -1.724 0.8829 3.3465, -1.7263 0.8766 3.3974, -2.1422 0.9015 3.3465, -2.213 0.8829 3.3465, -2.2107 0.8766 3.3974, -2.3063 0.8404 3.3465, -2.3262 0.8313 3.3465, -2.3229 0.8254 3.3974, -2.4501 0.7406 3.3465, -2.5184 0.6744 3.3465, -2.5134 0.67 3.3974, -1.288 0.455 3.3465, -1.2902 0.4622 3.3465, -1.2964 0.4597 3.3974, -2.4826 0.3543 3.5432, -2.5254 0.3543 3.5376, -2.5109 0.409 3.5366, -2.5292 0.3543 3.5364, -2.5489 0.3543 3.5305, -2.5551 0.4263 3.5169, -2.578 0.3543 3.5162, -2.5871 0.3543 3.5118, -2.5931 0.4412 3.4857, -2.6068 0.3543 3.4978, -2.6523 0.3543 3.4447, -2.6506 0.3543 3.4481, -2.6222 0.4525 3.4449, -2.6364 0.3543 3.4682, -2.6196 0.3543 3.4849, -2.6686 0.3543 3.4108, -2.6406 0.4597 3.3974, -2.6719 0.3543 3.3972, -2.6468 0.4622 3.3465, -2.649 0.455 3.3465, -2.6775 0.3543 3.3748, -2.6796 0.3543 3.3465, -1.263 0.3543 3.3927, -1.2575 0.3543 3.352, -1.2574 0.3543 3.3465, -1.2899 0.3543 3.4536, -1.2852 0.3543 3.4445, -1.3148 0.4525 3.4449, -1.2708 0.3543 3.417, -1.2645 0.3543 3.3973, -1.3819 0.4263 3.5169, -1.3375 0.3543 3.5034, -1.3439 0.4412 3.4857, -1.3173 0.3543 3.485, -1.3066 0.3543 3.4753, -1.4018 0.3543 3.535, -1.3625 0.3543 3.5191, -1.3587 0.3543 3.5167, -1.4078 0.3543 3.5365, -1.4261 0.409 3.5366, -1.418 0.3543 3.539, -2.4669 0.4983 3.5366, -2.4083 0.5788 3.5366, -2.5075 0.5229 3.5169, -2.4441 0.6099 3.5169, -2.5424 0.544 3.4857, -2.4749 0.6366 3.4857, -2.5692 0.5601 3.4449, -2.4985 0.6571 3.4449, -2.586 0.5703 3.3974, -1.8693 0.7708 3.5366, -1.773 0.7455 3.5366, -1.8612 0.8176 3.5169, -1.7571 0.7902 3.5169, -1.8543 0.8577 3.4857, -1.7434 0.8286 3.4857, -1.849 0.8886 3.4449, -1.7329 0.8581 3.4449, -1.8456 0.9079 3.3974, -2.5917 0.5738 3.3465, -2.566 0.6092 3.3465, -2.4291 0.7611 3.3465, -2.4248 0.7559 3.3974, -2.4124 0.7407 3.4449, -2.3926 0.7164 3.4857, -2.3668 0.6848 3.5169, -2.3368 0.6481 3.5366, -2.2546 0.7042 3.5366, -2.2779 0.7456 3.5169, -2.2979 0.7811 3.4857, -2.3133 0.8083 3.4449, -2.2041 0.8581 3.4449, -2.1936 0.8286 3.4857, -2.1799 0.7902 3.5169, -2.164 0.7455 3.5366, -2.0925 0.9146 3.3465, -2.0914 0.9079 3.3974, -2.0881 0.8886 3.4449, -2.0827 0.8577 3.4857, -2.0758 0.8176 3.5169, -2.0677 0.7708 3.5366, -1.9685 0.7793 3.5366, -1.9685 0.8268 3.5169, -1.9685 0.8675 3.4857, -1.9685 0.8988 3.4449, -1.9685 0.9185 3.3974, -1.9685 0.9252 3.3465, -1.8445 0.9146 3.3465, -1.7949 0.9015 3.3465, -1.6108 0.8313 3.3465, -1.6141 0.8254 3.3974, -1.6237 0.8083 3.4449, -1.6391 0.7811 3.4857, -1.6591 0.7456 3.5169, -1.6824 0.7042 3.5366, -1.6002 0.6481 3.5366, -1.5702 0.6848 3.5169, -1.5444 0.7164 3.4857, -1.5246 0.7407 3.4449, -1.4385 0.6571 3.4449, -1.4621 0.6366 3.4857, -1.4929 0.6099 3.5169, -1.5287 0.5788 3.5366, -1.3453 0.5738 3.3465, -1.351 0.5703 3.3974, -1.3679 0.5601 3.4449, -1.3946 0.544 3.4857, -1.4295 0.5229 3.5169, -1.4701 0.4983 3.5366, -2.2845 0.5211 1.9978, -2.2887 0.517 2.9528, -2.2217 0.5722 1.9941, -2.1949 0.5889 2.9528, -2.1949 0.5889 1.9908, -2.125 0.6217 1.9811, -2.0857 0.6342 2.9528, -2.0857 0.6342 1.9762, -2.0275 0.6457 1.971, -1.9685 0.6496 2.9528, -1.9685 0.6496 1.9691, -1.9091 0.6457 1.971, -1.8513 0.6342 2.9528, -1.8513 0.6342 1.9762, -1.812 0.6217 1.9811, -1.7421 0.5889 2.9528, -1.7421 0.5889 1.9908, -1.6484 -0.1233 2.9528, -1.5764 -0.0295 1.9858, -1.5764 -0.0295 2.9528, -1.5312 0.0797 1.9882, -1.5312 0.0797 2.9528, -1.5157 0.1968 1.9907, -1.5157 0.1968 2.9528, -1.5312 0.314 1.9933, -1.5312 0.314 2.9528, -1.5764 0.4232 1.9956, -1.5764 0.4232 2.9528, -1.6484 0.517 1.9977, -1.6484 0.517 2.9528, -1.6525 0.5211 1.9978, -1.7153 0.5722 1.9941, -1.7421 -0.1953 2.9528, -1.6929 -0.1624 1.9829, -1.6484 -0.1233 1.9838, -1.8513 -0.2405 2.9528, -1.7952 -0.2214 1.9816, -1.7421 -0.1953 1.9822, -1.9685 -0.2559 2.9528, -1.9094 -0.252 1.981, -1.8513 -0.2405 1.9812, -2.0857 -0.2405 2.9528, -2.0276 -0.252 1.981, -1.9685 -0.2559 1.9809, -2.1949 -0.1953 2.9528, -2.1418 -0.2214 1.9816, -2.0857 -0.2405 1.9812, -2.2887 0.517 1.9977, -2.3606 0.4232 1.9956, -2.3606 0.4232 2.9528, -2.4058 0.314 1.9933, -2.4058 0.314 2.9528, -2.4213 0.1968 1.9907, -2.4213 0.1968 2.9528, -2.4058 0.0797 1.9882, -2.4058 0.0797 2.9528, -2.3606 -0.0295 1.9858, -2.3606 -0.0295 2.9528, -2.2887 -0.1233 1.9838, -2.2887 -0.1233 2.9528, -2.2441 -0.1624 1.9829, -2.1949 -0.1953 1.9822, -1.4735 0.0032 3.5433, -1.4609 0.0394 3.5433, -1.6535 0.0394 3.5433, -2.126 -0.2953 3.5433, -2.1469 -0.3038 3.5433, -2.059 -0.3269 3.5433, -1.7649 -0.0068 3.5433, -1.7899 -0.0394 3.5433, -1.5672 -0.1517 3.5433, -1.7075 -0.2661 3.5433, -1.811 -0.1181 3.5433, -1.7901 -0.3038 3.5433, -1.811 -0.2953 3.5433, -1.878 -0.3269 3.5433, -1.9685 -0.3347 3.5433, -1.6324 -0.2149 3.5433, -1.8057 -0.0774 3.5433, -1.5137 -0.0782 3.5433, -1.6943 0.034 3.5433, -1.7323 0.0183 3.5433, -2.2295 -0.2661 3.5433, -2.126 -0.1181 3.5433, -2.3046 -0.2149 3.5433, -2.3698 -0.1517 3.5433, -2.1314 -0.0774 3.5433, -2.1471 -0.0394 3.5433, -2.1721 -0.0068 3.5433, -2.2047 0.0183 3.5433, -2.4233 -0.0782 3.5433, -2.2427 0.034 3.5433, -2.4635 0.0032 3.5433, -2.2835 0.0394 3.5433, -2.4761 0.0394 3.5433, -2.6915 0.1091 2.9528, -1.2455 0.2846 2.9528, -1.2574 0.0394 3.3465, -1.288 -0.0613 3.3465, -1.2875 -0.0614 2.9528, -1.2455 0.1091 2.9528, -1.2875 0.4551 2.9528, -2.6495 0.4551 2.9528, -2.6915 0.2846 2.9528, -2.6495 -0.0614 2.9528, -2.6796 0.0394 3.3465, -2.0925 -0.5209 3.3465, -2.1428 -0.5103 2.9528, -1.9685 -0.5315 2.9528, -2.3063 -0.4467 3.3465, -2.307 -0.4481 2.9528, -2.213 -0.4893 3.3465, -2.1422 -0.5078 3.3465, -2.3262 -0.4376 3.3465, -2.4291 -0.3674 3.3465, -2.4515 -0.3483 2.9528, -2.566 -0.2155 3.3465, -2.5679 -0.2169 2.9528, -2.5184 -0.2807 3.3465, -2.4501 -0.3469 3.3465, -2.5917 -0.1801 3.3465, -2.6468 -0.0685 3.3465, -2.649 -0.0613 3.3465, -2.5679 0.6106 2.9528, -2.4515 0.742 2.9528, -2.307 0.8418 2.9528, -2.1428 0.904 2.9528, -1.9685 0.9252 2.9528, -1.7942 0.904 2.9528, -1.63 0.8418 2.9528, -1.4855 0.742 2.9528, -1.3691 0.6106 2.9528, -1.2902 -0.0685 3.3465, -1.3453 -0.1801 3.3465, -1.3691 -0.2169 2.9528, -1.4869 -0.3469 3.3465, -1.4855 -0.3483 2.9528, -1.4186 -0.2807 3.3465, -1.3711 -0.2155 3.3465, -1.508 -0.3674 3.3465, -1.6108 -0.4376 3.3465, -1.63 -0.4481 2.9528, -1.6307 -0.4467 3.3465, -1.724 -0.4893 3.3465, -1.7942 -0.5103 2.9528, -1.7949 -0.5078 3.3465, -1.8445 -0.5209 3.3465, -1.9685 -0.5315 3.3465, -2.2827 0.5228 1.919, -2.4606 0.5228 1.919, -2.2799 0.5252 1.9189, -2.4606 0.5593 1.9164, -2.2398 0.5593 1.9164, -2.1886 0.5922 1.9078, -2.4606 0.5947 1.9071, -2.1847 0.5947 1.9071, -2.4606 0.6277 1.8914, -2.1076 0.6277 1.8914, -2.4606 0.6305 1.8898, -2.0986 0.6305 1.8898, -2.4606 0.6693 1.8667, -2.4606 0.7745 1.8042, -1.4764 0.6693 1.8667, -1.4764 0.7745 1.8042, -1.5852 0.4378 1.9172, -1.6543 0.5228 1.919, -1.4764 0.5228 1.919, -1.4764 -0.8239 1.8898, -1.9119 -0.2524 1.9022, -1.8022 -0.2242 1.9028, -2.0251 -0.2524 1.9022, -2.4606 -0.8239 1.8898, -2.1349 -0.2242 1.9028, -2.3777 0.0031 1.9077, -2.3168 -0.0924 1.9057, -2.2342 -0.1698 1.904, -1.7028 -0.1698 1.904, -1.6202 -0.0924 1.9057, -1.5593 0.0031 1.9077, -2.3518 0.4378 1.9172, -1.524 0.1108 1.9101, -1.5165 0.2238 1.9125, -1.5374 0.3351 1.915, -2.3996 0.3351 1.915, -2.4205 0.2238 1.9125, -2.413 0.1108 1.9101, -1.4764 -0.9055 1.888, -1.4764 -0.9985 1.886, -2.4606 -0.9055 1.888, -2.4606 -0.9985 1.886, -2.4606 -1.0002 1.9647, -1.4764 -1.0002 1.9647, -2.4606 -0.8248 1.9685, -1.4764 -0.8248 1.9685, -1.4764 0.5211 1.9978, -2.4606 0.5211 1.9978, -1.4764 -0.1296 1.9836, -2.4606 -0.1296 1.9836, -1.5509 -0.2207 1.9816, -1.609 -0.2717 1.9805, -1.6732 -0.3146 1.9796, -1.7425 -0.3488 1.9789, -1.8157 -0.3736 1.9783, -1.8914 -0.3887 1.978, -1.9685 -0.3937 1.9779, -2.0456 -0.3887 1.978, -2.1214 -0.3736 1.9783, -2.1945 -0.3488 1.9789, -2.2638 -0.3146 1.9796, -2.328 -0.2717 1.9805, -2.3861 -0.2207 1.9816, -2.3787 0.6217 1.9811, -2.3857 0.6141 1.9831, -2.4244 0.5722 1.9941, -2.4606 0.5233 1.9978, -1.4764 0.6679 1.9591, -2.4606 0.6679 1.9591, -2.3462 0.6508 1.9685, -2.4606 0.6508 1.9685, -1.5908 0.6508 1.9685, -1.5587 0.6215 1.9807, -1.4764 0.6508 1.9685, -1.5509 0.6144 1.9836, -1.5126 0.5722 1.9941, -1.4764 0.5233 1.9978, -2.4606 0.5233 1.9685, -2.4606 -0.9055 1.8898, -2.4606 -0.1296 1.9685, -2.4606 0.8147 1.8718, -2.4606 0.6693 1.8898, -2.4606 0.4872 0.9521, -2.4606 0.4815 0.8736, -2.4606 -1.0814 1.0662, -2.4606 -1.0871 0.9877, -2.4606 -1.1273 1.0751, -2.4606 -1.1514 1.0001, -2.4606 -1.1698 1.0946, -2.4606 -1.2109 1.0274, -2.4606 -1.2066 1.1236, -2.4606 -1.2623 1.068, -2.4606 -1.2354 1.1604, -2.4606 -1.3027 1.1196, -2.4606 -1.2547 1.203, -2.4606 -1.3298 1.1792, -2.4606 -1.2635 1.249, -2.4606 -1.342 1.2435, -2.4606 -1.2611 1.2957, -2.4606 -1.3388 1.3089, -2.4606 -1.1882 1.7223, -2.4606 -1.2659 1.7356, -2.4606 -1.1756 1.7657, -2.4606 -1.2481 1.7963, -2.4606 -1.1534 1.805, -2.4606 -1.217 1.8514, -2.4606 -1.1228 1.8382, -2.4606 -1.1742 1.8979, -2.4606 -1.0854 1.8636, -2.4606 -1.1219 1.9334, -2.4606 -1.0432 1.8798, -2.4606 -1.0628 1.9561, -1.4764 0.6693 1.8898, -1.4764 0.8147 1.8718, -1.4764 0.5233 1.9685, -1.4764 0.6305 1.8898, -1.4764 0.6277 1.8914, -1.4764 0.5947 1.9071, -1.4764 0.5593 1.9164, -1.4764 -0.9055 1.8898, -1.4764 -0.1296 1.9685, -1.4764 -1.0432 1.8798, -1.4764 -1.0628 1.9561, -1.4764 -1.0854 1.8636, -1.4764 -1.1219 1.9334, -1.4764 -1.1228 1.8382, -1.4764 -1.1742 1.8979, -1.4764 -1.1534 1.805, -1.4764 -1.217 1.8514, -1.4764 -1.1756 1.7657, -1.4764 -1.2481 1.7963, -1.4764 -1.1882 1.7223, -1.4764 -1.2659 1.7356, -1.4764 -1.2611 1.2957, -1.4764 -1.3388 1.3089, -1.4764 -1.2635 1.249, -1.4764 -1.342 1.2435, -1.4764 -1.2547 1.203, -1.4764 -1.3298 1.1792, -1.4764 -1.2354 1.1604, -1.4764 -1.3027 1.1196, -1.4764 -1.2066 1.1236, -1.4764 -1.2623 1.068, -1.4764 -1.1698 1.0946, -1.4764 -1.2109 1.0274, -1.4764 -1.1273 1.0751, -1.4764 -1.1514 1.0001, -1.4764 -1.0814 1.0662, -1.4764 -1.0871 0.9877, -1.4764 0.4872 0.9521, -1.4764 0.4815 0.8736, -1.8384 0.6305 1.8898, -1.8294 0.6277 1.8914, -1.7532 0.5946 1.9069, -1.6571 0.5252 1.9189, -1.6972 0.5593 1.9164, -1.7483 0.5924 1.9079
            ]
        }
        coordIndex [
            0,1,2,-1,2,1,3,-1,2,3,4,-1,4,3,5,-1,4,5,6,-1,6,5,7,-1,6,7,8,-1,8,7,9,-1,8,9,10,-1,10,9,11,-1,10,11,12,-1,12,11,13,-1,12,13,14,-1,14,13,15,-1,14,15,16,-1,16,15,17,-1,16,17,18,-1,18,17,19,-1,18,19,20,-1,20,19,21,-1,20,21,22,-1,22,21,23,-1,22,23,24,-1,24,23,25,-1,24,25,26,-1,26,25,27,-1,26,27,28,-1,28,27,29,-1,28,29,30,-1,30,29,31,-1,30,31,32,-1,32,31,33,-1,32,33,34,-1,34,33,35,-1,34,35,36,-1,36,35,37,-1,36,37,38,-1,38,37,39,-1,38,39,40,-1,40,39,41,-1,40,41,42,-1,42,41,43,-1,42,43,44,-1,44,43,45,-1,44,45,46,-1,46,45,47,-1,46,47,0,-1,0,47,1,-1,3,1,48,-1,48,1,47,-1,48,47,45,-1,9,7,48,-1,48,7,5,-1,48,5,3,-1,15,13,48,-1,48,13,11,-1,48,11,9,-1,21,19,48,-1,48,19,17,-1,48,17,15,-1,27,25,48,-1,48,25,23,-1,48,23,21,-1,33,31,48,-1,48,31,29,-1,48,29,27,-1,39,37,48,-1,48,37,35,-1,48,35,33,-1,45,43,48,-1,48,43,41,-1,48,41,39,-1,49,50,51,-1,52,53,54,-1,55,56,57,-1,58,59,60,-1,61,62,63,-1,64,65,66,-1,67,68,69,-1,70,71,72,-1,72,71,73,-1,72,73,74,-1,75,76,77,-1,77,76,78,-1,77,78,71,-1,71,78,79,-1,71,79,73,-1,69,68,77,-1,77,68,80,-1,77,80,75,-1,81,82,83,-1,83,82,84,-1,83,84,69,-1,69,84,85,-1,69,85,67,-1,86,87,88,-1,88,87,89,-1,88,89,81,-1,81,89,90,-1,81,90,82,-1,91,92,93,-1,93,92,94,-1,95,96,97,-1,97,96,98,-1,97,98,94,-1,94,98,99,-1,94,99,93,-1,95,97,100,-1,100,97,101,-1,100,101,102,-1,102,101,103,-1,103,101,104,-1,103,104,105,-1,106,107,104,-1,104,107,108,-1,104,108,105,-1,106,109,110,-1,111,112,110,-1,110,112,113,-1,110,113,106,-1,106,113,114,-1,106,114,107,-1,115,116,117,-1,117,116,118,-1,117,118,119,-1,119,118,120,-1,119,120,121,-1,121,120,122,-1,121,122,123,-1,123,122,124,-1,123,124,125,-1,125,124,66,-1,126,127,128,-1,128,127,129,-1,128,129,130,-1,130,129,131,-1,130,131,132,-1,132,131,133,-1,132,133,134,-1,134,133,135,-1,134,135,136,-1,136,135,57,-1,92,115,94,-1,94,115,117,-1,94,117,97,-1,97,117,119,-1,97,119,101,-1,101,119,121,-1,101,121,104,-1,104,121,123,-1,104,123,106,-1,106,123,125,-1,106,125,109,-1,109,125,137,-1,66,65,125,-1,125,65,138,-1,125,138,137,-1,139,64,140,-1,140,64,66,-1,140,66,141,-1,141,66,124,-1,141,124,142,-1,142,124,122,-1,142,122,143,-1,143,122,120,-1,143,120,144,-1,144,120,118,-1,144,118,145,-1,145,118,116,-1,145,146,144,-1,144,146,147,-1,144,147,143,-1,143,147,148,-1,143,148,142,-1,142,148,149,-1,142,149,141,-1,141,149,150,-1,141,150,140,-1,140,150,63,-1,140,63,139,-1,139,63,62,-1,59,61,60,-1,60,61,63,-1,60,63,151,-1,151,63,150,-1,151,150,152,-1,152,150,149,-1,152,149,153,-1,153,149,148,-1,153,148,154,-1,154,148,147,-1,154,147,155,-1,155,147,146,-1,156,58,157,-1,157,58,60,-1,157,60,158,-1,158,60,151,-1,158,151,159,-1,159,151,152,-1,159,152,160,-1,160,152,153,-1,160,153,161,-1,161,153,154,-1,161,154,162,-1,162,154,155,-1,162,163,161,-1,161,163,164,-1,161,164,160,-1,160,164,165,-1,160,165,159,-1,159,165,166,-1,159,166,158,-1,158,166,167,-1,158,167,157,-1,157,167,168,-1,157,168,156,-1,156,168,169,-1,163,126,164,-1,164,126,128,-1,164,128,165,-1,165,128,130,-1,165,130,166,-1,166,130,132,-1,166,132,167,-1,167,132,134,-1,167,134,168,-1,168,134,136,-1,168,136,169,-1,169,136,170,-1,57,56,136,-1,136,56,171,-1,136,171,170,-1,172,55,173,-1,173,55,57,-1,173,57,174,-1,174,57,135,-1,174,135,175,-1,175,135,133,-1,175,133,176,-1,176,133,131,-1,176,131,177,-1,177,131,129,-1,177,129,178,-1,178,129,127,-1,178,179,177,-1,177,179,180,-1,177,180,176,-1,176,180,181,-1,176,181,175,-1,175,181,182,-1,175,182,174,-1,174,182,183,-1,174,183,173,-1,173,183,54,-1,173,54,172,-1,172,54,53,-1,50,52,51,-1,51,52,54,-1,51,54,184,-1,184,54,183,-1,184,183,185,-1,185,183,182,-1,185,182,186,-1,186,182,181,-1,186,181,187,-1,187,181,180,-1,187,180,188,-1,188,180,179,-1,189,49,190,-1,190,49,51,-1,190,51,191,-1,191,51,184,-1,191,184,192,-1,192,184,185,-1,192,185,193,-1,193,185,186,-1,193,186,194,-1,194,186,187,-1,194,187,195,-1,195,187,188,-1,195,88,194,-1,194,88,81,-1,194,81,193,-1,193,81,83,-1,193,83,192,-1,192,83,69,-1,192,69,191,-1,191,69,77,-1,191,77,190,-1,190,77,71,-1,190,71,189,-1,189,71,70,-1,196,197,198,-1,198,197,199,-1,200,201,202,-1,202,201,198,-1,202,198,203,-1,203,198,199,-1,200,204,201,-1,201,204,205,-1,206,207,208,-1,208,205,204,-1,209,206,210,-1,210,206,208,-1,210,208,211,-1,211,208,204,-1,212,213,214,-1,214,213,215,-1,216,217,218,-1,218,215,213,-1,219,216,220,-1,220,216,218,-1,220,218,221,-1,221,218,213,-1,222,223,224,-1,224,223,225,-1,212,214,226,-1,226,214,224,-1,226,224,227,-1,227,224,225,-1,228,229,230,-1,111,231,232,-1,93,99,232,-1,107,114,232,-1,233,228,234,-1,234,228,230,-1,234,230,232,-1,232,230,91,-1,232,91,93,-1,99,98,232,-1,232,98,96,-1,232,96,95,-1,95,100,232,-1,232,100,102,-1,232,102,103,-1,103,105,232,-1,232,105,108,-1,232,108,107,-1,114,113,232,-1,232,113,112,-1,232,112,111,-1,235,236,237,-1,237,238,235,-1,235,238,239,-1,235,239,240,-1,241,240,242,-1,242,240,243,-1,244,245,240,-1,241,246,240,-1,240,246,247,-1,240,247,248,-1,248,249,240,-1,240,249,250,-1,240,250,235,-1,251,252,240,-1,240,252,253,-1,253,254,240,-1,240,254,255,-1,240,255,244,-1,245,256,240,-1,240,256,257,-1,240,257,243,-1,258,259,260,-1,260,259,261,-1,261,262,260,-1,260,262,263,-1,260,263,86,-1,263,264,74,-1,74,73,263,-1,263,73,79,-1,263,79,78,-1,78,76,263,-1,263,76,75,-1,263,75,80,-1,80,68,263,-1,263,68,67,-1,263,67,85,-1,85,84,263,-1,263,84,82,-1,263,82,90,-1,90,89,263,-1,263,89,87,-1,263,87,86,-1,265,266,267,-1,268,269,270,-1,271,272,270,-1,270,272,273,-1,270,273,268,-1,269,274,270,-1,270,274,275,-1,270,275,276,-1,277,265,278,-1,278,265,267,-1,278,267,270,-1,270,267,279,-1,270,279,280,-1,281,282,270,-1,270,282,283,-1,280,284,270,-1,270,284,285,-1,270,285,281,-1,283,286,270,-1,270,286,287,-1,270,287,271,-1,258,260,288,-1,288,260,289,-1,288,289,290,-1,290,289,291,-1,291,289,292,-1,291,292,293,-1,293,292,294,-1,294,292,295,-1,294,295,296,-1,296,295,297,-1,297,295,298,-1,297,298,299,-1,299,298,300,-1,300,298,301,-1,300,301,302,-1,302,301,303,-1,303,301,208,-1,303,208,207,-1,229,304,230,-1,230,304,305,-1,304,306,305,-1,305,306,307,-1,305,307,308,-1,307,309,308,-1,308,309,310,-1,308,310,311,-1,310,312,311,-1,311,312,313,-1,311,313,314,-1,313,315,314,-1,314,315,316,-1,314,316,317,-1,196,198,318,-1,318,198,317,-1,318,317,319,-1,319,317,316,-1,236,235,320,-1,320,235,321,-1,320,321,322,-1,322,321,323,-1,323,321,324,-1,323,324,325,-1,325,324,326,-1,326,324,327,-1,326,327,328,-1,328,327,329,-1,329,327,330,-1,329,330,331,-1,331,330,332,-1,332,330,333,-1,332,333,334,-1,334,333,335,-1,335,333,218,-1,335,218,217,-1,266,336,267,-1,267,336,337,-1,336,338,337,-1,337,338,339,-1,337,339,340,-1,339,341,340,-1,340,341,342,-1,340,342,343,-1,342,344,343,-1,343,344,345,-1,343,345,346,-1,345,347,346,-1,346,347,348,-1,346,348,349,-1,222,224,350,-1,350,224,349,-1,350,349,351,-1,351,349,348,-1,352,353,354,-1,354,353,355,-1,354,355,356,-1,357,358,359,-1,350,360,361,-1,350,361,222,-1,222,361,362,-1,222,362,223,-1,223,362,363,-1,223,363,225,-1,360,350,364,-1,364,350,351,-1,364,351,348,-1,277,365,265,-1,265,365,366,-1,265,366,266,-1,266,366,367,-1,266,367,336,-1,336,367,368,-1,336,368,338,-1,338,368,352,-1,338,352,339,-1,339,352,354,-1,339,354,341,-1,341,354,356,-1,341,356,342,-1,342,356,357,-1,342,357,344,-1,344,357,359,-1,344,359,345,-1,345,359,369,-1,345,369,347,-1,347,369,370,-1,347,370,348,-1,348,370,371,-1,348,371,364,-1,372,364,373,-1,373,364,371,-1,373,371,370,-1,374,326,328,-1,375,374,359,-1,359,374,328,-1,359,328,369,-1,369,328,329,-1,369,329,370,-1,370,329,331,-1,370,331,373,-1,373,331,332,-1,373,332,372,-1,372,332,334,-1,372,334,376,-1,376,334,335,-1,376,335,377,-1,377,335,217,-1,377,217,378,-1,378,217,216,-1,378,216,379,-1,379,216,219,-1,320,380,381,-1,320,381,236,-1,236,381,382,-1,236,382,237,-1,237,382,383,-1,237,383,238,-1,380,320,384,-1,384,320,322,-1,384,322,323,-1,326,374,325,-1,325,374,385,-1,325,385,323,-1,323,385,386,-1,323,386,384,-1,387,384,388,-1,388,384,386,-1,388,386,385,-1,374,375,389,-1,318,390,391,-1,318,391,196,-1,196,391,392,-1,196,392,197,-1,197,392,393,-1,197,393,199,-1,390,318,394,-1,394,318,319,-1,394,319,316,-1,233,395,228,-1,228,395,396,-1,228,396,229,-1,229,396,397,-1,229,397,304,-1,304,397,398,-1,304,398,306,-1,306,398,387,-1,306,387,307,-1,307,387,388,-1,307,388,309,-1,309,388,385,-1,309,385,310,-1,310,385,374,-1,310,374,312,-1,312,374,389,-1,312,389,313,-1,313,389,399,-1,313,399,315,-1,315,399,400,-1,315,400,316,-1,316,400,401,-1,316,401,394,-1,402,394,403,-1,403,394,401,-1,403,401,400,-1,399,389,358,-1,288,404,405,-1,288,405,258,-1,258,405,406,-1,258,406,259,-1,259,406,407,-1,259,407,261,-1,404,288,353,-1,353,288,290,-1,353,290,291,-1,209,408,206,-1,206,408,409,-1,206,409,207,-1,207,409,410,-1,207,410,303,-1,303,410,411,-1,303,411,302,-1,302,411,402,-1,302,402,300,-1,300,402,403,-1,300,403,299,-1,299,403,400,-1,299,400,297,-1,297,400,399,-1,297,399,296,-1,296,399,358,-1,296,358,294,-1,294,358,357,-1,294,357,293,-1,293,357,356,-1,293,356,291,-1,291,356,355,-1,291,355,353,-1,375,359,389,-1,389,359,358,-1,211,202,203,-1,410,391,390,-1,410,390,411,-1,411,390,394,-1,411,394,402,-1,391,410,392,-1,392,410,409,-1,392,409,393,-1,393,409,408,-1,393,408,199,-1,199,408,209,-1,199,209,203,-1,203,209,210,-1,203,210,211,-1,232,240,239,-1,397,381,380,-1,397,380,398,-1,398,380,384,-1,398,384,387,-1,381,397,382,-1,382,397,396,-1,382,396,383,-1,383,396,395,-1,383,395,238,-1,238,395,233,-1,238,233,239,-1,239,233,234,-1,239,234,232,-1,270,263,262,-1,367,405,404,-1,367,404,368,-1,368,404,353,-1,368,353,352,-1,405,367,406,-1,406,367,366,-1,406,366,407,-1,407,366,365,-1,407,365,261,-1,261,365,277,-1,261,277,262,-1,262,277,278,-1,262,278,270,-1,221,226,227,-1,377,361,360,-1,377,360,376,-1,376,360,364,-1,376,364,372,-1,361,377,362,-1,362,377,378,-1,362,378,363,-1,363,378,379,-1,363,379,225,-1,225,379,219,-1,225,219,227,-1,227,219,220,-1,227,220,221,-1,412,413,414,-1,414,413,415,-1,414,415,416,-1,416,415,417,-1,418,419,420,-1,420,419,421,-1,422,423,424,-1,422,424,425,-1,425,424,426,-1,425,426,427,-1,428,429,430,-1,430,429,431,-1,432,433,434,-1,435,436,437,-1,438,439,440,-1,439,441,440,-1,440,441,442,-1,440,442,443,-1,436,444,437,-1,437,444,445,-1,437,445,442,-1,442,445,446,-1,442,446,443,-1,435,437,447,-1,447,437,448,-1,447,448,449,-1,449,448,450,-1,449,450,451,-1,432,434,452,-1,452,434,453,-1,452,453,440,-1,440,453,454,-1,440,454,438,-1,451,450,455,-1,455,450,456,-1,455,456,457,-1,457,458,455,-1,455,458,459,-1,455,459,460,-1,460,459,461,-1,460,461,462,-1,462,461,463,-1,462,463,464,-1,465,466,467,-1,468,469,470,-1,471,472,473,-1,474,475,476,-1,477,478,479,-1,480,481,482,-1,483,484,485,-1,486,433,432,-1,486,432,487,-1,487,432,488,-1,487,488,489,-1,489,488,490,-1,490,488,491,-1,490,491,492,-1,492,491,493,-1,493,491,494,-1,493,494,495,-1,496,497,498,-1,498,497,499,-1,498,499,494,-1,494,499,500,-1,494,500,495,-1,496,498,501,-1,501,498,502,-1,501,502,503,-1,502,504,505,-1,503,502,506,-1,506,502,505,-1,506,505,507,-1,485,508,483,-1,483,508,509,-1,483,509,510,-1,511,512,513,-1,513,512,514,-1,513,514,485,-1,485,514,515,-1,485,515,508,-1,516,517,518,-1,518,517,519,-1,518,519,513,-1,513,519,520,-1,513,520,511,-1,521,522,516,-1,516,522,523,-1,516,523,517,-1,521,516,524,-1,524,516,525,-1,524,525,526,-1,526,525,462,-1,526,462,464,-1,452,440,527,-1,527,440,528,-1,527,528,529,-1,529,528,530,-1,529,530,531,-1,531,530,532,-1,531,532,533,-1,533,532,534,-1,533,534,535,-1,535,534,482,-1,435,447,536,-1,536,447,537,-1,536,537,538,-1,538,537,539,-1,538,539,540,-1,540,539,541,-1,540,541,542,-1,542,541,543,-1,542,543,544,-1,544,543,473,-1,432,452,488,-1,488,452,527,-1,488,527,491,-1,491,527,529,-1,491,529,494,-1,494,529,531,-1,494,531,498,-1,498,531,533,-1,498,533,502,-1,502,533,535,-1,502,535,504,-1,504,535,545,-1,482,481,535,-1,535,481,546,-1,535,546,545,-1,547,480,548,-1,548,480,482,-1,548,482,549,-1,549,482,534,-1,549,534,550,-1,550,534,532,-1,550,532,551,-1,551,532,530,-1,551,530,552,-1,552,530,528,-1,552,528,443,-1,443,528,440,-1,443,446,552,-1,552,446,553,-1,552,553,551,-1,551,553,554,-1,551,554,550,-1,550,554,555,-1,550,555,549,-1,549,555,556,-1,549,556,548,-1,548,556,479,-1,548,479,547,-1,547,479,478,-1,475,477,476,-1,476,477,479,-1,476,479,557,-1,557,479,556,-1,557,556,558,-1,558,556,555,-1,558,555,559,-1,559,555,554,-1,559,554,560,-1,560,554,553,-1,560,553,445,-1,445,553,446,-1,561,474,562,-1,562,474,476,-1,562,476,563,-1,563,476,557,-1,563,557,564,-1,564,557,558,-1,564,558,565,-1,565,558,559,-1,565,559,566,-1,566,559,560,-1,566,560,444,-1,444,560,445,-1,444,436,566,-1,566,436,567,-1,566,567,565,-1,565,567,568,-1,565,568,564,-1,564,568,569,-1,564,569,563,-1,563,569,570,-1,563,570,562,-1,562,570,571,-1,562,571,561,-1,561,571,572,-1,436,435,567,-1,567,435,536,-1,567,536,568,-1,568,536,538,-1,568,538,569,-1,569,538,540,-1,569,540,570,-1,570,540,542,-1,570,542,571,-1,571,542,544,-1,571,544,572,-1,572,544,573,-1,473,472,544,-1,544,472,574,-1,544,574,573,-1,575,471,576,-1,576,471,473,-1,576,473,577,-1,577,473,543,-1,577,543,578,-1,578,543,541,-1,578,541,579,-1,579,541,539,-1,579,539,580,-1,580,539,537,-1,580,537,449,-1,449,537,447,-1,449,451,580,-1,580,451,581,-1,580,581,579,-1,579,581,582,-1,579,582,578,-1,578,582,583,-1,578,583,577,-1,577,583,584,-1,577,584,576,-1,576,584,470,-1,576,470,575,-1,575,470,469,-1,466,468,467,-1,467,468,470,-1,467,470,585,-1,585,470,584,-1,585,584,586,-1,586,584,583,-1,586,583,587,-1,587,583,582,-1,587,582,588,-1,588,582,581,-1,588,581,455,-1,455,581,451,-1,589,465,590,-1,590,465,467,-1,590,467,591,-1,591,467,585,-1,591,585,592,-1,592,585,586,-1,592,586,593,-1,593,586,587,-1,593,587,594,-1,594,587,588,-1,594,588,460,-1,460,588,455,-1,460,462,594,-1,594,462,525,-1,594,525,593,-1,593,525,516,-1,593,516,592,-1,592,516,518,-1,592,518,591,-1,591,518,513,-1,591,513,590,-1,590,513,485,-1,590,485,589,-1,589,485,484,-1,595,596,597,-1,597,596,598,-1,597,598,599,-1,599,598,600,-1,600,598,601,-1,600,601,602,-1,602,601,603,-1,603,601,604,-1,603,604,605,-1,605,604,606,-1,606,604,607,-1,606,607,608,-1,608,607,609,-1,609,607,610,-1,609,610,611,-1,612,613,614,-1,614,613,615,-1,614,615,616,-1,616,615,617,-1,616,617,618,-1,618,617,619,-1,618,619,620,-1,620,619,621,-1,620,621,622,-1,622,621,623,-1,622,623,624,-1,624,623,625,-1,624,625,610,-1,610,625,626,-1,610,626,611,-1,627,628,612,-1,612,628,629,-1,612,629,613,-1,630,631,627,-1,627,631,632,-1,627,632,628,-1,633,634,630,-1,630,634,635,-1,630,635,631,-1,636,637,633,-1,633,637,638,-1,633,638,634,-1,639,640,636,-1,636,640,641,-1,636,641,637,-1,595,642,596,-1,596,642,643,-1,596,643,644,-1,644,643,645,-1,644,645,646,-1,646,645,647,-1,646,647,648,-1,648,647,649,-1,648,649,650,-1,650,649,651,-1,650,651,652,-1,652,651,653,-1,652,653,654,-1,654,653,655,-1,654,655,639,-1,639,655,656,-1,639,656,640,-1,657,658,659,-1,660,661,662,-1,663,664,665,-1,666,667,668,-1,668,667,669,-1,668,669,670,-1,670,669,660,-1,670,660,671,-1,671,660,662,-1,666,672,667,-1,667,672,665,-1,667,665,673,-1,673,665,664,-1,657,659,674,-1,674,659,675,-1,674,675,665,-1,665,675,676,-1,665,676,663,-1,661,660,677,-1,677,660,678,-1,677,678,679,-1,679,678,680,-1,680,678,681,-1,680,681,682,-1,682,683,680,-1,680,683,684,-1,680,684,685,-1,685,684,686,-1,685,686,687,-1,687,686,688,-1,687,688,689,-1,690,414,416,-1,691,422,425,-1,692,693,427,-1,427,693,694,-1,427,694,425,-1,425,694,695,-1,425,695,691,-1,422,691,423,-1,423,691,696,-1,423,696,510,-1,507,505,417,-1,417,505,697,-1,417,697,416,-1,416,697,698,-1,416,698,690,-1,414,690,412,-1,412,690,699,-1,412,699,700,-1,701,702,703,-1,704,705,706,-1,706,705,702,-1,706,702,707,-1,707,702,701,-1,704,708,705,-1,705,708,709,-1,705,709,710,-1,711,712,713,-1,713,712,710,-1,713,710,714,-1,714,710,709,-1,711,715,712,-1,712,715,716,-1,712,716,699,-1,699,716,717,-1,699,717,700,-1,505,504,697,-1,697,504,545,-1,697,545,718,-1,480,719,481,-1,481,719,718,-1,481,718,546,-1,546,718,545,-1,480,547,719,-1,719,547,478,-1,719,478,720,-1,478,477,720,-1,720,477,475,-1,720,475,721,-1,475,474,721,-1,721,474,561,-1,721,561,722,-1,561,572,722,-1,722,572,573,-1,722,573,723,-1,471,724,472,-1,472,724,723,-1,472,723,574,-1,574,723,573,-1,471,575,724,-1,724,575,469,-1,724,469,725,-1,465,726,466,-1,466,726,725,-1,466,725,468,-1,468,725,469,-1,465,589,726,-1,726,589,484,-1,726,484,696,-1,696,484,483,-1,696,483,510,-1,693,727,694,-1,694,727,728,-1,694,728,729,-1,730,731,732,-1,732,731,729,-1,732,729,733,-1,733,729,728,-1,730,734,731,-1,731,734,735,-1,731,735,736,-1,735,737,736,-1,736,737,738,-1,736,738,739,-1,738,740,739,-1,739,740,741,-1,739,741,703,-1,703,741,742,-1,703,742,701,-1,650,690,648,-1,648,690,698,-1,648,698,646,-1,646,698,697,-1,646,697,644,-1,644,697,718,-1,644,718,596,-1,596,718,719,-1,596,719,598,-1,598,719,720,-1,598,720,601,-1,601,720,721,-1,601,721,604,-1,604,721,722,-1,604,722,607,-1,607,722,723,-1,607,723,610,-1,610,723,724,-1,610,724,624,-1,624,724,725,-1,624,725,622,-1,622,725,726,-1,622,726,620,-1,726,696,620,-1,620,696,691,-1,620,691,618,-1,618,691,695,-1,618,695,616,-1,616,695,694,-1,616,694,614,-1,614,694,729,-1,614,729,612,-1,612,729,731,-1,612,731,627,-1,627,731,736,-1,627,736,630,-1,630,736,739,-1,630,739,633,-1,633,739,703,-1,633,703,636,-1,636,703,702,-1,636,702,639,-1,639,702,705,-1,639,705,654,-1,654,705,710,-1,654,710,652,-1,652,710,712,-1,652,712,650,-1,650,712,699,-1,650,699,690,-1,743,744,745,-1,745,744,746,-1,745,746,747,-1,747,746,748,-1,748,746,749,-1,748,749,750,-1,750,749,751,-1,750,751,752,-1,751,753,752,-1,752,753,754,-1,755,756,757,-1,757,756,758,-1,759,760,761,-1,762,763,764,-1,763,762,765,-1,765,762,766,-1,765,766,767,-1,768,769,766,-1,766,769,770,-1,766,770,767,-1,764,771,762,-1,762,771,772,-1,762,772,773,-1,744,743,774,-1,773,775,762,-1,762,775,776,-1,762,776,761,-1,761,776,777,-1,761,777,759,-1,774,778,744,-1,744,778,779,-1,744,779,766,-1,766,779,780,-1,766,780,768,-1,781,782,783,-1,783,782,784,-1,785,786,787,-1,787,786,788,-1,621,789,623,-1,623,789,625,-1,645,643,790,-1,790,643,642,-1,790,642,595,-1,621,619,789,-1,789,619,617,-1,789,617,791,-1,645,790,647,-1,647,790,792,-1,647,792,649,-1,617,615,791,-1,791,615,613,-1,791,613,793,-1,793,613,629,-1,793,629,794,-1,794,629,628,-1,794,628,795,-1,795,628,632,-1,795,632,796,-1,796,632,631,-1,796,631,797,-1,797,631,635,-1,797,635,798,-1,798,635,634,-1,798,634,799,-1,799,634,638,-1,799,638,800,-1,800,638,637,-1,800,637,801,-1,801,637,641,-1,801,641,802,-1,802,641,640,-1,802,640,803,-1,803,640,656,-1,803,656,804,-1,804,656,655,-1,804,655,805,-1,805,655,653,-1,805,653,792,-1,792,653,651,-1,792,651,649,-1,806,807,597,-1,597,807,808,-1,597,808,595,-1,595,808,809,-1,595,809,790,-1,810,811,812,-1,812,811,813,-1,597,599,806,-1,806,599,600,-1,806,600,812,-1,812,600,602,-1,812,602,603,-1,605,606,814,-1,814,606,608,-1,814,608,815,-1,816,810,814,-1,814,810,812,-1,814,812,605,-1,605,812,603,-1,608,609,815,-1,815,609,611,-1,815,611,817,-1,817,611,626,-1,817,626,818,-1,818,626,819,-1,819,626,625,-1,819,625,789,-1,744,766,820,-1,766,821,785,-1,822,792,790,-1,785,787,766,-1,766,787,822,-1,766,822,820,-1,820,822,790,-1,820,790,809,-1,756,755,823,-1,823,755,824,-1,823,824,811,-1,824,753,811,-1,811,753,751,-1,811,751,813,-1,813,751,749,-1,813,749,820,-1,820,749,746,-1,820,746,744,-1,825,826,827,-1,827,826,828,-1,827,828,829,-1,829,828,830,-1,829,830,831,-1,831,830,832,-1,831,832,833,-1,833,832,834,-1,833,834,835,-1,835,834,836,-1,835,836,837,-1,837,836,838,-1,837,838,839,-1,839,838,840,-1,839,840,841,-1,841,840,842,-1,841,842,843,-1,843,842,844,-1,843,844,845,-1,845,844,846,-1,845,846,847,-1,847,846,848,-1,847,848,849,-1,849,848,850,-1,849,850,851,-1,851,850,852,-1,851,852,853,-1,853,852,854,-1,853,854,784,-1,784,854,785,-1,784,785,783,-1,783,785,821,-1,757,758,855,-1,855,758,856,-1,855,856,810,-1,857,819,789,-1,858,855,859,-1,859,855,810,-1,859,810,860,-1,860,810,816,-1,860,816,861,-1,861,816,857,-1,861,857,761,-1,761,857,862,-1,761,862,762,-1,781,862,782,-1,782,862,857,-1,782,857,863,-1,863,857,789,-1,863,789,791,-1,863,788,782,-1,782,788,786,-1,782,786,864,-1,864,786,865,-1,864,865,866,-1,866,865,867,-1,866,867,868,-1,868,867,869,-1,868,869,870,-1,870,869,871,-1,870,871,872,-1,872,871,873,-1,872,873,874,-1,874,873,875,-1,874,875,876,-1,876,875,877,-1,876,877,878,-1,878,877,879,-1,878,879,880,-1,880,879,881,-1,880,881,882,-1,882,881,883,-1,882,883,884,-1,884,883,885,-1,884,885,886,-1,886,885,887,-1,886,887,888,-1,888,887,889,-1,888,889,890,-1,890,889,891,-1,890,891,892,-1,892,891,893,-1,825,827,892,-1,892,827,890,-1,826,825,893,-1,893,825,892,-1,828,826,891,-1,891,826,893,-1,828,891,889,-1,828,889,830,-1,830,889,887,-1,830,887,832,-1,832,887,885,-1,832,885,834,-1,834,885,883,-1,834,883,836,-1,836,883,881,-1,836,881,838,-1,838,881,879,-1,838,879,840,-1,840,879,877,-1,840,877,842,-1,844,842,875,-1,875,842,877,-1,844,875,873,-1,844,873,846,-1,846,873,871,-1,846,871,848,-1,848,871,869,-1,848,869,850,-1,850,869,867,-1,850,867,852,-1,852,867,865,-1,852,865,854,-1,854,865,786,-1,854,786,785,-1,823,811,856,-1,856,811,810,-1,756,823,758,-1,758,823,856,-1,858,859,894,-1,894,859,895,-1,859,860,895,-1,895,860,896,-1,861,761,760,-1,760,897,861,-1,861,897,898,-1,861,898,860,-1,860,898,899,-1,860,899,896,-1,784,782,853,-1,853,782,864,-1,853,864,851,-1,851,864,866,-1,851,866,849,-1,849,866,868,-1,849,868,847,-1,847,868,870,-1,847,870,845,-1,845,870,872,-1,845,872,843,-1,843,872,874,-1,841,843,876,-1,876,843,874,-1,841,876,839,-1,839,876,878,-1,839,878,837,-1,837,878,880,-1,837,880,835,-1,835,880,882,-1,835,882,833,-1,833,882,884,-1,833,884,831,-1,831,884,886,-1,831,886,829,-1,829,886,888,-1,829,888,827,-1,827,888,890,-1,
        ]
    }
}
Shape{
    appearance Appearance {
        material  Material 	{
            diffuseColor 0.13725490196078433 0.32941176470588235 0.7019607843137254
            specularColor 0.011764705882352941 0.023529411764705882 0.050980392156862744
            ambientIntensity 0.4489
            transparency 0.0
            shininess 0.5
        }
    }
    geometry IndexedFaceSet {
        ccw TRUE
        solid FALSE
        coord DEF co Coordinate {
            point [
                -2.9528 0.9842 0.0, -2.9528 0.9842 2.3622, -2.9528 1.5748 0.0, -2.9528 1.5748 2.3622, -2.9528 -1.4567 0.0, -2.9528 -1.4567 2.3622, -2.9528 0.5905 0.0, -2.9528 -1.2598 2.3622, -2.9528 0.5905 2.3622, -2.9528 -0.6867 3.937, -2.9528 1.0236 3.937, -1.8164 1.3006 1.9685, -2.1049 1.3386 1.9685, -1.811 1.2598 1.9685, -2.1206 1.3006 1.9685, -2.126 1.2598 1.9685, -1.8571 1.3712 1.9685, -2.0093 1.412 1.9685, -2.0472 1.3962 1.9685, -1.9685 1.4173 1.9685, -1.8898 1.3962 1.9685, -1.9277 1.412 1.9685, -1.8321 1.3386 1.9685, -2.0799 1.3712 1.9685, -1.9685 -0.5906 2.1583, -1.9685 -0.5906 3.937, -1.7869 -0.5693 2.1583, -1.7869 -0.5693 3.937, -1.6151 -0.5068 2.1583, -1.6151 -0.5068 3.937, -1.4624 -0.4063 2.1583, -1.4624 -0.4063 3.937, -1.3369 -0.2734 2.1583, -1.3369 -0.2734 3.937, -1.2455 -0.115 2.1583, -1.2455 -0.115 3.937, -1.1931 0.0601 2.1583, -1.1931 0.0601 3.937, -1.1824 0.2426 2.1583, -1.1824 0.2426 3.937, -1.2142 0.4227 2.1583, -1.2142 0.4227 3.937, -1.2866 0.5905 2.1583, -1.2866 0.5905 3.937, -1.3958 0.7372 2.1583, -1.3958 0.7372 3.937, -1.5358 0.8547 2.1583, -1.5358 0.8547 3.937, -1.6992 0.9368 2.1583, -1.6992 0.9368 3.937, -1.8771 0.9789 2.1583, -1.8771 0.9789 3.937, -2.0599 0.9789 2.1583, -2.0599 0.9789 3.937, -2.2378 0.9368 2.1583, -2.2378 0.9368 3.937, -2.4012 0.8547 2.1583, -2.4012 0.8547 3.937, -2.5412 0.7372 2.1583, -2.5412 0.7372 3.937, -2.6504 0.5905 2.1583, -2.6504 0.5905 3.937, -2.7228 0.4227 2.1583, -2.7228 0.4227 3.937, -2.7546 0.2426 2.1583, -2.7546 0.2426 3.937, -2.7439 0.0601 2.1583, -2.7439 0.0601 3.937, -2.6915 -0.115 2.1583, -2.6915 -0.115 3.937, -2.6001 -0.2734 2.1583, -2.6001 -0.2734 3.937, -2.4746 -0.4063 2.1583, -2.4746 -0.4063 3.937, -2.3219 -0.5068 2.1583, -2.3219 -0.5068 3.937, -2.1501 -0.5693 2.1583, -2.1501 -0.5693 3.937
            ]
        }
        coordIndex [
            0,1,2,-1,2,1,3,-1,4,5,6,-1,6,5,7,-1,6,7,8,-1,8,7,9,-1,8,9,1,-1,1,9,10,-1,1,10,3,-1,11,12,13,-1,13,12,14,-1,13,14,15,-1,16,17,18,-1,17,16,19,-1,19,16,20,-1,19,20,21,-1,11,22,12,-1,12,22,16,-1,12,16,23,-1,23,16,18,-1,24,25,26,-1,26,25,27,-1,26,27,28,-1,28,27,29,-1,28,29,30,-1,30,29,31,-1,30,31,32,-1,32,31,33,-1,32,33,34,-1,34,33,35,-1,34,35,36,-1,36,35,37,-1,36,37,38,-1,38,37,39,-1,38,39,40,-1,40,39,41,-1,40,41,42,-1,42,41,43,-1,42,43,44,-1,44,43,45,-1,44,45,46,-1,46,45,47,-1,46,47,48,-1,48,47,49,-1,48,49,50,-1,50,49,51,-1,50,51,52,-1,52,51,53,-1,52,53,54,-1,54,53,55,-1,54,55,56,-1,56,55,57,-1,56,57,58,-1,58,57,59,-1,58,59,60,-1,60,59,61,-1,60,61,62,-1,62,61,63,-1,62,63,64,-1,64,63,65,-1,64,65,66,-1,66,65,67,-1,66,67,68,-1,68,67,69,-1,68,69,70,-1,70,69,71,-1,70,71,72,-1,72,71,73,-1,72,73,74,-1,74,73,75,-1,74,75,76,-1,76,75,77,-1,76,77,24,-1,24,77,25,-1,
        ]
    }
}
Shape{
    appearance Appearance {
        material  Material 	{
            diffuseColor 0.6470588235294118 0.6196078431372549 0.5882352941176471
            specularColor 0.45098039215686275 0.43529411764705883 0.4117647058823529
            ambientIntensity 0.6242
            transparency 0.0
            shininess 0.5
        }
    }
    geometry IndexedFaceSet {
        ccw TRUE
        solid FALSE
        coord DEF co Coordinate {
            point [
                -1.2598 -0.9055 0.3937, -1.2598 0.6693 0.3937, -1.2598 -0.9055 1.8898, -1.2598 0.6693 1.8898
            ]
        }
        coordIndex [
            0,1,2,-1,2,1,3,-1,
        ]
    }
}
Shape{
    appearance Appearance {
        material  Material 	{
            diffuseColor 0.13725490196078433 0.32941176470588235 0.7019607843137254
            specularColor 0.011764705882352941 0.023529411764705882 0.050980392156862744
            ambientIntensity 0.4489
            transparency 0.0
            shininess 0.5
        }
    }
    geometry IndexedFaceSet {
        ccw TRUE
        solid FALSE
        coord DEF co Coordinate {
            point [
                -2.7559 -1.4567 0.3937, -2.7559 1.2598 0.3937, -2.7559 -1.4567 1.9685, -2.7559 1.2598 1.9685, -1.1811 1.2598 0.3937, -1.1811 -1.4567 0.3937, -1.1811 1.2598 1.9685, -1.1811 -1.4567 1.9685, -2.0472 1.1235 3.6518, -2.0288 1.1143 3.6778, -2.0093 1.1077 1.9685, -2.0093 1.1077 3.6967, -1.9685 1.1024 1.9685, -1.9992 1.1054 3.7034, -1.9891 1.1037 3.7082, -2.0472 1.1235 1.9685, -2.0799 1.1485 1.9685, -2.0799 1.1485 3.5803, -2.1049 1.1811 1.9685, -2.1049 1.1811 3.4871, -2.1206 1.2191 1.9685, -2.1206 1.2191 3.3785, -2.126 1.2598 1.9685, -2.126 1.2598 3.2621, -2.1206 1.3006 1.9685, -2.1206 1.3006 3.1456, -2.1049 1.3386 1.9685, -2.1049 1.3386 3.0371, -2.0799 1.3712 1.9685, -2.0799 1.3712 2.9439, -2.0472 1.3962 1.9685, -2.0472 1.3962 2.8724, -1.9891 1.416 2.816, -1.9992 1.4143 2.8208, -2.0093 1.412 1.9685, -2.0093 1.412 2.8275, -2.0288 1.4053 2.8464, -1.9378 1.4143 2.8208, -1.9479 1.416 2.816, -1.9277 1.412 1.9685, -1.9582 1.417 2.8131, -1.9685 1.4173 1.9685, -1.9685 1.4173 2.8122, -1.9788 1.417 2.8131, -1.8898 1.1235 1.9685, -1.8571 1.1485 3.5803, -1.8571 1.1485 1.9685, -1.8321 1.1811 3.4871, -1.8321 1.1811 1.9685, -1.8164 1.2191 3.3785, -1.8164 1.2191 1.9685, -1.811 1.2598 3.2621, -1.811 1.2598 1.9685, -1.8164 1.3006 3.1456, -1.8164 1.3006 1.9685, -1.8321 1.3386 3.0371, -1.8321 1.3386 1.9685, -1.8571 1.3712 2.9439, -1.8571 1.3712 1.9685, -1.8898 1.3962 2.8724, -1.8898 1.3962 1.9685, -1.9082 1.4053 2.8464, -1.9277 1.412 2.8275, -1.9277 1.1077 1.9685, -1.9082 1.1143 3.6778, -1.8898 1.1235 3.6518, -1.9788 1.1027 3.7111, -1.9685 1.1024 3.712, -1.9582 1.1027 3.7111, -1.9479 1.1037 3.7082, -1.9378 1.1054 3.7034, -1.9277 1.1077 3.6967, -2.3219 -0.5068 2.1583, -2.1501 -0.5693 2.1583, -2.1208 -0.3719 2.0866, -2.2335 -0.3309 2.0866, -2.2621 -0.3121 2.0866, -2.4746 -0.4063 2.1583, -2.3481 -0.2555 2.0866, -2.3834 -0.2182 2.0866, -2.6001 -0.2734 2.1583, -2.4422 -0.1558 2.0866, -2.4765 -0.0964 2.0866, -2.6915 -0.115 2.1583, -2.5108 -0.0371 2.0866, -2.5353 0.0451 2.0866, -2.7439 0.0601 2.1583, -2.5501 0.0943 2.0866, -2.5561 0.197 2.0866, -2.7546 0.2426 2.1583, -2.5581 0.2312 2.0866, -2.5372 0.3494 2.0866, -2.7228 0.4227 2.1583, -2.5342 0.3662 2.0866, -2.6504 0.5905 2.1583, -2.4799 0.4921 2.0866, -2.5412 0.7372 2.1583, -2.3981 0.6021 2.0866, -2.385 0.6131 2.0866, -2.4012 0.8547 2.1583, -2.293 0.6902 2.0866, -2.2624 0.7056 2.0866, -2.2378 0.9368 2.1583, -2.1705 0.7518 2.0866, -2.1205 0.7636 2.0866, -2.0599 0.9789 2.1583, -2.0371 0.7834 2.0866, -1.9685 0.7834 2.0866, -1.8771 0.9789 2.1583, -1.8999 0.7834 2.0866, -1.8165 0.7636 2.0866, -1.6992 0.9368 2.1583, -1.7665 0.7518 2.0866, -1.6746 0.7056 2.0866, -1.5358 0.8547 2.1583, -1.644 0.6902 2.0866, -1.552 0.6131 2.0866, -1.3958 0.7372 2.1583, -1.539 0.6021 2.0866, -1.2866 0.5905 2.1583, -1.4571 0.4921 2.0866, -1.2142 0.4227 2.1583, -1.4028 0.3662 2.0866, -1.3998 0.3494 2.0866, -1.1824 0.2426 2.1583, -1.379 0.2312 2.0866, -1.3809 0.197 2.0866, -1.1931 0.0601 2.1583, -1.3869 0.0943 2.0866, -1.4017 0.0451 2.0866, -1.2455 -0.115 2.1583, -1.4263 -0.0371 2.0866, -1.4605 -0.0964 2.0866, -1.3369 -0.2734 2.1583, -1.4948 -0.1558 2.0866, -1.5536 -0.2182 2.0866, -1.4624 -0.4063 2.1583, -1.5889 -0.2555 2.0866, -1.6749 -0.3121 2.0866, -1.6151 -0.5068 2.1583, -1.7035 -0.3309 2.0866, -1.8163 -0.3719 2.0866, -1.7869 -0.5693 2.1583, -1.8323 -0.3778 2.0866, -1.9685 -0.5906 2.1583, -1.9685 -0.3937 2.0866, -2.1047 -0.3778 2.0866, -1.4764 0.5233 1.9978, -1.4764 0.5233 1.9685, -1.4571 0.4921 1.9685, -2.4606 -0.1296 1.9836, -2.4606 -0.1296 1.9685, -2.4799 -0.0984 1.9685, -2.2638 -0.3146 1.9796, -2.1945 -0.3488 1.9789, -2.1214 -0.3736 1.9783, -2.0456 -0.3887 1.978, -1.9685 -0.3937 1.9779, -1.8914 -0.3887 1.978, -1.8157 -0.3736 1.9783, -1.7425 -0.3488 1.9789, -1.6732 -0.3146 1.9796, -1.609 -0.2717 1.9805, -1.5509 -0.2207 1.9816, -1.4764 -0.1296 1.9836, -1.4764 -0.1296 1.9685, -1.5126 0.5722 1.9941, -1.5509 0.6144 1.9836, -1.5587 0.6215 1.9807, -1.5908 0.6508 1.9685, -1.6732 0.7083 1.9685, -2.2638 0.7083 1.9685, -2.3462 0.6508 1.9685, -2.3787 0.6217 1.9811, -2.3857 0.6141 1.9831, -2.4244 0.5722 1.9941, -2.4606 0.5233 1.9978, -2.4606 0.5233 1.9685, -1.4571 -0.0984 1.9685, -1.3981 0.044 1.9685, -1.378 0.1968 1.9685, -1.3981 0.3497 1.9685, -1.8157 0.7673 1.9685, -1.9685 0.7874 1.9685, -2.1214 0.7673 1.9685, -2.4799 0.4921 1.9685, -2.5389 0.3497 1.9685, -2.5591 0.1968 1.9685, -2.5389 0.044 1.9685, -2.3861 -0.2207 1.9816, -2.328 -0.2717 1.9805, -2.4606 -0.8248 1.9685, -1.4764 0.6508 1.9685, -1.4764 -0.8248 1.9685, -2.4606 0.6508 1.9685, -2.2244 -1.4567 0.3937, -2.2244 -0.9055 0.3937, -2.6772 -0.9055 0.3937, -2.6772 0.6693 0.3937, -1.7126 -0.9055 0.3937, -1.7126 -1.4567 0.3937, -1.2598 -0.9055 0.3937, -1.2598 0.6693 0.3937
            ]
        }
        coordIndex [
            0,1,2,-1,2,1,3,-1,4,5,6,-1,6,5,7,-1,8,9,10,-1,10,9,11,-1,10,11,12,-1,12,11,13,-1,12,13,14,-1,10,15,8,-1,8,15,16,-1,8,16,17,-1,17,16,18,-1,17,18,19,-1,19,18,20,-1,19,20,21,-1,21,20,22,-1,21,22,23,-1,23,22,24,-1,23,24,25,-1,25,24,26,-1,25,26,27,-1,27,26,28,-1,27,28,29,-1,29,28,30,-1,29,30,31,-1,32,33,34,-1,34,33,35,-1,34,35,30,-1,30,35,36,-1,30,36,31,-1,37,38,39,-1,39,38,40,-1,39,40,41,-1,41,40,42,-1,41,42,34,-1,34,42,43,-1,34,43,32,-1,44,45,46,-1,46,45,47,-1,46,47,48,-1,48,47,49,-1,48,49,50,-1,50,49,51,-1,50,51,52,-1,52,51,53,-1,52,53,54,-1,54,53,55,-1,54,55,56,-1,56,55,57,-1,56,57,58,-1,58,57,59,-1,58,59,60,-1,60,59,61,-1,60,61,39,-1,39,61,62,-1,39,62,37,-1,63,64,44,-1,44,64,65,-1,44,65,45,-1,14,66,12,-1,12,66,67,-1,12,67,68,-1,68,69,12,-1,12,69,70,-1,12,70,63,-1,63,70,71,-1,63,71,64,-1,3,1,22,-1,22,1,4,-1,22,4,52,-1,52,4,6,-1,72,73,74,-1,74,75,72,-1,72,75,76,-1,72,76,77,-1,76,78,77,-1,77,78,79,-1,77,79,80,-1,79,81,80,-1,80,81,82,-1,80,82,83,-1,82,84,83,-1,83,84,85,-1,83,85,86,-1,85,87,86,-1,86,87,88,-1,86,88,89,-1,88,90,89,-1,89,90,91,-1,89,91,92,-1,92,91,93,-1,92,93,94,-1,94,93,95,-1,94,95,96,-1,95,97,96,-1,96,97,98,-1,96,98,99,-1,98,100,99,-1,99,100,101,-1,99,101,102,-1,101,103,102,-1,102,103,104,-1,102,104,105,-1,104,106,105,-1,105,106,107,-1,105,107,108,-1,107,109,108,-1,108,109,110,-1,108,110,111,-1,110,112,111,-1,111,112,113,-1,111,113,114,-1,113,115,114,-1,114,115,116,-1,114,116,117,-1,117,116,118,-1,117,118,119,-1,119,118,120,-1,119,120,121,-1,120,122,121,-1,121,122,123,-1,121,123,124,-1,123,125,124,-1,124,125,126,-1,124,126,127,-1,126,128,127,-1,127,128,129,-1,127,129,130,-1,129,131,130,-1,130,131,132,-1,130,132,133,-1,132,134,133,-1,133,134,135,-1,133,135,136,-1,135,137,136,-1,136,137,138,-1,136,138,139,-1,138,140,139,-1,139,140,141,-1,139,141,142,-1,142,141,143,-1,142,143,144,-1,144,143,145,-1,144,145,73,-1,73,145,146,-1,73,146,74,-1,147,148,149,-1,150,151,152,-1,153,75,154,-1,154,75,74,-1,154,74,155,-1,155,74,146,-1,155,146,156,-1,156,146,145,-1,156,145,157,-1,157,145,158,-1,158,145,143,-1,158,143,159,-1,159,143,141,-1,159,141,160,-1,160,141,140,-1,160,140,161,-1,161,140,138,-1,161,138,162,-1,162,138,137,-1,162,137,163,-1,137,135,163,-1,163,135,134,-1,163,134,164,-1,164,134,132,-1,164,132,165,-1,120,118,166,-1,166,118,167,-1,167,118,116,-1,167,116,168,-1,168,116,169,-1,169,116,115,-1,169,115,170,-1,171,100,172,-1,172,100,98,-1,172,98,173,-1,173,98,174,-1,174,98,175,-1,175,98,97,-1,175,97,176,-1,176,97,95,-1,176,95,177,-1,165,132,178,-1,178,132,131,-1,178,131,179,-1,131,129,179,-1,179,129,128,-1,179,128,180,-1,128,126,180,-1,180,126,125,-1,180,125,181,-1,166,147,120,-1,120,147,149,-1,120,149,122,-1,122,149,181,-1,122,181,123,-1,123,181,125,-1,115,113,170,-1,170,113,112,-1,170,112,182,-1,182,112,110,-1,182,110,183,-1,183,110,109,-1,109,107,183,-1,183,107,106,-1,183,106,184,-1,106,104,184,-1,184,104,103,-1,184,103,171,-1,171,103,101,-1,171,101,100,-1,177,95,185,-1,185,95,93,-1,185,93,186,-1,93,91,186,-1,186,91,90,-1,186,90,187,-1,90,88,187,-1,187,88,87,-1,187,87,188,-1,188,87,85,-1,188,85,152,-1,85,84,152,-1,152,84,82,-1,152,82,150,-1,150,82,81,-1,150,81,189,-1,189,81,79,-1,189,79,190,-1,190,79,78,-1,190,78,153,-1,153,78,76,-1,153,76,75,-1,7,2,191,-1,185,186,3,-1,3,186,187,-1,3,187,2,-1,151,191,152,-1,152,191,2,-1,152,2,188,-1,188,2,187,-1,148,192,149,-1,149,192,6,-1,3,22,20,-1,191,193,7,-1,7,193,165,-1,7,165,178,-1,178,179,7,-1,7,179,180,-1,7,180,6,-1,6,180,181,-1,6,181,149,-1,20,194,3,-1,3,194,177,-1,3,177,185,-1,20,18,194,-1,194,18,16,-1,194,16,172,-1,172,16,15,-1,192,169,44,-1,44,169,170,-1,44,170,63,-1,63,170,182,-1,63,182,12,-1,12,182,183,-1,12,183,10,-1,10,183,184,-1,10,184,15,-1,15,184,171,-1,15,171,172,-1,44,46,192,-1,192,46,48,-1,192,48,6,-1,6,48,50,-1,6,50,52,-1,195,196,0,-1,0,196,197,-1,0,197,198,-1,199,200,201,-1,201,200,5,-1,201,5,202,-1,202,5,4,-1,202,4,198,-1,198,4,1,-1,198,1,0,-1,
        ]
    }
}
Shape{
    appearance Appearance {
        material  Material 	{
            diffuseColor 0.6470588235294118 0.6196078431372549 0.5882352941176471
            specularColor 0.45098039215686275 0.43529411764705883 0.4117647058823529
            ambientIntensity 0.6242
            transparency 0.0
            shininess 0.5
        }
    }
    geometry IndexedFaceSet {
        ccw TRUE
        solid FALSE
        coord DEF co Coordinate {
            point [
                -2.6772 0.6693 0.3937, -2.6772 -0.9055 0.3937, -2.6772 0.6693 1.8898, -2.6772 -0.9055 1.8898, -1.9685 0.6693 0.5118, -1.9685 -0.9055 0.5118, -1.8258 0.6693 0.5306, -1.8258 -0.9055 0.5306, -1.6929 0.6693 0.5857, -1.6929 -0.9055 0.5857, -1.5788 0.6693 0.6733, -1.5788 -0.9055 0.6733, -1.4912 0.6693 0.7874, -1.4912 -0.9055 0.7874, -1.4361 0.6693 0.9203, -1.4361 -0.9055 0.9203, -1.4173 0.6693 1.063, -1.4173 -0.9055 1.063, -1.4361 0.6693 1.2057, -1.4361 -0.9055 1.2057, -1.4912 0.6693 1.3386, -1.4912 -0.9055 1.3386, -1.5788 0.6693 1.4527, -1.5788 -0.9055 1.4527, -1.6929 0.6693 1.5403, -1.6929 -0.9055 1.5403, -1.8258 0.6693 1.5954, -1.8258 -0.9055 1.5954, -1.9685 0.6693 1.6142, -1.9685 -0.9055 1.6142, -2.1112 0.6693 1.5954, -2.1112 -0.9055 1.5954, -2.2441 0.6693 1.5403, -2.2441 -0.9055 1.5403, -2.3582 0.6693 1.4527, -2.3582 -0.9055 1.4527, -2.4458 0.6693 1.3386, -2.4458 -0.9055 1.3386, -2.5009 0.6693 1.2057, -2.5009 -0.9055 1.2057, -2.5197 0.6693 1.063, -2.5197 -0.9055 1.063, -2.5009 0.6693 0.9203, -2.5009 -0.9055 0.9203, -2.4458 0.6693 0.7874, -2.4458 -0.9055 0.7874, -2.3582 0.6693 0.6733, -2.3582 -0.9055 0.6733, -2.2441 0.6693 0.5857, -2.2441 -0.9055 0.5857, -2.1112 0.6693 0.5306, -2.1112 -0.9055 0.5306, -1.7126 -0.9055 0.3937, -2.4606 -0.9055 1.8898, -2.4606 -0.9055 1.888, -1.2598 -0.9055 0.3937, -1.2598 -0.9055 1.8898, -1.4764 -0.9055 1.888, -1.4764 -0.9055 1.8898, -2.2244 -0.9055 0.3937, -2.4606 0.6693 1.8667, -2.4606 0.6693 1.8898, -1.2598 0.6693 1.8898, -1.4764 0.6693 1.8898, -1.4764 0.6693 1.8667, -1.2598 0.6693 0.3937, -1.4764 -0.8239 1.8898, -1.4764 0.6305 1.8898, -2.4606 0.6305 1.8898, -2.4606 -0.8239 1.8898, -1.8384 0.6305 1.8898, -1.7483 0.5924 1.8898, -1.657 0.5254 1.8898, -1.5852 0.4378 1.8898, -1.7028 -0.1698 1.8898, -1.6202 -0.0924 1.8898, -1.5593 0.0031 1.8898, -2.3518 0.4378 1.8898, -2.28 0.5254 1.8898, -2.1887 0.5924 1.8898, -2.0986 0.6305 1.8898, -1.5374 0.3351 1.8898, -1.5165 0.2238 1.8898, -1.524 0.1108 1.8898, -1.8022 -0.2242 1.8898, -1.9119 -0.2524 1.8898, -2.0251 -0.2524 1.8898, -2.1349 -0.2242 1.8898, -2.2342 -0.1698 1.8898, -2.3168 -0.0924 1.8898, -2.3777 0.0031 1.8898, -2.413 0.1108 1.8898, -2.4205 0.2238 1.8898, -2.3996 0.3351 1.8898, -2.1076 0.6277 1.8914, -2.2827 0.5228 1.919, -2.3518 0.4378 1.9172, -2.3996 0.3351 1.915, -2.4205 0.2238 1.9125, -2.413 0.1108 1.9101, -2.3777 0.0031 1.9077, -2.3168 -0.0924 1.9057, -2.2342 -0.1698 1.904, -2.1349 -0.2242 1.9028, -2.0251 -0.2524 1.9022, -1.9119 -0.2524 1.9022, -1.8022 -0.2242 1.9028, -1.7028 -0.1698 1.904, -1.6202 -0.0924 1.9057, -1.5593 0.0031 1.9077, -1.524 0.1108 1.9101, -1.5165 0.2238 1.9125, -1.5374 0.3351 1.915, -1.5852 0.4378 1.9172, -1.6543 0.5228 1.919, -1.6571 0.5252 1.9189, -1.8294 0.6277 1.8914, -1.7532 0.5946 1.9069, -1.7483 0.5924 1.9079, -1.6972 0.5593 1.9164, -2.1847 0.5947 1.9071, -2.2799 0.5252 1.9189, -2.2398 0.5593 1.9164, -2.1886 0.5922 1.9078
            ]
        }
        coordIndex [
            0,1,2,-1,2,1,3,-1,4,5,6,-1,6,5,7,-1,6,7,8,-1,8,7,9,-1,8,9,10,-1,10,9,11,-1,10,11,12,-1,12,11,13,-1,12,13,14,-1,14,13,15,-1,14,15,16,-1,16,15,17,-1,16,17,18,-1,18,17,19,-1,18,19,20,-1,20,19,21,-1,20,21,22,-1,22,21,23,-1,22,23,24,-1,24,23,25,-1,24,25,26,-1,26,25,27,-1,26,27,28,-1,28,27,29,-1,28,29,30,-1,30,29,31,-1,30,31,32,-1,32,31,33,-1,32,33,34,-1,34,33,35,-1,34,35,36,-1,36,35,37,-1,36,37,38,-1,38,37,39,-1,38,39,40,-1,40,39,41,-1,40,41,42,-1,42,41,43,-1,42,43,44,-1,44,43,45,-1,44,45,46,-1,46,45,47,-1,46,47,48,-1,48,47,49,-1,48,49,50,-1,50,49,51,-1,50,51,4,-1,4,51,5,-1,7,5,52,-1,53,3,54,-1,54,3,1,-1,55,56,57,-1,57,56,58,-1,45,43,1,-1,52,5,59,-1,5,51,59,-1,59,51,49,-1,59,49,1,-1,1,49,47,-1,1,47,45,-1,29,57,31,-1,31,57,54,-1,31,54,33,-1,33,54,35,-1,29,27,57,-1,57,27,25,-1,57,25,23,-1,15,13,55,-1,55,13,11,-1,55,11,52,-1,52,11,9,-1,52,9,7,-1,43,41,1,-1,1,41,39,-1,1,39,54,-1,54,39,37,-1,54,37,35,-1,23,21,57,-1,57,21,19,-1,57,19,55,-1,55,19,17,-1,55,17,15,-1,0,2,60,-1,60,2,61,-1,26,28,62,-1,63,62,64,-1,64,62,28,-1,64,28,60,-1,28,30,60,-1,60,30,32,-1,60,32,34,-1,8,10,65,-1,65,10,12,-1,20,22,62,-1,62,22,24,-1,62,24,26,-1,42,44,0,-1,0,44,46,-1,0,46,48,-1,12,14,65,-1,65,14,16,-1,65,16,62,-1,62,16,18,-1,62,18,20,-1,34,36,60,-1,60,36,38,-1,60,38,0,-1,0,38,40,-1,0,40,42,-1,48,50,0,-1,0,50,4,-1,0,4,65,-1,65,4,6,-1,65,6,8,-1,58,56,66,-1,66,56,62,-1,66,62,67,-1,67,62,63,-1,61,2,68,-1,68,2,3,-1,68,3,69,-1,69,3,53,-1,70,71,67,-1,67,71,72,-1,67,72,73,-1,74,66,75,-1,75,66,76,-1,77,78,68,-1,68,78,79,-1,68,79,80,-1,73,81,67,-1,67,81,82,-1,67,82,66,-1,66,82,83,-1,66,83,76,-1,74,84,66,-1,66,84,85,-1,66,85,69,-1,69,85,86,-1,69,86,87,-1,87,88,69,-1,69,88,89,-1,69,89,90,-1,90,91,69,-1,69,91,92,-1,69,92,68,-1,68,92,93,-1,68,93,77,-1,94,80,79,-1,95,78,77,-1,95,77,96,-1,96,77,93,-1,96,93,97,-1,97,93,92,-1,97,92,98,-1,98,92,91,-1,98,91,99,-1,99,91,90,-1,99,90,100,-1,100,90,89,-1,100,89,101,-1,101,89,88,-1,101,88,102,-1,102,88,87,-1,102,87,103,-1,103,87,86,-1,103,86,104,-1,104,86,85,-1,104,85,105,-1,105,85,84,-1,105,84,106,-1,106,84,74,-1,106,74,107,-1,107,74,75,-1,107,75,108,-1,108,75,76,-1,108,76,109,-1,109,76,83,-1,109,83,110,-1,110,83,82,-1,110,82,111,-1,111,82,81,-1,111,81,112,-1,112,81,73,-1,112,73,113,-1,113,73,114,-1,114,73,72,-1,114,72,115,-1,71,70,116,-1,116,117,71,-1,71,117,118,-1,71,118,72,-1,72,118,119,-1,72,119,115,-1,94,79,120,-1,95,121,78,-1,78,121,122,-1,78,122,79,-1,79,122,123,-1,79,123,120,-1,
        ]
    }
}
Shape{
    appearance Appearance {
        material  Material 	{
            diffuseColor 0.8509803921568627 0.8509803921568627 0.8509803921568627
            specularColor 0.4235294117647059 0.4235294117647059 0.4235294117647059
            ambientIntensity 0.851
            transparency 0.0
            shininess 0.5
        }
    }
    geometry IndexedFaceSet {
        ccw TRUE
        solid FALSE
        coord DEF co Coordinate {
            point [
                -2.2244 -0.9055 0.3937, -2.2244 0.3937 0.3937, -2.1654 -0.0 0.3937, -1.8701 0.1705 0.3937, -1.7126 0.3937 0.3937, -1.8293 0.1392 0.3937, -1.798 0.0984 0.3937, -2.1586 -0.051 0.3937, -2.139 -0.0984 0.3937, -2.1077 -0.1392 0.3937, -1.9176 0.1901 0.3937, -1.9685 0.1968 0.3937, -2.0195 0.1901 0.3937, -2.0669 0.1705 0.3937, -2.1077 0.1392 0.3937, -2.139 0.0984 0.3937, -2.1586 0.0509 0.3937, -2.0669 -0.1705 0.3937, -2.0195 -0.1901 0.3937, -1.7126 -0.9055 0.3937, -1.9685 -0.1969 0.3937, -1.9176 -0.1901 0.3937, -1.8701 -0.1705 0.3937, -1.8293 -0.1392 0.3937, -1.798 -0.0984 0.3937, -1.7784 -0.051 0.3937, -1.7717 -0.0 0.3937, -1.7784 0.0509 0.3937
            ]
        }
        coordIndex [
            0,1,2,-1,3,4,5,-1,5,4,6,-1,2,7,0,-1,0,7,8,-1,0,8,9,-1,3,10,4,-1,4,10,11,-1,4,11,1,-1,11,12,1,-1,1,12,13,-1,1,13,14,-1,14,15,1,-1,1,15,16,-1,1,16,2,-1,9,17,0,-1,0,17,18,-1,0,18,19,-1,19,18,20,-1,19,20,21,-1,21,22,19,-1,19,22,23,-1,19,23,24,-1,24,25,19,-1,19,25,26,-1,19,26,4,-1,4,26,27,-1,4,27,6,-1,
        ]
    }
}
Shape{
    appearance Appearance {
        material  Material 	{
            diffuseColor 0.13725490196078433 0.32941176470588235 0.7019607843137254
            specularColor 0.011764705882352941 0.023529411764705882 0.050980392156862744
            ambientIntensity 0.4489
            transparency 0.0
            shininess 0.5
        }
    }
    geometry IndexedFaceSet {
        ccw TRUE
        solid FALSE
        coord DEF co Coordinate {
            point [
                -1.7126 0.3937 0.0, -1.7126 0.3937 0.3937, -2.2244 0.3937 0.0, -2.2244 0.3937 0.3937, -1.7126 -0.9055 0.3937, -1.7126 -1.4567 0.0, -1.7126 -1.4567 0.3937, -2.2244 -1.4567 0.0, -2.2244 -0.9055 0.3937, -2.2244 -1.4567 0.3937
            ]
        }
        coordIndex [
            0,1,2,-1,2,1,3,-1,1,0,4,-1,4,0,5,-1,4,5,6,-1,2,3,7,-1,7,3,8,-1,7,8,9,-1,
        ]
    }
}
Shape{
    appearance Appearance {
        material  Material 	{
            diffuseColor 0.6470588235294118 0.6196078431372549 0.5882352941176471
            specularColor 0.45098039215686275 0.43529411764705883 0.4117647058823529
            ambientIntensity 0.6242
            transparency 0.0
            shininess 0.5
        }
    }
    geometry IndexedFaceSet {
        ccw TRUE
        solid FALSE
        coord DEF co Coordinate {
            point [
                -1.9685 -0.1969 0.3937, -1.9176 -0.1901 -1.6535, -1.9176 -0.1901 0.3937, -1.8701 -0.1705 -1.6535, -1.8701 -0.1705 0.3937, -1.8293 -0.1392 -1.6535, -1.8293 -0.1392 0.3937, -1.798 -0.0984 -1.6535, -1.798 -0.0984 0.3937, -1.7784 -0.051 -1.6535, -1.7784 -0.051 0.3937, -1.7717 -0.0 -1.6535, -1.7717 -0.0 0.3937, -1.7784 0.0509 -1.6535, -1.7784 0.0509 0.3937, -1.798 0.0984 -1.6535, -1.798 0.0984 0.3937, -1.8293 0.1392 -1.6535, -1.8293 0.1392 0.3937, -1.8701 0.1705 -1.6535, -1.8701 0.1705 0.3937, -1.9176 0.1901 -1.6535, -1.9176 0.1901 0.3937, -1.9685 0.1968 -1.6535, -1.9685 0.1968 0.3937, -2.0195 0.1901 -1.6535, -2.0195 0.1901 0.3937, -2.0669 0.1705 -1.6535, -2.0669 0.1705 0.3937, -2.1077 0.1392 -1.6535, -2.1077 0.1392 0.3937, -2.139 0.0984 -1.6535, -2.139 0.0984 0.3937, -2.1586 0.0509 -1.6535, -2.1586 0.0509 0.3937, -2.1654 -0.0 -1.6535, -2.1654 -0.0 0.3937, -2.1586 -0.051 -1.6535, -2.1586 -0.051 0.3937, -2.139 -0.0984 -1.6535, -2.139 -0.0984 0.3937, -2.1077 -0.1392 -1.6535, -2.1077 -0.1392 0.3937, -2.0669 -0.1705 -1.6535, -2.0669 -0.1705 0.3937, -2.0195 -0.1901 -1.6535, -2.0195 -0.1901 0.3937, -1.9685 -0.1969 -1.6535, -1.9685 -0.0 -1.6535, -2.566 -0.2155 3.3465, -2.5184 -0.2807 3.3465, -2.5134 -0.2763 3.3974, -2.4501 -0.3469 3.3465, -2.4291 -0.3674 3.3465, -2.4248 -0.3622 3.3974, -2.3063 -0.4467 3.3465, -2.213 -0.4893 3.3465, -2.2107 -0.4829 3.3974, -1.7949 -0.5078 3.3465, -1.724 -0.4893 3.3465, -1.7263 -0.4829 3.3974, -1.6307 -0.4467 3.3465, -1.6108 -0.4376 3.3465, -1.6141 -0.4318 3.3974, -1.4869 -0.3469 3.3465, -1.4186 -0.2807 3.3465, -1.4237 -0.2763 3.3974, -2.6068 0.0394 3.4978, -2.6196 0.0394 3.4849, -2.5931 -0.0475 3.4857, -2.6468 -0.0685 3.3465, -2.6406 -0.066 3.3974, -2.649 -0.0613 3.3465, -2.6775 0.0394 3.3748, -2.6796 0.0394 3.3465, -2.6506 0.0394 3.4481, -2.6523 0.0394 3.4447, -2.6222 -0.0589 3.4449, -2.6686 0.0394 3.4108, -2.6719 0.0394 3.3972, -2.6364 0.0394 3.4682, -2.5109 -0.0153 3.5366, -2.5489 0.0394 3.5305, -2.5551 -0.0326 3.5169, -2.578 0.0394 3.5162, -2.5871 0.0394 3.5118, -2.4761 0.0394 3.5433, -2.4826 0.0394 3.5432, -2.4635 0.0032 3.5433, -2.5254 0.0394 3.5376, -2.5292 0.0394 3.5364, -1.4609 0.0394 3.5433, -1.4735 0.0032 3.5433, -1.418 0.0394 3.539, -1.4261 -0.0153 3.5366, -1.3587 0.0394 3.5167, -1.3625 0.0394 3.5191, -1.3819 -0.0326 3.5169, -1.4018 0.0394 3.535, -1.4078 0.0394 3.5365, -1.3375 0.0394 3.5034, -1.3439 -0.0475 3.4857, -1.3173 0.0394 3.485, -1.3066 0.0394 3.4753, -1.3148 -0.0589 3.4449, -1.2899 0.0394 3.4536, -1.2964 -0.066 3.3974, -1.2708 0.0394 3.417, -1.2852 0.0394 3.4445, -1.2902 -0.0685 3.3465, -1.288 -0.0613 3.3465, -1.2574 0.0394 3.3465, -1.2575 0.0394 3.352, -1.263 0.0394 3.3927, -1.2645 0.0394 3.3973, -1.5137 -0.0782 3.5433, -1.5672 -0.1517 3.5433, -1.4701 -0.1046 3.5366, -1.5287 -0.1851 3.5366, -1.4295 -0.1292 3.5169, -1.4929 -0.2162 3.5169, -1.3946 -0.1503 3.4857, -1.4621 -0.2429 3.4857, -1.3679 -0.1665 3.4449, -1.4385 -0.2634 3.4449, -1.351 -0.1766 3.3974, -2.059 -0.3269 3.5433, -2.1469 -0.3038 3.5433, -2.0677 -0.3771 3.5366, -2.164 -0.3518 3.5366, -2.0758 -0.4239 3.5169, -2.1799 -0.3965 3.5169, -2.0827 -0.464 3.4857, -2.1936 -0.4349 3.4857, -2.0881 -0.4949 3.4449, -2.2041 -0.4644 3.4449, -2.0914 -0.5143 3.3974, -1.3453 -0.1801 3.3465, -1.3711 -0.2155 3.3465, -1.508 -0.3674 3.3465, -1.5122 -0.3622 3.3974, -1.5246 -0.347 3.4449, -1.5444 -0.3227 3.4857, -1.5702 -0.2912 3.5169, -1.6002 -0.2544 3.5366, -1.6324 -0.2149 3.5433, -1.7075 -0.2661 3.5433, -1.6824 -0.3105 3.5366, -1.6591 -0.3519 3.5169, -1.6391 -0.3874 3.4857, -1.6237 -0.4146 3.4449, -1.7329 -0.4644 3.4449, -1.7434 -0.4349 3.4857, -1.7571 -0.3965 3.5169, -1.773 -0.3518 3.5366, -1.7901 -0.3038 3.5433, -1.8445 -0.5209 3.3465, -1.8456 -0.5143 3.3974, -1.849 -0.4949 3.4449, -1.8543 -0.464 3.4857, -1.8612 -0.4239 3.5169, -1.8693 -0.3771 3.5366, -1.878 -0.3269 3.5433, -1.9685 -0.3347 3.5433, -1.9685 -0.3856 3.5366, -1.9685 -0.4331 3.5169, -1.9685 -0.4738 3.4857, -1.9685 -0.5051 3.4449, -1.9685 -0.5248 3.3974, -1.9685 -0.5315 3.3465, -2.0925 -0.5209 3.3465, -2.1422 -0.5078 3.3465, -2.3262 -0.4376 3.3465, -2.3229 -0.4318 3.3974, -2.3133 -0.4146 3.4449, -2.2979 -0.3874 3.4857, -2.2779 -0.3519 3.5169, -2.2546 -0.3105 3.5366, -2.2295 -0.2661 3.5433, -2.3046 -0.2149 3.5433, -2.3368 -0.2544 3.5366, -2.3668 -0.2912 3.5169, -2.3926 -0.3227 3.4857, -2.4124 -0.347 3.4449, -2.4985 -0.2634 3.4449, -2.4749 -0.2429 3.4857, -2.4441 -0.2162 3.5169, -2.4083 -0.1851 3.5366, -2.3698 -0.1517 3.5433, -2.5917 -0.1801 3.3465, -2.586 -0.1766 3.3974, -2.5692 -0.1665 3.4449, -2.5424 -0.1503 3.4857, -2.5075 -0.1292 3.5169, -2.4669 -0.1046 3.5366, -2.4233 -0.0782 3.5433, -1.811 -0.1181 3.2283, -1.811 -0.1239 3.2282, -1.811 -0.1181 3.5433, -1.811 -0.1598 3.2219, -1.811 -0.2953 3.2283, -1.811 -0.2953 3.5433, -1.811 -0.2099 3.2283, -1.811 -0.1673 3.2237, -2.126 -0.2953 3.2283, -2.126 -0.2953 3.5433, -2.126 -0.1239 3.2282, -2.126 -0.1181 3.2283, -2.126 -0.1181 3.5433, -2.126 -0.1598 3.2219, -2.126 -0.1673 3.2237, -2.126 -0.2099 3.2283, -2.126 0.689 3.2283, -1.811 0.689 3.2283, -2.126 0.689 3.5433, -1.811 0.689 3.5433, -1.811 0.5176 3.2282, -1.811 0.5118 3.2283, -1.811 0.5118 3.5433, -1.811 0.5535 3.2219, -1.811 0.561 3.2237, -1.811 0.6036 3.2283, -2.126 0.5118 3.2283, -2.126 0.5176 3.2282, -2.126 0.5118 3.5433, -2.126 0.5535 3.2219, -2.126 0.6036 3.2283, -2.126 0.561 3.2237, -1.6478 0.0394 3.2282, -1.6535 0.0394 3.2283, -1.6535 0.0394 3.5433, -1.2574 0.0394 3.2283, -1.5618 0.0394 3.2283, -1.6118 0.0394 3.2219, -1.6044 0.0394 3.2237, -1.6535 0.3543 3.5433, -1.6535 0.3543 3.2283, -1.6478 0.3543 3.2282, -1.6118 0.3543 3.2219, -1.6044 0.3543 3.2237, -1.5618 0.3543 3.2283, -1.3587 0.3543 3.5167, -1.3375 0.3543 3.5034, -1.3173 0.3543 3.485, -1.2708 0.3543 3.417, -1.2852 0.3543 3.4445, -1.3625 0.3543 3.5191, -1.4018 0.3543 3.535, -1.4078 0.3543 3.5365, -1.418 0.3543 3.539, -1.4609 0.3543 3.5433, -1.2574 0.3543 3.2283, -1.2574 0.3543 3.3465, -1.2575 0.3543 3.352, -1.263 0.3543 3.3927, -1.2645 0.3543 3.3973, -1.2899 0.3543 3.4536, -1.3066 0.3543 3.4753, -2.2835 0.0394 3.2283, -2.2892 0.0394 3.2282, -2.2835 0.0394 3.5433, -2.3252 0.0394 3.2219, -2.3327 0.0394 3.2237, -2.3753 0.0394 3.2283, -2.6796 0.0394 3.2283, -2.2892 0.3543 3.2282, -2.2835 0.3543 3.2283, -2.2835 0.3543 3.5433, -2.6686 0.3543 3.4108, -2.6719 0.3543 3.3972, -2.3753 0.3543 3.2283, -2.6364 0.3543 3.4682, -2.6506 0.3543 3.4481, -2.6523 0.3543 3.4447, -2.6775 0.3543 3.3748, -2.6796 0.3543 3.3465, -2.6796 0.3543 3.2283, -2.3252 0.3543 3.2219, -2.3327 0.3543 3.2237, -2.4761 0.3543 3.5433, -2.4826 0.3543 3.5432, -2.5489 0.3543 3.5305, -2.578 0.3543 3.5162, -2.5871 0.3543 3.5118, -2.5254 0.3543 3.5376, -2.5292 0.3543 3.5364, -2.6068 0.3543 3.4978, -2.6196 0.3543 3.4849, -2.2525 0.0363 3.2283, -2.2427 0.034 3.5433, -2.243 0.0332 3.2283, -2.2174 0.0248 3.2283, -2.2047 0.0183 3.5433, -2.2053 0.0174 3.2283, -2.1859 0.0055 3.2283, -2.1721 -0.0068 3.5433, -2.1729 -0.0075 3.2283, -2.1598 -0.0206 3.2283, -2.1471 -0.0394 3.5433, -2.148 -0.0399 3.2283, -2.1405 -0.052 3.2283, -2.1314 -0.0774 3.5433, -2.1322 -0.0776 3.2283, -2.1291 -0.0871 3.2283, -1.6846 0.0363 3.2283, -1.6943 0.034 3.5433, -1.694 0.0332 3.2283, -1.7196 0.0248 3.2283, -1.7323 0.0183 3.5433, -1.7317 0.0174 3.2283, -1.7511 0.0055 3.2283, -1.7649 -0.0068 3.5433, -1.7641 -0.0075 3.2283, -1.7772 -0.0206 3.2283, -1.7899 -0.0394 3.5433, -1.789 -0.0399 3.2283, -1.7965 -0.052 3.2283, -1.8057 -0.0774 3.5433, -1.8079 -0.0871 3.2283, -1.8048 -0.0776 3.2283, -1.6846 0.3574 3.2283, -1.6943 0.3597 3.5433, -1.694 0.3605 3.2283, -1.7196 0.3689 3.2283, -1.7323 0.3754 3.5433, -1.7317 0.3763 3.2283, -1.7511 0.3882 3.2283, -1.7649 0.4005 3.5433, -1.7641 0.4012 3.2283, -1.7772 0.4143 3.2283, -1.7899 0.4331 3.5433, -1.789 0.4336 3.2283, -1.7965 0.4457 3.2283, -1.8057 0.471 3.5433, -1.8048 0.4713 3.2283, -1.8079 0.4808 3.2283, -2.2525 0.3574 3.2283, -2.2427 0.3597 3.5433, -2.243 0.3605 3.2283, -2.2174 0.3689 3.2283, -2.2047 0.3754 3.5433, -2.2053 0.3763 3.2283, -2.1859 0.3882 3.2283, -2.1721 0.4005 3.5433, -2.1729 0.4012 3.2283, -2.1598 0.4143 3.2283, -2.1471 0.4331 3.5433, -2.148 0.4336 3.2283, -2.1405 0.4457 3.2283, -2.1314 0.471 3.5433, -2.1291 0.4808 3.2283, -2.1322 0.4713 3.2283, -2.2245 0.3035 3.158, -2.2245 0.0902 3.158, -2.1696 0.2655 3.0926, -2.1696 0.1282 3.0926, -2.0472 0.1968 2.9468, -1.9685 0.2628 2.9372, -1.9685 0.2313 2.9134, -2.003 0.1968 2.9134, -2.0345 0.1968 2.9372, -2.2442 0.3163 3.1784, -2.2563 0.3221 3.1864, -2.2898 0.3381 3.2088, -2.2921 0.3391 3.2097, -2.0866 0.4716 3.176, -2.0939 0.4838 3.1877, -2.1096 0.518 3.2085, -2.1107 0.5204 3.2099, -2.0752 0.4528 3.158, -1.9685 0.2756 2.9468, -2.0372 0.3979 3.0926, -1.8618 0.4528 3.158, -1.8999 0.3979 3.0926, -1.9341 0.1968 2.9134, -1.6937 0.3149 3.176, -1.6816 0.3223 3.1877, -1.6473 0.338 3.2085, -1.6449 0.3391 3.2099, -1.7125 0.3035 3.158, -1.8262 0.5205 3.2097, -1.8273 0.5182 3.2088, -1.8433 0.4846 3.1864, -1.8491 0.4725 3.1784, -1.9025 0.1968 2.9372, -1.8898 0.1968 2.9468, -1.7674 0.2655 3.0926, -1.7125 0.0902 3.158, -1.7674 0.1282 3.0926, -1.9685 0.1309 2.9372, -1.9685 0.1624 2.9134, -1.6928 0.0774 3.1784, -1.6808 0.0716 3.1864, -1.6472 0.0556 3.2088, -1.6449 0.0546 3.2097, -1.8505 -0.0779 3.176, -1.8431 -0.0901 3.1877, -1.8274 -0.1244 3.2085, -1.8263 -0.1267 3.2099, -1.8618 -0.0591 3.158, -1.9685 0.1181 2.9468, -1.8999 -0.0042 3.0926, -2.0752 -0.0591 3.158, -2.0372 -0.0042 3.0926, -2.2433 0.0788 3.176, -2.2554 0.0714 3.1877, -2.2897 0.0557 3.2085, -2.2921 0.0546 3.2099, -2.1108 -0.1268 3.2097, -2.1097 -0.1245 3.2088, -2.0937 -0.0909 3.1864, -2.088 -0.0788 3.1784
            ]
        }
        coordIndex [
            0,1,2,-1,2,1,3,-1,2,3,4,-1,4,3,5,-1,4,5,6,-1,6,5,7,-1,6,7,8,-1,8,7,9,-1,8,9,10,-1,10,9,11,-1,10,11,12,-1,12,11,13,-1,12,13,14,-1,14,13,15,-1,14,15,16,-1,16,15,17,-1,16,17,18,-1,18,17,19,-1,18,19,20,-1,20,19,21,-1,20,21,22,-1,22,21,23,-1,22,23,24,-1,24,23,25,-1,24,25,26,-1,26,25,27,-1,26,27,28,-1,28,27,29,-1,28,29,30,-1,30,29,31,-1,30,31,32,-1,32,31,33,-1,32,33,34,-1,34,33,35,-1,34,35,36,-1,36,35,37,-1,36,37,38,-1,38,37,39,-1,38,39,40,-1,40,39,41,-1,40,41,42,-1,42,41,43,-1,42,43,44,-1,44,43,45,-1,44,45,46,-1,46,45,47,-1,46,47,0,-1,0,47,1,-1,3,1,48,-1,48,1,47,-1,48,47,45,-1,9,7,48,-1,48,7,5,-1,48,5,3,-1,15,13,48,-1,48,13,11,-1,48,11,9,-1,21,19,48,-1,48,19,17,-1,48,17,15,-1,27,25,48,-1,48,25,23,-1,48,23,21,-1,33,31,48,-1,48,31,29,-1,48,29,27,-1,39,37,48,-1,48,37,35,-1,48,35,33,-1,45,43,48,-1,48,43,41,-1,48,41,39,-1,49,50,51,-1,52,53,54,-1,55,56,57,-1,58,59,60,-1,61,62,63,-1,64,65,66,-1,67,68,69,-1,70,71,72,-1,72,71,73,-1,72,73,74,-1,75,76,77,-1,77,76,78,-1,77,78,71,-1,71,78,79,-1,71,79,73,-1,69,68,77,-1,77,68,80,-1,77,80,75,-1,81,82,83,-1,83,82,84,-1,83,84,69,-1,69,84,85,-1,69,85,67,-1,86,87,88,-1,88,87,89,-1,88,89,81,-1,81,89,90,-1,81,90,82,-1,91,92,93,-1,93,92,94,-1,95,96,97,-1,97,96,98,-1,97,98,94,-1,94,98,99,-1,94,99,93,-1,95,97,100,-1,100,97,101,-1,100,101,102,-1,102,101,103,-1,103,101,104,-1,103,104,105,-1,106,107,104,-1,104,107,108,-1,104,108,105,-1,106,109,110,-1,111,112,110,-1,110,112,113,-1,110,113,106,-1,106,113,114,-1,106,114,107,-1,115,116,117,-1,117,116,118,-1,117,118,119,-1,119,118,120,-1,119,120,121,-1,121,120,122,-1,121,122,123,-1,123,122,124,-1,123,124,125,-1,125,124,66,-1,126,127,128,-1,128,127,129,-1,128,129,130,-1,130,129,131,-1,130,131,132,-1,132,131,133,-1,132,133,134,-1,134,133,135,-1,134,135,136,-1,136,135,57,-1,92,115,94,-1,94,115,117,-1,94,117,97,-1,97,117,119,-1,97,119,101,-1,101,119,121,-1,101,121,104,-1,104,121,123,-1,104,123,106,-1,106,123,125,-1,106,125,109,-1,109,125,137,-1,66,65,125,-1,125,65,138,-1,125,138,137,-1,139,64,140,-1,140,64,66,-1,140,66,141,-1,141,66,124,-1,141,124,142,-1,142,124,122,-1,142,122,143,-1,143,122,120,-1,143,120,144,-1,144,120,118,-1,144,118,145,-1,145,118,116,-1,145,146,144,-1,144,146,147,-1,144,147,143,-1,143,147,148,-1,143,148,142,-1,142,148,149,-1,142,149,141,-1,141,149,150,-1,141,150,140,-1,140,150,63,-1,140,63,139,-1,139,63,62,-1,59,61,60,-1,60,61,63,-1,60,63,151,-1,151,63,150,-1,151,150,152,-1,152,150,149,-1,152,149,153,-1,153,149,148,-1,153,148,154,-1,154,148,147,-1,154,147,155,-1,155,147,146,-1,156,58,157,-1,157,58,60,-1,157,60,158,-1,158,60,151,-1,158,151,159,-1,159,151,152,-1,159,152,160,-1,160,152,153,-1,160,153,161,-1,161,153,154,-1,161,154,162,-1,162,154,155,-1,162,163,161,-1,161,163,164,-1,161,164,160,-1,160,164,165,-1,160,165,159,-1,159,165,166,-1,159,166,158,-1,158,166,167,-1,158,167,157,-1,157,167,168,-1,157,168,156,-1,156,168,169,-1,163,126,164,-1,164,126,128,-1,164,128,165,-1,165,128,130,-1,165,130,166,-1,166,130,132,-1,166,132,167,-1,167,132,134,-1,167,134,168,-1,168,134,136,-1,168,136,169,-1,169,136,170,-1,57,56,136,-1,136,56,171,-1,136,171,170,-1,172,55,173,-1,173,55,57,-1,173,57,174,-1,174,57,135,-1,174,135,175,-1,175,135,133,-1,175,133,176,-1,176,133,131,-1,176,131,177,-1,177,131,129,-1,177,129,178,-1,178,129,127,-1,178,179,177,-1,177,179,180,-1,177,180,176,-1,176,180,181,-1,176,181,175,-1,175,181,182,-1,175,182,174,-1,174,182,183,-1,174,183,173,-1,173,183,54,-1,173,54,172,-1,172,54,53,-1,50,52,51,-1,51,52,54,-1,51,54,184,-1,184,54,183,-1,184,183,185,-1,185,183,182,-1,185,182,186,-1,186,182,181,-1,186,181,187,-1,187,181,180,-1,187,180,188,-1,188,180,179,-1,189,49,190,-1,190,49,51,-1,190,51,191,-1,191,51,184,-1,191,184,192,-1,192,184,185,-1,192,185,193,-1,193,185,186,-1,193,186,194,-1,194,186,187,-1,194,187,195,-1,195,187,188,-1,195,88,194,-1,194,88,81,-1,194,81,193,-1,193,81,83,-1,193,83,192,-1,192,83,69,-1,192,69,191,-1,191,69,77,-1,191,77,190,-1,190,77,71,-1,190,71,189,-1,189,71,70,-1,196,197,198,-1,198,197,199,-1,200,201,202,-1,202,201,198,-1,202,198,203,-1,203,198,199,-1,200,204,201,-1,201,204,205,-1,206,207,208,-1,208,205,204,-1,209,206,210,-1,210,206,208,-1,210,208,211,-1,211,208,204,-1,212,213,214,-1,214,213,215,-1,216,217,218,-1,218,215,213,-1,219,216,220,-1,220,216,218,-1,220,218,221,-1,221,218,213,-1,222,223,224,-1,224,223,225,-1,212,214,226,-1,226,214,224,-1,226,224,227,-1,227,224,225,-1,228,229,230,-1,111,231,232,-1,93,99,232,-1,107,114,232,-1,233,228,234,-1,234,228,230,-1,234,230,232,-1,232,230,91,-1,232,91,93,-1,99,98,232,-1,232,98,96,-1,232,96,95,-1,95,100,232,-1,232,100,102,-1,232,102,103,-1,103,105,232,-1,232,105,108,-1,232,108,107,-1,114,113,232,-1,232,113,112,-1,232,112,111,-1,235,236,237,-1,237,238,235,-1,235,238,239,-1,235,239,240,-1,241,240,242,-1,242,240,243,-1,244,245,240,-1,241,246,240,-1,240,246,247,-1,240,247,248,-1,248,249,240,-1,240,249,250,-1,240,250,235,-1,251,252,240,-1,240,252,253,-1,253,254,240,-1,240,254,255,-1,240,255,244,-1,245,256,240,-1,240,256,257,-1,240,257,243,-1,258,259,260,-1,260,259,261,-1,261,262,260,-1,260,262,263,-1,260,263,86,-1,263,264,74,-1,74,73,263,-1,263,73,79,-1,263,79,78,-1,78,76,263,-1,263,76,75,-1,263,75,80,-1,80,68,263,-1,263,68,67,-1,263,67,85,-1,85,84,263,-1,263,84,82,-1,263,82,90,-1,90,89,263,-1,263,89,87,-1,263,87,86,-1,265,266,267,-1,268,269,270,-1,271,272,270,-1,270,272,273,-1,270,273,268,-1,269,274,270,-1,270,274,275,-1,270,275,276,-1,277,265,278,-1,278,265,267,-1,278,267,270,-1,270,267,279,-1,270,279,280,-1,281,282,270,-1,270,282,283,-1,280,284,270,-1,270,284,285,-1,270,285,281,-1,283,286,270,-1,270,286,287,-1,270,287,271,-1,258,260,288,-1,288,260,289,-1,288,289,290,-1,290,289,291,-1,291,289,292,-1,291,292,293,-1,293,292,294,-1,294,292,295,-1,294,295,296,-1,296,295,297,-1,297,295,298,-1,297,298,299,-1,299,298,300,-1,300,298,301,-1,300,301,302,-1,302,301,303,-1,303,301,208,-1,303,208,207,-1,229,304,230,-1,230,304,305,-1,304,306,305,-1,305,306,307,-1,305,307,308,-1,307,309,308,-1,308,309,310,-1,308,310,311,-1,310,312,311,-1,311,312,313,-1,311,313,314,-1,313,315,314,-1,314,315,316,-1,314,316,317,-1,196,198,318,-1,318,198,317,-1,318,317,319,-1,319,317,316,-1,236,235,320,-1,320,235,321,-1,320,321,322,-1,322,321,323,-1,323,321,324,-1,323,324,325,-1,325,324,326,-1,326,324,327,-1,326,327,328,-1,328,327,329,-1,329,327,330,-1,329,330,331,-1,331,330,332,-1,332,330,333,-1,332,333,334,-1,334,333,335,-1,335,333,218,-1,335,218,217,-1,266,336,267,-1,267,336,337,-1,336,338,337,-1,337,338,339,-1,337,339,340,-1,339,341,340,-1,340,341,342,-1,340,342,343,-1,342,344,343,-1,343,344,345,-1,343,345,346,-1,345,347,346,-1,346,347,348,-1,346,348,349,-1,222,224,350,-1,350,224,349,-1,350,349,351,-1,351,349,348,-1,352,353,354,-1,354,353,355,-1,354,355,356,-1,357,345,344,-1,358,357,359,-1,359,357,344,-1,359,344,360,-1,360,344,342,-1,360,342,356,-1,356,342,341,-1,356,341,354,-1,354,341,339,-1,354,339,352,-1,352,339,338,-1,352,338,361,-1,361,338,336,-1,361,336,362,-1,362,336,266,-1,362,266,363,-1,363,266,265,-1,363,265,364,-1,364,265,277,-1,350,365,366,-1,350,366,222,-1,222,366,367,-1,222,367,223,-1,223,367,368,-1,223,368,225,-1,365,350,369,-1,369,350,351,-1,369,351,348,-1,345,357,347,-1,347,357,370,-1,347,370,348,-1,348,370,371,-1,348,371,369,-1,372,369,373,-1,373,369,371,-1,373,371,370,-1,357,358,374,-1,320,375,376,-1,320,376,236,-1,236,376,377,-1,236,377,237,-1,237,377,378,-1,237,378,238,-1,375,320,379,-1,379,320,322,-1,379,322,323,-1,219,380,216,-1,216,380,381,-1,216,381,217,-1,217,381,382,-1,217,382,335,-1,335,382,383,-1,335,383,334,-1,334,383,372,-1,334,372,332,-1,332,372,373,-1,332,373,331,-1,331,373,370,-1,331,370,329,-1,329,370,357,-1,329,357,328,-1,328,357,374,-1,328,374,326,-1,326,374,384,-1,326,384,325,-1,325,384,385,-1,325,385,323,-1,323,385,386,-1,323,386,379,-1,387,379,388,-1,388,379,386,-1,388,386,385,-1,389,313,312,-1,390,389,374,-1,374,389,312,-1,374,312,384,-1,384,312,310,-1,384,310,385,-1,385,310,309,-1,385,309,388,-1,388,309,307,-1,388,307,387,-1,387,307,306,-1,387,306,391,-1,391,306,304,-1,391,304,392,-1,392,304,229,-1,392,229,393,-1,393,229,228,-1,393,228,394,-1,394,228,233,-1,318,395,396,-1,318,396,196,-1,196,396,397,-1,196,397,197,-1,197,397,398,-1,197,398,199,-1,395,318,399,-1,399,318,319,-1,399,319,316,-1,313,389,315,-1,315,389,400,-1,315,400,316,-1,316,400,401,-1,316,401,399,-1,402,399,403,-1,403,399,401,-1,403,401,400,-1,389,390,359,-1,288,404,405,-1,288,405,258,-1,258,405,406,-1,258,406,259,-1,259,406,407,-1,259,407,261,-1,404,288,353,-1,353,288,290,-1,353,290,291,-1,209,408,206,-1,206,408,409,-1,206,409,207,-1,207,409,410,-1,207,410,303,-1,303,410,411,-1,303,411,302,-1,302,411,402,-1,302,402,300,-1,300,402,403,-1,300,403,299,-1,299,403,400,-1,299,400,297,-1,297,400,389,-1,297,389,296,-1,296,389,359,-1,296,359,294,-1,294,359,360,-1,294,360,293,-1,293,360,356,-1,293,356,291,-1,291,356,355,-1,291,355,353,-1,374,358,390,-1,390,358,359,-1,211,202,203,-1,410,396,395,-1,410,395,411,-1,411,395,399,-1,411,399,402,-1,396,410,397,-1,397,410,409,-1,397,409,398,-1,398,409,408,-1,398,408,199,-1,199,408,209,-1,199,209,203,-1,203,209,210,-1,203,210,211,-1,232,240,239,-1,392,376,375,-1,392,375,391,-1,391,375,379,-1,391,379,387,-1,376,392,377,-1,377,392,393,-1,377,393,378,-1,378,393,394,-1,378,394,238,-1,238,394,233,-1,238,233,239,-1,239,233,234,-1,239,234,232,-1,270,263,262,-1,362,405,404,-1,362,404,361,-1,361,404,353,-1,361,353,352,-1,405,362,406,-1,406,362,363,-1,406,363,407,-1,407,363,364,-1,407,364,261,-1,261,364,277,-1,261,277,262,-1,262,277,278,-1,262,278,270,-1,221,226,227,-1,382,366,365,-1,382,365,383,-1,383,365,369,-1,383,369,372,-1,366,382,367,-1,367,382,381,-1,367,381,368,-1,368,381,380,-1,368,380,225,-1,225,380,219,-1,225,219,227,-1,227,219,220,-1,227,220,221,-1,
        ]
    }
}
Shape{
    appearance Appearance {
        material  Material 	{
            diffuseColor 0.13725490196078433 0.32941176470588235 0.7019607843137254
            specularColor 0.011764705882352941 0.023529411764705882 0.050980392156862744
            ambientIntensity 0.4489
            transparency 0.0
            shininess 0.5
        }
    }
    geometry IndexedFaceSet {
        ccw TRUE
        solid FALSE
        coord DEF co Coordinate {
            point [
                -2.7953 0.9842 0.0, -2.7953 0.9842 2.3622, -2.9528 0.9842 0.0, -2.9528 0.9842 2.3622, -2.7953 0.5905 2.3622, -2.9528 0.5905 2.3622, -2.7953 0.5905 0.0, -2.9528 0.5905 0.0
            ]
        }
        coordIndex [
            0,1,2,-1,2,1,3,-1,1,4,3,-1,3,4,5,-1,4,6,5,-1,5,6,7,-1,4,1,6,-1,6,1,0,-1,
        ]
    }
}
Shape{
    appearance Appearance {
        material  Material 	{
            diffuseColor 0.6470588235294118 0.6196078431372549 0.5882352941176471
            specularColor 0.45098039215686275 0.43529411764705883 0.4117647058823529
            ambientIntensity 0.6242
            transparency 0.0
            shininess 0.5
        }
    }
    geometry IndexedFaceSet {
        ccw TRUE
        solid FALSE
        coord DEF co Coordinate {
            point [
                1.2574 0.0394 3.2283, 1.5618 0.0394 3.2283, 1.2455 0.1091 3.2283, 1.5618 0.3543 3.2283, 1.2455 0.2846 3.2283, 1.2574 0.3543 3.2283, 2.126 0.6036 3.2283, 2.126 0.689 3.2283, 1.811 0.6036 3.2283, 1.811 0.689 3.2283, 2.6915 0.2846 3.2283, 2.6796 0.3543 3.2283, 2.3753 0.3543 3.2283, 2.6915 0.1091 3.2283, 2.3753 0.0394 3.2283, 2.6796 0.0394 3.2283, 1.811 -0.2099 3.2283, 1.811 -0.2953 3.2283, 2.126 -0.2099 3.2283, 2.126 -0.2953 3.2283, 1.4735 0.3904 3.5433, 1.4609 0.3543 3.5433, 1.6535 0.3543 3.5433, 2.059 0.7206 3.5433, 1.9685 0.7283 3.5433, 1.811 0.689 3.5433, 1.7649 0.4005 3.5433, 1.7899 0.4331 3.5433, 1.5672 0.5453 3.5433, 1.8057 0.471 3.5433, 1.811 0.5118 3.5433, 1.6324 0.6086 3.5433, 1.878 0.7206 3.5433, 1.7901 0.6975 3.5433, 1.7075 0.6598 3.5433, 2.1469 0.6975 3.5433, 2.126 0.689 3.5433, 2.2295 0.6598 3.5433, 2.126 0.5118 3.5433, 2.3046 0.6086 3.5433, 1.5137 0.4719 3.5433, 1.6943 0.3597 3.5433, 1.7323 0.3754 3.5433, 2.3698 0.5453 3.5433, 2.1314 0.471 3.5433, 2.1471 0.4331 3.5433, 2.1721 0.4005 3.5433, 2.2047 0.3754 3.5433, 2.4233 0.4719 3.5433, 2.2427 0.3597 3.5433, 2.4635 0.3904 3.5433, 2.2835 0.3543 3.5433, 2.4761 0.3543 3.5433, 2.566 0.6092 3.3465, 2.5184 0.6744 3.3465, 2.5134 0.67 3.3974, 2.4501 0.7406 3.3465, 2.4291 0.7611 3.3465, 2.4248 0.7559 3.3974, 2.3063 0.8404 3.3465, 2.213 0.8829 3.3465, 2.2107 0.8766 3.3974, 1.7949 0.9015 3.3465, 1.724 0.8829 3.3465, 1.7263 0.8766 3.3974, 1.6307 0.8404 3.3465, 1.6108 0.8313 3.3465, 1.6141 0.8254 3.3974, 1.4869 0.7406 3.3465, 1.4186 0.6744 3.3465, 1.4237 0.67 3.3974, 2.649 0.455 3.3465, 2.6468 0.4622 3.3465, 2.6406 0.4597 3.3974, 1.4544 0.3543 3.5432, 1.4116 0.3543 3.5376, 1.4261 0.409 3.5366, 1.4078 0.3543 3.5364, 1.3881 0.3543 3.5305, 1.3819 0.4263 3.5169, 1.359 0.3543 3.5162, 1.3499 0.3543 3.5118, 1.3439 0.4412 3.4857, 1.3302 0.3543 3.4978, 1.2848 0.3543 3.4447, 1.2864 0.3543 3.4481, 1.3148 0.4525 3.4449, 1.3006 0.3543 3.4682, 1.3174 0.3543 3.4849, 1.2685 0.3543 3.4108, 1.2964 0.4597 3.3974, 1.2651 0.3543 3.3972, 1.2902 0.4622 3.3465, 1.288 0.455 3.3465, 1.2595 0.3543 3.3748, 1.2574 0.3543 3.3465, 2.674 0.3543 3.3927, 2.6795 0.3543 3.352, 2.6796 0.3543 3.3465, 2.6471 0.3543 3.4536, 2.6518 0.3543 3.4445, 2.6222 0.4525 3.4449, 2.6662 0.3543 3.417, 2.6725 0.3543 3.3973, 2.5551 0.4263 3.5169, 2.5995 0.3543 3.5034, 2.5931 0.4412 3.4857, 2.6197 0.3543 3.485, 2.6304 0.3543 3.4753, 2.5352 0.3543 3.535, 2.5745 0.3543 3.5191, 2.5783 0.3543 3.5167, 2.5292 0.3543 3.5365, 2.5109 0.409 3.5366, 2.519 0.3543 3.539, 1.4701 0.4983 3.5366, 1.5287 0.5788 3.5366, 1.4295 0.5229 3.5169, 1.4929 0.6099 3.5169, 1.3946 0.544 3.4857, 1.4621 0.6366 3.4857, 1.3679 0.5601 3.4449, 1.4385 0.6571 3.4449, 1.351 0.5703 3.3974, 2.0677 0.7708 3.5366, 2.164 0.7455 3.5366, 2.0758 0.8176 3.5169, 2.1799 0.7902 3.5169, 2.0827 0.8577 3.4857, 2.1936 0.8286 3.4857, 2.0881 0.8886 3.4449, 2.2041 0.8581 3.4449, 2.0914 0.9079 3.3974, 1.3453 0.5738 3.3465, 1.3711 0.6092 3.3465, 1.508 0.7611 3.3465, 1.5122 0.7559 3.3974, 1.5246 0.7407 3.4449, 1.5444 0.7164 3.4857, 1.5702 0.6848 3.5169, 1.6002 0.6481 3.5366, 1.6824 0.7042 3.5366, 1.6591 0.7456 3.5169, 1.6391 0.7811 3.4857, 1.6237 0.8083 3.4449, 1.7329 0.8581 3.4449, 1.7434 0.8286 3.4857, 1.7571 0.7902 3.5169, 1.773 0.7455 3.5366, 1.8445 0.9146 3.3465, 1.8456 0.9079 3.3974, 1.849 0.8886 3.4449, 1.8543 0.8577 3.4857, 1.8612 0.8176 3.5169, 1.8693 0.7708 3.5366, 1.9685 0.7793 3.5366, 1.9685 0.8268 3.5169, 1.9685 0.8675 3.4857, 1.9685 0.8988 3.4449, 1.9685 0.9185 3.3974, 1.9685 0.9252 3.3465, 2.0925 0.9146 3.3465, 2.1422 0.9015 3.3465, 2.3262 0.8313 3.3465, 2.3229 0.8254 3.3974, 2.3133 0.8083 3.4449, 2.2979 0.7811 3.4857, 2.2779 0.7456 3.5169, 2.2546 0.7042 3.5366, 2.3368 0.6481 3.5366, 2.3668 0.6848 3.5169, 2.3926 0.7164 3.4857, 2.4124 0.7407 3.4449, 2.4985 0.6571 3.4449, 2.4749 0.6366 3.4857, 2.4441 0.6099 3.5169, 2.4083 0.5788 3.5366, 2.5917 0.5738 3.3465, 2.586 0.5703 3.3974, 2.5692 0.5601 3.4449, 2.5424 0.544 3.4857, 2.5075 0.5229 3.5169, 2.4669 0.4983 3.5366, 1.6525 0.5211 1.9978, 1.6484 0.517 2.9528, 1.7153 0.5722 1.9941, 1.7421 0.5889 2.9528, 1.7421 0.5889 1.9908, 1.812 0.6217 1.9811, 1.8513 0.6342 2.9528, 1.8513 0.6342 1.9762, 1.9095 0.6457 1.971, 1.9685 0.6496 2.9528, 1.9685 0.6496 1.9691, 2.0279 0.6457 1.971, 2.0857 0.6342 2.9528, 2.0857 0.6342 1.9762, 2.125 0.6217 1.9811, 2.1949 0.5889 2.9528, 2.1949 0.5889 1.9908, 2.2887 -0.1233 2.9528, 2.3606 -0.0295 1.9858, 2.3606 -0.0295 2.9528, 2.4058 0.0797 1.9882, 2.4058 0.0797 2.9528, 2.4213 0.1968 1.9907, 2.4213 0.1968 2.9528, 2.4058 0.314 1.9933, 2.4058 0.314 2.9528, 2.3606 0.4232 1.9956, 2.3606 0.4232 2.9528, 2.2887 0.517 1.9977, 2.2887 0.517 2.9528, 2.2845 0.5211 1.9978, 2.2217 0.5722 1.9941, 2.1949 -0.1953 2.9528, 2.2441 -0.1624 1.9829, 2.2887 -0.1233 1.9838, 2.0857 -0.2405 2.9528, 2.1418 -0.2214 1.9816, 2.1949 -0.1953 1.9822, 1.9685 -0.2559 2.9528, 2.0276 -0.252 1.981, 2.0857 -0.2405 1.9812, 1.8513 -0.2405 2.9528, 1.9094 -0.252 1.981, 1.9685 -0.2559 1.9809, 1.7421 -0.1953 2.9528, 1.7952 -0.2214 1.9816, 1.8513 -0.2405 1.9812, 1.6484 0.517 1.9977, 1.5764 0.4232 1.9956, 1.5764 0.4232 2.9528, 1.5312 0.314 1.9933, 1.5312 0.314 2.9528, 1.5157 0.1968 1.9907, 1.5157 0.1968 2.9528, 1.5312 0.0797 1.9882, 1.5312 0.0797 2.9528, 1.5764 -0.0295 1.9858, 1.5764 -0.0295 2.9528, 1.6484 -0.1233 1.9838, 1.6484 -0.1233 2.9528, 1.6929 -0.1624 1.9829, 1.7421 -0.1953 1.9822, 2.4635 0.0032 3.5433, 2.4761 0.0394 3.5433, 2.2835 0.0394 3.5433, 1.811 -0.2953 3.5433, 1.7901 -0.3038 3.5433, 1.878 -0.3269 3.5433, 2.1721 -0.0068 3.5433, 2.1471 -0.0394 3.5433, 2.3698 -0.1517 3.5433, 2.2295 -0.2661 3.5433, 2.126 -0.1181 3.5433, 2.1469 -0.3038 3.5433, 2.126 -0.2953 3.5433, 2.059 -0.3269 3.5433, 1.9685 -0.3347 3.5433, 2.3046 -0.2149 3.5433, 2.1314 -0.0774 3.5433, 2.4233 -0.0782 3.5433, 2.2427 0.034 3.5433, 2.2047 0.0183 3.5433, 1.7075 -0.2661 3.5433, 1.811 -0.1181 3.5433, 1.6324 -0.2149 3.5433, 1.5672 -0.1517 3.5433, 1.8057 -0.0774 3.5433, 1.7899 -0.0394 3.5433, 1.7649 -0.0068 3.5433, 1.7323 0.0183 3.5433, 1.5137 -0.0782 3.5433, 1.6943 0.034 3.5433, 1.4735 0.0032 3.5433, 1.6535 0.0394 3.5433, 1.4609 0.0394 3.5433, 1.2455 0.1091 2.9528, 2.6915 0.2846 2.9528, 2.6796 0.0394 3.3465, 2.649 -0.0613 3.3465, 2.6495 -0.0614 2.9528, 2.6915 0.1091 2.9528, 2.6495 0.4551 2.9528, 1.2875 0.4551 2.9528, 1.2455 0.2846 2.9528, 1.2875 -0.0614 2.9528, 1.2574 0.0394 3.3465, 1.8445 -0.5209 3.3465, 1.7942 -0.5103 2.9528, 1.9685 -0.5315 2.9528, 1.6307 -0.4467 3.3465, 1.63 -0.4481 2.9528, 1.724 -0.4893 3.3465, 1.7949 -0.5078 3.3465, 1.6108 -0.4376 3.3465, 1.508 -0.3674 3.3465, 1.4855 -0.3483 2.9528, 1.3711 -0.2155 3.3465, 1.3691 -0.2169 2.9528, 1.4186 -0.2807 3.3465, 1.4869 -0.3469 3.3465, 1.3453 -0.1801 3.3465, 1.2902 -0.0685 3.3465, 1.288 -0.0613 3.3465, 1.3691 0.6106 2.9528, 1.4855 0.742 2.9528, 1.63 0.8418 2.9528, 1.7942 0.904 2.9528, 1.9685 0.9252 2.9528, 2.1428 0.904 2.9528, 2.307 0.8418 2.9528, 2.4515 0.742 2.9528, 2.5679 0.6106 2.9528, 2.6468 -0.0685 3.3465, 2.5917 -0.1801 3.3465, 2.5679 -0.2169 2.9528, 2.4501 -0.3469 3.3465, 2.4515 -0.3483 2.9528, 2.5184 -0.2807 3.3465, 2.566 -0.2155 3.3465, 2.4291 -0.3674 3.3465, 2.3262 -0.4376 3.3465, 2.307 -0.4481 2.9528, 2.3063 -0.4467 3.3465, 2.213 -0.4893 3.3465, 2.1428 -0.5103 2.9528, 2.1422 -0.5078 3.3465, 2.0925 -0.5209 3.3465, 1.9685 -0.5315 3.3465, 1.6543 0.5228 1.919, 1.4764 0.5228 1.919, 1.6571 0.5252 1.9189, 1.4764 0.5593 1.9164, 1.6972 0.5593 1.9164, 1.7484 0.5922 1.9078, 1.4764 0.5947 1.9071, 1.7523 0.5947 1.9071, 1.4764 0.6277 1.8914, 1.8294 0.6277 1.8914, 1.4764 0.6305 1.8898, 1.8384 0.6305 1.8898, 1.4764 0.6693 1.8667, 1.4764 0.7745 1.8042, 2.4606 0.6693 1.8667, 2.4606 0.7745 1.8042, 2.3518 0.4378 1.9172, 2.2827 0.5228 1.919, 2.4606 0.5228 1.919, 2.4606 -0.8239 1.8898, 2.0251 -0.2524 1.9022, 2.1349 -0.2242 1.9028, 1.9119 -0.2524 1.9022, 1.4764 -0.8239 1.8898, 1.8022 -0.2242 1.9028, 1.5593 0.0031 1.9077, 1.6202 -0.0924 1.9057, 1.7028 -0.1698 1.904, 2.2342 -0.1698 1.904, 2.3168 -0.0924 1.9057, 2.3777 0.0031 1.9077, 1.5852 0.4378 1.9172, 2.413 0.1108 1.9101, 2.4205 0.2238 1.9125, 2.3996 0.3351 1.915, 1.5374 0.3351 1.915, 1.5165 0.2238 1.9125, 1.524 0.1108 1.9101, 2.4606 -0.9055 1.888, 2.4606 -0.9985 1.886, 1.4764 -0.9055 1.888, 1.4764 -0.9985 1.886, 1.4764 -1.0002 1.9647, 2.4606 -1.0002 1.9647, 1.4764 -0.8248 1.9685, 2.4606 -0.8248 1.9685, 2.4606 0.5211 1.9978, 1.4764 0.5211 1.9978, 2.4606 -0.1296 1.9836, 1.4764 -0.1296 1.9836, 2.3861 -0.2207 1.9816, 2.328 -0.2717 1.9805, 2.2638 -0.3146 1.9796, 2.1945 -0.3488 1.9789, 2.1213 -0.3736 1.9783, 2.0456 -0.3887 1.978, 1.9685 -0.3937 1.9779, 1.8914 -0.3887 1.978, 1.8157 -0.3736 1.9783, 1.7425 -0.3488 1.9789, 1.6732 -0.3146 1.9796, 1.609 -0.2717 1.9805, 1.5509 -0.2207 1.9816, 1.5583 0.6217 1.9811, 1.5513 0.6141 1.9831, 1.5126 0.5722 1.9941, 1.4764 0.5233 1.9978, 2.4606 0.6679 1.9591, 1.4764 0.6679 1.9591, 1.5908 0.6508 1.9685, 1.4764 0.6508 1.9685, 2.3462 0.6508 1.9685, 2.3783 0.6215 1.9807, 2.4606 0.6508 1.9685, 2.3861 0.6144 1.9836, 2.4244 0.5722 1.9941, 2.4606 0.5233 1.9978, 1.4764 0.5233 1.9685, 1.4764 -0.9055 1.8898, 1.4764 -0.1296 1.9685, 1.4764 0.8147 1.8718, 1.4764 0.6693 1.8898, 1.4764 0.4872 0.9521, 1.4764 0.4815 0.8736, 1.4764 -1.0814 1.0662, 1.4764 -1.0871 0.9877, 1.4764 -1.1273 1.0751, 1.4764 -1.1514 1.0001, 1.4764 -1.1698 1.0946, 1.4764 -1.2109 1.0274, 1.4764 -1.2066 1.1236, 1.4764 -1.2623 1.068, 1.4764 -1.2354 1.1604, 1.4764 -1.3027 1.1196, 1.4764 -1.2547 1.203, 1.4764 -1.3298 1.1792, 1.4764 -1.2635 1.249, 1.4764 -1.342 1.2435, 1.4764 -1.2611 1.2957, 1.4764 -1.3388 1.3089, 1.4764 -1.1882 1.7223, 1.4764 -1.2659 1.7356, 1.4764 -1.1756 1.7657, 1.4764 -1.2481 1.7963, 1.4764 -1.1534 1.805, 1.4764 -1.217 1.8514, 1.4764 -1.1228 1.8382, 1.4764 -1.1742 1.8979, 1.4764 -1.0854 1.8636, 1.4764 -1.1219 1.9334, 1.4764 -1.0432 1.8798, 1.4764 -1.0628 1.9561, 2.4606 0.6693 1.8898, 2.4606 0.8147 1.8718, 2.4606 0.5233 1.9685, 2.4606 0.6305 1.8898, 2.4606 0.6277 1.8914, 2.4606 0.5947 1.9071, 2.4606 0.5593 1.9164, 2.4606 -0.9055 1.8898, 2.4606 -0.1296 1.9685, 2.4606 -1.0432 1.8798, 2.4606 -1.0628 1.9561, 2.4606 -1.0854 1.8636, 2.4606 -1.1219 1.9334, 2.4606 -1.1228 1.8382, 2.4606 -1.1742 1.8979, 2.4606 -1.1534 1.805, 2.4606 -1.217 1.8514, 2.4606 -1.1756 1.7657, 2.4606 -1.2481 1.7963, 2.4606 -1.1882 1.7223, 2.4606 -1.2659 1.7356, 2.4606 -1.2611 1.2957, 2.4606 -1.3388 1.3089, 2.4606 -1.2635 1.249, 2.4606 -1.342 1.2435, 2.4606 -1.2547 1.203, 2.4606 -1.3298 1.1792, 2.4606 -1.2354 1.1604, 2.4606 -1.3027 1.1196, 2.4606 -1.2066 1.1236, 2.4606 -1.2623 1.068, 2.4606 -1.1698 1.0946, 2.4606 -1.2109 1.0274, 2.4606 -1.1273 1.0751, 2.4606 -1.1514 1.0001, 2.4606 -1.0814 1.0662, 2.4606 -1.0871 0.9877, 2.4606 0.4872 0.9521, 2.4606 0.4815 0.8736, 2.0986 0.6305 1.8898, 2.1076 0.6277 1.8914, 2.1838 0.5946 1.9069, 2.2799 0.5252 1.9189, 2.2398 0.5593 1.9164, 2.1887 0.5924 1.9079
            ]
        }
        coordIndex [
            0,1,2,-1,2,1,3,-1,2,3,4,-1,4,3,5,-1,6,7,8,-1,8,7,9,-1,10,11,12,-1,10,12,13,-1,13,12,14,-1,13,14,15,-1,16,17,18,-1,18,17,19,-1,20,21,22,-1,23,24,25,-1,26,27,28,-1,27,29,28,-1,28,29,30,-1,28,30,31,-1,24,32,25,-1,25,32,33,-1,25,33,30,-1,30,33,34,-1,30,34,31,-1,23,25,35,-1,35,25,36,-1,35,36,37,-1,37,36,38,-1,37,38,39,-1,20,22,40,-1,40,22,41,-1,40,41,28,-1,28,41,42,-1,28,42,26,-1,39,38,43,-1,43,38,44,-1,43,44,45,-1,45,46,43,-1,43,46,47,-1,43,47,48,-1,48,47,49,-1,48,49,50,-1,50,49,51,-1,50,51,52,-1,53,54,55,-1,56,57,58,-1,59,60,61,-1,62,63,64,-1,65,66,67,-1,68,69,70,-1,71,72,73,-1,74,21,20,-1,74,20,75,-1,75,20,76,-1,75,76,77,-1,77,76,78,-1,78,76,79,-1,78,79,80,-1,80,79,81,-1,81,79,82,-1,81,82,83,-1,84,85,86,-1,86,85,87,-1,86,87,82,-1,82,87,88,-1,82,88,83,-1,84,86,89,-1,89,86,90,-1,89,90,91,-1,90,92,93,-1,91,90,94,-1,94,90,93,-1,94,93,95,-1,73,96,71,-1,71,96,97,-1,71,97,98,-1,99,100,101,-1,101,100,102,-1,101,102,73,-1,73,102,103,-1,73,103,96,-1,104,105,106,-1,106,105,107,-1,106,107,101,-1,101,107,108,-1,101,108,99,-1,109,110,104,-1,104,110,111,-1,104,111,105,-1,109,104,112,-1,112,104,113,-1,112,113,114,-1,114,113,50,-1,114,50,52,-1,40,28,115,-1,115,28,116,-1,115,116,117,-1,117,116,118,-1,117,118,119,-1,119,118,120,-1,119,120,121,-1,121,120,122,-1,121,122,123,-1,123,122,70,-1,23,35,124,-1,124,35,125,-1,124,125,126,-1,126,125,127,-1,126,127,128,-1,128,127,129,-1,128,129,130,-1,130,129,131,-1,130,131,132,-1,132,131,61,-1,20,40,76,-1,76,40,115,-1,76,115,79,-1,79,115,117,-1,79,117,82,-1,82,117,119,-1,82,119,86,-1,86,119,121,-1,86,121,90,-1,90,121,123,-1,90,123,92,-1,92,123,133,-1,70,69,123,-1,123,69,134,-1,123,134,133,-1,135,68,136,-1,136,68,70,-1,136,70,137,-1,137,70,122,-1,137,122,138,-1,138,122,120,-1,138,120,139,-1,139,120,118,-1,139,118,140,-1,140,118,116,-1,140,116,31,-1,31,116,28,-1,31,34,140,-1,140,34,141,-1,140,141,139,-1,139,141,142,-1,139,142,138,-1,138,142,143,-1,138,143,137,-1,137,143,144,-1,137,144,136,-1,136,144,67,-1,136,67,135,-1,135,67,66,-1,63,65,64,-1,64,65,67,-1,64,67,145,-1,145,67,144,-1,145,144,146,-1,146,144,143,-1,146,143,147,-1,147,143,142,-1,147,142,148,-1,148,142,141,-1,148,141,33,-1,33,141,34,-1,149,62,150,-1,150,62,64,-1,150,64,151,-1,151,64,145,-1,151,145,152,-1,152,145,146,-1,152,146,153,-1,153,146,147,-1,153,147,154,-1,154,147,148,-1,154,148,32,-1,32,148,33,-1,32,24,154,-1,154,24,155,-1,154,155,153,-1,153,155,156,-1,153,156,152,-1,152,156,157,-1,152,157,151,-1,151,157,158,-1,151,158,150,-1,150,158,159,-1,150,159,149,-1,149,159,160,-1,24,23,155,-1,155,23,124,-1,155,124,156,-1,156,124,126,-1,156,126,157,-1,157,126,128,-1,157,128,158,-1,158,128,130,-1,158,130,159,-1,159,130,132,-1,159,132,160,-1,160,132,161,-1,61,60,132,-1,132,60,162,-1,132,162,161,-1,163,59,164,-1,164,59,61,-1,164,61,165,-1,165,61,131,-1,165,131,166,-1,166,131,129,-1,166,129,167,-1,167,129,127,-1,167,127,168,-1,168,127,125,-1,168,125,37,-1,37,125,35,-1,37,39,168,-1,168,39,169,-1,168,169,167,-1,167,169,170,-1,167,170,166,-1,166,170,171,-1,166,171,165,-1,165,171,172,-1,165,172,164,-1,164,172,58,-1,164,58,163,-1,163,58,57,-1,54,56,55,-1,55,56,58,-1,55,58,173,-1,173,58,172,-1,173,172,174,-1,174,172,171,-1,174,171,175,-1,175,171,170,-1,175,170,176,-1,176,170,169,-1,176,169,43,-1,43,169,39,-1,177,53,178,-1,178,53,55,-1,178,55,179,-1,179,55,173,-1,179,173,180,-1,180,173,174,-1,180,174,181,-1,181,174,175,-1,181,175,182,-1,182,175,176,-1,182,176,48,-1,48,176,43,-1,48,50,182,-1,182,50,113,-1,182,113,181,-1,181,113,104,-1,181,104,180,-1,180,104,106,-1,180,106,179,-1,179,106,101,-1,179,101,178,-1,178,101,73,-1,178,73,177,-1,177,73,72,-1,183,184,185,-1,185,184,186,-1,185,186,187,-1,187,186,188,-1,188,186,189,-1,188,189,190,-1,190,189,191,-1,191,189,192,-1,191,192,193,-1,193,192,194,-1,194,192,195,-1,194,195,196,-1,196,195,197,-1,197,195,198,-1,197,198,199,-1,200,201,202,-1,202,201,203,-1,202,203,204,-1,204,203,205,-1,204,205,206,-1,206,205,207,-1,206,207,208,-1,208,207,209,-1,208,209,210,-1,210,209,211,-1,210,211,212,-1,212,211,213,-1,212,213,198,-1,198,213,214,-1,198,214,199,-1,215,216,200,-1,200,216,217,-1,200,217,201,-1,218,219,215,-1,215,219,220,-1,215,220,216,-1,221,222,218,-1,218,222,223,-1,218,223,219,-1,224,225,221,-1,221,225,226,-1,221,226,222,-1,227,228,224,-1,224,228,229,-1,224,229,225,-1,183,230,184,-1,184,230,231,-1,184,231,232,-1,232,231,233,-1,232,233,234,-1,234,233,235,-1,234,235,236,-1,236,235,237,-1,236,237,238,-1,238,237,239,-1,238,239,240,-1,240,239,241,-1,240,241,242,-1,242,241,243,-1,242,243,227,-1,227,243,244,-1,227,244,228,-1,245,246,247,-1,248,249,250,-1,251,252,253,-1,254,255,256,-1,256,255,257,-1,256,257,258,-1,258,257,248,-1,258,248,259,-1,259,248,250,-1,254,260,255,-1,255,260,253,-1,255,253,261,-1,261,253,252,-1,245,247,262,-1,262,247,263,-1,262,263,253,-1,253,263,264,-1,253,264,251,-1,249,248,265,-1,265,248,266,-1,265,266,267,-1,267,266,268,-1,268,266,269,-1,268,269,270,-1,270,271,268,-1,268,271,272,-1,268,272,273,-1,273,272,274,-1,273,274,275,-1,275,274,276,-1,275,276,277,-1,278,2,4,-1,279,10,13,-1,280,281,15,-1,15,281,282,-1,15,282,13,-1,13,282,283,-1,13,283,279,-1,10,279,11,-1,11,279,284,-1,11,284,98,-1,95,93,5,-1,5,93,285,-1,5,285,4,-1,4,285,286,-1,4,286,278,-1,2,278,0,-1,0,278,287,-1,0,287,288,-1,289,290,291,-1,292,293,294,-1,294,293,290,-1,294,290,295,-1,295,290,289,-1,292,296,293,-1,293,296,297,-1,293,297,298,-1,299,300,301,-1,301,300,298,-1,301,298,302,-1,302,298,297,-1,299,303,300,-1,300,303,304,-1,300,304,287,-1,287,304,305,-1,287,305,288,-1,93,92,285,-1,285,92,133,-1,285,133,306,-1,68,307,69,-1,69,307,306,-1,69,306,134,-1,134,306,133,-1,68,135,307,-1,307,135,66,-1,307,66,308,-1,66,65,308,-1,308,65,63,-1,308,63,309,-1,63,62,309,-1,309,62,149,-1,309,149,310,-1,149,160,310,-1,310,160,161,-1,310,161,311,-1,59,312,60,-1,60,312,311,-1,60,311,162,-1,162,311,161,-1,59,163,312,-1,312,163,57,-1,312,57,313,-1,53,314,54,-1,54,314,313,-1,54,313,56,-1,56,313,57,-1,53,177,314,-1,314,177,72,-1,314,72,284,-1,284,72,71,-1,284,71,98,-1,281,315,282,-1,282,315,316,-1,282,316,317,-1,318,319,320,-1,320,319,317,-1,320,317,321,-1,321,317,316,-1,318,322,319,-1,319,322,323,-1,319,323,324,-1,323,325,324,-1,324,325,326,-1,324,326,327,-1,326,328,327,-1,327,328,329,-1,327,329,291,-1,291,329,330,-1,291,330,289,-1,238,278,236,-1,236,278,286,-1,236,286,234,-1,234,286,285,-1,234,285,232,-1,232,285,306,-1,232,306,184,-1,184,306,307,-1,184,307,186,-1,186,307,308,-1,186,308,189,-1,189,308,309,-1,189,309,192,-1,192,309,310,-1,192,310,195,-1,195,310,311,-1,195,311,198,-1,198,311,312,-1,198,312,212,-1,212,312,313,-1,212,313,210,-1,210,313,314,-1,210,314,208,-1,314,284,208,-1,208,284,279,-1,208,279,206,-1,206,279,283,-1,206,283,204,-1,204,283,282,-1,204,282,202,-1,202,282,317,-1,202,317,200,-1,200,317,319,-1,200,319,215,-1,215,319,324,-1,215,324,218,-1,218,324,327,-1,218,327,221,-1,221,327,291,-1,221,291,224,-1,224,291,290,-1,224,290,227,-1,227,290,293,-1,227,293,242,-1,242,293,298,-1,242,298,240,-1,240,298,300,-1,240,300,238,-1,238,300,287,-1,238,287,278,-1,331,332,333,-1,333,332,334,-1,333,334,335,-1,335,334,336,-1,336,334,337,-1,336,337,338,-1,338,337,339,-1,338,339,340,-1,339,341,340,-1,340,341,342,-1,343,344,345,-1,345,344,346,-1,347,348,349,-1,350,351,352,-1,351,350,353,-1,353,350,354,-1,353,354,355,-1,356,357,354,-1,354,357,358,-1,354,358,355,-1,352,359,350,-1,350,359,360,-1,350,360,361,-1,332,331,362,-1,361,363,350,-1,350,363,364,-1,350,364,349,-1,349,364,365,-1,349,365,347,-1,362,366,332,-1,332,366,367,-1,332,367,354,-1,354,367,368,-1,354,368,356,-1,369,370,371,-1,371,370,372,-1,373,374,375,-1,375,374,376,-1,209,377,211,-1,211,377,213,-1,233,231,378,-1,378,231,230,-1,378,230,183,-1,209,207,377,-1,377,207,205,-1,377,205,379,-1,233,378,235,-1,235,378,380,-1,235,380,237,-1,205,203,379,-1,379,203,201,-1,379,201,381,-1,381,201,217,-1,381,217,382,-1,382,217,216,-1,382,216,383,-1,383,216,220,-1,383,220,384,-1,384,220,219,-1,384,219,385,-1,385,219,223,-1,385,223,386,-1,386,223,222,-1,386,222,387,-1,387,222,226,-1,387,226,388,-1,388,226,225,-1,388,225,389,-1,389,225,229,-1,389,229,390,-1,390,229,228,-1,390,228,391,-1,391,228,244,-1,391,244,392,-1,392,244,243,-1,392,243,393,-1,393,243,241,-1,393,241,380,-1,380,241,239,-1,380,239,237,-1,394,395,185,-1,185,395,396,-1,185,396,183,-1,183,396,397,-1,183,397,378,-1,398,399,400,-1,400,399,401,-1,185,187,394,-1,394,187,188,-1,394,188,400,-1,400,188,190,-1,400,190,191,-1,193,194,402,-1,402,194,196,-1,402,196,403,-1,404,398,402,-1,402,398,400,-1,402,400,193,-1,193,400,191,-1,196,197,403,-1,403,197,199,-1,403,199,405,-1,405,199,214,-1,405,214,406,-1,406,214,407,-1,407,214,213,-1,407,213,377,-1,332,354,408,-1,354,409,373,-1,410,380,378,-1,373,375,354,-1,354,375,410,-1,354,410,408,-1,408,410,378,-1,408,378,397,-1,344,343,411,-1,411,343,412,-1,411,412,399,-1,412,341,399,-1,399,341,339,-1,399,339,401,-1,401,339,337,-1,401,337,408,-1,408,337,334,-1,408,334,332,-1,413,414,415,-1,415,414,416,-1,415,416,417,-1,417,416,418,-1,417,418,419,-1,419,418,420,-1,419,420,421,-1,421,420,422,-1,421,422,423,-1,423,422,424,-1,423,424,425,-1,425,424,426,-1,425,426,427,-1,427,426,428,-1,427,428,429,-1,429,428,430,-1,429,430,431,-1,431,430,432,-1,431,432,433,-1,433,432,434,-1,433,434,435,-1,435,434,436,-1,435,436,437,-1,437,436,438,-1,437,438,439,-1,439,438,440,-1,439,440,441,-1,441,440,442,-1,441,442,372,-1,372,442,373,-1,372,373,371,-1,371,373,409,-1,345,346,443,-1,443,346,444,-1,443,444,398,-1,445,407,377,-1,446,443,447,-1,447,443,398,-1,447,398,448,-1,448,398,404,-1,448,404,449,-1,449,404,445,-1,449,445,349,-1,349,445,450,-1,349,450,350,-1,369,450,370,-1,370,450,445,-1,370,445,451,-1,451,445,377,-1,451,377,379,-1,451,376,370,-1,370,376,374,-1,370,374,452,-1,452,374,453,-1,452,453,454,-1,454,453,455,-1,454,455,456,-1,456,455,457,-1,456,457,458,-1,458,457,459,-1,458,459,460,-1,460,459,461,-1,460,461,462,-1,462,461,463,-1,462,463,464,-1,464,463,465,-1,464,465,466,-1,466,465,467,-1,466,467,468,-1,468,467,469,-1,468,469,470,-1,470,469,471,-1,470,471,472,-1,472,471,473,-1,472,473,474,-1,474,473,475,-1,474,475,476,-1,476,475,477,-1,476,477,478,-1,478,477,479,-1,478,479,480,-1,480,479,481,-1,413,415,480,-1,480,415,478,-1,414,413,481,-1,481,413,480,-1,416,414,479,-1,479,414,481,-1,416,479,477,-1,416,477,418,-1,418,477,475,-1,418,475,420,-1,420,475,473,-1,420,473,422,-1,422,473,471,-1,422,471,424,-1,424,471,469,-1,424,469,426,-1,426,469,467,-1,426,467,428,-1,428,467,465,-1,428,465,430,-1,432,430,463,-1,463,430,465,-1,432,463,461,-1,432,461,434,-1,434,461,459,-1,434,459,436,-1,436,459,457,-1,436,457,438,-1,438,457,455,-1,438,455,440,-1,440,455,453,-1,440,453,442,-1,442,453,374,-1,442,374,373,-1,411,399,444,-1,444,399,398,-1,344,411,346,-1,346,411,444,-1,446,447,482,-1,482,447,483,-1,447,448,483,-1,483,448,484,-1,449,349,348,-1,348,485,449,-1,449,485,486,-1,449,486,448,-1,448,486,487,-1,448,487,484,-1,372,370,441,-1,441,370,452,-1,441,452,439,-1,439,452,454,-1,439,454,437,-1,437,454,456,-1,437,456,435,-1,435,456,458,-1,435,458,433,-1,433,458,460,-1,433,460,431,-1,431,460,462,-1,429,431,464,-1,464,431,462,-1,429,464,427,-1,427,464,466,-1,427,466,425,-1,425,466,468,-1,425,468,423,-1,423,468,470,-1,423,470,421,-1,421,470,472,-1,421,472,419,-1,419,472,474,-1,419,474,417,-1,417,474,476,-1,417,476,415,-1,415,476,478,-1,
        ]
    }
}
Shape{
    appearance Appearance {
        material  Material 	{
            diffuseColor 0.13725490196078433 0.32941176470588235 0.7019607843137254
            specularColor 0.011764705882352941 0.023529411764705882 0.050980392156862744
            ambientIntensity 0.4489
            transparency 0.0
            shininess 0.5
        }
    }
    geometry IndexedFaceSet {
        ccw TRUE
        solid FALSE
        coord DEF co Coordinate {
            point [
                2.9528 0.9842 2.3622, 2.9528 0.9842 0.0, 2.9528 1.5748 0.0, 2.9528 -1.4567 2.3622, 2.9528 -1.4567 0.0, 2.9528 -1.2598 2.3622, 2.9528 0.5905 0.0, 2.9528 -0.6867 3.937, 2.9528 0.5905 2.3622, 2.9528 1.0236 3.937, 2.9528 1.5748 2.3622, 2.1206 1.3006 1.9685, 1.8321 1.3386 1.9685, 2.126 1.2598 1.9685, 1.8164 1.3006 1.9685, 1.811 1.2598 1.9685, 2.0799 1.3712 1.9685, 1.9277 1.412 1.9685, 1.8898 1.3962 1.9685, 1.9685 1.4173 1.9685, 2.0472 1.3962 1.9685, 2.0093 1.412 1.9685, 2.1049 1.3386 1.9685, 1.8571 1.3712 1.9685, 1.9685 -0.5906 2.1583, 1.9685 -0.5906 3.937, 2.1501 -0.5693 2.1583, 2.1501 -0.5693 3.937, 2.3219 -0.5068 2.1583, 2.3219 -0.5068 3.937, 2.4746 -0.4063 2.1583, 2.4746 -0.4063 3.937, 2.6001 -0.2734 2.1583, 2.6001 -0.2734 3.937, 2.6915 -0.115 2.1583, 2.6915 -0.115 3.937, 2.7439 0.0601 2.1583, 2.7439 0.0601 3.937, 2.7546 0.2426 2.1583, 2.7546 0.2426 3.937, 2.7228 0.4227 2.1583, 2.7228 0.4227 3.937, 2.6504 0.5905 2.1583, 2.6504 0.5905 3.937, 2.5412 0.7372 2.1583, 2.5412 0.7372 3.937, 2.4012 0.8547 2.1583, 2.4012 0.8547 3.937, 2.2378 0.9368 2.1583, 2.2378 0.9368 3.937, 2.0599 0.9789 2.1583, 2.0599 0.9789 3.937, 1.8771 0.9789 2.1583, 1.8771 0.9789 3.937, 1.6992 0.9368 2.1583, 1.6992 0.9368 3.937, 1.5358 0.8547 2.1583, 1.5358 0.8547 3.937, 1.3958 0.7372 2.1583, 1.3958 0.7372 3.937, 1.2866 0.5905 2.1583, 1.2866 0.5905 3.937, 1.2142 0.4227 2.1583, 1.2142 0.4227 3.937, 1.1824 0.2426 2.1583, 1.1824 0.2426 3.937, 1.1931 0.0601 2.1583, 1.1931 0.0601 3.937, 1.2455 -0.115 2.1583, 1.2455 -0.115 3.937, 1.3369 -0.2734 2.1583, 1.3369 -0.2734 3.937, 1.4624 -0.4063 2.1583, 1.4624 -0.4063 3.937, 1.6151 -0.5068 2.1583, 1.6151 -0.5068 3.937, 1.7869 -0.5693 2.1583, 1.7869 -0.5693 3.937
            ]
        }
        coordIndex [
            0,1,2,-1,3,4,5,-1,5,4,6,-1,5,6,7,-1,7,6,8,-1,7,8,9,-1,9,8,0,-1,9,0,10,-1,10,0,2,-1,11,12,13,-1,13,12,14,-1,13,14,15,-1,16,17,18,-1,17,16,19,-1,19,16,20,-1,19,20,21,-1,11,22,12,-1,12,22,16,-1,12,16,23,-1,23,16,18,-1,24,25,26,-1,26,25,27,-1,26,27,28,-1,28,27,29,-1,28,29,30,-1,30,29,31,-1,30,31,32,-1,32,31,33,-1,32,33,34,-1,34,33,35,-1,34,35,36,-1,36,35,37,-1,36,37,38,-1,38,37,39,-1,38,39,40,-1,40,39,41,-1,40,41,42,-1,42,41,43,-1,42,43,44,-1,44,43,45,-1,44,45,46,-1,46,45,47,-1,46,47,48,-1,48,47,49,-1,48,49,50,-1,50,49,51,-1,50,51,52,-1,52,51,53,-1,52,53,54,-1,54,53,55,-1,54,55,56,-1,56,55,57,-1,56,57,58,-1,58,57,59,-1,58,59,60,-1,60,59,61,-1,60,61,62,-1,62,61,63,-1,62,63,64,-1,64,63,65,-1,64,65,66,-1,66,65,67,-1,66,67,68,-1,68,67,69,-1,68,69,70,-1,70,69,71,-1,70,71,72,-1,72,71,73,-1,72,73,74,-1,74,73,75,-1,74,75,76,-1,76,75,77,-1,76,77,24,-1,24,77,25,-1,
        ]
    }
}
Shape{
    appearance Appearance {
        material  Material 	{
            diffuseColor 0.6470588235294118 0.6196078431372549 0.5882352941176471
            specularColor 0.45098039215686275 0.43529411764705883 0.4117647058823529
            ambientIntensity 0.6242
            transparency 0.0
            shininess 0.5
        }
    }
    geometry IndexedFaceSet {
        ccw TRUE
        solid FALSE
        coord DEF co Coordinate {
            point [
                2.6772 -0.9055 0.3937, 2.6772 0.6693 0.3937, 2.6772 -0.9055 1.8898, 2.6772 0.6693 1.8898
            ]
        }
        coordIndex [
            0,1,2,-1,2,1,3,-1,
        ]
    }
}
Shape{
    appearance Appearance {
        material  Material 	{
            diffuseColor 0.13725490196078433 0.32941176470588235 0.7019607843137254
            specularColor 0.011764705882352941 0.023529411764705882 0.050980392156862744
            ambientIntensity 0.4489
            transparency 0.0
            shininess 0.5
        }
    }
    geometry IndexedFaceSet {
        ccw TRUE
        solid FALSE
        coord DEF co Coordinate {
            point [
                1.1811 -1.4567 0.3937, 1.1811 1.2598 0.3937, 1.1811 -1.4567 1.9685, 1.1811 1.2598 1.9685, 2.7559 1.2598 0.3937, 2.7559 -1.4567 0.3937, 2.7559 1.2598 1.9685, 2.7559 -1.4567 1.9685, 1.8898 1.1235 3.6518, 1.9082 1.1143 3.6778, 1.9277 1.1077 1.9685, 1.9277 1.1077 3.6967, 1.9685 1.1024 1.9685, 1.9378 1.1054 3.7034, 1.9479 1.1037 3.7082, 1.8898 1.1235 1.9685, 1.8571 1.1485 1.9685, 1.8571 1.1485 3.5803, 1.8321 1.1811 1.9685, 1.8321 1.1811 3.4871, 1.8164 1.2191 1.9685, 1.8164 1.2191 3.3785, 1.811 1.2598 1.9685, 1.811 1.2598 3.2621, 1.8164 1.3006 1.9685, 1.8164 1.3006 3.1456, 1.8321 1.3386 1.9685, 1.8321 1.3386 3.0371, 1.8571 1.3712 1.9685, 1.8571 1.3712 2.9439, 1.8898 1.3962 1.9685, 1.8898 1.3962 2.8724, 1.9479 1.416 2.816, 1.9378 1.4143 2.8208, 1.9277 1.412 1.9685, 1.9277 1.412 2.8275, 1.9082 1.4053 2.8464, 1.9992 1.4143 2.8208, 1.9891 1.416 2.816, 2.0093 1.412 1.9685, 1.9788 1.417 2.8131, 1.9685 1.4173 1.9685, 1.9685 1.4173 2.8122, 1.9582 1.417 2.8131, 2.0472 1.1235 1.9685, 2.0799 1.1485 3.5803, 2.0799 1.1485 1.9685, 2.1049 1.1811 3.4871, 2.1049 1.1811 1.9685, 2.1206 1.2191 3.3785, 2.1206 1.2191 1.9685, 2.126 1.2598 3.2621, 2.126 1.2598 1.9685, 2.1206 1.3006 3.1456, 2.1206 1.3006 1.9685, 2.1049 1.3386 3.0371, 2.1049 1.3386 1.9685, 2.0799 1.3712 2.9439, 2.0799 1.3712 1.9685, 2.0472 1.3962 2.8724, 2.0472 1.3962 1.9685, 2.0288 1.4053 2.8464, 2.0093 1.412 2.8275, 2.0093 1.1077 1.9685, 2.0288 1.1143 3.6778, 2.0472 1.1235 3.6518, 1.9582 1.1027 3.7111, 1.9685 1.1024 3.712, 1.9788 1.1027 3.7111, 1.9891 1.1037 3.7082, 1.9992 1.1054 3.7034, 2.0093 1.1077 3.6967, 1.6151 -0.5068 2.1583, 1.7869 -0.5693 2.1583, 1.8163 -0.3719 2.0866, 1.7035 -0.3309 2.0866, 1.6749 -0.3121 2.0866, 1.4624 -0.4063 2.1583, 1.5889 -0.2555 2.0866, 1.5536 -0.2182 2.0866, 1.3369 -0.2734 2.1583, 1.4948 -0.1558 2.0866, 1.4605 -0.0964 2.0866, 1.2455 -0.115 2.1583, 1.4263 -0.0371 2.0866, 1.4017 0.0451 2.0866, 1.1931 0.0601 2.1583, 1.3869 0.0943 2.0866, 1.3809 0.197 2.0866, 1.1824 0.2426 2.1583, 1.379 0.2312 2.0866, 1.3998 0.3494 2.0866, 1.2142 0.4227 2.1583, 1.4028 0.3662 2.0866, 1.2866 0.5905 2.1583, 1.4571 0.4921 2.0866, 1.3958 0.7372 2.1583, 1.539 0.6021 2.0866, 1.552 0.6131 2.0866, 1.5358 0.8547 2.1583, 1.644 0.6902 2.0866, 1.6746 0.7056 2.0866, 1.6992 0.9368 2.1583, 1.7665 0.7518 2.0866, 1.8165 0.7636 2.0866, 1.8771 0.9789 2.1583, 1.8999 0.7834 2.0866, 1.9685 0.7834 2.0866, 2.0599 0.9789 2.1583, 2.0371 0.7834 2.0866, 2.1205 0.7636 2.0866, 2.2378 0.9368 2.1583, 2.1705 0.7518 2.0866, 2.2624 0.7056 2.0866, 2.4012 0.8547 2.1583, 2.293 0.6902 2.0866, 2.385 0.6131 2.0866, 2.5412 0.7372 2.1583, 2.3981 0.6021 2.0866, 2.6504 0.5905 2.1583, 2.4799 0.4921 2.0866, 2.7228 0.4227 2.1583, 2.5342 0.3662 2.0866, 2.5372 0.3494 2.0866, 2.7546 0.2426 2.1583, 2.5581 0.2312 2.0866, 2.5561 0.197 2.0866, 2.7439 0.0601 2.1583, 2.5501 0.0943 2.0866, 2.5353 0.0451 2.0866, 2.6915 -0.115 2.1583, 2.5108 -0.0371 2.0866, 2.4765 -0.0964 2.0866, 2.6001 -0.2734 2.1583, 2.4422 -0.1558 2.0866, 2.3834 -0.2182 2.0866, 2.4746 -0.4063 2.1583, 2.3481 -0.2555 2.0866, 2.2621 -0.3121 2.0866, 2.3219 -0.5068 2.1583, 2.2335 -0.3309 2.0866, 2.1208 -0.3719 2.0866, 2.1501 -0.5693 2.1583, 2.1047 -0.3778 2.0866, 1.9685 -0.5906 2.1583, 1.9685 -0.3937 2.0866, 1.8323 -0.3778 2.0866, 2.4606 0.5233 1.9978, 2.4606 0.5233 1.9685, 2.4799 0.4921 1.9685, 1.4764 -0.1296 1.9836, 1.4764 -0.1296 1.9685, 1.4571 -0.0984 1.9685, 1.6732 -0.3146 1.9796, 1.7425 -0.3488 1.9789, 1.8157 -0.3736 1.9783, 1.8914 -0.3887 1.978, 1.9685 -0.3937 1.9779, 2.0456 -0.3887 1.978, 2.1213 -0.3736 1.9783, 2.1945 -0.3488 1.9789, 2.2638 -0.3146 1.9796, 2.328 -0.2717 1.9805, 2.3861 -0.2207 1.9816, 2.4606 -0.1296 1.9836, 2.4606 -0.1296 1.9685, 2.4244 0.5722 1.9941, 2.3861 0.6144 1.9836, 2.3783 0.6215 1.9807, 2.3462 0.6508 1.9685, 2.2638 0.7083 1.9685, 1.6732 0.7083 1.9685, 1.5908 0.6508 1.9685, 1.5583 0.6217 1.9811, 1.5513 0.6141 1.9831, 1.5126 0.5722 1.9941, 1.4764 0.5233 1.9978, 1.4764 0.5233 1.9685, 2.4799 -0.0984 1.9685, 2.5389 0.044 1.9685, 2.5591 0.1968 1.9685, 2.5389 0.3497 1.9685, 2.1213 0.7673 1.9685, 1.9685 0.7874 1.9685, 1.8157 0.7673 1.9685, 1.4571 0.4921 1.9685, 1.3981 0.3497 1.9685, 1.378 0.1968 1.9685, 1.3981 0.044 1.9685, 1.5509 -0.2207 1.9816, 1.609 -0.2717 1.9805, 2.4606 -0.8248 1.9685, 1.4764 -0.8248 1.9685, 2.4606 0.6508 1.9685, 1.4764 0.6508 1.9685, 1.7126 -1.4567 0.3937, 1.7126 -0.9055 0.3937, 1.2598 -0.9055 0.3937, 1.2598 0.6693 0.3937, 2.2244 -0.9055 0.3937, 2.2244 -1.4567 0.3937, 2.6772 -0.9055 0.3937, 2.6772 0.6693 0.3937
            ]
        }
        coordIndex [
            0,1,2,-1,2,1,3,-1,4,5,6,-1,6,5,7,-1,8,9,10,-1,10,9,11,-1,10,11,12,-1,12,11,13,-1,12,13,14,-1,10,15,8,-1,8,15,16,-1,8,16,17,-1,17,16,18,-1,17,18,19,-1,19,18,20,-1,19,20,21,-1,21,20,22,-1,21,22,23,-1,23,22,24,-1,23,24,25,-1,25,24,26,-1,25,26,27,-1,27,26,28,-1,27,28,29,-1,29,28,30,-1,29,30,31,-1,32,33,34,-1,34,33,35,-1,34,35,30,-1,30,35,36,-1,30,36,31,-1,37,38,39,-1,39,38,40,-1,39,40,41,-1,41,40,42,-1,41,42,34,-1,34,42,43,-1,34,43,32,-1,44,45,46,-1,46,45,47,-1,46,47,48,-1,48,47,49,-1,48,49,50,-1,50,49,51,-1,50,51,52,-1,52,51,53,-1,52,53,54,-1,54,53,55,-1,54,55,56,-1,56,55,57,-1,56,57,58,-1,58,57,59,-1,58,59,60,-1,60,59,61,-1,60,61,39,-1,39,61,62,-1,39,62,37,-1,63,64,44,-1,44,64,65,-1,44,65,45,-1,14,66,12,-1,12,66,67,-1,12,67,68,-1,68,69,12,-1,12,69,70,-1,12,70,63,-1,63,70,71,-1,63,71,64,-1,3,1,22,-1,22,1,4,-1,22,4,52,-1,52,4,6,-1,72,73,74,-1,74,75,72,-1,72,75,76,-1,72,76,77,-1,76,78,77,-1,77,78,79,-1,77,79,80,-1,79,81,80,-1,80,81,82,-1,80,82,83,-1,82,84,83,-1,83,84,85,-1,83,85,86,-1,85,87,86,-1,86,87,88,-1,86,88,89,-1,88,90,89,-1,89,90,91,-1,89,91,92,-1,92,91,93,-1,92,93,94,-1,94,93,95,-1,94,95,96,-1,95,97,96,-1,96,97,98,-1,96,98,99,-1,98,100,99,-1,99,100,101,-1,99,101,102,-1,101,103,102,-1,102,103,104,-1,102,104,105,-1,104,106,105,-1,105,106,107,-1,105,107,108,-1,107,109,108,-1,108,109,110,-1,108,110,111,-1,110,112,111,-1,111,112,113,-1,111,113,114,-1,113,115,114,-1,114,115,116,-1,114,116,117,-1,117,116,118,-1,117,118,119,-1,119,118,120,-1,119,120,121,-1,120,122,121,-1,121,122,123,-1,121,123,124,-1,123,125,124,-1,124,125,126,-1,124,126,127,-1,126,128,127,-1,127,128,129,-1,127,129,130,-1,129,131,130,-1,130,131,132,-1,130,132,133,-1,132,134,133,-1,133,134,135,-1,133,135,136,-1,135,137,136,-1,136,137,138,-1,136,138,139,-1,138,140,139,-1,139,140,141,-1,139,141,142,-1,142,141,143,-1,142,143,144,-1,144,143,145,-1,144,145,73,-1,73,145,146,-1,73,146,74,-1,147,148,149,-1,150,151,152,-1,153,75,154,-1,154,75,74,-1,154,74,155,-1,155,74,146,-1,155,146,156,-1,156,146,145,-1,156,145,157,-1,157,145,158,-1,158,145,143,-1,158,143,159,-1,159,143,141,-1,159,141,160,-1,160,141,140,-1,160,140,161,-1,161,140,138,-1,161,138,162,-1,162,138,137,-1,162,137,163,-1,137,135,163,-1,163,135,134,-1,163,134,164,-1,164,134,132,-1,164,132,165,-1,120,118,166,-1,166,118,167,-1,167,118,116,-1,167,116,168,-1,168,116,169,-1,169,116,115,-1,169,115,170,-1,171,100,172,-1,172,100,98,-1,172,98,173,-1,173,98,174,-1,174,98,175,-1,175,98,97,-1,175,97,176,-1,176,97,95,-1,176,95,177,-1,165,132,178,-1,178,132,131,-1,178,131,179,-1,131,129,179,-1,179,129,128,-1,179,128,180,-1,128,126,180,-1,180,126,125,-1,180,125,181,-1,166,147,120,-1,120,147,149,-1,120,149,122,-1,122,149,181,-1,122,181,123,-1,123,181,125,-1,115,113,170,-1,170,113,112,-1,170,112,182,-1,182,112,110,-1,182,110,183,-1,183,110,109,-1,109,107,183,-1,183,107,106,-1,183,106,184,-1,106,104,184,-1,184,104,103,-1,184,103,171,-1,171,103,101,-1,171,101,100,-1,177,95,185,-1,185,95,93,-1,185,93,186,-1,93,91,186,-1,186,91,90,-1,186,90,187,-1,90,88,187,-1,187,88,87,-1,187,87,188,-1,188,87,85,-1,188,85,152,-1,85,84,152,-1,152,84,82,-1,152,82,150,-1,150,82,81,-1,150,81,189,-1,189,81,79,-1,189,79,190,-1,190,79,78,-1,190,78,153,-1,153,78,76,-1,153,76,75,-1,191,7,192,-1,192,7,2,-1,185,186,3,-1,3,186,187,-1,3,187,2,-1,151,192,152,-1,152,192,2,-1,152,2,188,-1,188,2,187,-1,148,193,149,-1,149,193,6,-1,149,6,181,-1,3,22,20,-1,181,6,180,-1,180,6,7,-1,180,7,179,-1,191,165,7,-1,7,165,178,-1,7,178,179,-1,20,194,3,-1,3,194,177,-1,3,177,185,-1,20,18,194,-1,194,18,16,-1,194,16,172,-1,172,16,15,-1,193,169,44,-1,44,169,170,-1,44,170,63,-1,63,170,182,-1,63,182,12,-1,12,182,183,-1,12,183,10,-1,10,183,184,-1,10,184,15,-1,15,184,171,-1,15,171,172,-1,44,46,193,-1,193,46,48,-1,193,48,6,-1,6,48,50,-1,6,50,52,-1,195,196,0,-1,0,196,197,-1,0,197,198,-1,199,200,201,-1,201,200,5,-1,201,5,202,-1,202,5,4,-1,202,4,198,-1,198,4,1,-1,198,1,0,-1,
        ]
    }
}
Shape{
    appearance Appearance {
        material  Material 	{
            diffuseColor 0.6470588235294118 0.6196078431372549 0.5882352941176471
            specularColor 0.45098039215686275 0.43529411764705883 0.4117647058823529
            ambientIntensity 0.6242
            transparency 0.0
            shininess 0.5
        }
    }
    geometry IndexedFaceSet {
        ccw TRUE
        solid FALSE
        coord DEF co Coordinate {
            point [
                1.2598 0.6693 0.3937, 1.2598 -0.9055 0.3937, 1.2598 0.6693 1.8898, 1.2598 -0.9055 1.8898, 1.9685 0.6693 0.5118, 1.9685 -0.9055 0.5118, 2.1112 0.6693 0.5306, 2.1112 -0.9055 0.5306, 2.2441 0.6693 0.5857, 2.2441 -0.9055 0.5857, 2.3582 0.6693 0.6733, 2.3582 -0.9055 0.6733, 2.4458 0.6693 0.7874, 2.4458 -0.9055 0.7874, 2.5009 0.6693 0.9203, 2.5009 -0.9055 0.9203, 2.5197 0.6693 1.063, 2.5197 -0.9055 1.063, 2.5009 0.6693 1.2057, 2.5009 -0.9055 1.2057, 2.4458 0.6693 1.3386, 2.4458 -0.9055 1.3386, 2.3582 0.6693 1.4527, 2.3582 -0.9055 1.4527, 2.2441 0.6693 1.5403, 2.2441 -0.9055 1.5403, 2.1112 0.6693 1.5954, 2.1112 -0.9055 1.5954, 1.9685 0.6693 1.6142, 1.9685 -0.9055 1.6142, 1.8258 0.6693 1.5954, 1.8258 -0.9055 1.5954, 1.6929 0.6693 1.5403, 1.6929 -0.9055 1.5403, 1.5788 0.6693 1.4527, 1.5788 -0.9055 1.4527, 1.4912 0.6693 1.3386, 1.4912 -0.9055 1.3386, 1.4361 0.6693 1.2057, 1.4361 -0.9055 1.2057, 1.4173 0.6693 1.063, 1.4173 -0.9055 1.063, 1.4361 0.6693 0.9203, 1.4361 -0.9055 0.9203, 1.4912 0.6693 0.7874, 1.4912 -0.9055 0.7874, 1.5788 0.6693 0.6733, 1.5788 -0.9055 0.6733, 1.6929 0.6693 0.5857, 1.6929 -0.9055 0.5857, 1.8258 0.6693 0.5306, 1.8258 -0.9055 0.5306, 2.2244 -0.9055 0.3937, 1.4764 -0.9055 1.8898, 1.4764 -0.9055 1.888, 2.6772 -0.9055 0.3937, 2.6772 -0.9055 1.8898, 2.4606 -0.9055 1.888, 2.4606 -0.9055 1.8898, 1.7126 -0.9055 0.3937, 1.4764 0.6693 1.8667, 1.4764 0.6693 1.8898, 2.6772 0.6693 1.8898, 2.4606 0.6693 1.8898, 2.4606 0.6693 1.8667, 2.6772 0.6693 0.3937, 2.4606 -0.8239 1.8898, 2.4606 0.6305 1.8898, 1.4764 0.6305 1.8898, 1.4764 -0.8239 1.8898, 2.0986 0.6305 1.8898, 2.1887 0.5924 1.8898, 2.28 0.5254 1.8898, 2.3518 0.4378 1.8898, 2.2342 -0.1698 1.8898, 2.3168 -0.0924 1.8898, 2.3777 0.0031 1.8898, 1.5852 0.4378 1.8898, 1.657 0.5254 1.8898, 1.7483 0.5924 1.8898, 1.8384 0.6305 1.8898, 2.3996 0.3351 1.8898, 2.4205 0.2238 1.8898, 2.413 0.1108 1.8898, 2.1349 -0.2242 1.8898, 2.0251 -0.2524 1.8898, 1.9119 -0.2524 1.8898, 1.8022 -0.2242 1.8898, 1.7028 -0.1698 1.8898, 1.6202 -0.0924 1.8898, 1.5593 0.0031 1.8898, 1.524 0.1108 1.8898, 1.5165 0.2238 1.8898, 1.5374 0.3351 1.8898, 1.8294 0.6277 1.8914, 1.6543 0.5228 1.919, 1.5852 0.4378 1.9172, 1.5374 0.3351 1.915, 1.5165 0.2238 1.9125, 1.524 0.1108 1.9101, 1.5593 0.0031 1.9077, 1.6202 -0.0924 1.9057, 1.7028 -0.1698 1.904, 1.8022 -0.2242 1.9028, 1.9119 -0.2524 1.9022, 2.0251 -0.2524 1.9022, 2.1349 -0.2242 1.9028, 2.2342 -0.1698 1.904, 2.3168 -0.0924 1.9057, 2.3777 0.0031 1.9077, 2.413 0.1108 1.9101, 2.4205 0.2238 1.9125, 2.3996 0.3351 1.915, 2.3518 0.4378 1.9172, 2.2827 0.5228 1.919, 2.2799 0.5252 1.9189, 2.1076 0.6277 1.8914, 2.1838 0.5946 1.9069, 2.1887 0.5924 1.9079, 2.2398 0.5593 1.9164, 1.7523 0.5947 1.9071, 1.6571 0.5252 1.9189, 1.6972 0.5593 1.9164, 1.7484 0.5922 1.9078
            ]
        }
        coordIndex [
            0,1,2,-1,2,1,3,-1,4,5,6,-1,6,5,7,-1,6,7,8,-1,8,7,9,-1,8,9,10,-1,10,9,11,-1,10,11,12,-1,12,11,13,-1,12,13,14,-1,14,13,15,-1,14,15,16,-1,16,15,17,-1,16,17,18,-1,18,17,19,-1,18,19,20,-1,20,19,21,-1,20,21,22,-1,22,21,23,-1,22,23,24,-1,24,23,25,-1,24,25,26,-1,26,25,27,-1,26,27,28,-1,28,27,29,-1,28,29,30,-1,30,29,31,-1,30,31,32,-1,32,31,33,-1,32,33,34,-1,34,33,35,-1,34,35,36,-1,36,35,37,-1,36,37,38,-1,38,37,39,-1,38,39,40,-1,40,39,41,-1,40,41,42,-1,42,41,43,-1,42,43,44,-1,44,43,45,-1,44,45,46,-1,46,45,47,-1,46,47,48,-1,48,47,49,-1,48,49,50,-1,50,49,51,-1,50,51,4,-1,4,51,5,-1,7,5,52,-1,53,3,54,-1,54,3,1,-1,55,56,57,-1,57,56,58,-1,45,43,1,-1,52,5,59,-1,5,51,59,-1,59,51,49,-1,59,49,1,-1,1,49,47,-1,1,47,45,-1,29,57,31,-1,31,57,54,-1,31,54,33,-1,33,54,35,-1,29,27,57,-1,57,27,25,-1,57,25,23,-1,23,21,57,-1,57,21,19,-1,57,19,55,-1,55,19,17,-1,55,17,15,-1,15,13,55,-1,55,13,11,-1,55,11,52,-1,52,11,9,-1,52,9,7,-1,43,41,1,-1,1,41,39,-1,1,39,54,-1,54,39,37,-1,54,37,35,-1,0,2,60,-1,60,2,61,-1,26,28,62,-1,63,62,64,-1,64,62,28,-1,64,28,60,-1,8,10,65,-1,65,10,12,-1,28,30,60,-1,60,30,32,-1,60,32,34,-1,12,14,65,-1,65,14,16,-1,65,16,62,-1,62,16,18,-1,62,18,20,-1,20,22,62,-1,62,22,24,-1,62,24,26,-1,42,44,0,-1,0,44,46,-1,0,46,48,-1,34,36,60,-1,60,36,38,-1,60,38,0,-1,0,38,40,-1,0,40,42,-1,48,50,0,-1,0,50,4,-1,0,4,65,-1,65,4,6,-1,65,6,8,-1,58,56,66,-1,66,56,62,-1,66,62,67,-1,67,62,63,-1,61,2,68,-1,68,2,3,-1,68,3,69,-1,69,3,53,-1,70,71,67,-1,67,71,72,-1,67,72,73,-1,74,66,75,-1,75,66,76,-1,77,78,68,-1,68,78,79,-1,68,79,80,-1,73,81,67,-1,67,81,82,-1,67,82,66,-1,66,82,83,-1,66,83,76,-1,74,84,66,-1,66,84,85,-1,66,85,69,-1,69,85,86,-1,69,86,87,-1,87,88,69,-1,69,88,89,-1,69,89,90,-1,90,91,69,-1,69,91,92,-1,69,92,68,-1,68,92,93,-1,68,93,77,-1,94,80,79,-1,95,78,77,-1,95,77,96,-1,96,77,93,-1,96,93,97,-1,97,93,92,-1,97,92,98,-1,98,92,91,-1,98,91,99,-1,99,91,90,-1,99,90,100,-1,100,90,89,-1,100,89,101,-1,101,89,88,-1,101,88,102,-1,102,88,87,-1,102,87,103,-1,103,87,86,-1,103,86,104,-1,104,86,85,-1,104,85,105,-1,105,85,84,-1,105,84,106,-1,106,84,74,-1,106,74,107,-1,107,74,75,-1,107,75,108,-1,108,75,76,-1,108,76,109,-1,109,76,83,-1,109,83,110,-1,110,83,82,-1,110,82,111,-1,111,82,81,-1,111,81,112,-1,112,81,73,-1,112,73,113,-1,113,73,114,-1,114,73,72,-1,114,72,115,-1,71,70,116,-1,116,117,71,-1,71,117,118,-1,71,118,72,-1,72,118,119,-1,72,119,115,-1,94,79,120,-1,95,121,78,-1,78,121,122,-1,78,122,79,-1,79,122,123,-1,79,123,120,-1,
        ]
    }
}
Shape{
    appearance Appearance {
        material  Material 	{
            diffuseColor 0.13725490196078433 0.32941176470588235 0.7019607843137254
            specularColor 0.011764705882352941 0.023529411764705882 0.050980392156862744
            ambientIntensity 0.4489
            transparency 0.0
            shininess 0.5
        }
    }
    geometry IndexedFaceSet {
        ccw TRUE
        solid FALSE
        coord DEF co Coordinate {
            point [
                1.7126 -0.9055 0.3937, 1.7126 0.3937 0.3937, 1.7717 -0.0 0.3937, 2.0669 0.1705 0.3937, 2.2244 0.3937 0.3937, 2.1077 0.1392 0.3937, 2.139 0.0984 0.3937, 1.7784 -0.051 0.3937, 1.798 -0.0984 0.3937, 1.8293 -0.1392 0.3937, 2.0195 0.1901 0.3937, 1.9685 0.1968 0.3937, 1.9176 0.1901 0.3937, 1.8701 0.1705 0.3937, 1.8293 0.1392 0.3937, 1.798 0.0984 0.3937, 1.7784 0.0509 0.3937, 1.8701 -0.1705 0.3937, 1.9176 -0.1901 0.3937, 2.2244 -0.9055 0.3937, 1.9685 -0.1969 0.3937, 2.0195 -0.1901 0.3937, 2.0669 -0.1705 0.3937, 2.1077 -0.1392 0.3937, 2.139 -0.0984 0.3937, 2.1586 -0.051 0.3937, 2.1654 -0.0 0.3937, 2.1586 0.0509 0.3937, 2.2244 0.3937 0.0, 1.7126 0.3937 0.0, 2.2244 -1.4567 0.0, 2.2244 -1.4567 0.3937, 1.7126 -1.4567 0.0, 1.7126 -1.4567 0.3937
            ]
        }
        coordIndex [
            0,1,2,-1,3,4,5,-1,5,4,6,-1,2,7,0,-1,0,7,8,-1,0,8,9,-1,3,10,4,-1,4,10,11,-1,4,11,1,-1,11,12,1,-1,1,12,13,-1,1,13,14,-1,14,15,1,-1,1,15,16,-1,1,16,2,-1,9,17,0,-1,0,17,18,-1,0,18,19,-1,19,18,20,-1,19,20,21,-1,21,22,19,-1,19,22,23,-1,19,23,24,-1,24,25,19,-1,19,25,26,-1,19,26,4,-1,4,26,27,-1,4,27,6,-1,28,4,29,-1,29,4,1,-1,4,28,19,-1,19,28,30,-1,19,30,31,-1,29,1,32,-1,32,1,0,-1,32,0,33,-1,
        ]
    }
}
Shape{
    appearance Appearance {
        material  Material 	{
            diffuseColor 0.6470588235294118 0.6196078431372549 0.5882352941176471
            specularColor 0.45098039215686275 0.43529411764705883 0.4117647058823529
            ambientIntensity 0.6242
            transparency 0.0
            shininess 0.5
        }
    }
    geometry IndexedFaceSet {
        ccw TRUE
        solid FALSE
        coord DEF co Coordinate {
            point [
                1.9685 -0.1969 0.3937, 2.0195 -0.1901 -1.6535, 2.0195 -0.1901 0.3937, 2.0669 -0.1705 -1.6535, 2.0669 -0.1705 0.3937, 2.1077 -0.1392 -1.6535, 2.1077 -0.1392 0.3937, 2.139 -0.0984 -1.6535, 2.139 -0.0984 0.3937, 2.1586 -0.051 -1.6535, 2.1586 -0.051 0.3937, 2.1654 -0.0 -1.6535, 2.1654 -0.0 0.3937, 2.1586 0.0509 -1.6535, 2.1586 0.0509 0.3937, 2.139 0.0984 -1.6535, 2.139 0.0984 0.3937, 2.1077 0.1392 -1.6535, 2.1077 0.1392 0.3937, 2.0669 0.1705 -1.6535, 2.0669 0.1705 0.3937, 2.0195 0.1901 -1.6535, 2.0195 0.1901 0.3937, 1.9685 0.1968 -1.6535, 1.9685 0.1968 0.3937, 1.9176 0.1901 -1.6535, 1.9176 0.1901 0.3937, 1.8701 0.1705 -1.6535, 1.8701 0.1705 0.3937, 1.8293 0.1392 -1.6535, 1.8293 0.1392 0.3937, 1.798 0.0984 -1.6535, 1.798 0.0984 0.3937, 1.7784 0.0509 -1.6535, 1.7784 0.0509 0.3937, 1.7717 -0.0 -1.6535, 1.7717 -0.0 0.3937, 1.7784 -0.051 -1.6535, 1.7784 -0.051 0.3937, 1.798 -0.0984 -1.6535, 1.798 -0.0984 0.3937, 1.8293 -0.1392 -1.6535, 1.8293 -0.1392 0.3937, 1.8701 -0.1705 -1.6535, 1.8701 -0.1705 0.3937, 1.9176 -0.1901 -1.6535, 1.9176 -0.1901 0.3937, 1.9685 -0.1969 -1.6535, 1.9685 -0.0 -1.6535, 1.3711 -0.2155 3.3465, 1.4186 -0.2807 3.3465, 1.4237 -0.2763 3.3974, 1.4869 -0.3469 3.3465, 1.508 -0.3674 3.3465, 1.5122 -0.3622 3.3974, 1.6307 -0.4467 3.3465, 1.724 -0.4893 3.3465, 1.7263 -0.4829 3.3974, 2.1422 -0.5078 3.3465, 2.213 -0.4893 3.3465, 2.2107 -0.4829 3.3974, 2.3063 -0.4467 3.3465, 2.3262 -0.4376 3.3465, 2.3229 -0.4318 3.3974, 2.4501 -0.3469 3.3465, 2.5184 -0.2807 3.3465, 2.5134 -0.2763 3.3974, 1.3302 0.0394 3.4978, 1.3174 0.0394 3.4849, 1.3439 -0.0475 3.4857, 1.2902 -0.0685 3.3465, 1.2964 -0.066 3.3974, 1.288 -0.0613 3.3465, 1.2595 0.0394 3.3748, 1.2574 0.0394 3.3465, 1.2864 0.0394 3.4481, 1.2848 0.0394 3.4447, 1.3148 -0.0589 3.4449, 1.2685 0.0394 3.4108, 1.2651 0.0394 3.3972, 1.3006 0.0394 3.4682, 1.4261 -0.0153 3.5366, 1.3881 0.0394 3.5305, 1.3819 -0.0326 3.5169, 1.359 0.0394 3.5162, 1.3499 0.0394 3.5118, 1.4609 0.0394 3.5433, 1.4544 0.0394 3.5432, 1.4735 0.0032 3.5433, 1.4116 0.0394 3.5376, 1.4078 0.0394 3.5364, 2.4761 0.0394 3.5433, 2.4635 0.0032 3.5433, 2.519 0.0394 3.539, 2.5109 -0.0153 3.5366, 2.5783 0.0394 3.5167, 2.5745 0.0394 3.5191, 2.5551 -0.0326 3.5169, 2.5352 0.0394 3.535, 2.5292 0.0394 3.5365, 2.5995 0.0394 3.5034, 2.5931 -0.0475 3.4857, 2.6197 0.0394 3.485, 2.6304 0.0394 3.4753, 2.6222 -0.0589 3.4449, 2.6471 0.0394 3.4536, 2.6406 -0.066 3.3974, 2.6662 0.0394 3.417, 2.6518 0.0394 3.4445, 2.6468 -0.0685 3.3465, 2.649 -0.0613 3.3465, 2.6796 0.0394 3.3465, 2.6795 0.0394 3.352, 2.674 0.0394 3.3927, 2.6725 0.0394 3.3973, 2.4233 -0.0782 3.5433, 2.3698 -0.1517 3.5433, 2.4669 -0.1046 3.5366, 2.4083 -0.1851 3.5366, 2.5075 -0.1292 3.5169, 2.4441 -0.2162 3.5169, 2.5424 -0.1503 3.4857, 2.4749 -0.2429 3.4857, 2.5692 -0.1665 3.4449, 2.4985 -0.2634 3.4449, 2.586 -0.1766 3.3974, 1.878 -0.3269 3.5433, 1.7901 -0.3038 3.5433, 1.8693 -0.3771 3.5366, 1.773 -0.3518 3.5366, 1.8612 -0.4239 3.5169, 1.7571 -0.3965 3.5169, 1.8543 -0.464 3.4857, 1.7434 -0.4349 3.4857, 1.849 -0.4949 3.4449, 1.7329 -0.4644 3.4449, 1.8456 -0.5143 3.3974, 2.5917 -0.1801 3.3465, 2.566 -0.2155 3.3465, 2.4291 -0.3674 3.3465, 2.4248 -0.3622 3.3974, 2.4124 -0.347 3.4449, 2.3926 -0.3227 3.4857, 2.3668 -0.2912 3.5169, 2.3368 -0.2544 3.5366, 2.3046 -0.2149 3.5433, 2.2295 -0.2661 3.5433, 2.2546 -0.3105 3.5366, 2.2779 -0.3519 3.5169, 2.2979 -0.3874 3.4857, 2.3133 -0.4146 3.4449, 2.2041 -0.4644 3.4449, 2.1936 -0.4349 3.4857, 2.1799 -0.3965 3.5169, 2.164 -0.3518 3.5366, 2.1469 -0.3038 3.5433, 2.0925 -0.5209 3.3465, 2.0914 -0.5143 3.3974, 2.0881 -0.4949 3.4449, 2.0827 -0.464 3.4857, 2.0758 -0.4239 3.5169, 2.0677 -0.3771 3.5366, 2.059 -0.3269 3.5433, 1.9685 -0.3347 3.5433, 1.9685 -0.3856 3.5366, 1.9685 -0.4331 3.5169, 1.9685 -0.4738 3.4857, 1.9685 -0.5051 3.4449, 1.9685 -0.5248 3.3974, 1.9685 -0.5315 3.3465, 1.8445 -0.5209 3.3465, 1.7949 -0.5078 3.3465, 1.6108 -0.4376 3.3465, 1.6141 -0.4318 3.3974, 1.6237 -0.4146 3.4449, 1.6391 -0.3874 3.4857, 1.6591 -0.3519 3.5169, 1.6824 -0.3105 3.5366, 1.7075 -0.2661 3.5433, 1.6324 -0.2149 3.5433, 1.6002 -0.2544 3.5366, 1.5702 -0.2912 3.5169, 1.5444 -0.3227 3.4857, 1.5246 -0.347 3.4449, 1.4385 -0.2634 3.4449, 1.4621 -0.2429 3.4857, 1.4929 -0.2162 3.5169, 1.5287 -0.1851 3.5366, 1.5672 -0.1517 3.5433, 1.3453 -0.1801 3.3465, 1.351 -0.1766 3.3974, 1.3679 -0.1665 3.4449, 1.3946 -0.1503 3.4857, 1.4295 -0.1292 3.5169, 1.4701 -0.1046 3.5366, 1.5137 -0.0782 3.5433, 2.126 -0.1181 3.2283, 2.126 -0.1239 3.2282, 2.126 -0.1181 3.5433, 2.126 -0.1598 3.2219, 2.126 -0.2953 3.2283, 2.126 -0.2953 3.5433, 2.126 -0.2099 3.2283, 2.126 -0.1673 3.2237, 1.811 -0.2953 3.2283, 1.811 -0.2953 3.5433, 1.811 -0.1239 3.2282, 1.811 -0.1181 3.2283, 1.811 -0.1181 3.5433, 1.811 -0.1598 3.2219, 1.811 -0.1673 3.2237, 1.811 -0.2099 3.2283, 1.811 0.689 3.2283, 2.126 0.689 3.2283, 1.811 0.689 3.5433, 2.126 0.689 3.5433, 2.126 0.5176 3.2282, 2.126 0.5118 3.2283, 2.126 0.5118 3.5433, 2.126 0.5535 3.2219, 2.126 0.561 3.2237, 2.126 0.6036 3.2283, 1.811 0.5118 3.2283, 1.811 0.5176 3.2282, 1.811 0.5118 3.5433, 1.811 0.5535 3.2219, 1.811 0.6036 3.2283, 1.811 0.561 3.2237, 2.2892 0.0394 3.2282, 2.2835 0.0394 3.2283, 2.2835 0.0394 3.5433, 2.6796 0.0394 3.2283, 2.3753 0.0394 3.2283, 2.3252 0.0394 3.2219, 2.3327 0.0394 3.2237, 2.2835 0.3543 3.5433, 2.2835 0.3543 3.2283, 2.2892 0.3543 3.2282, 2.3252 0.3543 3.2219, 2.3327 0.3543 3.2237, 2.3753 0.3543 3.2283, 2.5783 0.3543 3.5167, 2.5995 0.3543 3.5034, 2.6197 0.3543 3.485, 2.6662 0.3543 3.417, 2.6518 0.3543 3.4445, 2.5745 0.3543 3.5191, 2.5352 0.3543 3.535, 2.5292 0.3543 3.5365, 2.519 0.3543 3.539, 2.4761 0.3543 3.5433, 2.6796 0.3543 3.2283, 2.6796 0.3543 3.3465, 2.6795 0.3543 3.352, 2.674 0.3543 3.3927, 2.6725 0.3543 3.3973, 2.6471 0.3543 3.4536, 2.6304 0.3543 3.4753, 1.6535 0.0394 3.2283, 1.6478 0.0394 3.2282, 1.6535 0.0394 3.5433, 1.6118 0.0394 3.2219, 1.6044 0.0394 3.2237, 1.5618 0.0394 3.2283, 1.2574 0.0394 3.2283, 1.6478 0.3543 3.2282, 1.6535 0.3543 3.2283, 1.6535 0.3543 3.5433, 1.2685 0.3543 3.4108, 1.2651 0.3543 3.3972, 1.5618 0.3543 3.2283, 1.3006 0.3543 3.4682, 1.2864 0.3543 3.4481, 1.2848 0.3543 3.4447, 1.2595 0.3543 3.3748, 1.2574 0.3543 3.3465, 1.2574 0.3543 3.2283, 1.6118 0.3543 3.2219, 1.6044 0.3543 3.2237, 1.4609 0.3543 3.5433, 1.4544 0.3543 3.5432, 1.3881 0.3543 3.5305, 1.359 0.3543 3.5162, 1.3499 0.3543 3.5118, 1.4116 0.3543 3.5376, 1.4078 0.3543 3.5364, 1.3302 0.3543 3.4978, 1.3174 0.3543 3.4849, 1.6846 0.0363 3.2283, 1.6943 0.034 3.5433, 1.694 0.0332 3.2283, 1.7196 0.0248 3.2283, 1.7323 0.0183 3.5433, 1.7317 0.0174 3.2283, 1.7511 0.0055 3.2283, 1.7649 -0.0068 3.5433, 1.7641 -0.0075 3.2283, 1.7772 -0.0206 3.2283, 1.7899 -0.0394 3.5433, 1.789 -0.0399 3.2283, 1.7965 -0.052 3.2283, 1.8057 -0.0774 3.5433, 1.8048 -0.0776 3.2283, 1.8079 -0.0871 3.2283, 2.2525 0.0363 3.2283, 2.2427 0.034 3.5433, 2.243 0.0332 3.2283, 2.2174 0.0248 3.2283, 2.2047 0.0183 3.5433, 2.2053 0.0174 3.2283, 2.1859 0.0055 3.2283, 2.1721 -0.0068 3.5433, 2.1729 -0.0075 3.2283, 2.1598 -0.0206 3.2283, 2.1471 -0.0394 3.5433, 2.148 -0.0399 3.2283, 2.1405 -0.052 3.2283, 2.1314 -0.0774 3.5433, 2.1291 -0.0871 3.2283, 2.1322 -0.0776 3.2283, 2.2525 0.3574 3.2283, 2.2427 0.3597 3.5433, 2.243 0.3605 3.2283, 2.2174 0.3689 3.2283, 2.2047 0.3754 3.5433, 2.2053 0.3763 3.2283, 2.1859 0.3882 3.2283, 2.1721 0.4005 3.5433, 2.1729 0.4012 3.2283, 2.1598 0.4143 3.2283, 2.1471 0.4331 3.5433, 2.148 0.4336 3.2283, 2.1405 0.4457 3.2283, 2.1314 0.471 3.5433, 2.1322 0.4713 3.2283, 2.1291 0.4808 3.2283, 1.6846 0.3574 3.2283, 1.6943 0.3597 3.5433, 1.694 0.3605 3.2283, 1.7196 0.3689 3.2283, 1.7323 0.3754 3.5433, 1.7317 0.3763 3.2283, 1.7511 0.3882 3.2283, 1.7649 0.4005 3.5433, 1.7641 0.4012 3.2283, 1.7772 0.4143 3.2283, 1.7899 0.4331 3.5433, 1.789 0.4336 3.2283, 1.7965 0.4457 3.2283, 1.8057 0.471 3.5433, 1.8079 0.4808 3.2283, 1.8048 0.4713 3.2283, 1.7125 0.3035 3.158, 1.7125 0.0902 3.158, 1.7674 0.2655 3.0926, 1.7674 0.1282 3.0926, 1.8898 0.1968 2.9468, 1.9685 0.2628 2.9372, 1.9685 0.2313 2.9134, 1.9341 0.1968 2.9134, 1.9025 0.1968 2.9372, 1.6928 0.3163 3.1784, 1.6808 0.3221 3.1864, 1.6472 0.3381 3.2088, 1.6449 0.3391 3.2097, 1.8505 0.4716 3.176, 1.8431 0.4838 3.1877, 1.8274 0.518 3.2085, 1.8263 0.5204 3.2099, 1.8618 0.4528 3.158, 1.9685 0.2756 2.9468, 1.8999 0.3979 3.0926, 2.0752 0.4528 3.158, 2.0372 0.3979 3.0926, 2.003 0.1968 2.9134, 2.2433 0.3149 3.176, 2.2554 0.3223 3.1877, 2.2897 0.338 3.2085, 2.2921 0.3391 3.2099, 2.2245 0.3035 3.158, 2.1108 0.5205 3.2097, 2.1097 0.5182 3.2088, 2.0937 0.4846 3.1864, 2.088 0.4725 3.1784, 2.0345 0.1968 2.9372, 2.0472 0.1968 2.9468, 2.1696 0.2655 3.0926, 2.2245 0.0902 3.158, 2.1696 0.1282 3.0926, 1.9685 0.1309 2.9372, 1.9685 0.1624 2.9134, 2.2442 0.0774 3.1784, 2.2563 0.0716 3.1864, 2.2898 0.0556 3.2088, 2.2921 0.0546 3.2097, 2.0866 -0.0779 3.176, 2.0939 -0.0901 3.1877, 2.1096 -0.1244 3.2085, 2.1107 -0.1267 3.2099, 2.0752 -0.0591 3.158, 1.9685 0.1181 2.9468, 2.0372 -0.0042 3.0926, 1.8618 -0.0591 3.158, 1.8999 -0.0042 3.0926, 1.6937 0.0788 3.176, 1.6816 0.0714 3.1877, 1.6473 0.0557 3.2085, 1.6449 0.0546 3.2099, 1.8262 -0.1268 3.2097, 1.8273 -0.1245 3.2088, 1.8433 -0.0909 3.1864, 1.8491 -0.0788 3.1784
            ]
        }
        coordIndex [
            0,1,2,-1,2,1,3,-1,2,3,4,-1,4,3,5,-1,4,5,6,-1,6,5,7,-1,6,7,8,-1,8,7,9,-1,8,9,10,-1,10,9,11,-1,10,11,12,-1,12,11,13,-1,12,13,14,-1,14,13,15,-1,14,15,16,-1,16,15,17,-1,16,17,18,-1,18,17,19,-1,18,19,20,-1,20,19,21,-1,20,21,22,-1,22,21,23,-1,22,23,24,-1,24,23,25,-1,24,25,26,-1,26,25,27,-1,26,27,28,-1,28,27,29,-1,28,29,30,-1,30,29,31,-1,30,31,32,-1,32,31,33,-1,32,33,34,-1,34,33,35,-1,34,35,36,-1,36,35,37,-1,36,37,38,-1,38,37,39,-1,38,39,40,-1,40,39,41,-1,40,41,42,-1,42,41,43,-1,42,43,44,-1,44,43,45,-1,44,45,46,-1,46,45,47,-1,46,47,0,-1,0,47,1,-1,3,1,48,-1,48,1,47,-1,48,47,45,-1,9,7,48,-1,48,7,5,-1,48,5,3,-1,15,13,48,-1,48,13,11,-1,48,11,9,-1,21,19,48,-1,48,19,17,-1,48,17,15,-1,27,25,48,-1,48,25,23,-1,48,23,21,-1,33,31,48,-1,48,31,29,-1,48,29,27,-1,39,37,48,-1,48,37,35,-1,48,35,33,-1,45,43,48,-1,48,43,41,-1,48,41,39,-1,49,50,51,-1,52,53,54,-1,55,56,57,-1,58,59,60,-1,61,62,63,-1,64,65,66,-1,67,68,69,-1,70,71,72,-1,72,71,73,-1,72,73,74,-1,75,76,77,-1,77,76,78,-1,77,78,71,-1,71,78,79,-1,71,79,73,-1,69,68,77,-1,77,68,80,-1,77,80,75,-1,81,82,83,-1,83,82,84,-1,83,84,69,-1,69,84,85,-1,69,85,67,-1,86,87,88,-1,88,87,89,-1,88,89,81,-1,81,89,90,-1,81,90,82,-1,91,92,93,-1,93,92,94,-1,95,96,97,-1,97,96,98,-1,97,98,94,-1,94,98,99,-1,94,99,93,-1,95,97,100,-1,100,97,101,-1,100,101,102,-1,102,101,103,-1,103,101,104,-1,103,104,105,-1,106,107,104,-1,104,107,108,-1,104,108,105,-1,106,109,110,-1,111,112,110,-1,110,112,113,-1,110,113,106,-1,106,113,114,-1,106,114,107,-1,115,116,117,-1,117,116,118,-1,117,118,119,-1,119,118,120,-1,119,120,121,-1,121,120,122,-1,121,122,123,-1,123,122,124,-1,123,124,125,-1,125,124,66,-1,126,127,128,-1,128,127,129,-1,128,129,130,-1,130,129,131,-1,130,131,132,-1,132,131,133,-1,132,133,134,-1,134,133,135,-1,134,135,136,-1,136,135,57,-1,92,115,94,-1,94,115,117,-1,94,117,97,-1,97,117,119,-1,97,119,101,-1,101,119,121,-1,101,121,104,-1,104,121,123,-1,104,123,106,-1,106,123,125,-1,106,125,109,-1,109,125,137,-1,66,65,125,-1,125,65,138,-1,125,138,137,-1,139,64,140,-1,140,64,66,-1,140,66,141,-1,141,66,124,-1,141,124,142,-1,142,124,122,-1,142,122,143,-1,143,122,120,-1,143,120,144,-1,144,120,118,-1,144,118,145,-1,145,118,116,-1,145,146,144,-1,144,146,147,-1,144,147,143,-1,143,147,148,-1,143,148,142,-1,142,148,149,-1,142,149,141,-1,141,149,150,-1,141,150,140,-1,140,150,63,-1,140,63,139,-1,139,63,62,-1,59,61,60,-1,60,61,63,-1,60,63,151,-1,151,63,150,-1,151,150,152,-1,152,150,149,-1,152,149,153,-1,153,149,148,-1,153,148,154,-1,154,148,147,-1,154,147,155,-1,155,147,146,-1,156,58,157,-1,157,58,60,-1,157,60,158,-1,158,60,151,-1,158,151,159,-1,159,151,152,-1,159,152,160,-1,160,152,153,-1,160,153,161,-1,161,153,154,-1,161,154,162,-1,162,154,155,-1,162,163,161,-1,161,163,164,-1,161,164,160,-1,160,164,165,-1,160,165,159,-1,159,165,166,-1,159,166,158,-1,158,166,167,-1,158,167,157,-1,157,167,168,-1,157,168,156,-1,156,168,169,-1,163,126,164,-1,164,126,128,-1,164,128,165,-1,165,128,130,-1,165,130,166,-1,166,130,132,-1,166,132,167,-1,167,132,134,-1,167,134,168,-1,168,134,136,-1,168,136,169,-1,169,136,170,-1,57,56,136,-1,136,56,171,-1,136,171,170,-1,172,55,173,-1,173,55,57,-1,173,57,174,-1,174,57,135,-1,174,135,175,-1,175,135,133,-1,175,133,176,-1,176,133,131,-1,176,131,177,-1,177,131,129,-1,177,129,178,-1,178,129,127,-1,178,179,177,-1,177,179,180,-1,177,180,176,-1,176,180,181,-1,176,181,175,-1,175,181,182,-1,175,182,174,-1,174,182,183,-1,174,183,173,-1,173,183,54,-1,173,54,172,-1,172,54,53,-1,50,52,51,-1,51,52,54,-1,51,54,184,-1,184,54,183,-1,184,183,185,-1,185,183,182,-1,185,182,186,-1,186,182,181,-1,186,181,187,-1,187,181,180,-1,187,180,188,-1,188,180,179,-1,189,49,190,-1,190,49,51,-1,190,51,191,-1,191,51,184,-1,191,184,192,-1,192,184,185,-1,192,185,193,-1,193,185,186,-1,193,186,194,-1,194,186,187,-1,194,187,195,-1,195,187,188,-1,195,88,194,-1,194,88,81,-1,194,81,193,-1,193,81,83,-1,193,83,192,-1,192,83,69,-1,192,69,191,-1,191,69,77,-1,191,77,190,-1,190,77,71,-1,190,71,189,-1,189,71,70,-1,196,197,198,-1,198,197,199,-1,200,201,202,-1,202,201,198,-1,202,198,203,-1,203,198,199,-1,200,204,201,-1,201,204,205,-1,206,207,208,-1,208,205,204,-1,209,206,210,-1,210,206,208,-1,210,208,211,-1,211,208,204,-1,212,213,214,-1,214,213,215,-1,216,217,218,-1,218,215,213,-1,219,216,220,-1,220,216,218,-1,220,218,221,-1,221,218,213,-1,222,223,224,-1,224,223,225,-1,212,214,226,-1,226,214,224,-1,226,224,227,-1,227,224,225,-1,228,229,230,-1,111,231,232,-1,93,99,232,-1,107,114,232,-1,233,228,234,-1,234,228,230,-1,234,230,232,-1,232,230,91,-1,232,91,93,-1,99,98,232,-1,232,98,96,-1,232,96,95,-1,95,100,232,-1,232,100,102,-1,232,102,103,-1,103,105,232,-1,232,105,108,-1,232,108,107,-1,114,113,232,-1,232,113,112,-1,232,112,111,-1,235,236,237,-1,237,238,235,-1,235,238,239,-1,235,239,240,-1,241,240,242,-1,242,240,243,-1,244,245,240,-1,241,246,240,-1,240,246,247,-1,240,247,248,-1,248,249,240,-1,240,249,250,-1,240,250,235,-1,251,252,240,-1,240,252,253,-1,253,254,240,-1,240,254,255,-1,240,255,244,-1,245,256,240,-1,240,256,257,-1,240,257,243,-1,258,259,260,-1,260,259,261,-1,261,262,260,-1,260,262,263,-1,260,263,86,-1,263,264,74,-1,74,73,263,-1,263,73,79,-1,263,79,78,-1,78,76,263,-1,263,76,75,-1,263,75,80,-1,80,68,263,-1,263,68,67,-1,263,67,85,-1,85,84,263,-1,263,84,82,-1,263,82,90,-1,90,89,263,-1,263,89,87,-1,263,87,86,-1,265,266,267,-1,268,269,270,-1,271,272,270,-1,270,272,273,-1,270,273,268,-1,269,274,270,-1,270,274,275,-1,270,275,276,-1,277,265,278,-1,278,265,267,-1,278,267,270,-1,270,267,279,-1,270,279,280,-1,281,282,270,-1,270,282,283,-1,280,284,270,-1,270,284,285,-1,270,285,281,-1,283,286,270,-1,270,286,287,-1,270,287,271,-1,258,260,288,-1,288,260,289,-1,288,289,290,-1,290,289,291,-1,291,289,292,-1,291,292,293,-1,293,292,294,-1,294,292,295,-1,294,295,296,-1,296,295,297,-1,297,295,298,-1,297,298,299,-1,299,298,300,-1,300,298,301,-1,300,301,302,-1,302,301,303,-1,303,301,208,-1,303,208,207,-1,229,304,230,-1,230,304,305,-1,304,306,305,-1,305,306,307,-1,305,307,308,-1,307,309,308,-1,308,309,310,-1,308,310,311,-1,310,312,311,-1,311,312,313,-1,311,313,314,-1,313,315,314,-1,314,315,316,-1,314,316,317,-1,196,198,318,-1,318,198,317,-1,318,317,319,-1,319,317,316,-1,236,235,320,-1,320,235,321,-1,320,321,322,-1,322,321,323,-1,323,321,324,-1,323,324,325,-1,325,324,326,-1,326,324,327,-1,326,327,328,-1,328,327,329,-1,329,327,330,-1,329,330,331,-1,331,330,332,-1,332,330,333,-1,332,333,334,-1,334,333,335,-1,335,333,218,-1,335,218,217,-1,266,336,267,-1,267,336,337,-1,336,338,337,-1,337,338,339,-1,337,339,340,-1,339,341,340,-1,340,341,342,-1,340,342,343,-1,342,344,343,-1,343,344,345,-1,343,345,346,-1,345,347,346,-1,346,347,348,-1,346,348,349,-1,222,224,350,-1,350,224,349,-1,350,349,351,-1,351,349,348,-1,352,353,354,-1,354,353,355,-1,354,355,356,-1,357,345,344,-1,358,357,359,-1,359,357,344,-1,359,344,360,-1,360,344,342,-1,360,342,356,-1,356,342,341,-1,356,341,354,-1,354,341,339,-1,354,339,352,-1,352,339,338,-1,352,338,361,-1,361,338,336,-1,361,336,362,-1,362,336,266,-1,362,266,363,-1,363,266,265,-1,363,265,364,-1,364,265,277,-1,350,365,366,-1,350,366,222,-1,222,366,367,-1,222,367,223,-1,223,367,368,-1,223,368,225,-1,365,350,369,-1,369,350,351,-1,369,351,348,-1,345,357,347,-1,347,357,370,-1,347,370,348,-1,348,370,371,-1,348,371,369,-1,372,369,373,-1,373,369,371,-1,373,371,370,-1,357,358,374,-1,320,375,376,-1,320,376,236,-1,236,376,377,-1,236,377,237,-1,237,377,378,-1,237,378,238,-1,375,320,379,-1,379,320,322,-1,379,322,323,-1,219,380,216,-1,216,380,381,-1,216,381,217,-1,217,381,382,-1,217,382,335,-1,335,382,383,-1,335,383,334,-1,334,383,372,-1,334,372,332,-1,332,372,373,-1,332,373,331,-1,331,373,370,-1,331,370,329,-1,329,370,357,-1,329,357,328,-1,328,357,374,-1,328,374,326,-1,326,374,384,-1,326,384,325,-1,325,384,385,-1,325,385,323,-1,323,385,386,-1,323,386,379,-1,387,379,388,-1,388,379,386,-1,388,386,385,-1,389,313,312,-1,390,389,374,-1,374,389,312,-1,374,312,384,-1,384,312,310,-1,384,310,385,-1,385,310,309,-1,385,309,388,-1,388,309,307,-1,388,307,387,-1,387,307,306,-1,387,306,391,-1,391,306,304,-1,391,304,392,-1,392,304,229,-1,392,229,393,-1,393,229,228,-1,393,228,394,-1,394,228,233,-1,318,395,396,-1,318,396,196,-1,196,396,397,-1,196,397,197,-1,197,397,398,-1,197,398,199,-1,395,318,399,-1,399,318,319,-1,399,319,316,-1,313,389,315,-1,315,389,400,-1,315,400,316,-1,316,400,401,-1,316,401,399,-1,402,399,403,-1,403,399,401,-1,403,401,400,-1,389,390,359,-1,288,404,405,-1,288,405,258,-1,258,405,406,-1,258,406,259,-1,259,406,407,-1,259,407,261,-1,404,288,353,-1,353,288,290,-1,353,290,291,-1,209,408,206,-1,206,408,409,-1,206,409,207,-1,207,409,410,-1,207,410,303,-1,303,410,411,-1,303,411,302,-1,302,411,402,-1,302,402,300,-1,300,402,403,-1,300,403,299,-1,299,403,400,-1,299,400,297,-1,297,400,389,-1,297,389,296,-1,296,389,359,-1,296,359,294,-1,294,359,360,-1,294,360,293,-1,293,360,356,-1,293,356,291,-1,291,356,355,-1,291,355,353,-1,374,358,390,-1,390,358,359,-1,211,202,203,-1,410,396,395,-1,410,395,411,-1,411,395,399,-1,411,399,402,-1,396,410,397,-1,397,410,409,-1,397,409,398,-1,398,409,408,-1,398,408,199,-1,199,408,209,-1,199,209,203,-1,203,209,210,-1,203,210,211,-1,232,240,239,-1,392,376,375,-1,392,375,391,-1,391,375,379,-1,391,379,387,-1,376,392,377,-1,377,392,393,-1,377,393,378,-1,378,393,394,-1,378,394,238,-1,238,394,233,-1,238,233,239,-1,239,233,234,-1,239,234,232,-1,270,263,262,-1,362,405,404,-1,362,404,361,-1,361,404,353,-1,361,353,352,-1,405,362,406,-1,406,362,363,-1,406,363,407,-1,407,363,364,-1,407,364,261,-1,261,364,277,-1,261,277,262,-1,262,277,278,-1,262,278,270,-1,221,226,227,-1,382,366,365,-1,382,365,383,-1,383,365,369,-1,383,369,372,-1,366,382,367,-1,367,382,381,-1,367,381,368,-1,368,381,380,-1,368,380,225,-1,225,380,219,-1,225,219,227,-1,227,219,220,-1,227,220,221,-1,
        ]
    }
}
Shape{
    appearance Appearance {
        material  Material 	{
            diffuseColor 0.13725490196078433 0.32941176470588235 0.7019607843137254
            specularColor 0.011764705882352941 0.023529411764705882 0.050980392156862744
            ambientIntensity 0.4489
            transparency 0.0
            shininess 0.5
        }
    }
    geometry IndexedFaceSet {
        ccw TRUE
        solid FALSE
        coord DEF co Coordinate {
            point [
                3.1102 0.5905 0.0, 3.1102 0.5905 2.3622, 2.9528 0.5905 0.0, 2.9528 0.5905 2.3622, 3.1102 0.9842 2.3622, 3.1102 0.9842 0.0, 2.9528 0.9842 2.3622, 2.9528 0.9842 0.0
            ]
        }
        coordIndex [
            0,1,2,-1,2,1,3,-1,4,5,6,-1,6,5,7,-1,1,4,3,-1,3,4,6,-1,5,4,0,-1,0,4,1,-1,
        ]
    }
}
Shape{
    appearance Appearance {
        material  Material 	{
            diffuseColor 1.0 1.0 1.0
            specularColor 0.5019607843137255 0.5019607843137255 0.5019607843137255
            ambientIntensity 1.0
            transparency 0.0
            shininess 0.5
        }
    }
    geometry IndexedFaceSet {
        ccw TRUE
        solid FALSE
        coord DEF co Coordinate {
            point [
                2.9531 0.2876 3.4807, 2.9531 0.2876 3.467, 2.9528 0.2876 3.4807, 2.9528 0.2876 3.467, 2.9531 0.2397 3.4807, 2.9528 0.2397 3.4807, 2.9531 0.2397 3.5871, 2.9528 0.2397 3.5871, 2.9531 0.2242 3.5871, 2.9528 0.2242 3.5871, 2.9531 0.2242 3.467, 2.9528 0.2242 3.467, 2.9531 0.3492 3.465, 2.9528 0.3492 3.465, 2.9528 0.3565 3.4652, 2.9531 0.3565 3.4652, 2.9528 0.3633 3.466, 2.9531 0.3633 3.466, 2.9528 0.3694 3.4672, 2.9531 0.3694 3.4672, 2.9528 0.375 3.4688, 2.9531 0.375 3.4688, 2.9528 0.38 3.4708, 2.9531 0.38 3.4708, 2.9528 0.3824 3.472, 2.9531 0.3824 3.472, 2.9531 0.3824 3.4869, 2.9528 0.3824 3.4869, 2.9528 0.3779 3.4844, 2.9531 0.3779 3.4844, 2.9528 0.3731 3.4824, 2.9531 0.3731 3.4824, 2.9528 0.368 3.4808, 2.9531 0.368 3.4808, 2.9528 0.3627 3.4797, 2.9531 0.3627 3.4797, 2.9528 0.357 3.479, 2.9531 0.357 3.479, 2.9528 0.3514 3.4788, 2.9531 0.3514 3.4788, 2.9528 0.3462 3.4791, 2.9531 0.3462 3.4791, 2.9528 0.3413 3.4798, 2.9531 0.3413 3.4798, 2.9528 0.3367 3.481, 2.9531 0.3367 3.481, 2.9528 0.3325 3.4827, 2.9531 0.3325 3.4827, 2.9528 0.3287 3.4848, 2.9531 0.3287 3.4848, 2.9528 0.3251 3.4873, 2.9531 0.3251 3.4873, 2.9528 0.3217 3.4903, 2.9531 0.3217 3.4903, 2.9528 0.3205 3.4915, 2.9531 0.3205 3.4915, 2.9528 0.3176 3.495, 2.9531 0.3176 3.495, 2.9528 0.3151 3.4988, 2.9531 0.3151 3.4988, 2.9528 0.3131 3.5029, 2.9531 0.3131 3.5029, 2.9528 0.3114 3.5074, 2.9531 0.3114 3.5074, 2.9528 0.3101 3.5122, 2.9531 0.3101 3.5122, 2.9528 0.3092 3.5175, 2.9531 0.3092 3.5175, 2.9528 0.3088 3.5232, 2.9531 0.3088 3.5232, 2.9528 0.3088 3.5257, 2.9531 0.3088 3.5257, 2.9528 0.309 3.5319, 2.9531 0.309 3.5319, 2.9528 0.3098 3.5378, 2.9531 0.3098 3.5378, 2.9528 0.311 3.5431, 2.9531 0.311 3.5431, 2.9528 0.3126 3.5479, 2.9531 0.3126 3.5479, 2.9528 0.3146 3.5524, 2.9531 0.3146 3.5524, 2.9528 0.3171 3.5565, 2.9531 0.3171 3.5565, 2.9528 0.3199 3.5602, 2.9531 0.3199 3.5602, 2.9528 0.3214 3.5618, 2.9531 0.3214 3.5618, 2.9528 0.3248 3.5651, 2.9531 0.3248 3.5651, 2.9528 0.3286 3.5679, 2.9531 0.3286 3.5679, 2.9528 0.3325 3.5703, 2.9531 0.3325 3.5703, 2.9528 0.3366 3.5721, 2.9531 0.3366 3.5721, 2.9528 0.341 3.5736, 2.9531 0.341 3.5736, 2.9528 0.3458 3.5745, 2.9531 0.3458 3.5745, 2.9528 0.3508 3.5751, 2.9531 0.3508 3.5751, 2.9528 0.3541 3.5752, 2.9531 0.3541 3.5752, 2.9528 0.3599 3.5749, 2.9531 0.3599 3.5749, 2.9528 0.3654 3.5741, 2.9531 0.3654 3.5741, 2.9528 0.3707 3.5729, 2.9531 0.3707 3.5729, 2.9528 0.3758 3.5712, 2.9531 0.3758 3.5712, 2.9528 0.3806 3.569, 2.9531 0.3806 3.569, 2.9528 0.3824 3.568, 2.9531 0.3824 3.568, 2.9531 0.3824 3.5842, 2.9528 0.3824 3.5842, 2.9528 0.3778 3.586, 2.9531 0.3778 3.586, 2.9528 0.3727 3.5873, 2.9531 0.3727 3.5873, 2.9528 0.3669 3.5883, 2.9531 0.3669 3.5883, 2.9528 0.3604 3.589, 2.9531 0.3604 3.589, 2.9528 0.3539 3.5892, 2.9531 0.3539 3.5892, 2.9528 0.3477 3.5889, 2.9531 0.3477 3.5889, 2.9528 0.3417 3.5881, 2.9531 0.3417 3.5881, 2.9528 0.3361 3.5869, 2.9531 0.3361 3.5869, 2.9528 0.3308 3.5852, 2.9531 0.3308 3.5852, 2.9528 0.3259 3.5831, 2.9531 0.3259 3.5831, 2.9528 0.3212 3.5805, 2.9531 0.3212 3.5805, 2.9528 0.3167 3.5775, 2.9531 0.3167 3.5775, 2.9528 0.3125 3.574, 2.9531 0.3125 3.574, 2.9528 0.3098 3.5715, 2.9531 0.3098 3.5715, 2.9528 0.3062 3.5674, 2.9531 0.3062 3.5674, 2.9528 0.3029 3.563, 2.9531 0.3029 3.563, 2.9528 0.3001 3.5583, 2.9531 0.3001 3.5583, 2.9528 0.2978 3.5534, 2.9531 0.2978 3.5534, 2.9528 0.2959 3.5482, 2.9531 0.2959 3.5482, 2.9528 0.2944 3.5427, 2.9531 0.2944 3.5427, 2.9528 0.2933 3.5368, 2.9531 0.2933 3.5368, 2.9528 0.2927 3.5305, 2.9531 0.2927 3.5305, 2.9528 0.2925 3.5248, 2.9531 0.2925 3.5248, 2.9528 0.2927 3.5181, 2.9531 0.2927 3.5181, 2.9528 0.2935 3.5117, 2.9531 0.2935 3.5117, 2.9528 0.2947 3.5058, 2.9531 0.2947 3.5058, 2.9528 0.2964 3.5004, 2.9531 0.2964 3.5004, 2.9528 0.2984 3.4953, 2.9531 0.2984 3.4953, 2.9528 0.3009 3.4906, 2.9531 0.3009 3.4906, 2.9528 0.3038 3.4863, 2.9531 0.3038 3.4863, 2.9528 0.3069 3.4824, 2.9531 0.3069 3.4824, 2.9528 0.3079 3.4814, 2.9531 0.3079 3.4814, 2.9528 0.3116 3.4778, 2.9531 0.3116 3.4778, 2.9528 0.3156 3.4747, 2.9531 0.3156 3.4747, 2.9528 0.3199 3.472, 2.9531 0.3199 3.472, 2.9528 0.3244 3.4697, 2.9531 0.3244 3.4697, 2.9528 0.3292 3.4679, 2.9531 0.3292 3.4679, 2.9528 0.3343 3.4665, 2.9531 0.3343 3.4665, 2.9528 0.3398 3.4656, 2.9531 0.3398 3.4656, 2.9528 0.3456 3.4651, 2.9531 0.3456 3.4651, 2.9531 0.471 3.4807, 2.9531 0.471 3.467, 2.9528 0.471 3.4807, 2.9528 0.471 3.467, 2.9531 0.422 3.4807, 2.9528 0.422 3.4807, 2.9531 0.422 3.5211, 2.9528 0.422 3.5211, 2.9531 0.4649 3.5211, 2.9528 0.4649 3.5211, 2.9531 0.4649 3.5349, 2.9528 0.4649 3.5349, 2.9531 0.422 3.5349, 2.9528 0.422 3.5349, 2.9531 0.422 3.5733, 2.9528 0.422 3.5733, 2.9531 0.4683 3.5733, 2.9528 0.4683 3.5733, 2.9531 0.4683 3.5871, 2.9528 0.4683 3.5871, 2.9531 0.4064 3.5871, 2.9528 0.4064 3.5871, 2.9531 0.4064 3.467, 2.9528 0.4064 3.467, 2.9531 0.549 3.4846, 2.9531 0.5573 3.4731, 2.9531 0.5533 3.4866, 2.9531 0.5623 3.4756, 2.9531 0.5573 3.489, 2.9531 0.567 3.4786, 2.9531 0.5609 3.4918, 2.9531 0.5714 3.482, 2.9531 0.5624 3.4932, 2.9531 0.5734 3.4838, 2.9531 0.5654 3.4965, 2.9531 0.5772 3.4878, 2.9531 0.568 3.5001, 2.9531 0.5806 3.492, 2.9531 0.5702 3.5041, 2.9531 0.5835 3.4964, 2.9531 0.5721 3.5083, 2.9531 0.5742 3.5398, 2.9531 0.5893 3.5461, 2.9531 0.573 3.5447, 2.9531 0.5876 3.5511, 2.9531 0.5714 3.5492, 2.9531 0.5855 3.5559, 2.9531 0.5694 3.5532, 2.9531 0.5829 3.5603, 2.9531 0.567 3.5568, 2.9531 0.5799 3.5644, 2.9531 0.5765 3.5683, 2.9531 0.5642 3.56, 2.9531 0.5734 3.5712, 2.9531 0.562 3.562, 2.9531 0.569 3.5748, 2.9531 0.5583 3.5649, 2.9531 0.5643 3.5779, 2.9531 0.5543 3.5673, 2.9531 0.5593 3.5806, 2.9531 0.55 3.5693, 2.9531 0.5541 3.5828, 2.9531 0.5453 3.571, 2.9531 0.5486 3.5845, 2.9531 0.5402 3.5722, 2.9531 0.5428 3.5858, 2.9531 0.5347 3.573, 2.9531 0.5367 3.5867, 2.9531 0.5289 3.5733, 2.9531 0.5302 3.5871, 2.9531 0.5274 3.5733, 2.9531 0.528 3.5871, 2.9531 0.5092 3.5733, 2.9531 0.4937 3.5871, 2.9531 0.5092 3.4807, 2.9531 0.4937 3.467, 2.9531 0.5267 3.4807, 2.9531 0.5268 3.467, 2.9531 0.533 3.481, 2.9531 0.5336 3.4673, 2.9531 0.5389 3.4817, 2.9531 0.5402 3.468, 2.9531 0.5442 3.4829, 2.9531 0.5463 3.4693, 2.9531 0.552 3.471, 2.9531 0.5859 3.5011, 2.9531 0.5879 3.506, 2.9531 0.5735 3.513, 2.9531 0.5895 3.5113, 2.9531 0.5745 3.5181, 2.9531 0.5906 3.5169, 2.9531 0.5751 3.5236, 2.9531 0.5913 3.5228, 2.9531 0.5752 3.5282, 2.9531 0.5915 3.5286, 2.9531 0.575 3.5342, 2.9531 0.5913 3.5348, 2.9531 0.5905 3.5406, 2.9528 0.5583 3.5649, 2.9528 0.569 3.5748, 2.9528 0.562 3.562, 2.9528 0.5734 3.5712, 2.9528 0.5642 3.56, 2.9528 0.5765 3.5683, 2.9528 0.567 3.5568, 2.9528 0.5799 3.5644, 2.9528 0.5694 3.5532, 2.9528 0.5829 3.5603, 2.9528 0.5714 3.5492, 2.9528 0.5855 3.5559, 2.9528 0.573 3.5447, 2.9528 0.5533 3.4866, 2.9528 0.5573 3.4731, 2.9528 0.549 3.4846, 2.9528 0.552 3.471, 2.9528 0.5442 3.4829, 2.9528 0.5463 3.4693, 2.9528 0.5389 3.4817, 2.9528 0.5402 3.468, 2.9528 0.533 3.481, 2.9528 0.5336 3.4673, 2.9528 0.5267 3.4807, 2.9528 0.5268 3.467, 2.9528 0.5092 3.4807, 2.9528 0.4937 3.467, 2.9528 0.5092 3.5733, 2.9528 0.4937 3.5871, 2.9528 0.5274 3.5733, 2.9528 0.528 3.5871, 2.9528 0.5289 3.5733, 2.9528 0.5302 3.5871, 2.9528 0.5347 3.573, 2.9528 0.5367 3.5867, 2.9528 0.5402 3.5722, 2.9528 0.5428 3.5858, 2.9528 0.5453 3.571, 2.9528 0.5486 3.5845, 2.9528 0.55 3.5693, 2.9528 0.5541 3.5828, 2.9528 0.5543 3.5673, 2.9528 0.5593 3.5806, 2.9528 0.5643 3.5779, 2.9528 0.5735 3.513, 2.9528 0.5879 3.506, 2.9528 0.5721 3.5083, 2.9528 0.5859 3.5011, 2.9528 0.5702 3.5041, 2.9528 0.5835 3.4964, 2.9528 0.568 3.5001, 2.9528 0.5806 3.492, 2.9528 0.5654 3.4965, 2.9528 0.5772 3.4878, 2.9528 0.5624 3.4932, 2.9528 0.5734 3.4838, 2.9528 0.5609 3.4918, 2.9528 0.5714 3.482, 2.9528 0.5573 3.489, 2.9528 0.567 3.4786, 2.9528 0.5623 3.4756, 2.9528 0.5876 3.5511, 2.9528 0.5893 3.5461, 2.9528 0.5742 3.5398, 2.9528 0.5905 3.5406, 2.9528 0.575 3.5342, 2.9528 0.5913 3.5348, 2.9528 0.5752 3.5282, 2.9528 0.5915 3.5286, 2.9528 0.5751 3.5236, 2.9528 0.5913 3.5228, 2.9528 0.5745 3.5181, 2.9528 0.5906 3.5169, 2.9528 0.5895 3.5113, 2.9531 0.6318 3.5134, 2.9531 0.6269 3.4999, 2.9531 0.6721 3.5134, 2.9531 0.6769 3.4999, 2.9531 0.6497 3.5634, 2.9531 0.6439 3.5871, 2.9531 0.5982 3.467, 2.9531 0.6153 3.467, 2.9531 0.6508 3.5669, 2.9531 0.6517 3.5718, 2.9531 0.6605 3.5871, 2.9531 0.6521 3.5718, 2.9531 0.653 3.5667, 2.9531 0.6539 3.5634, 2.9531 0.7062 3.467, 2.9531 0.6891 3.467, 2.9528 0.6721 3.5134, 2.9528 0.6539 3.5634, 2.9528 0.6605 3.5871, 2.9528 0.653 3.5667, 2.9528 0.6521 3.5718, 2.9528 0.6439 3.5871, 2.9528 0.6517 3.5718, 2.9528 0.6508 3.5669, 2.9528 0.6497 3.5634, 2.9528 0.6318 3.5134, 2.9528 0.5982 3.467, 2.9528 0.7062 3.467, 2.9528 0.6891 3.467, 2.9528 0.6769 3.4999, 2.9528 0.6153 3.467, 2.9528 0.6269 3.4999, 2.9531 0.2888 3.2902, 2.9531 0.2888 3.2765, 2.9528 0.2888 3.2902, 2.9528 0.2888 3.2765, 2.9531 0.2397 3.2902, 2.9528 0.2397 3.2902, 2.9531 0.2397 3.3306, 2.9528 0.2397 3.3306, 2.9531 0.2827 3.3306, 2.9528 0.2827 3.3306, 2.9531 0.2827 3.3443, 2.9528 0.2827 3.3443, 2.9531 0.2397 3.3443, 2.9528 0.2397 3.3443, 2.9531 0.2397 3.3828, 2.9528 0.2397 3.3828, 2.9531 0.2861 3.3828, 2.9528 0.2861 3.3828, 2.9531 0.2861 3.3966, 2.9528 0.2861 3.3966, 2.9531 0.2242 3.3966, 2.9528 0.2242 3.3966, 2.9531 0.2242 3.2765, 2.9528 0.2242 3.2765, 2.9531 0.3571 3.2765, 2.9531 0.3722 3.2765, 2.9531 0.3571 3.2898, 2.9531 0.3722 3.3317, 2.9531 0.3456 3.3513, 2.9531 0.348 3.3504, 2.9531 0.3542 3.3624, 2.9531 0.3188 3.324, 2.9531 0.3156 3.3224, 2.9531 0.3242 3.3129, 2.9531 0.3225 3.3116, 2.9531 0.3572 3.3612, 2.9531 0.35 3.3493, 2.9531 0.3598 3.3598, 2.9531 0.3518 3.3479, 2.9531 0.3623 3.3581, 2.9531 0.3213 3.2923, 2.9531 0.3201 3.294, 2.9531 0.3076 3.2846, 2.9531 0.3128 3.3206, 2.9531 0.3105 3.3186, 2.9531 0.3211 3.3099, 2.9531 0.3226 3.3254, 2.9531 0.3263 3.314, 2.9531 0.3269 3.3266, 2.9531 0.3289 3.3151, 2.9531 0.3317 3.3275, 2.9531 0.3644 3.3561, 2.9531 0.3532 3.3461, 2.9531 0.3663 3.3538, 2.9531 0.3545 3.3441, 2.9531 0.368 3.3512, 2.9531 0.31 3.3181, 2.9531 0.3081 3.3159, 2.9531 0.32 3.3081, 2.9531 0.3065 3.3134, 2.9531 0.3192 3.306, 2.9531 0.3541 3.2986, 2.9531 0.3567 3.2898, 2.9531 0.3526 3.2961, 2.9531 0.356 3.2885, 2.9531 0.3375 3.287, 2.9531 0.3409 3.2761, 2.9531 0.3404 3.2875, 2.9531 0.3439 3.2773, 2.9531 0.3431 3.2884, 2.9531 0.3467 3.2789, 2.9531 0.3456 3.2897, 2.9531 0.3571 3.3105, 2.9531 0.3569 3.3073, 2.9531 0.3563 3.3042, 2.9531 0.3554 3.3013, 2.9531 0.3694 3.3482, 2.9531 0.3555 3.3418, 2.9531 0.3706 3.3448, 2.9531 0.3563 3.339, 2.9531 0.3714 3.3409, 2.9531 0.3228 3.2907, 2.9531 0.3155 3.2778, 2.9531 0.3247 3.2893, 2.9531 0.3183 3.2765, 2.9531 0.3267 3.2882, 2.9531 0.3213 3.2755, 2.9531 0.329 3.2874, 2.9531 0.3094 3.2824, 2.9531 0.3106 3.2812, 2.9531 0.3129 3.2793, 2.9531 0.3187 3.2982, 2.9531 0.304 3.2927, 2.9531 0.3192 3.296, 2.9531 0.3049 3.2897, 2.9531 0.3061 3.287, 2.9531 0.3571 3.3195, 2.9531 0.3571 3.331, 2.9531 0.337 3.3168, 2.9531 0.3323 3.316, 2.9531 0.3492 3.2807, 2.9531 0.3516 3.283, 2.9531 0.3479 3.2912, 2.9531 0.3539 3.2855, 2.9531 0.35 3.2931, 2.9531 0.3507 3.2938, 2.9531 0.372 3.3365, 2.9531 0.3569 3.3358, 2.9531 0.3571 3.3321, 2.9531 0.3571 3.3113, 2.9531 0.3247 3.2749, 2.9531 0.3283 3.2745, 2.9531 0.3316 3.287, 2.9531 0.3304 3.2745, 2.9531 0.3343 3.2868, 2.9531 0.3342 3.2747, 2.9531 0.3377 3.2752, 2.9531 0.3052 3.3108, 2.9531 0.3043 3.3079, 2.9531 0.3187 3.3036, 2.9531 0.3036 3.3047, 2.9531 0.3185 3.3007, 2.9531 0.3509 3.3633, 2.9531 0.3472 3.3639, 2.9531 0.3428 3.3518, 2.9531 0.343 3.3642, 2.9531 0.3397 3.352, 2.9531 0.3411 3.3642, 2.9531 0.3382 3.352, 2.9531 0.3361 3.364, 2.9531 0.3342 3.3517, 2.9531 0.3312 3.3635, 2.9531 0.3303 3.351, 2.9531 0.3267 3.3626, 2.9531 0.3264 3.3499, 2.9531 0.3223 3.3613, 2.9531 0.3226 3.3485, 2.9531 0.3182 3.3597, 2.9531 0.3189 3.3466, 2.9531 0.3143 3.3578, 2.9531 0.3152 3.3443, 2.9531 0.3116 3.3563, 2.9531 0.3116 3.3416, 2.9531 0.3033 3.3013, 2.9531 0.3032 3.2995, 2.9531 0.3034 3.2959, 2.9528 0.3152 3.3443, 2.9528 0.3116 3.3416, 2.9528 0.3116 3.3563, 2.9528 0.35 3.3493, 2.9528 0.3598 3.3598, 2.9528 0.3518 3.3479, 2.9528 0.3623 3.3581, 2.9528 0.3532 3.3461, 2.9528 0.3563 3.3042, 2.9528 0.3569 3.3073, 2.9528 0.3722 3.3317, 2.9528 0.3213 3.2923, 2.9528 0.3076 3.2846, 2.9528 0.3201 3.294, 2.9528 0.3061 3.287, 2.9528 0.3192 3.296, 2.9528 0.3644 3.3561, 2.9528 0.3663 3.3538, 2.9528 0.3545 3.3441, 2.9528 0.368 3.3512, 2.9528 0.3555 3.3418, 2.9528 0.3428 3.3518, 2.9528 0.3472 3.3639, 2.9528 0.3456 3.3513, 2.9528 0.3509 3.3633, 2.9528 0.348 3.3504, 2.9528 0.3542 3.3624, 2.9528 0.3572 3.3612, 2.9528 0.3554 3.3013, 2.9528 0.3571 3.2898, 2.9528 0.3571 3.2765, 2.9528 0.3722 3.2765, 2.9528 0.3225 3.3116, 2.9528 0.3156 3.3224, 2.9528 0.3242 3.3129, 2.9528 0.3188 3.324, 2.9528 0.3263 3.314, 2.9528 0.3226 3.3254, 2.9528 0.3289 3.3151, 2.9528 0.3269 3.3266, 2.9528 0.3323 3.316, 2.9528 0.3317 3.3275, 2.9528 0.3211 3.3099, 2.9528 0.3105 3.3186, 2.9528 0.3128 3.3206, 2.9528 0.3228 3.2907, 2.9528 0.3106 3.2812, 2.9528 0.3094 3.2824, 2.9528 0.3247 3.2893, 2.9528 0.3155 3.2778, 2.9528 0.3129 3.2793, 2.9528 0.3571 3.3195, 2.9528 0.372 3.3365, 2.9528 0.3571 3.3113, 2.9528 0.3571 3.3105, 2.9528 0.32 3.3081, 2.9528 0.3081 3.3159, 2.9528 0.31 3.3181, 2.9528 0.3694 3.3482, 2.9528 0.3706 3.3448, 2.9528 0.3563 3.339, 2.9528 0.3714 3.3409, 2.9528 0.3569 3.3358, 2.9528 0.3571 3.3321, 2.9528 0.3049 3.2897, 2.9528 0.304 3.2927, 2.9528 0.3187 3.2982, 2.9528 0.3571 3.331, 2.9528 0.337 3.3168, 2.9528 0.3189 3.3466, 2.9528 0.3143 3.3578, 2.9528 0.3226 3.3485, 2.9528 0.3182 3.3597, 2.9528 0.3264 3.3499, 2.9528 0.3223 3.3613, 2.9528 0.3303 3.351, 2.9528 0.3267 3.3626, 2.9528 0.3342 3.3517, 2.9528 0.3312 3.3635, 2.9528 0.3382 3.352, 2.9528 0.3361 3.364, 2.9528 0.3397 3.352, 2.9528 0.3411 3.3642, 2.9528 0.343 3.3642, 2.9528 0.3187 3.3036, 2.9528 0.3043 3.3079, 2.9528 0.3192 3.306, 2.9528 0.3052 3.3108, 2.9528 0.3065 3.3134, 2.9528 0.3034 3.2959, 2.9528 0.3032 3.2995, 2.9528 0.3185 3.3007, 2.9528 0.3033 3.3013, 2.9528 0.3036 3.3047, 2.9528 0.356 3.2885, 2.9528 0.3539 3.2855, 2.9528 0.3479 3.2912, 2.9528 0.3516 3.283, 2.9528 0.3456 3.2897, 2.9528 0.3492 3.2807, 2.9528 0.3431 3.2884, 2.9528 0.3467 3.2789, 2.9528 0.3404 3.2875, 2.9528 0.3316 3.287, 2.9528 0.3283 3.2745, 2.9528 0.329 3.2874, 2.9528 0.3247 3.2749, 2.9528 0.3267 3.2882, 2.9528 0.3213 3.2755, 2.9528 0.3183 3.2765, 2.9528 0.3439 3.2773, 2.9528 0.3409 3.2761, 2.9528 0.3375 3.287, 2.9528 0.3377 3.2752, 2.9528 0.3343 3.2868, 2.9528 0.3342 3.2747, 2.9528 0.3304 3.2745, 2.9528 0.35 3.2931, 2.9528 0.3507 3.2938, 2.9528 0.3567 3.2898, 2.9528 0.3526 3.2961, 2.9528 0.3541 3.2986, 2.9531 0.4173 3.2867, 2.9528 0.4173 3.2867, 2.9528 0.4134 3.2869, 2.9531 0.4134 3.2869, 2.9528 0.4097 3.2875, 2.9531 0.4097 3.2875, 2.9528 0.406 3.2883, 2.9531 0.406 3.2883, 2.9528 0.4024 3.2896, 2.9531 0.4024 3.2896, 2.9528 0.3989 3.2911, 2.9531 0.3989 3.2911, 2.9528 0.3954 3.2931, 2.9531 0.3954 3.2931, 2.9528 0.3925 3.295, 2.9531 0.3925 3.295, 2.9531 0.3925 3.2795, 2.9528 0.3925 3.2795, 2.9528 0.3961 3.2779, 2.9531 0.3961 3.2779, 2.9528 0.4 3.2766, 2.9531 0.4 3.2766, 2.9528 0.404 3.2756, 2.9531 0.404 3.2756, 2.9528 0.4083 3.2749, 2.9531 0.4083 3.2749, 2.9528 0.4128 3.2745, 2.9531 0.4128 3.2745, 2.9528 0.4158 3.2745, 2.9531 0.4158 3.2745, 2.9528 0.4206 3.2746, 2.9531 0.4206 3.2746, 2.9528 0.425 3.2752, 2.9531 0.425 3.2752, 2.9528 0.4291 3.276, 2.9531 0.4291 3.276, 2.9528 0.4328 3.2771, 2.9531 0.4328 3.2771, 2.9528 0.4361 3.2785, 2.9531 0.4361 3.2785, 2.9528 0.4392 3.2802, 2.9531 0.4392 3.2802, 2.9528 0.4408 3.2813, 2.9531 0.4408 3.2813, 2.9528 0.4432 3.2832, 2.9531 0.4432 3.2832, 2.9528 0.4453 3.2852, 2.9531 0.4453 3.2852, 2.9528 0.447 3.2875, 2.9531 0.447 3.2875, 2.9528 0.4483 3.2898, 2.9531 0.4483 3.2898, 2.9528 0.4493 3.2923, 2.9531 0.4493 3.2923, 2.9528 0.45 3.2949, 2.9531 0.45 3.2949, 2.9528 0.4504 3.2978, 2.9531 0.4504 3.2978, 2.9528 0.4505 3.2998, 2.9531 0.4505 3.2998, 2.9528 0.4503 3.3029, 2.9531 0.4503 3.3029, 2.9528 0.4498 3.3057, 2.9531 0.4498 3.3057, 2.9528 0.4489 3.3083, 2.9531 0.4489 3.3083, 2.9528 0.4478 3.3107, 2.9531 0.4478 3.3107, 2.9528 0.4463 3.3129, 2.9531 0.4463 3.3129, 2.9528 0.4454 3.314, 2.9531 0.4454 3.314, 2.9528 0.4436 3.3159, 2.9531 0.4436 3.3159, 2.9528 0.4411 3.3177, 2.9531 0.4411 3.3177, 2.9528 0.438 3.3197, 2.9531 0.438 3.3197, 2.9528 0.4342 3.3217, 2.9531 0.4342 3.3217, 2.9528 0.4293 3.3238, 2.9531 0.4293 3.3238, 2.9528 0.426 3.3251, 2.9531 0.426 3.3251, 2.9528 0.4195 3.3278, 2.9531 0.4195 3.3278, 2.9528 0.4155 3.3298, 2.9531 0.4155 3.3298, 2.9528 0.4128 3.3314, 2.9531 0.4128 3.3314, 2.9528 0.4114 3.3325, 2.9531 0.4114 3.3325, 2.9528 0.4102 3.3338, 2.9531 0.4102 3.3338, 2.9528 0.4092 3.3354, 2.9531 0.4092 3.3354, 2.9528 0.4086 3.3371, 2.9531 0.4086 3.3371, 2.9528 0.4082 3.339, 2.9531 0.4082 3.339, 2.9528 0.4081 3.3405, 2.9531 0.4081 3.3405, 2.9528 0.4083 3.3424, 2.9531 0.4083 3.3424, 2.9528 0.4088 3.3442, 2.9531 0.4088 3.3442, 2.9528 0.4097 3.3458, 2.9531 0.4097 3.3458, 2.9528 0.4108 3.3473, 2.9531 0.4108 3.3473, 2.9528 0.4123 3.3485, 2.9531 0.4123 3.3485, 2.9528 0.4127 3.3488, 2.9531 0.4127 3.3488, 2.9528 0.4147 3.35, 2.9531 0.4147 3.35, 2.9528 0.4169 3.3509, 2.9531 0.4169 3.3509, 2.9528 0.4194 3.3516, 2.9531 0.4194 3.3516, 2.9528 0.4222 3.3519, 2.9531 0.4222 3.3519, 2.9528 0.4246 3.352, 2.9531 0.4246 3.352, 2.9528 0.4286 3.3518, 2.9531 0.4286 3.3518, 2.9528 0.4325 3.3513, 2.9531 0.4325 3.3513, 2.9528 0.4361 3.3505, 2.9531 0.4361 3.3505, 2.9528 0.4396 3.3493, 2.9531 0.4396 3.3493, 2.9528 0.443 3.3477, 2.9531 0.443 3.3477, 2.9528 0.4464 3.3458, 2.9531 0.4464 3.3458, 2.9531 0.4464 3.3604, 2.9528 0.4464 3.3604, 2.9528 0.4425 3.3618, 2.9531 0.4425 3.3618, 2.9528 0.4385 3.3629, 2.9531 0.4385 3.3629, 2.9528 0.4343 3.3637, 2.9531 0.4343 3.3637, 2.9528 0.4299 3.3641, 2.9531 0.4299 3.3641, 2.9528 0.426 3.3642, 2.9531 0.426 3.3642, 2.9528 0.4216 3.3641, 2.9531 0.4216 3.3641, 2.9528 0.4175 3.3635, 2.9531 0.4175 3.3635, 2.9528 0.4136 3.3627, 2.9531 0.4136 3.3627, 2.9528 0.41 3.3615, 2.9531 0.41 3.3615, 2.9528 0.4067 3.3601, 2.9531 0.4067 3.3601, 2.9528 0.4036 3.3583, 2.9531 0.4036 3.3583, 2.9528 0.4023 3.3574, 2.9531 0.4023 3.3574, 2.9528 0.3998 3.3554, 2.9531 0.3998 3.3554, 2.9528 0.3977 3.3533, 2.9531 0.3977 3.3533, 2.9528 0.396 3.351, 2.9531 0.396 3.351, 2.9528 0.3947 3.3487, 2.9531 0.3947 3.3487, 2.9528 0.3937 3.3462, 2.9531 0.3937 3.3462, 2.9528 0.393 3.3435, 2.9531 0.393 3.3435, 2.9528 0.3927 3.3407, 2.9531 0.3927 3.3407, 2.9528 0.3926 3.3391, 2.9531 0.3926 3.3391, 2.9528 0.3928 3.336, 2.9531 0.3928 3.336, 2.9528 0.3933 3.3331, 2.9531 0.3933 3.3331, 2.9528 0.3942 3.3304, 2.9531 0.3942 3.3304, 2.9528 0.3953 3.3279, 2.9531 0.3953 3.3279, 2.9528 0.3967 3.3258, 2.9531 0.3967 3.3258, 2.9528 0.3969 3.3256, 2.9531 0.3969 3.3256, 2.9528 0.3984 3.3238, 2.9531 0.3984 3.3238, 2.9528 0.4005 3.3221, 2.9531 0.4005 3.3221, 2.9528 0.4032 3.3202, 2.9531 0.4032 3.3202, 2.9528 0.4067 3.3182, 2.9531 0.4067 3.3182, 2.9528 0.4112 3.316, 2.9531 0.4112 3.316, 2.9528 0.4154 3.3142, 2.9531 0.4154 3.3142, 2.9528 0.422 3.3116, 2.9531 0.422 3.3116, 2.9528 0.4263 3.3095, 2.9531 0.4263 3.3095, 2.9528 0.4293 3.3078, 2.9531 0.4293 3.3078, 2.9528 0.4312 3.3065, 2.9531 0.4312 3.3065, 2.9528 0.4326 3.3051, 2.9531 0.4326 3.3051, 2.9528 0.4338 3.3034, 2.9531 0.4338 3.3034, 2.9528 0.4345 3.3017, 2.9531 0.4345 3.3017, 2.9528 0.4349 3.2999, 2.9531 0.4349 3.2999, 2.9528 0.435 3.2984, 2.9531 0.435 3.2984, 2.9528 0.4349 3.2962, 2.9531 0.4349 3.2962, 2.9528 0.4343 3.2942, 2.9531 0.4343 3.2942, 2.9528 0.4335 3.2926, 2.9531 0.4335 3.2926, 2.9528 0.4324 3.2912, 2.9531 0.4324 3.2912, 2.9528 0.431 3.2899, 2.9531 0.431 3.2899, 2.9528 0.4292 3.2889, 2.9531 0.4292 3.2889, 2.9528 0.4271 3.288, 2.9531 0.4271 3.288, 2.9528 0.4245 3.2874, 2.9531 0.4245 3.2874, 2.9528 0.4214 3.2869, 2.9531 0.4214 3.2869, 2.9531 0.525 3.3623, 2.9531 0.5406 3.3623, 2.9528 0.525 3.3623, 2.9528 0.5406 3.3623, 2.9531 0.5016 3.2977, 2.9528 0.5016 3.2977, 2.9528 0.5005 3.2937, 2.9531 0.5005 3.2937, 2.9528 0.4998 3.2907, 2.9531 0.4998 3.2907, 2.9531 0.4994 3.2907, 2.9528 0.4994 3.2907, 2.9531 0.4975 3.2978, 2.9528 0.4975 3.2978, 2.9531 0.4751 3.3623, 2.9528 0.4751 3.3623, 2.9531 0.4583 3.3623, 2.9528 0.4583 3.3623, 2.9531 0.492 3.2767, 2.9528 0.492 3.2767, 2.9531 0.4854 3.2611, 2.9528 0.4854 3.2611, 2.9528 0.4836 3.2575, 2.9531 0.4836 3.2575, 2.9528 0.4818 3.2549, 2.9531 0.4818 3.2549, 2.9528 0.4797 3.2526, 2.9531 0.4797 3.2526, 2.9528 0.4775 3.251, 2.9531 0.4775 3.251, 2.9528 0.4751 3.2498, 2.9531 0.4751 3.2498, 2.9528 0.4725 3.2492, 2.9531 0.4725 3.2492, 2.9528 0.4699 3.249, 2.9531 0.4699 3.249, 2.9528 0.4667 3.2492, 2.9531 0.4667 3.2492, 2.9528 0.4634 3.25, 2.9531 0.4634 3.25, 2.9528 0.4614 3.2507, 2.9531 0.4614 3.2507, 2.9531 0.4614 3.2373, 2.9528 0.4614 3.2373, 2.9528 0.465 3.2365, 2.9531 0.465 3.2365, 2.9528 0.4691 3.2361, 2.9531 0.4691 3.2361, 2.9528 0.4711 3.2361, 2.9531 0.4711 3.2361, 2.9528 0.4748 3.2363, 2.9531 0.4748 3.2363, 2.9528 0.4783 3.2371, 2.9531 0.4783 3.2371, 2.9528 0.4816 3.2383, 2.9531 0.4816 3.2383, 2.9528 0.4847 3.24, 2.9531 0.4847 3.24, 2.9528 0.4877 3.2422, 2.9531 0.4877 3.2422, 2.9528 0.4907 3.245, 2.9531 0.4907 3.245, 2.9528 0.4935 3.2483, 2.9531 0.4935 3.2483, 2.9528 0.4962 3.2523, 2.9531 0.4962 3.2523, 2.9528 0.4988 3.2571, 2.9531 0.4988 3.2571, 2.9528 0.5013 3.2626, 2.9531 0.5013 3.2626, 2.9528 0.5017 3.2635, 2.9531 0.5017 3.2635, 2.9531 0.6215 3.2902, 2.9531 0.6215 3.2765, 2.9528 0.6215 3.2902, 2.9528 0.6215 3.2765, 2.9531 0.5724 3.2902, 2.9528 0.5724 3.2902, 2.9531 0.5724 3.3306, 2.9528 0.5724 3.3306, 2.9531 0.6153 3.3306, 2.9528 0.6153 3.3306, 2.9531 0.6153 3.3443, 2.9528 0.6153 3.3443, 2.9531 0.5724 3.3443, 2.9528 0.5724 3.3443, 2.9531 0.5724 3.3828, 2.9528 0.5724 3.3828, 2.9531 0.6187 3.3828, 2.9528 0.6187 3.3828, 2.9531 0.6187 3.3966, 2.9528 0.6187 3.3966, 2.9531 0.5569 3.3966, 2.9528 0.5569 3.3966, 2.9531 0.5569 3.2765, 2.9528 0.5569 3.2765, 2.9531 0.6994 3.294, 2.9531 0.7077 3.2826, 2.9531 0.7038 3.2961, 2.9531 0.7127 3.2851, 2.9531 0.7077 3.2985, 2.9531 0.7174 3.2881, 2.9531 0.7113 3.3013, 2.9531 0.7218 3.2915, 2.9531 0.7128 3.3027, 2.9531 0.7238 3.2933, 2.9531 0.7158 3.306, 2.9531 0.7276 3.2972, 2.9531 0.7184 3.3096, 2.9531 0.731 3.3014, 2.9531 0.7207 3.3135, 2.9531 0.7339 3.3059, 2.9531 0.7225 3.3178, 2.9531 0.7246 3.3492, 2.9531 0.7397 3.3555, 2.9531 0.7234 3.3542, 2.9531 0.738 3.3606, 2.9531 0.7218 3.3587, 2.9531 0.7359 3.3653, 2.9531 0.7198 3.3627, 2.9531 0.7333 3.3698, 2.9531 0.7174 3.3662, 2.9531 0.7303 3.3739, 2.9531 0.7269 3.3778, 2.9531 0.7146 3.3694, 2.9531 0.7238 3.3807, 2.9531 0.7125 3.3715, 2.9531 0.7194 3.3843, 2.9531 0.7087 3.3743, 2.9531 0.7147 3.3874, 2.9531 0.7047 3.3768, 2.9531 0.7097 3.39, 2.9531 0.7004 3.3788, 2.9531 0.7045 3.3922, 2.9531 0.6957 3.3804, 2.9531 0.699 3.394, 2.9531 0.6906 3.3816, 2.9531 0.6933 3.3953, 2.9531 0.6851 3.3824, 2.9531 0.6871 3.3962, 2.9531 0.6793 3.3828, 2.9531 0.6806 3.3966, 2.9531 0.6778 3.3828, 2.9531 0.6784 3.3966, 2.9531 0.6596 3.3828, 2.9531 0.6441 3.3966, 2.9531 0.6596 3.2902, 2.9531 0.6441 3.2765, 2.9531 0.6771 3.2902, 2.9531 0.6772 3.2765, 2.9531 0.6834 3.2904, 2.9531 0.6841 3.2767, 2.9531 0.6893 3.2912, 2.9531 0.6906 3.2775, 2.9531 0.6946 3.2924, 2.9531 0.6967 3.2787, 2.9531 0.7024 3.2804, 2.9531 0.7364 3.3105, 2.9531 0.7384 3.3155, 2.9531 0.7239 3.3225, 2.9531 0.7399 3.3207, 2.9531 0.7249 3.3275, 2.9531 0.741 3.3263, 2.9531 0.7255 3.3331, 2.9531 0.7417 3.3323, 2.9531 0.7256 3.3376, 2.9531 0.7419 3.3381, 2.9531 0.7254 3.3437, 2.9531 0.7417 3.3443, 2.9531 0.7409 3.3501, 2.9528 0.7087 3.3743, 2.9528 0.7194 3.3843, 2.9528 0.7125 3.3715, 2.9528 0.7238 3.3807, 2.9528 0.7146 3.3694, 2.9528 0.7269 3.3778, 2.9528 0.7174 3.3662, 2.9528 0.7303 3.3739, 2.9528 0.7198 3.3627, 2.9528 0.7333 3.3698, 2.9528 0.7218 3.3587, 2.9528 0.7359 3.3653, 2.9528 0.7234 3.3542, 2.9528 0.7038 3.2961, 2.9528 0.7077 3.2826, 2.9528 0.6994 3.294, 2.9528 0.7024 3.2804, 2.9528 0.6946 3.2924, 2.9528 0.6967 3.2787, 2.9528 0.6893 3.2912, 2.9528 0.6906 3.2775, 2.9528 0.6834 3.2904, 2.9528 0.6841 3.2767, 2.9528 0.6771 3.2902, 2.9528 0.6772 3.2765, 2.9528 0.6596 3.2902, 2.9528 0.6441 3.2765, 2.9528 0.6596 3.3828, 2.9528 0.6441 3.3966, 2.9528 0.6778 3.3828, 2.9528 0.6784 3.3966, 2.9528 0.6793 3.3828, 2.9528 0.6806 3.3966, 2.9528 0.6851 3.3824, 2.9528 0.6871 3.3962, 2.9528 0.6906 3.3816, 2.9528 0.6933 3.3953, 2.9528 0.6957 3.3804, 2.9528 0.699 3.394, 2.9528 0.7004 3.3788, 2.9528 0.7045 3.3922, 2.9528 0.7047 3.3768, 2.9528 0.7097 3.39, 2.9528 0.7147 3.3874, 2.9528 0.7239 3.3225, 2.9528 0.7384 3.3155, 2.9528 0.7225 3.3178, 2.9528 0.7364 3.3105, 2.9528 0.7207 3.3135, 2.9528 0.7339 3.3059, 2.9528 0.7184 3.3096, 2.9528 0.731 3.3014, 2.9528 0.7158 3.306, 2.9528 0.7276 3.2972, 2.9528 0.7128 3.3027, 2.9528 0.7238 3.2933, 2.9528 0.7113 3.3013, 2.9528 0.7218 3.2915, 2.9528 0.7077 3.2985, 2.9528 0.7174 3.2881, 2.9528 0.7127 3.2851, 2.9528 0.738 3.3606, 2.9528 0.7397 3.3555, 2.9528 0.7246 3.3492, 2.9528 0.7409 3.3501, 2.9528 0.7254 3.3437, 2.9528 0.7417 3.3443, 2.9528 0.7256 3.3376, 2.9528 0.7419 3.3381, 2.9528 0.7255 3.3331, 2.9528 0.7417 3.3323, 2.9528 0.7249 3.3275, 2.9528 0.741 3.3263, 2.9528 0.7399 3.3207, 2.9531 0.7822 3.3229, 2.9531 0.7773 3.3093, 2.9531 0.8225 3.3229, 2.9531 0.8273 3.3093, 2.9531 0.8001 3.3728, 2.9531 0.7943 3.3966, 2.9531 0.7486 3.2765, 2.9531 0.7657 3.2765, 2.9531 0.8012 3.3764, 2.9531 0.8021 3.3812, 2.9531 0.8109 3.3966, 2.9531 0.8025 3.3812, 2.9531 0.8034 3.3762, 2.9531 0.8043 3.3728, 2.9531 0.8567 3.2765, 2.9531 0.8395 3.2765, 2.9528 0.8225 3.3229, 2.9528 0.8043 3.3728, 2.9528 0.8109 3.3966, 2.9528 0.8034 3.3762, 2.9528 0.8025 3.3812, 2.9528 0.7943 3.3966, 2.9528 0.8021 3.3812, 2.9528 0.8012 3.3764, 2.9528 0.8001 3.3728, 2.9528 0.7822 3.3229, 2.9528 0.7486 3.2765, 2.9528 0.8567 3.2765, 2.9528 0.8395 3.2765, 2.9528 0.8273 3.3093, 2.9528 0.7657 3.2765, 2.9528 0.7773 3.3093, 2.9531 -0.2935 3.2438, 2.9531 -0.2841 3.2359, 2.9531 -0.3139 3.335, 2.9531 -0.2406 3.4895, 2.9531 -0.2345 3.4861, 2.9531 -0.261 3.5485, 2.9531 -0.1846 3.5497, 2.9531 -0.1701 3.5575, 2.9531 -0.1967 3.6019, 2.9531 -0.0148 3.5058, 2.9531 -0.0077 3.4907, 2.9531 0.0413 3.5075, 2.9531 -0.0028 3.4749, 2.9531 -0.0005 3.4614, 2.9531 -0.2287 3.337, 2.9531 -0.2207 3.3345, 2.9531 -0.2028 3.3857, 2.9531 0.0319 3.333, 2.9531 0.0201 3.3294, 2.9531 0.0327 3.2786, 2.9531 -0.3148 3.2778, 2.9531 -0.3095 3.2653, 2.9531 -0.3024 3.2539, 2.9531 -0.0287 3.3768, 2.9531 -0.0552 3.4221, 2.9531 -0.1482 3.3136, 2.9531 -0.1696 3.3623, 2.9531 -0.1482 3.3051, 2.9531 -0.1944 3.2293, 2.9531 -0.1489 3.2942, 2.9531 -0.1829 3.2366, 2.9531 -0.1733 3.2448, 2.9531 -0.2421 3.2718, 2.9531 -0.2454 3.2205, 2.9531 -0.2345 3.271, 2.9531 -0.2336 3.2197, 2.9531 -0.2263 3.272, 2.9531 -0.2568 3.2796, 2.9531 -0.25 3.2748, 2.9531 -0.2722 3.2287, 2.9531 -0.2592 3.2235, 2.9531 -0.2039 3.3174, 2.9531 -0.2016 3.3096, 2.9531 -0.2013 3.3013, 2.9531 -0.2031 3.2931, 2.9531 -0.2069 3.2856, 2.9531 -0.3044 3.4953, 2.9531 -0.3153 3.5457, 2.9531 -0.332 3.5403, 2.9531 0.0166 3.2761, 2.9531 0.0114 3.3282, 2.9531 -0.0338 3.2761, 2.9531 -0.027 3.3282, 2.9531 -0.0381 3.2767, 2.9531 -0.1786 3.6095, 2.9531 -0.1545 3.5632, 2.9531 -0.1599 3.6149, 2.9531 -0.3262 3.3419, 2.9531 -0.3407 3.2872, 2.9531 -0.3244 3.2806, 2.9531 -0.3174 3.4901, 2.9531 -0.3479 3.5326, 2.9531 -0.3294 3.4829, 2.9531 -0.3628 3.523, 2.9531 -0.3401 3.4739, 2.9531 -0.1643 3.2554, 2.9531 -0.1571 3.2674, 2.9531 -0.1519 3.2805, 2.9531 -0.2676 3.3008, 2.9531 -0.2658 3.2929, 2.9531 -0.2622 3.2858, 2.9531 -0.1904 3.3797, 2.9531 -0.2136 3.3302, 2.9531 -0.1792 3.3718, 2.9531 0.0701 3.4139, 2.9531 0.1154 3.4419, 2.9531 0.0655 3.4254, 2.9531 0.1077 3.4562, 2.9531 0.0588 3.4358, 2.9531 0.0979 3.4696, 2.9531 0.0503 3.4447, 2.9531 0.0864 3.4815, 2.9531 0.0406 3.4519, 2.9531 -0.3469 3.361, 2.9531 -0.3831 3.3188, 2.9531 -0.3373 3.3506, 2.9531 -0.3701 3.3063, 2.9531 -0.356 3.2957, 2.9531 -0.2982 3.5491, 2.9531 -0.2907 3.4982, 2.9531 -0.2806 3.5502, 2.9531 -0.2797 3.4989, 2.9531 -0.2708 3.5497, 2.9531 -0.2664 3.4978, 2.9531 -0.2535 3.4947, 2.9531 -0.2674 3.3091, 2.9531 -0.2652 3.3172, 2.9531 -0.3101 3.3438, 2.9531 -0.261 3.3244, 2.9531 -0.2345 3.3376, 2.9531 -0.2472 3.3902, 2.9531 -0.2425 3.3366, 2.9531 -0.2602 3.387, 2.9531 -0.25 3.3337, 2.9531 -0.2162 3.3896, 2.9531 -0.2292 3.3912, 2.9531 -0.2336 3.3914, 2.9531 -0.2123 3.2794, 2.9531 -0.2189 3.2748, 2.9531 -0.2069 3.224, 2.9531 -0.2199 3.2208, 2.9531 0.0481 3.2832, 2.9531 0.0629 3.29, 2.9531 0.0428 3.3387, 2.9531 0.0767 3.2987, 2.9531 0.0524 3.3463, 2.9531 0.0894 3.3095, 2.9531 0.0563 3.3503, 2.9531 0.0943 3.3145, 2.9531 0.0634 3.3601, 2.9531 -0.2142 3.5922, 2.9531 -0.2234 3.5861, 2.9531 -0.1979 3.5399, 2.9531 -0.2369 3.5751, 2.9531 -0.2097 3.5285, 2.9531 -0.2493 3.5626, 2.9531 -0.2198 3.5156, 2.9531 -0.2281 3.5014, 2.9531 0.0339 3.5246, 2.9531 0.0244 3.5409, 2.9531 -0.0238 3.5197, 2.9531 0.0128 3.5565, 2.9531 -0.0347 3.5323, 2.9531 -0.3637 3.3982, 2.9531 -0.4145 3.3772, 2.9531 -0.3601 3.3847, 2.9531 -0.409 3.3604, 2.9531 -0.3542 3.3719, 2.9531 -0.4014 3.3444, 2.9531 -0.3917 3.3294, 2.9531 -0.2079 3.3242, 2.9531 0.0718 3.3825, 2.9531 0.1256 3.3882, 2.9531 0.0729 3.3948, 2.9531 0.1259 3.3956, 2.9531 0.0726 3.4018, 2.9531 0.1245 3.4116, 2.9531 0.121 3.427, 2.9531 0.1045 3.3272, 2.9531 0.1128 3.341, 2.9531 0.0686 3.3709, 2.9531 0.1192 3.356, 2.9531 0.1235 3.3718, 2.9531 -0.2726 3.3818, 2.9531 -0.2831 3.3753, 2.9531 -0.2567 3.329, 2.9531 -0.2936 3.3664, 2.9531 -0.3028 3.3558, 2.9531 -0.0311 3.3289, 2.9531 -0.0519 3.2852, 2.9531 -0.0494 3.2826, 2.9531 -0.1209 3.6194, 2.9531 -0.1201 3.5681, 2.9531 -0.115 3.6192, 2.9531 -0.1038 3.567, 2.9531 -0.3556 3.4527, 2.9531 -0.4079 3.466, 2.9531 -0.3608 3.4403, 2.9531 -0.4138 3.4494, 2.9531 -0.364 3.4273, 2.9531 -0.4175 3.4321, 2.9531 -0.3651 3.4136, 2.9531 -0.4189 3.4154, 2.9531 -0.3651 3.4111, 2.9531 -0.4189 3.4118, 2.9531 -0.4178 3.3944, 2.9531 0.0063 3.4614, 2.9531 0.0184 3.4603, 2.9531 0.0446 3.5064, 2.9531 0.0298 3.4571, 2.9531 0.0589 3.5004, 2.9531 0.0733 3.4919, 2.9531 -0.0586 3.3025, 2.9531 -0.0578 3.2964, 2.9531 -0.0556 3.2906, 2.9531 -0.0286 3.3284, 2.9531 -0.0437 3.2788, 2.9531 -0.1407 3.6182, 2.9531 -0.1383 3.5668, 2.9531 -0.1226 3.5681, 2.9531 -0.0385 3.3282, 2.9531 -0.0444 3.326, 2.9531 -0.0585 3.3051, 2.9531 -0.0496 3.3223, 2.9531 -0.0538 3.3176, 2.9531 -0.0569 3.3117, 2.9531 -0.3758 3.5121, 2.9531 -0.3788 3.5092, 2.9531 -0.3483 3.4643, 2.9531 -0.3903 3.4961, 2.9531 -0.4 3.4817, 2.9531 -0.0321 3.329, 2.9531 -0.0008 3.5712, 2.9531 -0.0048 3.5749, 2.9531 -0.0452 3.5417, 2.9531 -0.021 3.5876, 2.9531 -0.0586 3.5511, 2.9531 -0.0384 3.5982, 2.9531 -0.073 3.5584, 2.9531 -0.0568 3.6068, 2.9531 -0.0881 3.5638, 2.9531 -0.0758 3.6132, 2.9531 -0.0953 3.6174, 2.9528 -0.0552 3.4221, 2.9528 -0.0287 3.3768, 2.9528 -0.1696 3.3623, 2.9528 -0.1482 3.3136, 2.9528 -0.1944 3.2293, 2.9528 -0.1482 3.3051, 2.9528 -0.1489 3.2942, 2.9528 -0.1829 3.2366, 2.9528 -0.1733 3.2448, 2.9528 -0.2425 3.3366, 2.9528 -0.25 3.3337, 2.9528 -0.3139 3.335, 2.9528 -0.2567 3.329, 2.9528 -0.1701 3.5575, 2.9528 -0.1846 3.5497, 2.9528 -0.2142 3.5922, 2.9528 -0.2935 3.2438, 2.9528 -0.3024 3.2539, 2.9528 -0.2652 3.3172, 2.9528 -0.3095 3.2653, 2.9528 -0.3148 3.2778, 2.9528 -0.2069 3.2856, 2.9528 -0.2031 3.2931, 2.9528 -0.2013 3.3013, 2.9528 -0.2016 3.3096, 2.9528 -0.3601 3.3847, 2.9528 -0.3542 3.3719, 2.9528 -0.4014 3.3444, 2.9528 -0.1519 3.2805, 2.9528 -0.1571 3.2674, 2.9528 -0.1643 3.2554, 2.9528 -0.2345 3.271, 2.9528 -0.2263 3.272, 2.9528 -0.2199 3.2208, 2.9528 -0.3174 3.4901, 2.9528 -0.332 3.5403, 2.9528 -0.3044 3.4953, 2.9528 -0.3153 3.5457, 2.9528 -0.2907 3.4982, 2.9528 -0.2982 3.5491, 2.9528 -0.2797 3.4989, 2.9528 -0.3917 3.3294, 2.9528 -0.3469 3.361, 2.9528 -0.3831 3.3188, 2.9528 -0.3373 3.3506, 2.9528 -0.3701 3.3063, 2.9528 -0.356 3.2957, 2.9528 -0.3262 3.3419, 2.9528 -0.3407 3.2872, 2.9528 -0.3244 3.2806, 2.9528 -0.261 3.3244, 2.9528 -0.0238 3.5197, 2.9528 0.0244 3.5409, 2.9528 -0.0148 3.5058, 2.9528 0.0339 3.5246, 2.9528 -0.0077 3.4907, 2.9528 0.0413 3.5075, 2.9528 -0.0028 3.4749, 2.9528 -0.2234 3.5861, 2.9528 -0.1979 3.5399, 2.9528 -0.2369 3.5751, 2.9528 0.0298 3.4571, 2.9528 0.0184 3.4603, 2.9528 -0.2674 3.3091, 2.9528 -0.2676 3.3008, 2.9528 -0.2658 3.2929, 2.9528 -0.2493 3.5626, 2.9528 -0.2097 3.5285, 2.9528 -0.261 3.5485, 2.9528 -0.2198 3.5156, 2.9528 -0.2281 3.5014, 2.9528 0.0686 3.3709, 2.9528 0.1128 3.341, 2.9528 0.0634 3.3601, 2.9528 0.1045 3.3272, 2.9528 0.0563 3.3503, 2.9528 0.0943 3.3145, 2.9528 0.0524 3.3463, 2.9528 0.0894 3.3095, 2.9528 0.0428 3.3387, 2.9528 0.0655 3.4254, 2.9528 0.1154 3.4419, 2.9528 0.0701 3.4139, 2.9528 0.121 3.427, 2.9528 0.0726 3.4018, 2.9528 0.1245 3.4116, 2.9528 0.0729 3.3948, 2.9528 0.0063 3.4614, 2.9528 -0.0005 3.4614, 2.9528 -0.25 3.2748, 2.9528 -0.2841 3.2359, 2.9528 -0.2568 3.2796, 2.9528 -0.2622 3.2858, 2.9528 -0.2345 3.3376, 2.9528 -0.2292 3.3912, 2.9528 -0.2287 3.337, 2.9528 -0.2162 3.3896, 2.9528 -0.2207 3.3345, 2.9528 -0.2806 3.5502, 2.9528 -0.2708 3.5497, 2.9528 -0.2664 3.4978, 2.9528 -0.2535 3.4947, 2.9528 -0.2069 3.224, 2.9528 -0.2189 3.2748, 2.9528 -0.2123 3.2794, 2.9528 -0.2028 3.3857, 2.9528 -0.1904 3.3797, 2.9528 -0.2136 3.3302, 2.9528 -0.1792 3.3718, 2.9528 -0.2079 3.3242, 2.9528 -0.2039 3.3174, 2.9528 -0.2726 3.3818, 2.9528 -0.2602 3.387, 2.9528 -0.2406 3.4895, 2.9528 -0.2345 3.4861, 2.9528 -0.0494 3.2826, 2.9528 -0.0519 3.2852, 2.9528 -0.0311 3.3289, 2.9528 -0.0556 3.2906, 2.9528 0.1259 3.3956, 2.9528 0.1256 3.3882, 2.9528 0.0718 3.3825, 2.9528 0.1235 3.3718, 2.9528 0.1192 3.356, 2.9528 0.0446 3.5064, 2.9528 0.0589 3.5004, 2.9528 0.0406 3.4519, 2.9528 0.0733 3.4919, 2.9528 0.0503 3.4447, 2.9528 0.0864 3.4815, 2.9528 0.0588 3.4358, 2.9528 0.0979 3.4696, 2.9528 0.1077 3.4562, 2.9528 -0.2336 3.2197, 2.9528 -0.2454 3.2205, 2.9528 -0.2421 3.2718, 2.9528 -0.2592 3.2235, 2.9528 -0.2722 3.2287, 2.9528 -0.3028 3.3558, 2.9528 -0.2936 3.3664, 2.9528 -0.2831 3.3753, 2.9528 -0.2472 3.3902, 2.9528 -0.2336 3.3914, 2.9528 -0.3608 3.4403, 2.9528 -0.4079 3.466, 2.9528 -0.3556 3.4527, 2.9528 -0.4 3.4817, 2.9528 -0.3483 3.4643, 2.9528 -0.409 3.3604, 2.9528 -0.4145 3.3772, 2.9528 -0.3637 3.3982, 2.9528 -0.4178 3.3944, 2.9528 -0.3651 3.4111, 2.9528 -0.4189 3.4118, 2.9528 -0.3651 3.4136, 2.9528 -0.4189 3.4154, 2.9528 -0.364 3.4273, 2.9528 -0.4175 3.4321, 2.9528 -0.4138 3.4494, 2.9528 0.0767 3.2987, 2.9528 0.0629 3.29, 2.9528 0.0319 3.333, 2.9528 0.0481 3.2832, 2.9528 0.0201 3.3294, 2.9528 0.0327 3.2786, 2.9528 0.0114 3.3282, 2.9528 0.0166 3.2761, 2.9528 -0.027 3.3282, 2.9528 -0.0338 3.2761, 2.9528 -0.0286 3.3284, 2.9528 -0.0381 3.2767, 2.9528 -0.0437 3.2788, 2.9528 -0.0578 3.2964, 2.9528 -0.0586 3.3025, 2.9528 -0.0585 3.3051, 2.9528 -0.3101 3.3438, 2.9528 -0.3903 3.4961, 2.9528 -0.3788 3.5092, 2.9528 -0.3401 3.4739, 2.9528 -0.3758 3.5121, 2.9528 -0.3294 3.4829, 2.9528 -0.3628 3.523, 2.9528 -0.3479 3.5326, 2.9528 -0.0569 3.3117, 2.9528 -0.0538 3.3176, 2.9528 -0.0496 3.3223, 2.9528 -0.0444 3.326, 2.9528 -0.0452 3.5417, 2.9528 -0.0048 3.5749, 2.9528 -0.0347 3.5323, 2.9528 -0.0008 3.5712, 2.9528 0.0128 3.5565, 2.9528 -0.1967 3.6019, 2.9528 -0.1786 3.6095, 2.9528 -0.1545 3.5632, 2.9528 -0.1599 3.6149, 2.9528 -0.1383 3.5668, 2.9528 -0.1407 3.6182, 2.9528 -0.1226 3.5681, 2.9528 -0.1209 3.6194, 2.9528 -0.1201 3.5681, 2.9528 -0.115 3.6192, 2.9528 -0.1038 3.567, 2.9528 -0.0953 3.6174, 2.9528 -0.0881 3.5638, 2.9528 -0.0758 3.6132, 2.9528 -0.073 3.5584, 2.9528 -0.0568 3.6068, 2.9528 -0.0586 3.5511, 2.9528 -0.0384 3.5982, 2.9528 -0.021 3.5876, 2.9528 -0.0385 3.3282, 2.9528 -0.0321 3.329
            ]
        }
        coordIndex [
            0,1,2,-1,2,1,3,-1,4,0,5,-1,5,0,2,-1,6,4,7,-1,7,4,5,-1,8,6,9,-1,9,6,7,-1,10,8,11,-1,11,8,9,-1,1,10,3,-1,3,10,11,-1,6,8,4,-1,4,8,10,-1,4,10,0,-1,0,10,1,-1,2,3,5,-1,5,3,11,-1,5,11,7,-1,7,11,9,-1,12,13,14,-1,12,14,15,-1,15,14,16,-1,15,16,17,-1,17,16,18,-1,17,18,19,-1,19,18,20,-1,19,20,21,-1,21,20,22,-1,21,22,23,-1,23,22,24,-1,23,24,25,-1,26,25,27,-1,27,25,24,-1,26,27,28,-1,26,28,29,-1,29,28,30,-1,29,30,31,-1,31,30,32,-1,31,32,33,-1,33,32,34,-1,33,34,35,-1,35,34,36,-1,35,36,37,-1,37,36,38,-1,37,38,39,-1,39,38,40,-1,39,40,41,-1,41,40,42,-1,41,42,43,-1,43,42,44,-1,43,44,45,-1,45,44,46,-1,45,46,47,-1,47,46,48,-1,47,48,49,-1,49,48,50,-1,49,50,51,-1,51,50,52,-1,51,52,53,-1,53,52,54,-1,53,54,55,-1,55,54,56,-1,55,56,57,-1,57,56,58,-1,57,58,59,-1,59,58,60,-1,59,60,61,-1,61,60,62,-1,61,62,63,-1,63,62,64,-1,63,64,65,-1,65,64,66,-1,65,66,67,-1,67,66,68,-1,67,68,69,-1,69,68,70,-1,69,70,71,-1,71,70,72,-1,71,72,73,-1,73,72,74,-1,73,74,75,-1,75,74,76,-1,75,76,77,-1,77,76,78,-1,77,78,79,-1,79,78,80,-1,79,80,81,-1,81,80,82,-1,81,82,83,-1,83,82,84,-1,83,84,85,-1,85,84,86,-1,85,86,87,-1,87,86,88,-1,87,88,89,-1,89,88,90,-1,89,90,91,-1,91,90,92,-1,91,92,93,-1,93,92,94,-1,93,94,95,-1,95,94,96,-1,95,96,97,-1,97,96,98,-1,97,98,99,-1,99,98,100,-1,99,100,101,-1,101,100,102,-1,101,102,103,-1,103,102,104,-1,103,104,105,-1,105,104,106,-1,105,106,107,-1,107,106,108,-1,107,108,109,-1,109,108,110,-1,109,110,111,-1,111,110,112,-1,111,112,113,-1,113,112,114,-1,113,114,115,-1,116,115,117,-1,117,115,114,-1,116,117,118,-1,116,118,119,-1,119,118,120,-1,119,120,121,-1,121,120,122,-1,121,122,123,-1,123,122,124,-1,123,124,125,-1,125,124,126,-1,125,126,127,-1,127,126,128,-1,127,128,129,-1,129,128,130,-1,129,130,131,-1,131,130,132,-1,131,132,133,-1,133,132,134,-1,133,134,135,-1,135,134,136,-1,135,136,137,-1,137,136,138,-1,137,138,139,-1,139,138,140,-1,139,140,141,-1,141,140,142,-1,141,142,143,-1,143,142,144,-1,143,144,145,-1,145,144,146,-1,145,146,147,-1,147,146,148,-1,147,148,149,-1,149,148,150,-1,149,150,151,-1,151,150,152,-1,151,152,153,-1,153,152,154,-1,153,154,155,-1,155,154,156,-1,155,156,157,-1,157,156,158,-1,157,158,159,-1,159,158,160,-1,159,160,161,-1,161,160,162,-1,161,162,163,-1,163,162,164,-1,163,164,165,-1,165,164,166,-1,165,166,167,-1,167,166,168,-1,167,168,169,-1,169,168,170,-1,169,170,171,-1,171,170,172,-1,171,172,173,-1,173,172,174,-1,173,174,175,-1,175,174,176,-1,175,176,177,-1,177,176,178,-1,177,178,179,-1,179,178,180,-1,179,180,181,-1,181,180,182,-1,181,182,183,-1,183,182,184,-1,183,184,185,-1,185,184,186,-1,185,186,187,-1,187,186,188,-1,187,188,189,-1,189,188,190,-1,189,190,191,-1,191,190,192,-1,191,192,193,-1,193,192,194,-1,193,194,195,-1,195,194,196,-1,195,196,197,-1,197,196,13,-1,197,13,12,-1,113,115,116,-1,57,177,179,-1,57,179,55,-1,55,179,181,-1,55,181,53,-1,53,181,183,-1,53,183,51,-1,51,183,185,-1,51,185,49,-1,49,185,187,-1,49,187,47,-1,33,21,31,-1,31,21,23,-1,31,23,29,-1,29,23,25,-1,29,25,26,-1,187,189,47,-1,47,189,191,-1,47,191,45,-1,45,191,193,-1,45,193,43,-1,43,193,195,-1,43,195,41,-1,41,195,197,-1,41,197,39,-1,39,197,12,-1,39,12,37,-1,37,12,15,-1,37,15,35,-1,35,15,17,-1,35,17,33,-1,33,17,19,-1,33,19,21,-1,89,143,87,-1,87,143,145,-1,87,145,85,-1,85,145,147,-1,85,147,83,-1,83,147,149,-1,83,149,81,-1,81,149,151,-1,81,151,79,-1,79,151,153,-1,79,153,77,-1,77,153,155,-1,77,155,75,-1,113,116,111,-1,111,116,119,-1,111,119,109,-1,109,119,121,-1,109,121,107,-1,107,121,123,-1,107,123,105,-1,105,123,125,-1,105,125,103,-1,103,125,127,-1,103,127,101,-1,101,127,129,-1,101,129,99,-1,99,129,131,-1,99,131,97,-1,97,131,133,-1,97,133,95,-1,95,133,135,-1,95,135,93,-1,93,135,137,-1,93,137,91,-1,91,137,139,-1,91,139,89,-1,89,139,141,-1,89,141,143,-1,177,57,175,-1,175,57,59,-1,175,59,173,-1,173,59,61,-1,173,61,171,-1,171,61,63,-1,171,63,169,-1,169,63,65,-1,169,65,167,-1,167,65,165,-1,165,65,67,-1,165,67,163,-1,155,157,75,-1,75,157,159,-1,75,159,73,-1,73,159,161,-1,73,161,71,-1,71,161,163,-1,71,163,69,-1,69,163,67,-1,28,27,24,-1,28,24,30,-1,44,190,46,-1,46,190,188,-1,46,188,48,-1,48,188,186,-1,48,186,50,-1,50,186,184,-1,50,184,52,-1,52,184,182,-1,52,182,54,-1,114,112,117,-1,117,112,110,-1,117,110,118,-1,118,110,108,-1,182,180,54,-1,54,180,178,-1,54,178,56,-1,56,178,176,-1,56,176,58,-1,58,176,174,-1,58,174,60,-1,60,174,172,-1,60,172,62,-1,24,22,30,-1,30,22,20,-1,30,20,32,-1,32,20,18,-1,32,18,34,-1,34,18,16,-1,34,16,36,-1,36,16,14,-1,36,14,38,-1,38,14,13,-1,38,13,40,-1,40,13,196,-1,40,196,42,-1,42,196,194,-1,42,194,44,-1,44,194,192,-1,44,192,190,-1,82,146,84,-1,84,146,144,-1,84,144,86,-1,86,144,142,-1,86,142,88,-1,88,142,140,-1,88,140,90,-1,90,140,138,-1,90,138,92,-1,92,138,136,-1,92,136,94,-1,94,136,134,-1,94,134,96,-1,96,134,132,-1,96,132,98,-1,98,132,130,-1,98,130,100,-1,100,130,128,-1,100,128,102,-1,102,128,126,-1,102,126,104,-1,104,126,124,-1,104,124,106,-1,106,124,122,-1,106,122,108,-1,108,122,120,-1,108,120,118,-1,162,160,72,-1,72,160,158,-1,72,158,74,-1,74,158,156,-1,74,156,76,-1,76,156,154,-1,76,154,78,-1,78,154,152,-1,78,152,80,-1,80,152,150,-1,80,150,82,-1,82,150,148,-1,82,148,146,-1,172,170,62,-1,62,170,168,-1,62,168,64,-1,64,168,166,-1,64,166,66,-1,66,166,164,-1,66,164,68,-1,68,164,162,-1,68,162,70,-1,70,162,72,-1,198,199,200,-1,200,199,201,-1,202,198,203,-1,203,198,200,-1,204,202,205,-1,205,202,203,-1,206,204,207,-1,207,204,205,-1,208,206,209,-1,209,206,207,-1,210,208,211,-1,211,208,209,-1,212,210,213,-1,213,210,211,-1,214,212,215,-1,215,212,213,-1,216,214,217,-1,217,214,215,-1,218,216,219,-1,219,216,217,-1,220,218,221,-1,221,218,219,-1,199,220,201,-1,201,220,221,-1,206,208,204,-1,204,208,210,-1,199,198,220,-1,220,198,202,-1,214,216,212,-1,212,216,218,-1,212,218,210,-1,210,218,220,-1,210,220,204,-1,204,220,202,-1,219,217,215,-1,215,213,219,-1,219,213,211,-1,219,211,221,-1,200,201,203,-1,203,201,221,-1,203,221,205,-1,205,221,211,-1,205,211,207,-1,207,211,209,-1,222,223,224,-1,224,223,225,-1,224,225,226,-1,226,225,227,-1,226,227,228,-1,228,227,229,-1,228,229,230,-1,230,229,231,-1,230,231,232,-1,232,231,233,-1,232,233,234,-1,234,233,235,-1,234,235,236,-1,236,235,237,-1,236,237,238,-1,239,240,241,-1,241,240,242,-1,241,242,243,-1,243,242,244,-1,243,244,245,-1,245,244,246,-1,245,246,247,-1,246,248,247,-1,247,248,249,-1,247,249,250,-1,250,249,251,-1,250,251,252,-1,252,251,253,-1,252,253,254,-1,254,253,255,-1,254,255,256,-1,256,255,257,-1,256,257,258,-1,258,257,259,-1,258,259,260,-1,260,259,261,-1,260,261,262,-1,262,261,263,-1,262,263,264,-1,264,263,265,-1,264,265,266,-1,266,265,267,-1,266,267,268,-1,268,267,269,-1,268,269,270,-1,270,269,271,-1,270,271,272,-1,272,271,273,-1,272,273,274,-1,274,273,275,-1,274,275,276,-1,276,275,277,-1,276,277,278,-1,278,277,279,-1,278,279,280,-1,280,279,281,-1,280,281,222,-1,222,281,282,-1,222,282,223,-1,237,283,238,-1,238,283,284,-1,238,284,285,-1,285,284,286,-1,285,286,287,-1,287,286,288,-1,287,288,289,-1,289,288,290,-1,289,290,291,-1,291,290,292,-1,291,292,293,-1,293,292,294,-1,293,294,239,-1,239,294,295,-1,239,295,240,-1,296,297,298,-1,298,297,299,-1,298,299,300,-1,300,299,301,-1,300,301,302,-1,302,301,303,-1,302,303,304,-1,304,303,305,-1,304,305,306,-1,306,305,307,-1,306,307,308,-1,309,310,311,-1,311,310,312,-1,311,312,313,-1,313,312,314,-1,313,314,315,-1,315,314,316,-1,315,316,317,-1,317,316,318,-1,317,318,319,-1,319,318,320,-1,319,320,321,-1,321,320,322,-1,321,322,323,-1,323,322,324,-1,323,324,325,-1,325,324,326,-1,325,326,327,-1,327,326,328,-1,327,328,329,-1,329,328,330,-1,329,330,331,-1,331,330,332,-1,331,332,333,-1,333,332,334,-1,333,334,335,-1,335,334,336,-1,335,336,337,-1,337,336,338,-1,337,338,296,-1,296,338,339,-1,296,339,297,-1,340,341,342,-1,342,341,343,-1,342,343,344,-1,344,343,345,-1,344,345,346,-1,346,345,347,-1,346,347,348,-1,348,347,349,-1,348,349,350,-1,350,349,351,-1,350,351,352,-1,352,351,353,-1,352,353,354,-1,354,353,355,-1,354,355,309,-1,309,355,356,-1,309,356,310,-1,307,357,308,-1,308,357,358,-1,308,358,359,-1,359,358,360,-1,359,360,361,-1,361,360,362,-1,361,362,363,-1,363,362,364,-1,363,364,365,-1,365,364,366,-1,365,366,367,-1,367,366,368,-1,367,368,340,-1,340,368,369,-1,340,369,341,-1,275,273,320,-1,320,273,322,-1,275,320,318,-1,275,318,277,-1,277,318,316,-1,277,316,279,-1,279,316,314,-1,279,314,281,-1,281,314,312,-1,281,312,282,-1,282,312,310,-1,282,310,223,-1,223,310,356,-1,223,356,225,-1,225,356,355,-1,225,355,227,-1,227,355,353,-1,227,353,229,-1,229,353,351,-1,229,351,231,-1,231,351,349,-1,231,349,233,-1,233,349,347,-1,233,347,235,-1,235,347,345,-1,235,345,237,-1,237,345,343,-1,237,343,283,-1,283,343,341,-1,283,341,284,-1,284,341,369,-1,284,369,286,-1,286,369,368,-1,286,368,288,-1,288,368,366,-1,288,366,290,-1,290,366,364,-1,290,364,292,-1,292,364,362,-1,292,362,294,-1,294,362,360,-1,294,360,295,-1,295,360,358,-1,295,358,240,-1,240,358,357,-1,240,357,242,-1,242,357,307,-1,242,307,244,-1,244,307,305,-1,244,305,246,-1,246,305,303,-1,246,303,248,-1,248,303,301,-1,248,301,249,-1,249,301,299,-1,249,299,251,-1,251,299,297,-1,251,297,253,-1,253,297,339,-1,253,339,255,-1,255,339,338,-1,255,338,257,-1,257,338,336,-1,257,336,259,-1,259,336,334,-1,259,334,261,-1,261,334,332,-1,261,332,263,-1,263,332,330,-1,263,330,265,-1,265,330,328,-1,265,328,267,-1,267,328,326,-1,267,326,269,-1,271,269,324,-1,324,269,326,-1,273,271,322,-1,322,271,324,-1,268,270,325,-1,325,270,323,-1,270,272,323,-1,323,272,321,-1,272,274,321,-1,321,274,319,-1,230,350,352,-1,230,352,228,-1,228,352,354,-1,228,354,226,-1,226,354,309,-1,226,309,224,-1,224,309,311,-1,224,311,222,-1,222,311,313,-1,222,313,280,-1,280,313,315,-1,280,315,278,-1,278,315,317,-1,278,317,276,-1,276,317,319,-1,276,319,274,-1,291,363,365,-1,291,365,289,-1,289,365,367,-1,289,367,287,-1,287,367,340,-1,287,340,285,-1,285,340,342,-1,285,342,238,-1,238,342,344,-1,238,344,236,-1,236,344,346,-1,236,346,234,-1,234,346,348,-1,234,348,232,-1,232,348,350,-1,232,350,230,-1,252,298,300,-1,252,300,250,-1,250,300,302,-1,250,302,247,-1,247,302,304,-1,247,304,245,-1,245,304,306,-1,245,306,243,-1,243,306,308,-1,243,308,241,-1,241,308,359,-1,241,359,239,-1,239,359,361,-1,239,361,293,-1,293,361,363,-1,293,363,291,-1,268,325,327,-1,268,327,266,-1,266,327,329,-1,266,329,264,-1,264,329,331,-1,264,331,262,-1,262,331,333,-1,262,333,260,-1,260,333,335,-1,260,335,258,-1,258,335,337,-1,258,337,256,-1,256,337,296,-1,256,296,254,-1,254,296,298,-1,254,298,252,-1,370,371,372,-1,372,371,373,-1,374,375,370,-1,370,375,376,-1,370,376,371,-1,371,376,377,-1,374,378,375,-1,375,378,379,-1,375,379,380,-1,380,379,381,-1,380,381,382,-1,382,383,380,-1,380,383,372,-1,380,372,384,-1,384,372,373,-1,384,373,385,-1,386,387,388,-1,387,389,388,-1,388,389,390,-1,388,390,391,-1,391,390,392,-1,391,392,393,-1,393,394,391,-1,391,394,395,-1,391,395,396,-1,397,398,399,-1,400,396,401,-1,401,396,395,-1,401,395,399,-1,399,395,386,-1,399,386,397,-1,397,386,388,-1,380,384,388,-1,388,384,397,-1,375,380,391,-1,391,380,388,-1,376,375,396,-1,396,375,391,-1,377,376,400,-1,400,376,396,-1,371,377,401,-1,401,377,400,-1,373,371,399,-1,399,371,401,-1,385,373,398,-1,398,373,399,-1,384,385,397,-1,397,385,398,-1,370,372,395,-1,395,372,386,-1,372,383,386,-1,386,383,387,-1,381,390,389,-1,381,389,382,-1,382,389,387,-1,382,387,383,-1,381,379,390,-1,390,379,392,-1,374,394,393,-1,374,393,378,-1,378,393,392,-1,378,392,379,-1,374,370,394,-1,394,370,395,-1,402,403,404,-1,404,403,405,-1,406,402,407,-1,407,402,404,-1,408,406,409,-1,409,406,407,-1,410,408,411,-1,411,408,409,-1,412,410,413,-1,413,410,411,-1,414,412,415,-1,415,412,413,-1,416,414,417,-1,417,414,415,-1,418,416,419,-1,419,416,417,-1,420,418,421,-1,421,418,419,-1,422,420,423,-1,423,420,421,-1,424,422,425,-1,425,422,423,-1,403,424,405,-1,405,424,425,-1,424,403,402,-1,402,406,424,-1,424,406,408,-1,424,408,422,-1,418,420,416,-1,416,420,422,-1,416,422,414,-1,414,422,408,-1,414,408,412,-1,412,408,410,-1,404,405,407,-1,407,405,425,-1,407,425,409,-1,421,419,423,-1,423,419,417,-1,423,417,415,-1,413,411,415,-1,415,411,409,-1,415,409,423,-1,423,409,425,-1,426,427,428,-1,428,427,429,-1,430,431,432,-1,433,434,435,-1,435,434,436,-1,432,431,437,-1,437,431,438,-1,437,438,439,-1,439,438,440,-1,439,440,441,-1,442,443,444,-1,434,445,436,-1,436,445,446,-1,436,446,447,-1,433,435,448,-1,448,435,449,-1,448,449,450,-1,450,449,451,-1,450,451,452,-1,441,440,453,-1,453,440,454,-1,453,454,455,-1,455,454,456,-1,455,456,457,-1,446,458,447,-1,447,458,459,-1,447,459,460,-1,460,459,461,-1,460,461,462,-1,428,463,464,-1,464,463,465,-1,464,465,466,-1,467,468,469,-1,469,468,470,-1,469,470,471,-1,471,470,472,-1,471,472,473,-1,474,475,429,-1,429,475,476,-1,429,476,428,-1,428,476,477,-1,428,477,463,-1,457,456,478,-1,478,456,479,-1,478,479,480,-1,480,479,481,-1,480,481,482,-1,483,484,485,-1,485,484,486,-1,485,486,487,-1,487,486,488,-1,487,488,489,-1,444,490,442,-1,442,490,491,-1,442,491,483,-1,483,491,492,-1,483,492,484,-1,493,494,495,-1,495,494,496,-1,495,496,443,-1,443,496,497,-1,443,497,444,-1,498,499,500,-1,500,499,452,-1,500,452,501,-1,501,452,451,-1,472,502,473,-1,473,502,503,-1,473,503,504,-1,504,503,505,-1,504,505,506,-1,506,505,466,-1,506,466,507,-1,507,466,465,-1,482,481,508,-1,508,481,509,-1,508,509,510,-1,510,499,508,-1,508,499,498,-1,508,498,429,-1,429,498,511,-1,429,511,474,-1,488,512,489,-1,489,512,513,-1,489,513,514,-1,514,513,515,-1,514,515,516,-1,516,515,517,-1,516,517,467,-1,467,517,518,-1,467,518,468,-1,461,519,462,-1,462,519,520,-1,462,520,521,-1,521,520,522,-1,521,522,523,-1,432,524,430,-1,430,524,525,-1,430,525,526,-1,526,525,527,-1,526,527,528,-1,528,527,529,-1,528,529,530,-1,530,529,531,-1,530,531,532,-1,532,531,533,-1,532,533,534,-1,534,533,535,-1,534,535,536,-1,536,535,537,-1,536,537,538,-1,538,537,539,-1,538,539,540,-1,540,539,541,-1,540,541,542,-1,542,541,543,-1,542,543,544,-1,522,545,523,-1,523,545,546,-1,523,546,493,-1,493,546,547,-1,493,547,494,-1,548,549,550,-1,551,552,553,-1,553,552,554,-1,553,554,555,-1,556,557,558,-1,559,560,561,-1,561,560,562,-1,561,562,563,-1,554,564,555,-1,555,564,565,-1,555,565,566,-1,566,565,567,-1,566,567,568,-1,569,570,571,-1,571,570,572,-1,571,572,573,-1,573,572,574,-1,573,574,551,-1,551,574,575,-1,551,575,552,-1,576,556,577,-1,577,556,558,-1,577,558,578,-1,578,558,579,-1,580,581,582,-1,582,581,583,-1,582,583,584,-1,584,583,585,-1,584,585,586,-1,586,585,587,-1,586,587,588,-1,588,587,589,-1,590,591,580,-1,580,591,592,-1,580,592,581,-1,593,594,559,-1,559,594,595,-1,559,595,560,-1,596,597,593,-1,593,597,598,-1,593,598,594,-1,599,600,601,-1,601,600,558,-1,601,558,602,-1,602,558,557,-1,603,604,590,-1,590,604,605,-1,590,605,591,-1,567,606,568,-1,568,606,607,-1,568,607,608,-1,608,607,609,-1,608,609,610,-1,610,609,600,-1,610,600,611,-1,562,612,563,-1,563,612,613,-1,563,613,614,-1,611,600,615,-1,615,600,599,-1,615,599,589,-1,589,599,616,-1,589,616,588,-1,548,550,617,-1,617,550,618,-1,617,618,619,-1,619,618,620,-1,619,620,621,-1,621,620,622,-1,621,622,623,-1,623,622,624,-1,623,624,625,-1,625,624,626,-1,625,626,627,-1,627,626,628,-1,627,628,629,-1,629,628,630,-1,629,630,569,-1,569,630,631,-1,569,631,570,-1,632,633,634,-1,634,633,635,-1,634,635,603,-1,603,635,636,-1,603,636,604,-1,613,637,614,-1,614,637,638,-1,614,638,639,-1,639,638,640,-1,639,640,632,-1,632,640,641,-1,632,641,633,-1,642,643,644,-1,644,643,645,-1,644,645,646,-1,646,645,647,-1,646,647,648,-1,648,647,649,-1,648,649,650,-1,651,652,653,-1,653,652,654,-1,653,654,655,-1,655,654,656,-1,655,656,596,-1,596,656,657,-1,596,657,597,-1,649,658,650,-1,650,658,659,-1,650,659,660,-1,660,659,661,-1,660,661,662,-1,662,661,663,-1,662,663,651,-1,651,663,664,-1,651,664,652,-1,644,665,642,-1,642,665,666,-1,642,666,667,-1,667,666,668,-1,667,668,577,-1,577,668,669,-1,577,669,576,-1,529,630,628,-1,529,628,531,-1,531,628,626,-1,531,626,533,-1,533,626,624,-1,533,624,535,-1,535,624,622,-1,535,622,537,-1,537,622,620,-1,537,620,539,-1,539,620,618,-1,539,618,541,-1,541,618,550,-1,541,550,543,-1,544,543,549,-1,549,543,550,-1,544,549,548,-1,544,548,542,-1,542,548,617,-1,542,617,540,-1,540,617,619,-1,540,619,538,-1,538,619,621,-1,538,621,536,-1,536,621,623,-1,536,623,534,-1,534,623,625,-1,534,625,532,-1,532,625,627,-1,532,627,530,-1,530,627,629,-1,530,629,528,-1,528,629,569,-1,528,569,526,-1,526,569,571,-1,526,571,430,-1,430,571,573,-1,430,573,431,-1,431,573,551,-1,431,551,438,-1,438,551,553,-1,438,553,440,-1,440,553,555,-1,440,555,454,-1,454,555,566,-1,454,566,456,-1,456,566,568,-1,456,568,479,-1,479,568,608,-1,479,608,481,-1,481,608,610,-1,481,610,509,-1,509,610,611,-1,509,611,510,-1,510,611,615,-1,510,615,499,-1,452,499,589,-1,589,499,615,-1,452,589,587,-1,452,587,450,-1,450,587,585,-1,450,585,448,-1,448,585,583,-1,448,583,433,-1,433,583,581,-1,433,581,434,-1,434,581,592,-1,434,592,445,-1,445,592,591,-1,445,591,446,-1,446,591,605,-1,446,605,458,-1,458,605,604,-1,458,604,459,-1,459,604,636,-1,459,636,461,-1,461,636,635,-1,461,635,519,-1,519,635,633,-1,519,633,520,-1,520,633,641,-1,520,641,522,-1,522,641,640,-1,522,640,545,-1,545,640,638,-1,545,638,546,-1,546,638,637,-1,546,637,547,-1,547,637,613,-1,547,613,494,-1,494,613,612,-1,494,612,496,-1,496,612,562,-1,496,562,497,-1,497,562,560,-1,497,560,444,-1,444,560,595,-1,444,595,490,-1,490,595,594,-1,490,594,491,-1,491,594,598,-1,491,598,492,-1,492,598,597,-1,492,597,484,-1,484,597,657,-1,484,657,486,-1,486,657,656,-1,486,656,488,-1,488,656,654,-1,488,654,512,-1,512,654,652,-1,512,652,513,-1,513,652,664,-1,513,664,515,-1,515,664,663,-1,515,663,517,-1,517,663,661,-1,517,661,518,-1,518,661,659,-1,518,659,468,-1,468,659,658,-1,468,658,470,-1,470,658,649,-1,470,649,472,-1,472,649,647,-1,472,647,502,-1,502,647,645,-1,502,645,503,-1,503,645,643,-1,503,643,505,-1,505,643,642,-1,505,642,466,-1,466,642,667,-1,466,667,464,-1,428,464,577,-1,577,464,667,-1,426,428,578,-1,578,428,577,-1,427,426,579,-1,579,426,578,-1,429,427,558,-1,558,427,579,-1,429,558,600,-1,429,600,508,-1,508,600,609,-1,508,609,482,-1,482,609,607,-1,482,607,480,-1,480,607,606,-1,480,606,478,-1,478,606,567,-1,478,567,457,-1,457,567,565,-1,457,565,455,-1,455,565,564,-1,455,564,453,-1,453,564,554,-1,453,554,441,-1,441,554,552,-1,441,552,439,-1,439,552,575,-1,439,575,437,-1,437,575,574,-1,437,574,432,-1,432,574,572,-1,432,572,524,-1,524,572,570,-1,524,570,525,-1,525,570,631,-1,525,631,527,-1,527,631,630,-1,527,630,529,-1,436,580,582,-1,436,582,435,-1,435,582,584,-1,435,584,449,-1,449,584,586,-1,449,586,451,-1,451,586,588,-1,451,588,501,-1,501,588,616,-1,501,616,500,-1,523,639,632,-1,523,632,521,-1,521,632,634,-1,521,634,462,-1,462,634,603,-1,462,603,460,-1,460,603,590,-1,460,590,447,-1,447,590,580,-1,447,580,436,-1,483,593,559,-1,483,559,442,-1,442,559,561,-1,442,561,443,-1,443,561,563,-1,443,563,495,-1,495,563,614,-1,495,614,493,-1,493,614,639,-1,493,639,523,-1,516,662,651,-1,516,651,514,-1,514,651,653,-1,514,653,489,-1,489,653,655,-1,489,655,487,-1,487,655,596,-1,487,596,485,-1,485,596,593,-1,485,593,483,-1,507,666,665,-1,507,665,506,-1,506,665,644,-1,506,644,504,-1,504,644,646,-1,504,646,473,-1,473,646,648,-1,473,648,471,-1,471,648,650,-1,471,650,469,-1,469,650,660,-1,469,660,467,-1,467,660,662,-1,467,662,516,-1,511,601,602,-1,511,602,474,-1,474,602,557,-1,474,557,475,-1,475,557,556,-1,475,556,476,-1,476,556,576,-1,476,576,477,-1,477,576,669,-1,477,669,463,-1,463,669,668,-1,463,668,465,-1,465,668,666,-1,465,666,507,-1,511,498,601,-1,601,498,599,-1,498,500,599,-1,599,500,616,-1,670,671,672,-1,670,672,673,-1,673,672,674,-1,673,674,675,-1,675,674,676,-1,675,676,677,-1,677,676,678,-1,677,678,679,-1,679,678,680,-1,679,680,681,-1,681,680,682,-1,681,682,683,-1,683,682,684,-1,683,684,685,-1,686,685,687,-1,687,685,684,-1,686,687,688,-1,686,688,689,-1,689,688,690,-1,689,690,691,-1,691,690,692,-1,691,692,693,-1,693,692,694,-1,693,694,695,-1,695,694,696,-1,695,696,697,-1,697,696,698,-1,697,698,699,-1,699,698,700,-1,699,700,701,-1,701,700,702,-1,701,702,703,-1,703,702,704,-1,703,704,705,-1,705,704,706,-1,705,706,707,-1,707,706,708,-1,707,708,709,-1,709,708,710,-1,709,710,711,-1,711,710,712,-1,711,712,713,-1,713,712,714,-1,713,714,715,-1,715,714,716,-1,715,716,717,-1,717,716,718,-1,717,718,719,-1,719,718,720,-1,719,720,721,-1,721,720,722,-1,721,722,723,-1,723,722,724,-1,723,724,725,-1,725,724,726,-1,725,726,727,-1,727,726,728,-1,727,728,729,-1,729,728,730,-1,729,730,731,-1,731,730,732,-1,731,732,733,-1,733,732,734,-1,733,734,735,-1,735,734,736,-1,735,736,737,-1,737,736,738,-1,737,738,739,-1,739,738,740,-1,739,740,741,-1,741,740,742,-1,741,742,743,-1,743,742,744,-1,743,744,745,-1,745,744,746,-1,745,746,747,-1,747,746,748,-1,747,748,749,-1,749,748,750,-1,749,750,751,-1,751,750,752,-1,751,752,753,-1,753,752,754,-1,753,754,755,-1,755,754,756,-1,755,756,757,-1,757,756,758,-1,757,758,759,-1,759,758,760,-1,759,760,761,-1,761,760,762,-1,761,762,763,-1,763,762,764,-1,763,764,765,-1,765,764,766,-1,765,766,767,-1,767,766,768,-1,767,768,769,-1,769,768,770,-1,769,770,771,-1,771,770,772,-1,771,772,773,-1,773,772,774,-1,773,774,775,-1,775,774,776,-1,775,776,777,-1,777,776,778,-1,777,778,779,-1,779,778,780,-1,779,780,781,-1,781,780,782,-1,781,782,783,-1,783,782,784,-1,783,784,785,-1,785,784,786,-1,785,786,787,-1,787,786,788,-1,787,788,789,-1,789,788,790,-1,789,790,791,-1,791,790,792,-1,791,792,793,-1,793,792,794,-1,793,794,795,-1,795,794,796,-1,795,796,797,-1,797,796,798,-1,797,798,799,-1,799,798,800,-1,799,800,801,-1,801,800,802,-1,801,802,803,-1,803,802,804,-1,803,804,805,-1,806,805,807,-1,807,805,804,-1,806,807,808,-1,806,808,809,-1,809,808,810,-1,809,810,811,-1,811,810,812,-1,811,812,813,-1,813,812,814,-1,813,814,815,-1,815,814,816,-1,815,816,817,-1,817,816,818,-1,817,818,819,-1,819,818,820,-1,819,820,821,-1,821,820,822,-1,821,822,823,-1,823,822,824,-1,823,824,825,-1,825,824,826,-1,825,826,827,-1,827,826,828,-1,827,828,829,-1,829,828,830,-1,829,830,831,-1,831,830,832,-1,831,832,833,-1,833,832,834,-1,833,834,835,-1,835,834,836,-1,835,836,837,-1,837,836,838,-1,837,838,839,-1,839,838,840,-1,839,840,841,-1,841,840,842,-1,841,842,843,-1,843,842,844,-1,843,844,845,-1,845,844,846,-1,845,846,847,-1,847,846,848,-1,847,848,849,-1,849,848,850,-1,849,850,851,-1,851,850,852,-1,851,852,853,-1,853,852,854,-1,853,854,855,-1,855,854,856,-1,855,856,857,-1,857,856,858,-1,857,858,859,-1,859,858,860,-1,859,860,861,-1,861,860,862,-1,861,862,863,-1,863,862,864,-1,863,864,865,-1,865,864,866,-1,865,866,867,-1,867,866,868,-1,867,868,869,-1,869,868,870,-1,869,870,871,-1,871,870,872,-1,871,872,873,-1,873,872,874,-1,873,874,875,-1,875,874,876,-1,875,876,877,-1,877,876,878,-1,877,878,879,-1,879,878,880,-1,879,880,881,-1,881,880,882,-1,881,882,883,-1,883,882,884,-1,883,884,885,-1,885,884,886,-1,885,886,887,-1,887,886,888,-1,887,888,889,-1,889,888,890,-1,889,890,891,-1,891,890,892,-1,891,892,893,-1,893,892,894,-1,893,894,895,-1,895,894,896,-1,895,896,897,-1,897,896,898,-1,897,898,899,-1,899,898,900,-1,899,900,901,-1,901,900,902,-1,901,902,903,-1,903,902,904,-1,903,904,905,-1,905,904,906,-1,905,906,907,-1,907,906,671,-1,907,671,670,-1,683,685,686,-1,803,805,806,-1,713,715,897,-1,897,715,895,-1,777,837,775,-1,775,837,839,-1,775,839,773,-1,715,717,895,-1,895,717,719,-1,895,719,893,-1,779,833,777,-1,777,833,835,-1,777,835,837,-1,713,897,711,-1,711,897,899,-1,711,899,709,-1,709,899,901,-1,709,901,707,-1,707,901,903,-1,707,903,705,-1,855,765,853,-1,853,765,767,-1,737,883,735,-1,735,883,885,-1,839,841,773,-1,773,841,843,-1,773,843,771,-1,843,845,771,-1,771,845,847,-1,771,847,769,-1,769,847,849,-1,769,849,767,-1,767,849,851,-1,767,851,853,-1,855,857,765,-1,765,857,859,-1,765,859,763,-1,763,859,861,-1,763,861,761,-1,761,861,863,-1,761,863,759,-1,759,863,865,-1,759,865,757,-1,889,729,887,-1,887,729,731,-1,887,731,885,-1,885,731,733,-1,885,733,735,-1,719,721,893,-1,893,721,723,-1,893,723,891,-1,891,723,725,-1,891,725,889,-1,889,725,727,-1,889,727,729,-1,737,739,883,-1,883,739,741,-1,883,741,881,-1,881,741,743,-1,881,743,879,-1,879,743,745,-1,879,745,877,-1,877,745,747,-1,877,747,875,-1,705,903,703,-1,703,903,905,-1,703,905,701,-1,701,905,907,-1,701,907,699,-1,699,907,670,-1,699,670,697,-1,697,670,673,-1,697,673,695,-1,695,673,675,-1,695,675,693,-1,693,675,677,-1,693,677,691,-1,691,677,679,-1,691,679,689,-1,689,679,686,-1,686,679,681,-1,686,681,683,-1,747,749,875,-1,875,749,751,-1,875,751,873,-1,873,751,753,-1,873,753,871,-1,871,753,755,-1,871,755,869,-1,869,755,757,-1,869,757,867,-1,867,757,865,-1,803,806,801,-1,801,806,809,-1,801,809,799,-1,799,809,811,-1,799,811,797,-1,797,811,813,-1,797,813,795,-1,795,813,815,-1,795,815,793,-1,793,815,817,-1,793,817,791,-1,791,817,819,-1,791,819,789,-1,789,819,821,-1,789,821,787,-1,787,821,823,-1,787,823,785,-1,785,823,825,-1,785,825,783,-1,783,825,827,-1,783,827,781,-1,781,827,829,-1,781,829,779,-1,779,829,831,-1,779,831,833,-1,894,714,896,-1,896,714,712,-1,896,712,898,-1,898,712,710,-1,898,710,900,-1,776,774,836,-1,856,764,858,-1,858,764,762,-1,892,718,894,-1,894,718,716,-1,894,716,714,-1,886,884,732,-1,732,884,734,-1,734,884,882,-1,734,882,736,-1,856,854,764,-1,764,854,852,-1,764,852,766,-1,766,852,850,-1,766,850,768,-1,880,740,882,-1,882,740,738,-1,882,738,736,-1,770,842,772,-1,772,842,840,-1,772,840,774,-1,774,840,838,-1,774,838,836,-1,890,722,892,-1,892,722,720,-1,892,720,718,-1,850,848,768,-1,768,848,846,-1,768,846,770,-1,770,846,844,-1,770,844,842,-1,710,708,900,-1,900,708,706,-1,900,706,902,-1,902,706,704,-1,902,704,904,-1,904,704,702,-1,904,702,906,-1,906,702,700,-1,906,700,671,-1,671,700,698,-1,671,698,672,-1,672,698,696,-1,672,696,674,-1,674,696,694,-1,674,694,676,-1,732,730,886,-1,886,730,728,-1,886,728,888,-1,888,728,726,-1,888,726,890,-1,890,726,724,-1,890,724,722,-1,694,692,676,-1,676,692,690,-1,676,690,678,-1,678,690,688,-1,678,688,680,-1,680,688,687,-1,680,687,682,-1,682,687,684,-1,872,870,754,-1,754,870,868,-1,754,868,756,-1,756,868,866,-1,756,866,758,-1,758,866,864,-1,758,864,760,-1,760,864,862,-1,760,862,762,-1,762,862,860,-1,762,860,858,-1,836,834,776,-1,776,834,832,-1,776,832,778,-1,778,832,830,-1,778,830,780,-1,780,830,828,-1,780,828,782,-1,782,828,826,-1,782,826,784,-1,784,826,824,-1,784,824,786,-1,786,824,822,-1,786,822,788,-1,788,822,820,-1,788,820,790,-1,790,820,818,-1,790,818,792,-1,792,818,816,-1,792,816,794,-1,794,816,814,-1,794,814,796,-1,796,814,812,-1,796,812,798,-1,798,812,810,-1,798,810,800,-1,800,810,808,-1,800,808,802,-1,802,808,807,-1,802,807,804,-1,754,752,872,-1,872,752,750,-1,872,750,874,-1,874,750,748,-1,874,748,876,-1,876,748,746,-1,876,746,878,-1,878,746,744,-1,878,744,880,-1,880,744,742,-1,880,742,740,-1,908,909,910,-1,910,909,911,-1,912,908,913,-1,913,908,910,-1,912,913,914,-1,912,914,915,-1,915,914,916,-1,915,916,917,-1,918,917,919,-1,919,917,916,-1,920,918,921,-1,921,918,919,-1,922,920,923,-1,923,920,921,-1,924,922,925,-1,925,922,923,-1,926,924,927,-1,927,924,925,-1,928,926,929,-1,929,926,927,-1,928,929,930,-1,928,930,931,-1,931,930,932,-1,931,932,933,-1,933,932,934,-1,933,934,935,-1,935,934,936,-1,935,936,937,-1,937,936,938,-1,937,938,939,-1,939,938,940,-1,939,940,941,-1,941,940,942,-1,941,942,943,-1,943,942,944,-1,943,944,945,-1,945,944,946,-1,945,946,947,-1,947,946,948,-1,947,948,949,-1,950,949,951,-1,951,949,948,-1,950,951,952,-1,950,952,953,-1,953,952,954,-1,953,954,955,-1,955,954,956,-1,955,956,957,-1,957,956,958,-1,957,958,959,-1,959,958,960,-1,959,960,961,-1,961,960,962,-1,961,962,963,-1,963,962,964,-1,963,964,965,-1,965,964,966,-1,965,966,967,-1,967,966,968,-1,967,968,969,-1,969,968,970,-1,969,970,971,-1,971,970,972,-1,971,972,973,-1,973,972,974,-1,973,974,975,-1,975,974,976,-1,975,976,977,-1,977,976,978,-1,977,978,979,-1,909,979,911,-1,911,979,978,-1,915,917,979,-1,909,908,979,-1,979,908,912,-1,979,912,915,-1,922,924,920,-1,920,924,926,-1,920,926,918,-1,933,935,967,-1,967,935,965,-1,965,935,937,-1,965,937,963,-1,963,937,939,-1,963,939,961,-1,961,939,959,-1,959,939,941,-1,959,941,957,-1,957,941,943,-1,957,943,955,-1,967,969,933,-1,933,969,971,-1,933,971,931,-1,931,971,973,-1,931,973,928,-1,955,943,953,-1,953,943,945,-1,953,945,950,-1,950,945,947,-1,950,947,949,-1,973,975,928,-1,928,975,977,-1,928,977,926,-1,926,977,979,-1,926,979,918,-1,918,979,917,-1,940,938,960,-1,927,925,923,-1,910,911,913,-1,913,911,978,-1,960,938,962,-1,962,938,936,-1,962,936,964,-1,960,958,940,-1,940,958,956,-1,940,956,942,-1,942,956,954,-1,942,954,944,-1,944,954,952,-1,944,952,946,-1,946,952,951,-1,946,951,948,-1,964,936,966,-1,966,936,934,-1,966,934,968,-1,968,934,932,-1,968,932,970,-1,970,932,930,-1,970,930,972,-1,972,930,974,-1,974,930,929,-1,974,929,976,-1,919,916,978,-1,978,916,914,-1,978,914,913,-1,923,921,927,-1,927,921,919,-1,927,919,929,-1,929,919,978,-1,929,978,976,-1,980,981,982,-1,982,981,983,-1,984,980,985,-1,985,980,982,-1,986,984,987,-1,987,984,985,-1,988,986,989,-1,989,986,987,-1,990,988,991,-1,991,988,989,-1,992,990,993,-1,993,990,991,-1,994,992,995,-1,995,992,993,-1,996,994,997,-1,997,994,995,-1,998,996,999,-1,999,996,997,-1,1000,998,1001,-1,1001,998,999,-1,1002,1000,1003,-1,1003,1000,1001,-1,981,1002,983,-1,983,1002,1003,-1,996,998,994,-1,994,998,1000,-1,994,1000,992,-1,981,980,1002,-1,1002,980,984,-1,1002,984,986,-1,988,990,986,-1,986,990,992,-1,986,992,1002,-1,1002,992,1000,-1,1001,999,997,-1,997,995,1001,-1,1001,995,993,-1,1001,993,1003,-1,982,983,985,-1,985,983,1003,-1,985,1003,987,-1,987,1003,993,-1,987,993,989,-1,989,993,991,-1,1004,1005,1006,-1,1006,1005,1007,-1,1006,1007,1008,-1,1008,1007,1009,-1,1008,1009,1010,-1,1010,1009,1011,-1,1010,1011,1012,-1,1012,1011,1013,-1,1012,1013,1014,-1,1014,1013,1015,-1,1014,1015,1016,-1,1016,1015,1017,-1,1016,1017,1018,-1,1018,1017,1019,-1,1018,1019,1020,-1,1021,1022,1023,-1,1023,1022,1024,-1,1023,1024,1025,-1,1025,1024,1026,-1,1025,1026,1027,-1,1027,1026,1028,-1,1027,1028,1029,-1,1028,1030,1029,-1,1029,1030,1031,-1,1029,1031,1032,-1,1032,1031,1033,-1,1032,1033,1034,-1,1034,1033,1035,-1,1034,1035,1036,-1,1036,1035,1037,-1,1036,1037,1038,-1,1038,1037,1039,-1,1038,1039,1040,-1,1040,1039,1041,-1,1040,1041,1042,-1,1042,1041,1043,-1,1042,1043,1044,-1,1044,1043,1045,-1,1044,1045,1046,-1,1046,1045,1047,-1,1046,1047,1048,-1,1048,1047,1049,-1,1048,1049,1050,-1,1050,1049,1051,-1,1050,1051,1052,-1,1052,1051,1053,-1,1052,1053,1054,-1,1054,1053,1055,-1,1054,1055,1056,-1,1056,1055,1057,-1,1056,1057,1058,-1,1058,1057,1059,-1,1058,1059,1060,-1,1060,1059,1061,-1,1060,1061,1062,-1,1062,1061,1063,-1,1062,1063,1004,-1,1004,1063,1064,-1,1004,1064,1005,-1,1019,1065,1020,-1,1020,1065,1066,-1,1020,1066,1067,-1,1067,1066,1068,-1,1067,1068,1069,-1,1069,1068,1070,-1,1069,1070,1071,-1,1071,1070,1072,-1,1071,1072,1073,-1,1073,1072,1074,-1,1073,1074,1075,-1,1075,1074,1076,-1,1075,1076,1021,-1,1021,1076,1077,-1,1021,1077,1022,-1,1078,1079,1080,-1,1080,1079,1081,-1,1080,1081,1082,-1,1082,1081,1083,-1,1082,1083,1084,-1,1084,1083,1085,-1,1084,1085,1086,-1,1086,1085,1087,-1,1086,1087,1088,-1,1088,1087,1089,-1,1088,1089,1090,-1,1091,1092,1093,-1,1093,1092,1094,-1,1093,1094,1095,-1,1095,1094,1096,-1,1095,1096,1097,-1,1097,1096,1098,-1,1097,1098,1099,-1,1099,1098,1100,-1,1099,1100,1101,-1,1101,1100,1102,-1,1101,1102,1103,-1,1103,1102,1104,-1,1103,1104,1105,-1,1105,1104,1106,-1,1105,1106,1107,-1,1107,1106,1108,-1,1107,1108,1109,-1,1109,1108,1110,-1,1109,1110,1111,-1,1111,1110,1112,-1,1111,1112,1113,-1,1113,1112,1114,-1,1113,1114,1115,-1,1115,1114,1116,-1,1115,1116,1117,-1,1117,1116,1118,-1,1117,1118,1119,-1,1119,1118,1120,-1,1119,1120,1078,-1,1078,1120,1121,-1,1078,1121,1079,-1,1122,1123,1124,-1,1124,1123,1125,-1,1124,1125,1126,-1,1126,1125,1127,-1,1126,1127,1128,-1,1128,1127,1129,-1,1128,1129,1130,-1,1130,1129,1131,-1,1130,1131,1132,-1,1132,1131,1133,-1,1132,1133,1134,-1,1134,1133,1135,-1,1134,1135,1136,-1,1136,1135,1137,-1,1136,1137,1091,-1,1091,1137,1138,-1,1091,1138,1092,-1,1089,1139,1090,-1,1090,1139,1140,-1,1090,1140,1141,-1,1141,1140,1142,-1,1141,1142,1143,-1,1143,1142,1144,-1,1143,1144,1145,-1,1145,1144,1146,-1,1145,1146,1147,-1,1147,1146,1148,-1,1147,1148,1149,-1,1149,1148,1150,-1,1149,1150,1122,-1,1122,1150,1151,-1,1122,1151,1123,-1,1057,1055,1102,-1,1102,1055,1104,-1,1057,1102,1100,-1,1057,1100,1059,-1,1059,1100,1098,-1,1059,1098,1061,-1,1061,1098,1096,-1,1061,1096,1063,-1,1063,1096,1094,-1,1063,1094,1064,-1,1064,1094,1092,-1,1064,1092,1005,-1,1005,1092,1138,-1,1005,1138,1007,-1,1007,1138,1137,-1,1007,1137,1009,-1,1009,1137,1135,-1,1009,1135,1011,-1,1011,1135,1133,-1,1011,1133,1013,-1,1013,1133,1131,-1,1013,1131,1015,-1,1015,1131,1129,-1,1015,1129,1017,-1,1017,1129,1127,-1,1017,1127,1019,-1,1019,1127,1125,-1,1019,1125,1065,-1,1065,1125,1123,-1,1065,1123,1066,-1,1066,1123,1151,-1,1066,1151,1068,-1,1068,1151,1150,-1,1068,1150,1070,-1,1070,1150,1148,-1,1070,1148,1072,-1,1072,1148,1146,-1,1072,1146,1074,-1,1074,1146,1144,-1,1074,1144,1076,-1,1076,1144,1142,-1,1076,1142,1077,-1,1077,1142,1140,-1,1077,1140,1022,-1,1022,1140,1139,-1,1022,1139,1024,-1,1024,1139,1089,-1,1024,1089,1026,-1,1026,1089,1087,-1,1026,1087,1028,-1,1028,1087,1085,-1,1028,1085,1030,-1,1030,1085,1083,-1,1030,1083,1031,-1,1031,1083,1081,-1,1031,1081,1033,-1,1033,1081,1079,-1,1033,1079,1035,-1,1035,1079,1121,-1,1035,1121,1037,-1,1037,1121,1120,-1,1037,1120,1039,-1,1039,1120,1118,-1,1039,1118,1041,-1,1041,1118,1116,-1,1041,1116,1043,-1,1043,1116,1114,-1,1043,1114,1045,-1,1045,1114,1112,-1,1045,1112,1047,-1,1047,1112,1110,-1,1047,1110,1049,-1,1049,1110,1108,-1,1049,1108,1051,-1,1053,1051,1106,-1,1106,1051,1108,-1,1055,1053,1104,-1,1104,1053,1106,-1,1050,1052,1107,-1,1107,1052,1105,-1,1052,1054,1105,-1,1105,1054,1103,-1,1054,1056,1103,-1,1103,1056,1101,-1,1012,1132,1134,-1,1012,1134,1010,-1,1010,1134,1136,-1,1010,1136,1008,-1,1008,1136,1091,-1,1008,1091,1006,-1,1006,1091,1093,-1,1006,1093,1004,-1,1004,1093,1095,-1,1004,1095,1062,-1,1062,1095,1097,-1,1062,1097,1060,-1,1060,1097,1099,-1,1060,1099,1058,-1,1058,1099,1101,-1,1058,1101,1056,-1,1073,1145,1147,-1,1073,1147,1071,-1,1071,1147,1149,-1,1071,1149,1069,-1,1069,1149,1122,-1,1069,1122,1067,-1,1067,1122,1124,-1,1067,1124,1020,-1,1020,1124,1126,-1,1020,1126,1018,-1,1018,1126,1128,-1,1018,1128,1016,-1,1016,1128,1130,-1,1016,1130,1014,-1,1014,1130,1132,-1,1014,1132,1012,-1,1034,1080,1082,-1,1034,1082,1032,-1,1032,1082,1084,-1,1032,1084,1029,-1,1029,1084,1086,-1,1029,1086,1027,-1,1027,1086,1088,-1,1027,1088,1025,-1,1025,1088,1090,-1,1025,1090,1023,-1,1023,1090,1141,-1,1023,1141,1021,-1,1021,1141,1143,-1,1021,1143,1075,-1,1075,1143,1145,-1,1075,1145,1073,-1,1050,1107,1109,-1,1050,1109,1048,-1,1048,1109,1111,-1,1048,1111,1046,-1,1046,1111,1113,-1,1046,1113,1044,-1,1044,1113,1115,-1,1044,1115,1042,-1,1042,1115,1117,-1,1042,1117,1040,-1,1040,1117,1119,-1,1040,1119,1038,-1,1038,1119,1078,-1,1038,1078,1036,-1,1036,1078,1080,-1,1036,1080,1034,-1,1152,1153,1154,-1,1154,1153,1155,-1,1156,1157,1152,-1,1152,1157,1158,-1,1152,1158,1153,-1,1153,1158,1159,-1,1156,1160,1157,-1,1157,1160,1161,-1,1157,1161,1162,-1,1162,1161,1163,-1,1162,1163,1164,-1,1164,1165,1162,-1,1162,1165,1154,-1,1162,1154,1166,-1,1166,1154,1155,-1,1166,1155,1167,-1,1168,1169,1170,-1,1169,1171,1170,-1,1170,1171,1172,-1,1170,1172,1173,-1,1173,1172,1174,-1,1173,1174,1175,-1,1175,1176,1173,-1,1173,1176,1177,-1,1173,1177,1178,-1,1179,1180,1181,-1,1182,1178,1183,-1,1183,1178,1177,-1,1183,1177,1181,-1,1181,1177,1168,-1,1181,1168,1179,-1,1179,1168,1170,-1,1162,1166,1170,-1,1170,1166,1179,-1,1157,1162,1173,-1,1173,1162,1170,-1,1158,1157,1178,-1,1178,1157,1173,-1,1159,1158,1182,-1,1182,1158,1178,-1,1153,1159,1183,-1,1183,1159,1182,-1,1155,1153,1181,-1,1181,1153,1183,-1,1167,1155,1180,-1,1180,1155,1181,-1,1166,1167,1179,-1,1179,1167,1180,-1,1152,1154,1177,-1,1177,1154,1168,-1,1154,1165,1168,-1,1168,1165,1169,-1,1163,1172,1171,-1,1163,1171,1164,-1,1164,1171,1169,-1,1164,1169,1165,-1,1163,1161,1172,-1,1172,1161,1174,-1,1156,1176,1175,-1,1156,1175,1160,-1,1160,1175,1174,-1,1160,1174,1161,-1,1156,1152,1176,-1,1176,1152,1177,-1,1184,1185,1186,-1,1187,1188,1189,-1,1190,1191,1192,-1,1193,1194,1195,-1,1195,1194,1196,-1,1195,1196,1197,-1,1198,1199,1200,-1,1201,1202,1203,-1,1204,1205,1186,-1,1186,1205,1206,-1,1186,1206,1184,-1,1207,1208,1209,-1,1209,1208,1210,-1,1209,1210,1211,-1,1211,1210,1212,-1,1211,1212,1213,-1,1213,1212,1214,-1,1213,1214,1215,-1,1216,1217,1218,-1,1218,1217,1219,-1,1218,1219,1220,-1,1221,1185,1222,-1,1222,1185,1223,-1,1222,1223,1216,-1,1216,1223,1224,-1,1216,1224,1217,-1,1225,1226,1210,-1,1210,1226,1227,-1,1210,1227,1212,-1,1212,1227,1228,-1,1212,1228,1229,-1,1230,1231,1232,-1,1203,1202,1233,-1,1233,1202,1234,-1,1233,1234,1235,-1,1235,1234,1236,-1,1235,1236,1237,-1,1192,1191,1238,-1,1238,1191,1239,-1,1238,1239,1240,-1,1241,1242,1186,-1,1186,1242,1243,-1,1186,1243,1204,-1,1230,1232,1244,-1,1244,1232,1245,-1,1244,1245,1246,-1,1246,1245,1247,-1,1246,1247,1248,-1,1215,1249,1213,-1,1213,1249,1250,-1,1213,1250,1251,-1,1252,1186,1253,-1,1253,1186,1185,-1,1253,1185,1254,-1,1254,1185,1221,-1,1200,1199,1255,-1,1255,1199,1256,-1,1255,1256,1257,-1,1258,1259,1260,-1,1260,1259,1261,-1,1260,1261,1262,-1,1262,1261,1263,-1,1262,1263,1264,-1,1264,1263,1265,-1,1264,1265,1266,-1,1267,1268,1269,-1,1269,1268,1270,-1,1269,1270,1241,-1,1241,1270,1271,-1,1241,1271,1242,-1,1231,1230,1272,-1,1272,1230,1273,-1,1272,1273,1274,-1,1274,1273,1275,-1,1274,1275,1276,-1,1276,1275,1277,-1,1276,1277,1189,-1,1189,1277,1278,-1,1189,1278,1187,-1,1252,1279,1186,-1,1186,1279,1280,-1,1186,1280,1281,-1,1281,1280,1282,-1,1283,1284,1285,-1,1285,1284,1286,-1,1285,1286,1287,-1,1200,1288,1198,-1,1198,1288,1289,-1,1198,1289,1283,-1,1283,1289,1290,-1,1283,1290,1284,-1,1229,1291,1212,-1,1212,1291,1292,-1,1212,1292,1293,-1,1293,1292,1220,-1,1293,1220,1294,-1,1294,1220,1219,-1,1203,1295,1201,-1,1201,1295,1296,-1,1201,1296,1297,-1,1297,1296,1298,-1,1297,1298,1299,-1,1299,1298,1300,-1,1299,1300,1301,-1,1301,1300,1302,-1,1301,1302,1303,-1,1192,1304,1190,-1,1190,1304,1305,-1,1190,1305,1306,-1,1306,1305,1307,-1,1306,1307,1308,-1,1308,1307,1309,-1,1308,1309,1310,-1,1310,1309,1189,-1,1310,1189,1311,-1,1311,1189,1188,-1,1195,1312,1193,-1,1193,1312,1313,-1,1193,1313,1314,-1,1314,1313,1315,-1,1314,1315,1316,-1,1317,1318,1319,-1,1319,1318,1320,-1,1319,1320,1321,-1,1321,1320,1322,-1,1321,1322,1267,-1,1267,1322,1323,-1,1267,1323,1268,-1,1257,1256,1210,-1,1210,1256,1324,-1,1210,1324,1225,-1,1325,1326,1327,-1,1327,1326,1328,-1,1327,1328,1329,-1,1329,1328,1330,-1,1329,1330,1258,-1,1258,1330,1331,-1,1258,1331,1259,-1,1302,1332,1303,-1,1303,1332,1333,-1,1303,1333,1334,-1,1334,1333,1335,-1,1334,1335,1325,-1,1325,1335,1336,-1,1325,1336,1326,-1,1286,1337,1287,-1,1287,1337,1338,-1,1287,1338,1339,-1,1339,1338,1340,-1,1339,1340,1282,-1,1282,1340,1341,-1,1282,1341,1281,-1,1342,1343,1344,-1,1345,1346,1347,-1,1347,1346,1348,-1,1349,1350,1351,-1,1351,1350,1352,-1,1351,1352,1353,-1,1353,1352,1354,-1,1353,1354,1355,-1,1355,1354,1356,-1,1355,1356,1357,-1,1357,1356,1358,-1,1357,1358,1317,-1,1317,1358,1359,-1,1317,1359,1318,-1,1197,1360,1195,-1,1195,1360,1361,-1,1195,1361,1362,-1,1362,1361,1363,-1,1362,1363,1364,-1,1364,1363,1266,-1,1364,1266,1365,-1,1365,1266,1265,-1,1366,1367,1342,-1,1342,1367,1368,-1,1342,1368,1343,-1,1236,1369,1237,-1,1237,1369,1342,-1,1237,1342,1370,-1,1370,1342,1344,-1,1240,1239,1371,-1,1371,1239,1372,-1,1371,1372,1345,-1,1345,1372,1373,-1,1345,1373,1346,-1,1374,1375,1376,-1,1375,1377,1376,-1,1376,1377,1378,-1,1376,1378,1379,-1,1247,1380,1248,-1,1248,1380,1381,-1,1248,1381,1382,-1,1382,1381,1383,-1,1382,1383,1349,-1,1349,1383,1384,-1,1349,1384,1350,-1,1366,1342,1376,-1,1376,1342,1385,-1,1376,1385,1374,-1,1315,1386,1316,-1,1316,1386,1387,-1,1316,1387,1388,-1,1388,1387,1389,-1,1388,1389,1390,-1,1390,1389,1391,-1,1390,1391,1392,-1,1392,1391,1393,-1,1392,1393,1394,-1,1394,1393,1395,-1,1394,1395,1348,-1,1348,1395,1396,-1,1348,1396,1347,-1,1397,1398,1399,-1,1399,1398,1400,-1,1399,1400,1401,-1,1400,1402,1401,-1,1401,1402,1403,-1,1401,1403,1404,-1,1404,1403,1405,-1,1406,1407,1408,-1,1408,1407,1409,-1,1410,1411,1412,-1,1413,1414,1415,-1,1415,1414,1416,-1,1415,1416,1417,-1,1418,1419,1401,-1,1401,1419,1420,-1,1401,1420,1399,-1,1399,1420,1421,-1,1422,1423,1424,-1,1425,1426,1403,-1,1403,1426,1427,-1,1403,1427,1405,-1,1428,1429,1430,-1,1431,1432,1433,-1,1433,1432,1434,-1,1433,1434,1435,-1,1435,1434,1436,-1,1435,1436,1437,-1,1424,1423,1438,-1,1438,1423,1439,-1,1438,1439,1440,-1,1440,1439,1441,-1,1440,1441,1442,-1,1442,1441,1443,-1,1443,1441,1444,-1,1443,1444,1445,-1,1445,1444,1408,-1,1445,1408,1446,-1,1446,1408,1409,-1,1446,1409,1417,-1,1417,1409,1447,-1,1417,1447,1415,-1,1448,1449,1450,-1,1450,1449,1451,-1,1450,1451,1452,-1,1452,1451,1453,-1,1452,1453,1454,-1,1412,1411,1455,-1,1455,1411,1456,-1,1455,1456,1457,-1,1458,1459,1453,-1,1415,1460,1413,-1,1413,1460,1461,-1,1413,1461,1462,-1,1457,1456,1463,-1,1463,1456,1464,-1,1463,1464,1465,-1,1465,1464,1466,-1,1465,1466,1467,-1,1468,1469,1470,-1,1470,1469,1471,-1,1470,1471,1472,-1,1472,1471,1473,-1,1472,1473,1474,-1,1474,1473,1475,-1,1474,1475,1476,-1,1477,1478,1479,-1,1479,1478,1480,-1,1479,1480,1481,-1,1481,1480,1482,-1,1481,1482,1483,-1,1459,1484,1453,-1,1453,1484,1485,-1,1453,1485,1454,-1,1486,1487,1488,-1,1488,1487,1413,-1,1488,1413,1489,-1,1489,1413,1462,-1,1490,1491,1492,-1,1492,1491,1493,-1,1492,1493,1494,-1,1436,1495,1437,-1,1437,1495,1496,-1,1437,1496,1497,-1,1497,1496,1465,-1,1497,1465,1498,-1,1430,1429,1499,-1,1499,1429,1500,-1,1499,1500,1401,-1,1401,1500,1501,-1,1401,1501,1418,-1,1493,1502,1494,-1,1494,1502,1503,-1,1494,1503,1504,-1,1504,1503,1505,-1,1504,1505,1506,-1,1506,1505,1399,-1,1506,1399,1507,-1,1507,1399,1421,-1,1490,1508,1509,-1,1498,1465,1510,-1,1510,1465,1467,-1,1510,1467,1511,-1,1512,1513,1514,-1,1514,1513,1515,-1,1482,1516,1483,-1,1483,1516,1517,-1,1483,1517,1518,-1,1518,1517,1519,-1,1518,1519,1468,-1,1468,1519,1520,-1,1468,1520,1469,-1,1453,1521,1458,-1,1458,1521,1522,-1,1458,1522,1523,-1,1523,1522,1524,-1,1523,1524,1525,-1,1525,1524,1526,-1,1525,1526,1527,-1,1527,1526,1528,-1,1527,1528,1477,-1,1477,1528,1529,-1,1477,1529,1478,-1,1430,1530,1428,-1,1428,1530,1531,-1,1428,1531,1532,-1,1532,1531,1533,-1,1532,1533,1486,-1,1486,1533,1534,-1,1486,1534,1487,-1,1535,1536,1490,-1,1490,1536,1537,-1,1490,1537,1508,-1,1509,1538,1490,-1,1490,1538,1539,-1,1490,1539,1491,-1,1540,1541,1542,-1,1542,1541,1543,-1,1542,1543,1544,-1,1424,1545,1422,-1,1422,1545,1546,-1,1422,1546,1547,-1,1547,1546,1548,-1,1547,1548,1549,-1,1549,1548,1550,-1,1549,1550,1551,-1,1551,1550,1552,-1,1551,1552,1553,-1,1553,1552,1554,-1,1553,1554,1540,-1,1540,1554,1555,-1,1540,1555,1541,-1,1475,1556,1476,-1,1476,1556,1557,-1,1476,1557,1558,-1,1558,1557,1559,-1,1558,1559,1560,-1,1560,1559,1561,-1,1560,1561,1562,-1,1562,1561,1563,-1,1562,1563,1564,-1,1564,1563,1565,-1,1564,1565,1566,-1,1566,1565,1567,-1,1566,1567,1514,-1,1514,1567,1568,-1,1514,1568,1512,-1,1515,1569,1514,-1,1514,1569,1570,-1,1514,1570,1571,-1,1406,1408,1490,-1,1490,1408,1572,-1,1490,1572,1535,-1,1543,1573,1544,-1,1544,1573,1574,-1,1544,1574,1575,-1,1575,1574,1576,-1,1575,1576,1577,-1,1577,1576,1578,-1,1577,1578,1431,-1,1431,1578,1579,-1,1431,1579,1432,-1,1580,1581,1571,-1,1571,1581,1582,-1,1571,1582,1583,-1,1584,1585,1586,-1,1586,1585,1587,-1,1586,1587,1448,-1,1448,1587,1588,-1,1448,1588,1449,-1,1412,1589,1410,-1,1410,1589,1590,-1,1410,1590,1591,-1,1591,1590,1592,-1,1591,1592,1593,-1,1593,1592,1594,-1,1593,1594,1595,-1,1595,1594,1596,-1,1595,1596,1597,-1,1597,1596,1598,-1,1597,1598,1599,-1,1599,1598,1600,-1,1599,1600,1601,-1,1601,1600,1602,-1,1601,1602,1603,-1,1603,1602,1604,-1,1603,1604,1605,-1,1605,1604,1606,-1,1605,1606,1584,-1,1584,1606,1607,-1,1584,1607,1585,-1,1583,1608,1571,-1,1571,1608,1609,-1,1571,1609,1514,-1,1328,1516,1482,-1,1328,1482,1330,-1,1330,1482,1480,-1,1330,1480,1331,-1,1331,1480,1478,-1,1331,1478,1259,-1,1259,1478,1529,-1,1259,1529,1261,-1,1261,1529,1528,-1,1261,1528,1263,-1,1263,1528,1526,-1,1263,1526,1265,-1,1265,1526,1524,-1,1265,1524,1365,-1,1365,1524,1522,-1,1365,1522,1364,-1,1364,1522,1521,-1,1364,1521,1362,-1,1362,1521,1453,-1,1362,1453,1195,-1,1195,1453,1451,-1,1195,1451,1312,-1,1312,1451,1449,-1,1312,1449,1313,-1,1313,1449,1588,-1,1313,1588,1315,-1,1315,1588,1587,-1,1315,1587,1386,-1,1386,1587,1585,-1,1386,1585,1387,-1,1387,1585,1607,-1,1387,1607,1389,-1,1389,1607,1606,-1,1389,1606,1391,-1,1391,1606,1604,-1,1391,1604,1393,-1,1393,1604,1602,-1,1393,1602,1395,-1,1395,1602,1600,-1,1395,1600,1396,-1,1396,1600,1598,-1,1396,1598,1347,-1,1347,1598,1596,-1,1347,1596,1345,-1,1345,1596,1594,-1,1345,1594,1371,-1,1371,1594,1592,-1,1371,1592,1240,-1,1240,1592,1590,-1,1240,1590,1238,-1,1238,1590,1589,-1,1238,1589,1192,-1,1192,1589,1412,-1,1192,1412,1304,-1,1304,1412,1455,-1,1304,1455,1305,-1,1305,1455,1457,-1,1305,1457,1307,-1,1307,1457,1463,-1,1307,1463,1309,-1,1309,1463,1465,-1,1309,1465,1189,-1,1189,1465,1496,-1,1189,1496,1276,-1,1276,1496,1495,-1,1276,1495,1274,-1,1274,1495,1436,-1,1274,1436,1272,-1,1272,1436,1434,-1,1272,1434,1231,-1,1231,1434,1432,-1,1231,1432,1232,-1,1232,1432,1579,-1,1232,1579,1245,-1,1245,1579,1578,-1,1245,1578,1247,-1,1247,1578,1576,-1,1247,1576,1380,-1,1380,1576,1574,-1,1380,1574,1381,-1,1381,1574,1573,-1,1381,1573,1383,-1,1383,1573,1543,-1,1383,1543,1384,-1,1384,1543,1541,-1,1384,1541,1350,-1,1350,1541,1555,-1,1350,1555,1352,-1,1352,1555,1554,-1,1352,1554,1354,-1,1354,1554,1552,-1,1354,1552,1356,-1,1356,1552,1550,-1,1356,1550,1358,-1,1358,1550,1548,-1,1358,1548,1359,-1,1359,1548,1546,-1,1359,1546,1318,-1,1318,1546,1545,-1,1318,1545,1320,-1,1320,1545,1424,-1,1320,1424,1322,-1,1322,1424,1438,-1,1322,1438,1323,-1,1323,1438,1440,-1,1323,1440,1268,-1,1268,1440,1442,-1,1268,1442,1270,-1,1270,1442,1443,-1,1270,1443,1271,-1,1271,1443,1445,-1,1271,1445,1242,-1,1242,1445,1446,-1,1242,1446,1243,-1,1243,1446,1417,-1,1243,1417,1204,-1,1204,1417,1416,-1,1204,1416,1205,-1,1205,1416,1414,-1,1205,1414,1206,-1,1206,1414,1413,-1,1206,1413,1184,-1,1184,1413,1487,-1,1184,1487,1185,-1,1185,1487,1534,-1,1185,1534,1223,-1,1223,1534,1533,-1,1223,1533,1224,-1,1224,1533,1531,-1,1224,1531,1217,-1,1217,1531,1530,-1,1217,1530,1219,-1,1219,1530,1430,-1,1219,1430,1294,-1,1294,1430,1499,-1,1294,1499,1293,-1,1293,1499,1401,-1,1293,1401,1212,-1,1212,1401,1404,-1,1212,1404,1214,-1,1214,1404,1405,-1,1214,1405,1215,-1,1215,1405,1427,-1,1215,1427,1249,-1,1249,1427,1426,-1,1249,1426,1250,-1,1250,1426,1425,-1,1250,1425,1251,-1,1251,1425,1403,-1,1251,1403,1213,-1,1213,1403,1402,-1,1213,1402,1211,-1,1209,1211,1400,-1,1400,1211,1402,-1,1207,1209,1398,-1,1398,1209,1400,-1,1208,1207,1397,-1,1397,1207,1398,-1,1210,1208,1399,-1,1399,1208,1397,-1,1210,1399,1505,-1,1210,1505,1257,-1,1257,1505,1503,-1,1257,1503,1255,-1,1255,1503,1502,-1,1255,1502,1200,-1,1200,1502,1493,-1,1200,1493,1288,-1,1288,1493,1491,-1,1288,1491,1289,-1,1289,1491,1539,-1,1289,1539,1290,-1,1290,1539,1538,-1,1290,1538,1284,-1,1284,1538,1509,-1,1284,1509,1286,-1,1286,1509,1508,-1,1286,1508,1337,-1,1337,1508,1537,-1,1337,1537,1338,-1,1338,1537,1536,-1,1338,1536,1340,-1,1340,1536,1535,-1,1340,1535,1341,-1,1341,1535,1572,-1,1341,1572,1281,-1,1281,1572,1408,-1,1281,1408,1186,-1,1186,1408,1444,-1,1186,1444,1241,-1,1241,1444,1441,-1,1241,1441,1269,-1,1269,1441,1439,-1,1269,1439,1267,-1,1267,1439,1423,-1,1267,1423,1321,-1,1321,1423,1422,-1,1321,1422,1319,-1,1319,1422,1547,-1,1319,1547,1317,-1,1317,1547,1549,-1,1317,1549,1357,-1,1357,1549,1551,-1,1357,1551,1355,-1,1355,1551,1553,-1,1355,1553,1353,-1,1353,1553,1540,-1,1353,1540,1351,-1,1351,1540,1542,-1,1351,1542,1349,-1,1349,1542,1544,-1,1349,1544,1382,-1,1382,1544,1575,-1,1382,1575,1248,-1,1248,1575,1577,-1,1248,1577,1246,-1,1246,1577,1431,-1,1246,1431,1244,-1,1244,1431,1433,-1,1244,1433,1230,-1,1230,1433,1435,-1,1230,1435,1273,-1,1273,1435,1437,-1,1273,1437,1275,-1,1275,1437,1497,-1,1275,1497,1277,-1,1277,1497,1498,-1,1277,1498,1278,-1,1278,1498,1510,-1,1278,1510,1187,-1,1187,1510,1511,-1,1187,1511,1188,-1,1188,1511,1467,-1,1188,1467,1311,-1,1311,1467,1466,-1,1311,1466,1310,-1,1310,1466,1464,-1,1310,1464,1308,-1,1308,1464,1456,-1,1308,1456,1306,-1,1306,1456,1411,-1,1306,1411,1190,-1,1190,1411,1410,-1,1190,1410,1191,-1,1191,1410,1591,-1,1191,1591,1239,-1,1239,1591,1593,-1,1239,1593,1372,-1,1372,1593,1595,-1,1372,1595,1373,-1,1373,1595,1597,-1,1373,1597,1346,-1,1346,1597,1599,-1,1346,1599,1348,-1,1348,1599,1601,-1,1348,1601,1394,-1,1394,1601,1603,-1,1394,1603,1392,-1,1392,1603,1605,-1,1392,1605,1390,-1,1390,1605,1584,-1,1390,1584,1388,-1,1388,1584,1586,-1,1388,1586,1316,-1,1316,1586,1448,-1,1316,1448,1314,-1,1314,1448,1450,-1,1314,1450,1193,-1,1193,1450,1452,-1,1193,1452,1194,-1,1194,1452,1454,-1,1194,1454,1196,-1,1196,1454,1485,-1,1196,1485,1197,-1,1360,1197,1484,-1,1484,1197,1485,-1,1360,1484,1459,-1,1360,1459,1361,-1,1361,1459,1458,-1,1361,1458,1363,-1,1363,1458,1523,-1,1363,1523,1266,-1,1266,1523,1525,-1,1266,1525,1264,-1,1264,1525,1527,-1,1264,1527,1262,-1,1262,1527,1477,-1,1262,1477,1260,-1,1260,1477,1479,-1,1260,1479,1258,-1,1258,1479,1481,-1,1258,1481,1329,-1,1329,1481,1483,-1,1329,1483,1327,-1,1327,1483,1518,-1,1327,1518,1325,-1,1325,1518,1468,-1,1325,1468,1334,-1,1334,1468,1470,-1,1334,1470,1303,-1,1303,1470,1472,-1,1303,1472,1301,-1,1301,1472,1474,-1,1301,1474,1299,-1,1299,1474,1476,-1,1299,1476,1297,-1,1297,1476,1558,-1,1297,1558,1201,-1,1201,1558,1560,-1,1201,1560,1202,-1,1202,1560,1562,-1,1202,1562,1234,-1,1236,1234,1564,-1,1564,1234,1562,-1,1236,1564,1566,-1,1236,1566,1369,-1,1369,1566,1514,-1,1369,1514,1342,-1,1342,1514,1609,-1,1342,1609,1385,-1,1385,1609,1608,-1,1385,1608,1374,-1,1374,1608,1583,-1,1374,1583,1375,-1,1375,1583,1582,-1,1375,1582,1377,-1,1377,1582,1581,-1,1377,1581,1378,-1,1378,1581,1580,-1,1378,1580,1379,-1,1379,1580,1571,-1,1379,1571,1376,-1,1376,1571,1570,-1,1376,1570,1366,-1,1366,1570,1569,-1,1366,1569,1367,-1,1367,1569,1515,-1,1367,1515,1368,-1,1368,1515,1513,-1,1368,1513,1343,-1,1343,1513,1512,-1,1343,1512,1344,-1,1344,1512,1568,-1,1344,1568,1370,-1,1370,1568,1567,-1,1370,1567,1237,-1,1237,1567,1565,-1,1237,1565,1235,-1,1233,1235,1563,-1,1563,1235,1565,-1,1233,1563,1561,-1,1233,1561,1203,-1,1203,1561,1559,-1,1203,1559,1295,-1,1295,1559,1557,-1,1295,1557,1296,-1,1296,1557,1556,-1,1296,1556,1298,-1,1298,1556,1475,-1,1298,1475,1300,-1,1300,1475,1473,-1,1300,1473,1302,-1,1302,1473,1471,-1,1302,1471,1332,-1,1332,1471,1469,-1,1332,1469,1333,-1,1333,1469,1520,-1,1333,1520,1335,-1,1335,1520,1519,-1,1335,1519,1336,-1,1336,1519,1517,-1,1336,1517,1326,-1,1326,1517,1516,-1,1326,1516,1328,-1,1283,1490,1492,-1,1283,1492,1198,-1,1198,1492,1494,-1,1198,1494,1199,-1,1199,1494,1504,-1,1199,1504,1256,-1,1256,1504,1506,-1,1256,1506,1324,-1,1324,1506,1507,-1,1324,1507,1225,-1,1225,1507,1421,-1,1225,1421,1226,-1,1226,1421,1420,-1,1226,1420,1227,-1,1227,1420,1419,-1,1227,1419,1228,-1,1228,1419,1418,-1,1228,1418,1229,-1,1229,1418,1501,-1,1229,1501,1291,-1,1291,1501,1500,-1,1291,1500,1292,-1,1292,1500,1429,-1,1292,1429,1220,-1,1220,1429,1428,-1,1220,1428,1218,-1,1218,1428,1532,-1,1218,1532,1216,-1,1216,1532,1486,-1,1216,1486,1222,-1,1222,1486,1488,-1,1222,1488,1221,-1,1221,1488,1489,-1,1221,1489,1254,-1,1254,1489,1462,-1,1254,1462,1253,-1,1253,1462,1461,-1,1253,1461,1252,-1,1252,1461,1460,-1,1252,1460,1279,-1,1279,1460,1415,-1,1279,1415,1280,-1,1280,1415,1447,-1,1280,1447,1282,-1,1282,1447,1409,-1,1282,1409,1339,-1,1339,1409,1407,-1,1339,1407,1287,-1,1287,1407,1406,-1,1287,1406,1285,-1,1285,1406,1490,-1,1285,1490,1283,-1,
        ]
    }
}